0.0000000000e+00	3.2999889e-03
9.0702947846e-05	5.6388910e-03
1.8140589569e-04	5.5638906e-03
2.7210884354e-04	8.5960060e-03
3.6281179138e-04	8.4295638e-03
4.5351473923e-04	6.2744991e-03
5.4421768707e-04	5.3614642e-03
6.3492063492e-04	5.4779658e-03
7.2562358277e-04	8.2062004e-03
8.1632653061e-04	8.8731338e-03
9.0702947846e-04	1.1211079e-02
9.9773242630e-04	1.2683932e-02
1.0884353741e-03	1.2296665e-02
1.1791383220e-03	1.1466725e-02
1.2698412698e-03	9.0745863e-03
1.3605442177e-03	9.8227603e-03
1.4512471655e-03	1.0609317e-02
1.5419501134e-03	1.0724958e-02
1.6326530612e-03	1.2137917e-02
1.7233560091e-03	9.7185076e-03
1.8140589569e-03	7.1419232e-03
1.9047619048e-03	6.4700862e-03
1.9954648526e-03	4.6191021e-03
2.0861678005e-03	2.8867587e-03
2.1768707483e-03	3.9798099e-03
2.2675736961e-03	7.0714931e-03
2.3582766440e-03	8.9626586e-03
2.4489795918e-03	7.1440459e-03
2.5396825397e-03	7.0387387e-03
2.6303854875e-03	7.4089830e-03
2.7210884354e-03	3.7822421e-03
2.8117913832e-03	2.2229678e-03
2.9024943311e-03	5.7847058e-04
2.9931972789e-03	-7.4130964e-04
3.0839002268e-03	-3.8539117e-04
3.1746031746e-03	-8.5381309e-04
3.2653061224e-03	-2.0309516e-03
3.3560090703e-03	-4.1564740e-03
3.4467120181e-03	-4.9466963e-03
3.5374149660e-03	-4.8646817e-03
3.6281179138e-03	-4.5780069e-03
3.7188208617e-03	-4.7751670e-03
3.8095238095e-03	-1.4439271e-03
3.9002267574e-03	3.0090940e-03
3.9909297052e-03	5.3733449e-03
4.0816326531e-03	9.3743149e-03
4.1723356009e-03	1.1582165e-02
4.2630385488e-03	1.4610062e-02
4.3537414966e-03	1.7821836e-02
4.4444444444e-03	2.3060667e-02
4.5351473923e-03	2.8362395e-02
4.6258503401e-03	3.5903868e-02
4.7165532880e-03	4.4408413e-02
4.8072562358e-03	5.3666956e-02
4.8979591837e-03	5.9137419e-02
4.9886621315e-03	6.4079100e-02
5.0793650794e-03	6.7887532e-02
5.1700680272e-03	6.9449831e-02
5.2607709751e-03	6.9929374e-02
5.3514739229e-03	7.1360802e-02
5.4421768707e-03	7.3539248e-02
5.5328798186e-03	7.3854377e-02
5.6235827664e-03	7.0811711e-02
5.7142857143e-03	7.0634471e-02
5.8049886621e-03	7.3121656e-02
5.8956916100e-03	7.7253430e-02
5.9863945578e-03	7.8404287e-02
6.0770975057e-03	6.8237797e-02
6.1678004535e-03	4.3109713e-02
6.2585034014e-03	5.0675853e-03
6.3492063492e-03	-3.6184495e-02
6.4399092971e-03	-6.5668935e-02
6.5306122449e-03	-8.0859686e-02
6.6213151927e-03	-8.3339725e-02
6.7120181406e-03	-8.1629595e-02
6.8027210884e-03	-7.4942697e-02
6.8934240363e-03	-6.3744288e-02
6.9841269841e-03	-6.2716850e-02
7.0748299320e-03	-2.2899484e-02
7.1655328798e-03	1.9528280e-03
7.2562358277e-03	1.3503038e-02
7.3469387755e-03	2.1651518e-02
7.4376417234e-03	2.7452525e-02
7.5283446712e-03	3.2664687e-02
7.6190476190e-03	4.0308826e-02
7.7097505669e-03	4.7300734e-02
7.8004535147e-03	4.9181405e-02
7.8911564626e-03	4.8823641e-02
7.9818594104e-03	4.3703108e-02
8.0725623583e-03	3.2039580e-02
8.1632653061e-03	2.2114864e-02
8.2539682540e-03	1.2656561e-02
8.3446712018e-03	5.0657671e-03
8.4353741497e-03	5.1850401e-04
8.5260770975e-03	1.2524328e-03
8.6167800454e-03	7.5254984e-04
8.7074829932e-03	-1.3192096e-03
8.7981859410e-03	-1.8236094e-03
8.8888888889e-03	-7.4965816e-03
8.9795918367e-03	-1.3234938e-02
9.0702947846e-03	-1.9023260e-02
9.1609977324e-03	-2.1023244e-02
9.2517006803e-03	-2.1386157e-02
9.3424036281e-03	-1.8506316e-02
9.4331065760e-03	-1.7090009e-02
9.5238095238e-03	-1.8521792e-02
9.6145124717e-03	-1.9705907e-02
9.7052154195e-03	-2.0952262e-02
9.7959183673e-03	-2.0667934e-02
9.8866213152e-03	-1.5047395e-02
9.9773242630e-03	-1.0848207e-02
1.0068027211e-02	-1.0118656e-02
1.0158730159e-02	-1.0824103e-02
1.0249433107e-02	-1.3212689e-02
1.0340136054e-02	-1.6089548e-02
1.0430839002e-02	-2.1246610e-02
1.0521541950e-02	-2.8269918e-02
1.0612244898e-02	-3.4535306e-02
1.0702947846e-02	-4.0656615e-02
1.0793650794e-02	-4.6794061e-02
1.0884353741e-02	-4.9786847e-02
1.0975056689e-02	-5.3058387e-02
1.1065759637e-02	-5.8142863e-02
1.1156462585e-02	-6.2556106e-02
1.1247165533e-02	-6.6137100e-02
1.1337868481e-02	-6.4939340e-02
1.1428571429e-02	-5.9354937e-02
1.1519274376e-02	-4.9588490e-02
1.1609977324e-02	-4.0565572e-02
1.1700680272e-02	-3.2424516e-02
1.1791383220e-02	-2.3096878e-02
1.1882086168e-02	-1.6549165e-02
1.1972789116e-02	-1.1313816e-02
1.2063492063e-02	-7.3333488e-03
1.2154195011e-02	-5.5292898e-03
1.2244897959e-02	-7.0934418e-03
1.2335600907e-02	-1.1198578e-02
1.2426303855e-02	-1.8180428e-02
1.2517006803e-02	-2.8360653e-02
1.2607709751e-02	-3.9268517e-02
1.2698412698e-02	-4.8041667e-02
1.2789115646e-02	-5.6590084e-02
1.2879818594e-02	-6.6705977e-02
1.2970521542e-02	-7.4332778e-02
1.3061224490e-02	-8.0986727e-02
1.3151927438e-02	-8.6771408e-02
1.3242630385e-02	-9.0113733e-02
1.3333333333e-02	-8.9661459e-02
1.3424036281e-02	-8.9633223e-02
1.3514739229e-02	-8.5804079e-02
1.3605442177e-02	-8.6913796e-02
1.3696145125e-02	-8.6796578e-02
1.3786848073e-02	-8.6710406e-02
1.3877551020e-02	-8.7811469e-02
1.3968253968e-02	-8.8994491e-02
1.4058956916e-02	-8.6352212e-02
1.4149659864e-02	-8.3212885e-02
1.4240362812e-02	-7.7456638e-02
1.4331065760e-02	-7.2108909e-02
1.4421768707e-02	-6.4881676e-02
1.4512471655e-02	-5.7649168e-02
1.4603174603e-02	-4.9389739e-02
1.4693877551e-02	-4.2846368e-02
1.4784580499e-02	-3.5485888e-02
1.4875283447e-02	-2.8142059e-02
1.4965986395e-02	-2.3959493e-02
1.5056689342e-02	-2.2770098e-02
1.5147392290e-02	-2.4057872e-02
1.5238095238e-02	-2.9000968e-02
1.5328798186e-02	-3.2449375e-02
1.5419501134e-02	-3.4954797e-02
1.5510204082e-02	-3.5840128e-02
1.5600907029e-02	-3.7457802e-02
1.5691609977e-02	-3.6863707e-02
1.5782312925e-02	-3.3240422e-02
1.5873015873e-02	-3.1295022e-02
1.5963718821e-02	-2.5945571e-02
1.6054421769e-02	-2.1404451e-02
1.6145124717e-02	-1.6702389e-02
1.6235827664e-02	-1.3360811e-02
1.6326530612e-02	-1.5038064e-02
1.6417233560e-02	-1.4947385e-02
1.6507936508e-02	-1.2572911e-02
1.6598639456e-02	-1.3492925e-02
1.6689342404e-02	-1.4183804e-02
1.6780045351e-02	-1.5297031e-02
1.6870748299e-02	-2.1311107e-02
1.6961451247e-02	-3.0418841e-02
1.7052154195e-02	-4.2640797e-02
1.7142857143e-02	-5.8284884e-02
1.7233560091e-02	-7.4576484e-02
1.7324263039e-02	-8.9032531e-02
1.7414965986e-02	-1.0257044e-01
1.7505668934e-02	-1.1511129e-01
1.7596371882e-02	-1.2093515e-01
1.7687074830e-02	-1.2089465e-01
1.7777777778e-02	-1.1905730e-01
1.7868480726e-02	-1.1415319e-01
1.7959183673e-02	-1.0481544e-01
1.8049886621e-02	-9.3578943e-02
1.8140589569e-02	-8.2238376e-02
1.8231292517e-02	-7.0093642e-02
1.8321995465e-02	-5.9099842e-02
1.8412698413e-02	-4.6443412e-02
1.8503401361e-02	-3.3281399e-02
1.8594104308e-02	-2.2495254e-02
1.8684807256e-02	-9.9883344e-03
1.8775510204e-02	1.5529547e-03
1.8866213152e-02	8.5116572e-03
1.8956916100e-02	1.5086201e-02
1.9047619048e-02	2.0146706e-02
1.9138321995e-02	2.6551904e-02
1.9229024943e-02	3.2542351e-02
1.9319727891e-02	4.2882875e-02
1.9410430839e-02	5.0948801e-02
1.9501133787e-02	4.8680257e-02
1.9591836735e-02	6.6800391e-02
1.9682539683e-02	7.0348004e-02
1.9773242630e-02	6.8193493e-02
1.9863945578e-02	6.1960845e-02
1.9954648526e-02	5.5426282e-02
2.0045351474e-02	4.4836542e-02
2.0136054422e-02	3.6252888e-02
2.0226757370e-02	3.0563271e-02
2.0317460317e-02	2.7695340e-02
2.0408163265e-02	3.1667297e-02
2.0498866213e-02	3.6886631e-02
2.0589569161e-02	4.4432682e-02
2.0680272109e-02	5.2506216e-02
2.0770975057e-02	6.0224271e-02
2.0861678005e-02	6.6476200e-02
2.0952380952e-02	7.2171000e-02
2.1043083900e-02	7.8073114e-02
2.1133786848e-02	7.8513373e-02
2.1224489796e-02	7.8218578e-02
2.1315192744e-02	7.7248237e-02
2.1405895692e-02	7.3268407e-02
2.1496598639e-02	7.0861993e-02
2.1587301587e-02	7.0397028e-02
2.1678004535e-02	7.0323104e-02
2.1768707483e-02	6.9845365e-02
2.1859410431e-02	7.3080982e-02
2.1950113379e-02	7.6030589e-02
2.2040816327e-02	7.7925421e-02
2.2131519274e-02	8.0202002e-02
2.2222222222e-02	7.9281077e-02
2.2312925170e-02	7.4827576e-02
2.2403628118e-02	7.0019484e-02
2.2494331066e-02	6.3475925e-02
2.2585034014e-02	5.7680864e-02
2.2675736961e-02	5.5276686e-02
2.2766439909e-02	5.3693865e-02
2.2857142857e-02	5.3612598e-02
2.2947845805e-02	5.6738369e-02
2.3038548753e-02	6.4548870e-02
2.3129251701e-02	7.3600200e-02
2.3219954649e-02	8.3765463e-02
2.3310657596e-02	9.8835872e-02
2.3401360544e-02	1.1167617e-01
2.3492063492e-02	1.2447178e-01
2.3582766440e-02	1.3484549e-01
2.3673469388e-02	1.4262814e-01
2.3764172336e-02	1.4775537e-01
2.3854875283e-02	1.5147138e-01
2.3945578231e-02	1.5539513e-01
2.4036281179e-02	1.5781284e-01
2.4126984127e-02	1.5778083e-01
2.4217687075e-02	1.5682486e-01
2.4308390023e-02	1.5173758e-01
2.4399092971e-02	1.4503469e-01
2.4489795918e-02	1.3659860e-01
2.4580498866e-02	1.2692574e-01
2.4671201814e-02	1.1683574e-01
2.4761904762e-02	1.0785239e-01
2.4852607710e-02	9.9182825e-02
2.4943310658e-02	8.9146498e-02
2.5034013605e-02	7.8314752e-02
2.5124716553e-02	6.7928270e-02
2.5215419501e-02	5.7729575e-02
2.5306122449e-02	5.3370552e-02
2.5396825397e-02	4.9012260e-02
2.5487528345e-02	4.7286982e-02
2.5578231293e-02	5.0357717e-02
2.5668934240e-02	5.1063221e-02
2.5759637188e-02	4.9724389e-02
2.5850340136e-02	4.8336502e-02
2.5941043084e-02	4.5328142e-02
2.6031746032e-02	4.0433936e-02
2.6122448980e-02	3.6422981e-02
2.6213151927e-02	3.5847478e-02
2.6303854875e-02	3.4826467e-02
2.6394557823e-02	3.1416319e-02
2.6485260771e-02	2.9086168e-02
2.6575963719e-02	2.8164614e-02
2.6666666667e-02	2.5178552e-02
2.6757369615e-02	2.3412693e-02
2.6848072562e-02	2.0640379e-02
2.6938775510e-02	1.8070504e-02
2.7029478458e-02	1.3960898e-02
2.7120181406e-02	9.7913919e-03
2.7210884354e-02	4.4840784e-03
2.7301587302e-02	-1.8788338e-03
2.7392290249e-02	-7.0121581e-03
2.7482993197e-02	-1.3422495e-02
2.7573696145e-02	-1.9395587e-02
2.7664399093e-02	-2.5447139e-02
2.7755102041e-02	-3.2533051e-02
2.7845804989e-02	-3.9429251e-02
2.7936507937e-02	-4.5593121e-02
2.8027210884e-02	-5.2185241e-02
2.8117913832e-02	-5.6669325e-02
2.8208616780e-02	-6.1505689e-02
2.8299319728e-02	-6.4094227e-02
2.8390022676e-02	-6.3979563e-02
2.8480725624e-02	-6.2992761e-02
2.8571428571e-02	-6.0270695e-02
2.8662131519e-02	-5.7979156e-02
2.8752834467e-02	-5.3513502e-02
2.8843537415e-02	-4.9062371e-02
2.8934240363e-02	-4.3900800e-02
2.9024943311e-02	-3.8919793e-02
2.9115646259e-02	-3.1209558e-02
2.9206349206e-02	-2.7521939e-02
2.9297052154e-02	-2.1386185e-02
2.9387755102e-02	-1.7329459e-02
2.9478458050e-02	-1.5609241e-02
2.9569160998e-02	-1.3426341e-02
2.9659863946e-02	-1.3563794e-02
2.9750566893e-02	-1.5639423e-02
2.9841269841e-02	-2.0099942e-02
2.9931972789e-02	-2.4695117e-02
3.0022675737e-02	-3.0732791e-02
3.0113378685e-02	-3.9028166e-02
3.0204081633e-02	-4.9141371e-02
3.0294784580e-02	-5.9419628e-02
3.0385487528e-02	-6.8490859e-02
3.0476190476e-02	-7.8838030e-02
3.0566893424e-02	-8.9437867e-02
3.0657596372e-02	-9.8190978e-02
3.0748299320e-02	-1.0488306e-01
3.0839002268e-02	-1.1140472e-01
3.0929705215e-02	-1.1672103e-01
3.1020408163e-02	-1.1854817e-01
3.1111111111e-02	-1.2131345e-01
3.1201814059e-02	-1.2073150e-01
3.1292517007e-02	-1.2041554e-01
3.1383219955e-02	-1.1880008e-01
3.1473922902e-02	-1.1497160e-01
3.1564625850e-02	-1.1265231e-01
3.1655328798e-02	-1.1008085e-01
3.1746031746e-02	-1.0822230e-01
3.1836734694e-02	-1.0475701e-01
3.1927437642e-02	-1.0784753e-01
3.2018140590e-02	-1.1396543e-01
3.2108843537e-02	-9.6120865e-02
3.2199546485e-02	-9.1404725e-02
3.2290249433e-02	-8.9984145e-02
3.2380952381e-02	-8.6801864e-02
3.2471655329e-02	-8.5367604e-02
3.2562358277e-02	-8.2972103e-02
3.2653061224e-02	-8.2585710e-02
3.2743764172e-02	-8.1683337e-02
3.2834467120e-02	-7.9871502e-02
3.2925170068e-02	-7.8220796e-02
3.3015873016e-02	-7.6288722e-02
3.3106575964e-02	-7.2091031e-02
3.3197278912e-02	-7.2350713e-02
3.3287981859e-02	-7.2088143e-02
3.3378684807e-02	-6.9702014e-02
3.3469387755e-02	-6.8356089e-02
3.3560090703e-02	-6.4305086e-02
3.3650793651e-02	-5.8146074e-02
3.3741496599e-02	-5.1342337e-02
3.3832199546e-02	-4.2926642e-02
3.3922902494e-02	-3.1862503e-02
3.4013605442e-02	-1.9201455e-02
3.4104308390e-02	-4.4164912e-03
3.4195011338e-02	9.1644630e-03
3.4285714286e-02	2.1485791e-02
3.4376417234e-02	2.9617489e-02
3.4467120181e-02	3.3423799e-02
3.4557823129e-02	3.7891111e-02
3.4648526077e-02	3.3614084e-02
3.4739229025e-02	2.5397365e-02
3.4829931973e-02	1.4597931e-02
3.4920634921e-02	1.9118378e-03
3.5011337868e-02	-1.2075867e-02
3.5102040816e-02	-2.7612272e-02
3.5192743764e-02	-4.4605103e-02
3.5283446712e-02	-5.9178610e-02
3.5374149660e-02	-7.2271180e-02
3.5464852608e-02	-8.2136377e-02
3.5555555556e-02	-9.0042531e-02
3.5646258503e-02	-9.5555716e-02
3.5736961451e-02	-9.8279177e-02
3.5827664399e-02	-9.8936863e-02
3.5918367347e-02	-9.7499152e-02
3.6009070295e-02	-9.2067429e-02
3.6099773243e-02	-8.6388309e-02
3.6190476190e-02	-7.8659744e-02
3.6281179138e-02	-6.9359112e-02
3.6371882086e-02	-6.0202352e-02
3.6462585034e-02	-4.9589531e-02
3.6553287982e-02	-3.6743638e-02
3.6643990930e-02	-2.5689909e-02
3.6734693878e-02	-1.2278939e-02
3.6825396825e-02	-1.3570377e-03
3.6916099773e-02	7.3735934e-03
3.7006802721e-02	1.5852620e-02
3.7097505669e-02	2.4438656e-02
3.7188208617e-02	3.0341535e-02
3.7278911565e-02	3.5373039e-02
3.7369614512e-02	3.9882114e-02
3.7460317460e-02	4.4150069e-02
3.7551020408e-02	4.6846768e-02
3.7641723356e-02	4.8294037e-02
3.7732426304e-02	4.7281762e-02
3.7823129252e-02	4.6494690e-02
3.7913832200e-02	4.6348057e-02
3.8004535147e-02	4.5962832e-02
3.8095238095e-02	4.7774675e-02
3.8185941043e-02	4.9755457e-02
3.8276643991e-02	5.1959660e-02
3.8367346939e-02	5.6785295e-02
3.8458049887e-02	6.2034109e-02
3.8548752834e-02	6.5600139e-02
3.8639455782e-02	6.9959463e-02
3.8730158730e-02	7.6368716e-02
3.8820861678e-02	7.8906429e-02
3.8911564626e-02	8.0834298e-02
3.9002267574e-02	8.4620346e-02
3.9092970522e-02	8.9177096e-02
3.9183673469e-02	9.0619804e-02
3.9274376417e-02	9.0592743e-02
3.9365079365e-02	9.0171276e-02
3.9455782313e-02	9.0344646e-02
3.9546485261e-02	9.1230343e-02
3.9637188209e-02	9.0703739e-02
3.9727891156e-02	8.8998445e-02
3.9818594104e-02	8.4730879e-02
3.9909297052e-02	8.0271298e-02
4.0000000000e-02	7.6467716e-02
4.0090702948e-02	6.6567638e-02
4.0181405896e-02	5.7112797e-02
4.0272108844e-02	4.6851889e-02
4.0362811791e-02	3.8361879e-02
4.0453514739e-02	3.1189781e-02
4.0544217687e-02	2.6853346e-02
4.0634920635e-02	2.2265159e-02
4.0725623583e-02	2.1363214e-02
4.0816326531e-02	2.3079672e-02
4.0907029478e-02	2.7505513e-02
4.0997732426e-02	3.4917861e-02
4.1088435374e-02	4.4469566e-02
4.1179138322e-02	5.6595234e-02
4.1269841270e-02	6.8010004e-02
4.1360544218e-02	8.0020815e-02
4.1451247166e-02	9.1325889e-02
4.1541950113e-02	1.0090687e-01
4.1632653061e-02	1.1093544e-01
4.1723356009e-02	1.1976160e-01
4.1814058957e-02	1.2673687e-01
4.1904761905e-02	1.3195571e-01
4.1995464853e-02	1.3718498e-01
4.2086167800e-02	1.4059375e-01
4.2176870748e-02	1.4141633e-01
4.2267573696e-02	1.4512897e-01
4.2358276644e-02	1.4784601e-01
4.2448979592e-02	1.4732624e-01
4.2539682540e-02	1.4547231e-01
4.2630385488e-02	1.4127820e-01
4.2721088435e-02	1.3681606e-01
4.2811791383e-02	1.2760498e-01
4.2902494331e-02	1.2071817e-01
4.2993197279e-02	1.1356943e-01
4.3083900227e-02	1.0639303e-01
4.3174603175e-02	1.0092859e-01
4.3265306122e-02	9.6413552e-02
4.3356009070e-02	9.3673303e-02
4.3446712018e-02	8.9963827e-02
4.3537414966e-02	9.0176274e-02
4.3628117914e-02	8.8949099e-02
4.3718820862e-02	8.7313313e-02
4.3809523810e-02	8.4774260e-02
4.3900226757e-02	8.2818057e-02
4.3990929705e-02	8.0721772e-02
4.4081632653e-02	7.7846987e-02
4.4172335601e-02	7.5868036e-02
4.4263038549e-02	7.2737322e-02
4.4353741497e-02	6.7914783e-02
4.4444444444e-02	5.5632897e-02
4.4535147392e-02	4.7130452e-02
4.4625850340e-02	5.0192358e-02
4.4716553288e-02	4.0859327e-02
4.4807256236e-02	3.5081439e-02
4.4897959184e-02	2.6975590e-02
4.4988662132e-02	1.5634352e-02
4.5079365079e-02	8.4341376e-03
4.5170068027e-02	9.5581732e-04
4.5260770975e-02	-1.1611701e-02
4.5351473923e-02	-2.0149803e-02
4.5442176871e-02	-2.7485264e-02
4.5532879819e-02	-3.4435652e-02
4.5623582766e-02	-4.2308399e-02
4.5714285714e-02	-4.6989838e-02
4.5804988662e-02	-4.9742002e-02
4.5895691610e-02	-5.3214306e-02
4.5986394558e-02	-5.3385957e-02
4.6077097506e-02	-5.3113202e-02
4.6167800454e-02	-5.3477546e-02
4.6258503401e-02	-5.2571773e-02
4.6349206349e-02	-4.9757328e-02
4.6439909297e-02	-4.7369241e-02
4.6530612245e-02	-4.3424314e-02
4.6621315193e-02	-3.9425386e-02
4.6712018141e-02	-3.5008509e-02
4.6802721088e-02	-3.1228522e-02
4.6893424036e-02	-2.5766304e-02
4.6984126984e-02	-1.9990762e-02
4.7074829932e-02	-1.7425811e-02
4.7165532880e-02	-1.4430778e-02
4.7256235828e-02	-1.0149336e-02
4.7346938776e-02	-9.0622492e-03
4.7437641723e-02	-8.5093342e-03
4.7528344671e-02	-9.5281759e-03
4.7619047619e-02	-1.2135289e-02
4.7709750567e-02	-1.7095408e-02
4.7800453515e-02	-2.2111919e-02
4.7891156463e-02	-2.7771476e-02
4.7981859410e-02	-3.5907712e-02
4.8072562358e-02	-4.5383458e-02
4.8163265306e-02	-5.3759958e-02
4.8253968254e-02	-6.3071723e-02
4.8344671202e-02	-7.0231362e-02
4.8435374150e-02	-7.8385198e-02
4.8526077098e-02	-8.5930500e-02
4.8616780045e-02	-9.4545877e-02
4.8707482993e-02	-1.0234477e-01
4.8798185941e-02	-1.0659265e-01
4.8888888889e-02	-1.1261047e-01
4.8979591837e-02	-1.1647181e-01
4.9070294785e-02	-1.1858427e-01
4.9160997732e-02	-1.2106081e-01
4.9251700680e-02	-1.2364410e-01
4.9342403628e-02	-1.2526407e-01
4.9433106576e-02	-1.2699376e-01
4.9523809524e-02	-1.2886473e-01
4.9614512472e-02	-1.2998712e-01
4.9705215420e-02	-1.3177655e-01
4.9795918367e-02	-1.3447692e-01
4.9886621315e-02	-1.3684920e-01
4.9977324263e-02	-1.3767815e-01
5.0068027211e-02	-1.3754818e-01
5.0158730159e-02	-1.3752391e-01
5.0249433107e-02	-1.3713286e-01
5.0340136054e-02	-1.3465198e-01
5.0430839002e-02	-1.3112625e-01
5.0521541950e-02	-1.2734398e-01
5.0612244898e-02	-1.2409971e-01
5.0702947846e-02	-1.2002958e-01
5.0793650794e-02	-1.1503304e-01
5.0884353741e-02	-1.1222130e-01
5.0975056689e-02	-1.0822510e-01
5.1065759637e-02	-1.0259482e-01
5.1156462585e-02	-9.7263702e-02
5.1247165533e-02	-9.1415257e-02
5.1337868481e-02	-8.2178857e-02
5.1428571429e-02	-7.3195418e-02
5.1519274376e-02	-6.4952851e-02
5.1609977324e-02	-5.2978784e-02
5.1700680272e-02	-3.9256842e-02
5.1791383220e-02	-2.6099557e-02
5.1882086168e-02	-1.5198424e-02
5.1972789116e-02	-3.2184610e-03
5.2063492063e-02	5.6026189e-03
5.2154195011e-02	1.2486918e-02
5.2244897959e-02	1.8339281e-02
5.2335600907e-02	2.0967390e-02
5.2426303855e-02	1.9396746e-02
5.2517006803e-02	1.6320447e-02
5.2607709751e-02	1.0964355e-02
5.2698412698e-02	2.6180003e-03
5.2789115646e-02	-6.4479048e-03
5.2879818594e-02	-1.6114725e-02
5.2970521542e-02	-2.7433651e-02
5.3061224490e-02	-3.8336379e-02
5.3151927438e-02	-4.7195100e-02
5.3242630385e-02	-5.9503708e-02
5.3333333333e-02	-6.8267496e-02
5.3424036281e-02	-7.5247631e-02
5.3514739229e-02	-7.9707368e-02
5.3605442177e-02	-8.5030012e-02
5.3696145125e-02	-8.7641177e-02
5.3786848073e-02	-8.9469330e-02
5.3877551020e-02	-8.9171044e-02
5.3968253968e-02	-8.5876612e-02
5.4058956916e-02	-8.2942375e-02
5.4149659864e-02	-7.7613380e-02
5.4240362812e-02	-6.8538398e-02
5.4331065760e-02	-5.9678034e-02
5.4421768707e-02	-4.8878124e-02
5.4512471655e-02	-3.9398721e-02
5.4603174603e-02	-3.1337256e-02
5.4693877551e-02	-2.3975439e-02
5.4784580499e-02	-1.4115372e-02
5.4875283447e-02	-7.2408324e-03
5.4965986395e-02	-2.1410025e-03
5.5056689342e-02	5.5149701e-03
5.5147392290e-02	1.0765555e-02
5.5238095238e-02	1.4199789e-02
5.5328798186e-02	1.8432454e-02
5.5419501134e-02	2.2287594e-02
5.5510204082e-02	2.7125335e-02
5.5600907029e-02	3.2243401e-02
5.5691609977e-02	3.9382011e-02
5.5782312925e-02	4.5130086e-02
5.5873015873e-02	5.0541823e-02
5.5963718821e-02	5.9019485e-02
5.6054421769e-02	6.6812468e-02
5.6145124717e-02	7.7211727e-02
5.6235827664e-02	8.0024974e-02
5.6326530612e-02	8.5639234e-02
5.6417233560e-02	9.1247765e-02
5.6507936508e-02	9.4554800e-02
5.6598639456e-02	9.6737085e-02
5.6689342404e-02	9.4814334e-02
5.6780045351e-02	9.4738107e-02
5.6870748299e-02	9.6214328e-02
5.6961451247e-02	7.5331885e-02
5.7052154195e-02	7.5996203e-02
5.7142857143e-02	8.5476794e-02
5.7233560091e-02	7.9538628e-02
5.7324263039e-02	7.3961915e-02
5.7414965986e-02	6.9701417e-02
5.7505668934e-02	6.2157290e-02
5.7596371882e-02	5.6688688e-02
5.7687074830e-02	5.2702428e-02
5.7777777778e-02	4.9695557e-02
5.7868480726e-02	4.7507737e-02
5.7959183673e-02	4.3011482e-02
5.8049886621e-02	4.0932591e-02
5.8140589569e-02	3.8520295e-02
5.8231292517e-02	3.8334738e-02
5.8321995465e-02	3.7618782e-02
5.8412698413e-02	3.5149938e-02
5.8503401361e-02	3.4005132e-02
5.8594104308e-02	3.5314095e-02
5.8684807256e-02	3.7098092e-02
5.8775510204e-02	4.1955784e-02
5.8866213152e-02	4.5785200e-02
5.8956916100e-02	5.0955979e-02
5.9047619048e-02	5.7470127e-02
5.9138321995e-02	6.4853822e-02
5.9229024943e-02	6.8594301e-02
5.9319727891e-02	7.4204727e-02
5.9410430839e-02	7.7351896e-02
5.9501133787e-02	8.0436856e-02
5.9591836735e-02	8.8788852e-02
5.9682539683e-02	9.5236950e-02
5.9773242630e-02	9.7904397e-02
5.9863945578e-02	1.0153437e-01
5.9954648526e-02	1.0881147e-01
6.0045351474e-02	1.1328259e-01
6.0136054422e-02	1.1927119e-01
6.0226757370e-02	1.2452486e-01
6.0317460317e-02	1.2902180e-01
6.0408163265e-02	1.3442981e-01
6.0498866213e-02	1.3760296e-01
6.0589569161e-02	1.3876850e-01
6.0680272109e-02	1.3629426e-01
6.0770975057e-02	1.3439106e-01
6.0861678005e-02	1.3071193e-01
6.0952380952e-02	1.2592293e-01
6.1043083900e-02	1.1913809e-01
6.1133786848e-02	1.1579572e-01
6.1224489796e-02	1.1024173e-01
6.1315192744e-02	1.0427551e-01
6.1405895692e-02	9.9009736e-02
6.1496598639e-02	9.5532368e-02
6.1587301587e-02	9.1633457e-02
6.1678004535e-02	8.6903665e-02
6.1768707483e-02	8.0863316e-02
6.1859410431e-02	7.7339208e-02
6.1950113379e-02	7.3031665e-02
6.2040816327e-02	6.7584504e-02
6.2131519274e-02	6.1127058e-02
6.2222222222e-02	5.4269436e-02
6.2312925170e-02	5.0361809e-02
6.2403628118e-02	4.4378020e-02
6.2494331066e-02	3.7359237e-02
6.2585034014e-02	3.2839184e-02
6.2675736961e-02	2.7163283e-02
6.2766439909e-02	2.2074922e-02
6.2857142857e-02	1.7076265e-02
6.2947845805e-02	1.2312791e-02
6.3038548753e-02	7.5348332e-03
6.3129251701e-02	5.2975750e-03
6.3219954649e-02	4.3127281e-04
6.3310657596e-02	-2.8644404e-03
6.3401360544e-02	-4.9731534e-03
6.3492063492e-02	-7.5260992e-03
6.3582766440e-02	-9.0858252e-03
6.3673469388e-02	-1.2695511e-02
6.3764172336e-02	-1.3823931e-02
6.3854875283e-02	-1.4678623e-02
6.3945578231e-02	-1.7150730e-02
6.4036281179e-02	-1.9203831e-02
6.4126984127e-02	-1.9328336e-02
6.4217687075e-02	-2.0769018e-02
6.4308390023e-02	-2.1100314e-02
6.4399092971e-02	-2.2029698e-02
6.4489795918e-02	-2.1202783e-02
6.4580498866e-02	-1.9220588e-02
6.4671201814e-02	-1.6473372e-02
6.4761904762e-02	-1.3928865e-02
6.4852607710e-02	-9.0316445e-03
6.4943310658e-02	-3.1575573e-03
6.5034013605e-02	2.7440821e-03
6.5124716553e-02	5.5632621e-03
6.5215419501e-02	9.2500708e-03
6.5306122449e-02	1.2007119e-02
6.5396825397e-02	1.3621365e-02
6.5487528345e-02	1.3573812e-02
6.5578231293e-02	1.1924863e-02
6.5668934240e-02	8.2608811e-03
6.5759637188e-02	1.1479866e-03
6.5850340136e-02	-4.8847711e-03
6.5941043084e-02	-1.1812286e-02
6.6031746032e-02	-2.0531240e-02
6.6122448980e-02	-2.9820678e-02
6.6213151927e-02	-3.8868950e-02
6.6303854875e-02	-4.7398964e-02
6.6394557823e-02	-5.7902328e-02
6.6485260771e-02	-6.6275148e-02
6.6575963719e-02	-7.3392081e-02
6.6666666667e-02	-8.2177171e-02
6.6757369615e-02	-8.8882067e-02
6.6848072562e-02	-9.6273204e-02
6.6938775510e-02	-1.0258408e-01
6.7029478458e-02	-1.0907035e-01
6.7120181406e-02	-1.1294068e-01
6.7210884354e-02	-1.1875237e-01
6.7301587302e-02	-1.2503524e-01
6.7392290249e-02	-1.3014552e-01
6.7482993197e-02	-1.3301524e-01
6.7573696145e-02	-1.3703210e-01
6.7664399093e-02	-1.3770564e-01
6.7755102041e-02	-1.4166594e-01
6.7845804989e-02	-1.4233827e-01
6.7936507937e-02	-1.4338030e-01
6.8027210884e-02	-1.4725558e-01
6.8117913832e-02	-1.4491847e-01
6.8208616780e-02	-1.4387536e-01
6.8299319728e-02	-1.4292010e-01
6.8390022676e-02	-1.3935931e-01
6.8480725624e-02	-1.3628886e-01
6.8571428571e-02	-1.3349233e-01
6.8662131519e-02	-1.3000384e-01
6.8752834467e-02	-1.2268184e-01
6.8843537415e-02	-1.1514525e-01
6.8934240363e-02	-1.0880134e-01
6.9024943311e-02	-1.0450753e-01
6.9115646259e-02	-9.7393775e-02
6.9206349206e-02	-8.9936452e-02
6.9297052154e-02	-8.4342080e-02
6.9387755102e-02	-7.4398810e-02
6.9478458050e-02	-8.6003864e-02
6.9569160998e-02	-6.7426439e-02
6.9659863946e-02	-5.0547645e-02
6.9750566893e-02	-4.5889416e-02
6.9841269841e-02	-3.8856228e-02
6.9931972789e-02	-3.4245257e-02
7.0022675737e-02	-3.0636832e-02
7.0113378685e-02	-2.8428341e-02
7.0204081633e-02	-2.6344554e-02
7.0294784580e-02	-2.6106223e-02
7.0385487528e-02	-2.7202957e-02
7.0476190476e-02	-2.9500494e-02
7.0566893424e-02	-3.3906956e-02
7.0657596372e-02	-3.7791546e-02
7.0748299320e-02	-4.1777823e-02
7.0839002268e-02	-4.6252279e-02
7.0929705215e-02	-5.1530272e-02
7.1020408163e-02	-5.8008150e-02
7.1111111111e-02	-6.4328957e-02
7.1201814059e-02	-6.9993410e-02
7.1292517007e-02	-7.4501765e-02
7.1383219955e-02	-8.1040427e-02
7.1473922902e-02	-8.4817485e-02
7.1564625850e-02	-8.6782940e-02
7.1655328798e-02	-8.8406318e-02
7.1746031746e-02	-8.8992436e-02
7.1836734694e-02	-8.9622932e-02
7.1927437642e-02	-8.6894106e-02
7.2018140590e-02	-8.2693077e-02
7.2108843537e-02	-7.7548215e-02
7.2199546485e-02	-7.0993158e-02
7.2290249433e-02	-6.4561714e-02
7.2380952381e-02	-5.7221965e-02
7.2471655329e-02	-5.2775352e-02
7.2562358277e-02	-4.5402684e-02
7.2653061224e-02	-3.7644755e-02
7.2743764172e-02	-3.2599295e-02
7.2834467120e-02	-2.7180072e-02
7.2925170068e-02	-2.1699121e-02
7.3015873016e-02	-1.5431950e-02
7.3106575964e-02	-8.9788735e-03
7.3197278912e-02	4.6983810e-04
7.3287981859e-02	8.4244400e-03
7.3378684807e-02	1.6945319e-02
7.3469387755e-02	2.7604934e-02
7.3560090703e-02	3.9245581e-02
7.3650793651e-02	4.9917063e-02
7.3741496599e-02	6.0612013e-02
7.3832199546e-02	7.1992481e-02
7.3922902494e-02	8.1056160e-02
7.4013605442e-02	8.5992775e-02
7.4104308390e-02	9.2282187e-02
7.4195011338e-02	9.7737527e-02
7.4285714286e-02	9.9002313e-02
7.4376417234e-02	1.0048654e-01
7.4467120181e-02	1.0041582e-01
7.4557823129e-02	9.9497306e-02
7.4648526077e-02	9.6261516e-02
7.4739229025e-02	9.3770461e-02
7.4829931973e-02	8.9826305e-02
7.4920634921e-02	8.2401234e-02
7.5011337868e-02	7.8959376e-02
7.5102040816e-02	7.6936325e-02
7.5192743764e-02	7.0252931e-02
7.5283446712e-02	6.4457967e-02
7.5374149660e-02	5.9657887e-02
7.5464852608e-02	5.8011541e-02
7.5555555556e-02	5.4731185e-02
7.5646258503e-02	5.3304252e-02
7.5736961451e-02	5.3535805e-02
7.5827664399e-02	5.3423227e-02
7.5918367347e-02	5.3089217e-02
7.6009070295e-02	5.4990877e-02
7.6099773243e-02	5.6456688e-02
7.6190476190e-02	5.6295831e-02
7.6281179138e-02	5.7406000e-02
7.6371882086e-02	5.5458805e-02
7.6462585034e-02	5.4234505e-02
7.6553287982e-02	5.2405888e-02
7.6643990930e-02	5.0060319e-02
7.6734693878e-02	4.8113807e-02
7.6825396825e-02	4.5691759e-02
7.6916099773e-02	4.3891213e-02
7.7006802721e-02	4.3516287e-02
7.7097505669e-02	4.4084775e-02
7.7188208617e-02	4.3516535e-02
7.7278911565e-02	4.4094722e-02
7.7369614512e-02	4.8317052e-02
7.7460317460e-02	5.2941180e-02
7.7551020408e-02	5.6981446e-02
7.7641723356e-02	6.3575200e-02
7.7732426304e-02	7.1905119e-02
7.7823129252e-02	7.8970413e-02
7.7913832200e-02	8.8322038e-02
7.8004535147e-02	9.5591264e-02
7.8095238095e-02	1.0628404e-01
7.8185941043e-02	1.1803958e-01
7.8276643991e-02	1.2602425e-01
7.8367346939e-02	1.3233380e-01
7.8458049887e-02	1.3805419e-01
7.8548752834e-02	1.4154496e-01
7.8639455782e-02	1.4389905e-01
7.8730158730e-02	1.4135596e-01
7.8820861678e-02	1.3597876e-01
7.8911564626e-02	1.3087065e-01
7.9002267574e-02	1.2464399e-01
7.9092970522e-02	1.1811779e-01
7.9183673469e-02	1.0910898e-01
7.9274376417e-02	1.0246436e-01
7.9365079365e-02	9.3741115e-02
7.9455782313e-02	8.3819750e-02
7.9546485261e-02	7.8271189e-02
7.9637188209e-02	7.3428181e-02
7.9727891156e-02	6.5525270e-02
7.9818594104e-02	5.9993465e-02
7.9909297052e-02	5.6073044e-02
8.0000000000e-02	5.1710509e-02
8.0090702948e-02	4.7155013e-02
8.0181405896e-02	4.5481350e-02
8.0272108844e-02	4.2424376e-02
8.0362811791e-02	4.0156919e-02
8.0453514739e-02	4.0203388e-02
8.0544217687e-02	4.1047882e-02
8.0634920635e-02	4.1735748e-02
8.0725623583e-02	4.1635631e-02
8.0816326531e-02	3.9771770e-02
8.0907029478e-02	3.8080644e-02
8.0997732426e-02	3.8633599e-02
8.1088435374e-02	3.5824268e-02
8.1179138322e-02	3.2603749e-02
8.1269841270e-02	2.8492724e-02
8.1360544218e-02	2.4240296e-02
8.1451247166e-02	1.7812517e-02
8.1541950113e-02	1.2216465e-02
8.1632653061e-02	6.4781614e-03
8.1723356009e-02	-1.1568375e-03
8.1814058957e-02	-3.8684282e-03
8.1904761905e-02	-1.0105756e-02
8.1995464853e-02	-3.1560872e-02
8.2086167800e-02	-2.0796674e-02
8.2176870748e-02	-1.8313692e-02
8.2267573696e-02	-1.9584179e-02
8.2358276644e-02	-1.9133033e-02
8.2448979592e-02	-1.6878410e-02
8.2539682540e-02	-1.4877542e-02
8.2630385488e-02	-1.1901723e-02
8.2721088435e-02	-7.3024556e-03
8.2811791383e-02	-4.2891646e-03
8.2902494331e-02	1.4163556e-03
8.2993197279e-02	6.3901822e-03
8.3083900227e-02	1.1416711e-02
8.3174603175e-02	1.3717534e-02
8.3265306122e-02	1.7277067e-02
8.3356009070e-02	2.0912483e-02
8.3446712018e-02	1.9864500e-02
8.3537414966e-02	1.7471962e-02
8.3628117914e-02	1.4419229e-02
8.3718820862e-02	1.0367338e-02
8.3809523810e-02	2.6931597e-03
8.3900226757e-02	-5.2714850e-03
8.3990929705e-02	-1.2307940e-02
8.4081632653e-02	-2.1832354e-02
8.4172335601e-02	-3.0569809e-02
8.4263038549e-02	-4.1660708e-02
8.4353741497e-02	-5.2204112e-02
8.4444444444e-02	-6.0708766e-02
8.4535147392e-02	-6.9481898e-02
8.4625850340e-02	-7.9427012e-02
8.4716553288e-02	-8.7922752e-02
8.4807256236e-02	-9.4317400e-02
8.4897959184e-02	-1.0163207e-01
8.4988662132e-02	-1.0975813e-01
8.5079365079e-02	-1.1474333e-01
8.5170068027e-02	-1.2112867e-01
8.5260770975e-02	-1.2686069e-01
8.5351473923e-02	-1.3049062e-01
8.5442176871e-02	-1.3471381e-01
8.5532879819e-02	-1.3735415e-01
8.5623582766e-02	-1.3989276e-01
8.5714285714e-02	-1.4249878e-01
8.5804988662e-02	-1.4677377e-01
8.5895691610e-02	-1.4858198e-01
8.5986394558e-02	-1.5041866e-01
8.6077097506e-02	-1.5217749e-01
8.6167800454e-02	-1.5151775e-01
8.6258503401e-02	-1.5195124e-01
8.6349206349e-02	-1.5114993e-01
8.6439909297e-02	-1.4945752e-01
8.6530612245e-02	-1.4538997e-01
8.6621315193e-02	-1.4239581e-01
8.6712018141e-02	-1.3871609e-01
8.6802721088e-02	-1.3376879e-01
8.6893424036e-02	-1.2928374e-01
8.6984126984e-02	-1.2357565e-01
8.7074829932e-02	-1.1670637e-01
8.7165532880e-02	-1.1134875e-01
8.7256235828e-02	-1.0586568e-01
8.7346938776e-02	-1.0214398e-01
8.7437641723e-02	-9.6673601e-02
8.7528344671e-02	-8.9235739e-02
8.7619047619e-02	-8.3023161e-02
8.7709750567e-02	-7.6671445e-02
8.7800453515e-02	-6.9698297e-02
8.7891156463e-02	-6.4661981e-02
8.7981859410e-02	-6.1278669e-02
8.8072562358e-02	-5.7168667e-02
8.8163265306e-02	-5.3672502e-02
8.8253968254e-02	-5.0250897e-02
8.8344671202e-02	-5.0903489e-02
8.8435374150e-02	-4.9236302e-02
8.8526077098e-02	-5.0363078e-02
8.8616780045e-02	-5.0560279e-02
8.8707482993e-02	-5.3079655e-02
8.8798185941e-02	-5.7347205e-02
8.8888888889e-02	-5.9170015e-02
8.8979591837e-02	-6.2376282e-02
8.9070294785e-02	-6.6699557e-02
8.9160997732e-02	-7.0440627e-02
8.9251700680e-02	-7.2806332e-02
8.9342403628e-02	-7.4472254e-02
8.9433106576e-02	-7.6922578e-02
8.9523809524e-02	-7.6899624e-02
8.9614512472e-02	-7.8894554e-02
8.9705215420e-02	-7.8042160e-02
8.9795918367e-02	-7.7315817e-02
8.9886621315e-02	-7.3591055e-02
8.9977324263e-02	-6.8456354e-02
9.0068027211e-02	-6.4757993e-02
9.0158730159e-02	-5.9296034e-02
9.0249433107e-02	-5.5502014e-02
9.0340136054e-02	-4.9370357e-02
9.0430839002e-02	-4.2266649e-02
9.0521541950e-02	-3.4866018e-02
9.0612244898e-02	-2.7721293e-02
9.0702947846e-02	-2.0576777e-02
9.0793650794e-02	-1.4413724e-02
9.0884353741e-02	-6.9905495e-03
9.0975056689e-02	-8.1903204e-04
9.1065759637e-02	5.0373003e-03
9.1156462585e-02	1.4892271e-02
9.1247165533e-02	2.4053449e-02
9.1337868481e-02	3.1292953e-02
9.1428571429e-02	3.8742855e-02
9.1519274376e-02	4.6743245e-02
9.1609977324e-02	5.3848009e-02
9.1700680272e-02	6.2130766e-02
9.1791383220e-02	7.0120041e-02
9.1882086168e-02	7.3552957e-02
9.1972789116e-02	7.8862109e-02
9.2063492063e-02	8.3038862e-02
9.2154195011e-02	8.5383864e-02
9.2244897959e-02	8.7726469e-02
9.2335600907e-02	8.8993652e-02
9.2426303855e-02	9.0398263e-02
9.2517006803e-02	8.9894130e-02
9.2607709751e-02	9.0233549e-02
9.2698412698e-02	8.8875878e-02
9.2789115646e-02	9.0648523e-02
9.2879818594e-02	8.8529655e-02
9.2970521542e-02	8.6640718e-02
9.3061224490e-02	8.3991256e-02
9.3151927438e-02	8.4965765e-02
9.3242630385e-02	8.1540180e-02
9.3333333333e-02	7.9007903e-02
9.3424036281e-02	7.7896413e-02
9.3514739229e-02	7.4678231e-02
9.3605442177e-02	7.2584990e-02
9.3696145125e-02	7.0377987e-02
9.3786848073e-02	6.9751489e-02
9.3877551020e-02	6.8636801e-02
9.3968253968e-02	6.7945365e-02
9.4058956916e-02	6.6175660e-02
9.4149659864e-02	6.3078044e-02
9.4240362812e-02	6.1859217e-02
9.4331065760e-02	6.0767529e-02
9.4421768707e-02	5.1207869e-02
9.4512471655e-02	3.0779629e-02
9.4603174603e-02	4.5282387e-02
9.4693877551e-02	4.2546743e-02
9.4784580499e-02	3.7817478e-02
9.4875283447e-02	3.4255958e-02
9.4965986395e-02	3.2047720e-02
9.5056689342e-02	3.0775185e-02
9.5147392290e-02	3.2095830e-02
9.5238095238e-02	3.2596907e-02
9.5328798186e-02	3.6230027e-02
9.5419501134e-02	3.9724056e-02
9.5510204082e-02	4.5418794e-02
9.5600907029e-02	5.0541177e-02
9.5691609977e-02	5.5749880e-02
9.5782312925e-02	6.3183047e-02
9.5873015873e-02	6.9776399e-02
9.5963718821e-02	7.6686704e-02
9.6054421769e-02	8.4843797e-02
9.6145124717e-02	9.3168092e-02
9.6235827664e-02	9.7237879e-02
9.6326530612e-02	1.0428249e-01
9.6417233560e-02	1.1021013e-01
9.6507936508e-02	1.1389608e-01
9.6598639456e-02	1.1511793e-01
9.6689342404e-02	1.1517992e-01
9.6780045351e-02	1.1304349e-01
9.6870748299e-02	1.0818310e-01
9.6961451247e-02	1.0261882e-01
9.7052154195e-02	9.7137749e-02
9.7142857143e-02	9.1814897e-02
9.7233560091e-02	8.4622838e-02
9.7324263039e-02	7.8782100e-02
9.7414965986e-02	7.4571207e-02
9.7505668934e-02	7.1871899e-02
9.7596371882e-02	6.8177305e-02
9.7687074830e-02	6.4726495e-02
9.7777777778e-02	6.4186173e-02
9.7868480726e-02	6.3436167e-02
9.7959183673e-02	6.4280705e-02
9.8049886621e-02	6.4292909e-02
9.8140589569e-02	6.3481663e-02
9.8231292517e-02	6.5152754e-02
9.8321995465e-02	6.5245854e-02
9.8412698413e-02	6.4278983e-02
9.8503401361e-02	6.5677527e-02
9.8594104308e-02	6.5761436e-02
9.8684807256e-02	6.3878594e-02
9.8775510204e-02	6.0603254e-02
9.8866213152e-02	5.7293856e-02
9.8956916100e-02	5.5333330e-02
9.9047619048e-02	5.1440042e-02
9.9138321995e-02	4.6744317e-02
9.9229024943e-02	4.0764494e-02
9.9319727891e-02	3.4213930e-02
9.9410430839e-02	2.9278441e-02
9.9501133787e-02	2.2295128e-02
9.9591836735e-02	1.4641949e-02
9.9682539683e-02	9.5243007e-03
9.9773242630e-02	6.3044195e-03
9.9863945578e-02	1.6404575e-03
9.9954648526e-02	7.5523018e-05
1.0004535147e-01	-1.4569761e-03
1.0013605442e-01	-2.1897542e-03
1.0022675737e-01	-3.3267637e-03
1.0031746032e-01	-3.5655219e-03
1.0040816327e-01	-1.2520934e-03
1.0049886621e-01	-1.1340147e-03
1.0058956916e-01	-2.4429312e-04
1.0068027211e-01	1.7364858e-03
1.0077097506e-01	3.5747016e-03
1.0086167800e-01	6.0791674e-03
1.0095238095e-01	9.2139896e-03
1.0104308390e-01	1.2552680e-02
1.0113378685e-01	1.5452201e-02
1.0122448980e-01	1.6548463e-02
1.0131519274e-01	1.9468738e-02
1.0140589569e-01	1.9973259e-02
1.0149659864e-01	1.9520802e-02
1.0158730159e-01	1.8025634e-02
1.0167800454e-01	1.6375887e-02
1.0176870748e-01	1.4291375e-02
1.0185941043e-01	9.6983300e-03
1.0195011338e-01	4.8097543e-03
1.0204081633e-01	-2.8550421e-03
1.0213151927e-01	-7.9512914e-03
1.0222222222e-01	-1.5443214e-02
1.0231292517e-01	-2.2942288e-02
1.0240362812e-01	-2.9209760e-02
1.0249433107e-01	-3.7424611e-02
1.0258503401e-01	-4.4154123e-02
1.0267573696e-01	-5.2791741e-02
1.0276643991e-01	-5.9066475e-02
1.0285714286e-01	-6.6585707e-02
1.0294784580e-01	-7.4388663e-02
1.0303854875e-01	-8.3208657e-02
1.0312925170e-01	-8.9292744e-02
1.0321995465e-01	-9.8507173e-02
1.0331065760e-01	-1.0990300e-01
1.0340136054e-01	-1.1843910e-01
1.0349206349e-01	-1.2515281e-01
1.0358276644e-01	-1.3253663e-01
1.0367346939e-01	-1.4092067e-01
1.0376417234e-01	-1.4930280e-01
1.0385487528e-01	-1.5593335e-01
1.0394557823e-01	-1.6075818e-01
1.0403628118e-01	-1.6612607e-01
1.0412698413e-01	-1.6897204e-01
1.0421768707e-01	-1.6907327e-01
1.0430839002e-01	-1.7000953e-01
1.0439909297e-01	-1.6882041e-01
1.0448979592e-01	-1.6656092e-01
1.0458049887e-01	-1.6346895e-01
1.0467120181e-01	-1.5840518e-01
1.0476190476e-01	-1.5309200e-01
1.0485260771e-01	-1.4647202e-01
1.0494331066e-01	-1.4148641e-01
1.0503401361e-01	-1.3740838e-01
1.0512471655e-01	-1.3284699e-01
1.0521541950e-01	-1.2727249e-01
1.0530612245e-01	-1.2466373e-01
1.0539682540e-01	-1.1932306e-01
1.0548752834e-01	-1.1555536e-01
1.0557823129e-01	-1.1031820e-01
1.0566893424e-01	-1.0899148e-01
1.0575963719e-01	-1.0588485e-01
1.0585034014e-01	-1.0022427e-01
1.0594104308e-01	-9.6952101e-02
1.0603174603e-01	-9.4459905e-02
1.0612244898e-01	-9.0177118e-02
1.0621315193e-01	-8.6227342e-02
1.0630385488e-01	-8.2086073e-02
1.0639455782e-01	-7.9575431e-02
1.0648526077e-01	-7.6849385e-02
1.0657596372e-01	-7.3790870e-02
1.0666666667e-01	-7.1148353e-02
1.0675736961e-01	-6.9509811e-02
1.0684807256e-01	-6.4957666e-02
1.0693877551e-01	-7.0298163e-02
1.0702947846e-01	-7.8217005e-02
1.0712018141e-01	-5.9173399e-02
1.0721088435e-01	-5.9056692e-02
1.0730158730e-01	-5.8029180e-02
1.0739229025e-01	-5.7622578e-02
1.0748299320e-01	-5.7412915e-02
1.0757369615e-01	-5.6509583e-02
1.0766439909e-01	-5.7257171e-02
1.0775510204e-01	-5.7512496e-02
1.0784580499e-01	-5.8118936e-02
1.0793650794e-01	-5.6688625e-02
1.0802721088e-01	-5.4518316e-02
1.0811791383e-01	-5.3973666e-02
1.0820861678e-01	-5.3295792e-02
1.0829931973e-01	-5.0396702e-02
1.0839002268e-01	-4.7106897e-02
1.0848072562e-01	-4.3317004e-02
1.0857142857e-01	-3.9582646e-02
1.0866213152e-01	-3.3859033e-02
1.0875283447e-01	-2.6098694e-02
1.0884353741e-01	-2.0585243e-02
1.0893424036e-01	-1.3347477e-02
1.0902494331e-01	-4.4921851e-03
1.0911564626e-01	4.8473586e-03
1.0920634921e-01	1.2998822e-02
1.0929705215e-01	2.2579260e-02
1.0938775510e-01	3.2715571e-02
1.0947845805e-01	4.1279480e-02
1.0956916100e-01	5.2084400e-02
1.0965986395e-01	5.9286888e-02
1.0975056689e-01	6.8469937e-02
1.0984126984e-01	7.6991001e-02
1.0993197279e-01	8.3922374e-02
1.1002267574e-01	8.9724751e-02
1.1011337868e-01	9.8108582e-02
1.1020408163e-01	1.0069486e-01
1.1029478458e-01	1.0297383e-01
1.1038548753e-01	1.0540849e-01
1.1047619048e-01	1.0751114e-01
1.1056689342e-01	1.0947807e-01
1.1065759637e-01	1.0905754e-01
1.1074829932e-01	1.0872496e-01
1.1083900227e-01	1.0878319e-01
1.1092970522e-01	1.0699791e-01
1.1102040816e-01	1.0434270e-01
1.1111111111e-01	1.0488432e-01
1.1120181406e-01	1.0176613e-01
1.1129251701e-01	1.0003572e-01
1.1138321995e-01	1.0011343e-01
1.1147392290e-01	9.8384111e-02
1.1156462585e-01	9.6607191e-02
1.1165532880e-01	9.5459598e-02
1.1174603175e-01	9.3123663e-02
1.1183673469e-01	9.1491247e-02
1.1192743764e-01	9.2607325e-02
1.1201814059e-01	8.9804307e-02
1.1210884354e-01	8.5793382e-02
1.1219954649e-01	8.3597817e-02
1.1229024943e-01	7.9662002e-02
1.1238095238e-01	7.3928370e-02
1.1247165533e-01	6.5943683e-02
1.1256235828e-01	5.8877821e-02
1.1265306122e-01	5.2666556e-02
1.1274376417e-01	4.5450950e-02
1.1283446712e-01	3.8747659e-02
1.1292517007e-01	3.5145051e-02
1.1301587302e-01	3.0141350e-02
1.1310657596e-01	2.8665542e-02
1.1319727891e-01	2.6983664e-02
1.1328798186e-01	2.7849546e-02
1.1337868481e-01	2.8513647e-02
1.1346938776e-01	3.1022874e-02
1.1356009070e-01	3.4999305e-02
1.1365079365e-01	3.7484495e-02
1.1374149660e-01	4.4421662e-02
1.1383219955e-01	4.9534080e-02
1.1392290249e-01	5.6616946e-02
1.1401360544e-01	6.2275375e-02
1.1410430839e-01	6.9265703e-02
1.1419501134e-01	7.5939250e-02
1.1428571429e-01	8.2064971e-02
1.1437641723e-01	8.7209936e-02
1.1446712018e-01	8.9981612e-02
1.1455782313e-01	9.4893989e-02
1.1464852608e-01	9.6388298e-02
1.1473922902e-01	9.6526012e-02
1.1482993197e-01	9.5577766e-02
1.1492063492e-01	9.1763393e-02
1.1501133787e-01	8.7833498e-02
1.1510204082e-01	8.4346732e-02
1.1519274376e-01	7.8756585e-02
1.1528344671e-01	7.6370806e-02
1.1537414966e-01	7.4667202e-02
1.1546485261e-01	7.0907639e-02
1.1555555556e-01	6.7507162e-02
1.1564625850e-01	6.6888953e-02
1.1573696145e-01	6.6467278e-02
1.1582766440e-01	6.6403308e-02
1.1591836735e-01	6.6707048e-02
1.1600907029e-01	6.7610927e-02
1.1609977324e-01	7.0381551e-02
1.1619047619e-01	7.2183583e-02
1.1628117914e-01	7.2241052e-02
1.1637188209e-01	7.1113506e-02
1.1646258503e-01	7.1109092e-02
1.1655328798e-01	7.1152773e-02
1.1664399093e-01	7.0212068e-02
1.1673469388e-01	6.7847197e-02
1.1682539683e-01	6.4448802e-02
1.1691609977e-01	5.9754945e-02
1.1700680272e-01	5.4379139e-02
1.1709750567e-01	4.9533179e-02
1.1718820862e-01	4.2899585e-02
1.1727891156e-01	3.7060082e-02
1.1736961451e-01	3.0577298e-02
1.1746031746e-01	2.3655941e-02
1.1755102041e-01	1.6892724e-02
1.1764172336e-01	1.1973644e-02
1.1773242630e-01	4.4593555e-03
1.1782312925e-01	2.4006309e-03
1.1791383220e-01	2.2789717e-04
1.1800453515e-01	-3.7674499e-03
1.1809523810e-01	-3.6766699e-03
1.1818594104e-01	-2.4233771e-03
1.1827664399e-01	-1.9955286e-03
1.1836734694e-01	-2.7444436e-03
1.1845804989e-01	2.4296848e-04
1.1854875283e-01	2.7829830e-03
1.1863945578e-01	4.4879966e-03
1.1873015873e-01	7.6892690e-03
1.1882086168e-01	1.2575876e-02
1.1891156463e-01	1.5721202e-02
1.1900226757e-01	1.7154559e-02
1.1909297052e-01	2.0927348e-02
1.1918367347e-01	2.4996776e-02
1.1927437642e-01	2.4711981e-02
1.1936507937e-01	2.8733698e-02
1.1945578231e-01	1.6524818e-02
1.1954648526e-01	1.3683207e-02
1.1963718821e-01	2.8556008e-02
1.1972789116e-01	2.4936456e-02
1.1981859410e-01	2.2416765e-02
1.1990929705e-01	1.8108762e-02
1.2000000000e-01	1.2757044e-02
1.2009070295e-01	8.4829505e-03
1.2018140590e-01	3.8233605e-03
1.2027210884e-01	-1.9216009e-03
1.2036281179e-01	-7.6955097e-03
1.2045351474e-01	-1.5315758e-02
1.2054421769e-01	-2.3356759e-02
1.2063492063e-01	-3.1383057e-02
1.2072562358e-01	-3.8720867e-02
1.2081632653e-01	-4.6478224e-02
1.2090702948e-01	-5.4822201e-02
1.2099773243e-01	-6.6683161e-02
1.2108843537e-01	-7.6380905e-02
1.2117913832e-01	-8.6947017e-02
1.2126984127e-01	-9.6338157e-02
1.2136054422e-01	-1.0738240e-01
1.2145124717e-01	-1.1855361e-01
1.2154195011e-01	-1.2823087e-01
1.2163265306e-01	-1.3857264e-01
1.2172335601e-01	-1.4862426e-01
1.2181405896e-01	-1.5440142e-01
1.2190476190e-01	-1.6234285e-01
1.2199546485e-01	-1.6766636e-01
1.2208616780e-01	-1.7120567e-01
1.2217687075e-01	-1.7488481e-01
1.2226757370e-01	-1.7669622e-01
1.2235827664e-01	-1.7585294e-01
1.2244897959e-01	-1.7315217e-01
1.2253968254e-01	-1.7301856e-01
1.2263038549e-01	-1.6807828e-01
1.2272108844e-01	-1.6488143e-01
1.2281179138e-01	-1.6111320e-01
1.2290249433e-01	-1.5610495e-01
1.2299319728e-01	-1.5287031e-01
1.2308390023e-01	-1.4927637e-01
1.2317460317e-01	-1.4592009e-01
1.2326530612e-01	-1.4367295e-01
1.2335600907e-01	-1.4213350e-01
1.2344671202e-01	-1.4011464e-01
1.2353741497e-01	-1.3793217e-01
1.2362811791e-01	-1.3448039e-01
1.2371882086e-01	-1.3198796e-01
1.2380952381e-01	-1.3022714e-01
1.2390022676e-01	-1.2544266e-01
1.2399092971e-01	-1.2140115e-01
1.2408163265e-01	-1.1749307e-01
1.2417233560e-01	-1.1227301e-01
1.2426303855e-01	-1.1019024e-01
1.2435374150e-01	-1.0325465e-01
1.2444444444e-01	-1.0053389e-01
1.2453514739e-01	-9.6542559e-02
1.2462585034e-01	-9.1388133e-02
1.2471655329e-01	-8.8023956e-02
1.2480725624e-01	-8.4134547e-02
1.2489795918e-01	-8.1383287e-02
1.2498866213e-01	-7.7375380e-02
1.2507936508e-01	-7.4181903e-02
1.2517006803e-01	-6.9978156e-02
1.2526077098e-01	-7.0638518e-02
1.2535147392e-01	-6.7966823e-02
1.2544217687e-01	-6.8398543e-02
1.2553287982e-01	-6.8633164e-02
1.2562358277e-01	-6.9061246e-02
1.2571428571e-01	-6.8149495e-02
1.2580498866e-01	-6.9676858e-02
1.2589569161e-01	-6.8784786e-02
1.2598639456e-01	-6.8459164e-02
1.2607709751e-01	-6.8265406e-02
1.2616780045e-01	-6.6890557e-02
1.2625850340e-01	-6.3956308e-02
1.2634920635e-01	-6.0235627e-02
1.2643990930e-01	-5.6073490e-02
1.2653061224e-01	-4.9738957e-02
1.2662131519e-01	-4.4582542e-02
1.2671201814e-01	-3.6993822e-02
1.2680272109e-01	-2.7707460e-02
1.2689342404e-01	-2.1083165e-02
1.2698412698e-01	-1.2265101e-02
1.2707482993e-01	-1.7366347e-03
1.2716553288e-01	8.5847827e-03
1.2725623583e-01	1.9436757e-02
1.2734693878e-01	2.8771687e-02
1.2743764172e-01	3.6594486e-02
1.2752834467e-01	4.7258729e-02
1.2761904762e-01	5.7191765e-02
1.2770975057e-01	6.4364278e-02
1.2780045351e-01	7.3252725e-02
1.2789115646e-01	8.0685572e-02
1.2798185941e-01	8.6645062e-02
1.2807256236e-01	9.2467659e-02
1.2816326531e-01	9.9030283e-02
1.2825396825e-01	1.0202253e-01
1.2834467120e-01	1.0628741e-01
1.2843537415e-01	1.1070892e-01
1.2852607710e-01	1.1281498e-01
1.2861678005e-01	1.1470546e-01
1.2870748299e-01	1.1742569e-01
1.2879818594e-01	1.1688642e-01
1.2888888889e-01	1.1844140e-01
1.2897959184e-01	1.1989823e-01
1.2907029478e-01	1.2112162e-01
1.2916099773e-01	1.2365040e-01
1.2925170068e-01	1.2243863e-01
1.2934240363e-01	1.1945238e-01
1.2943310658e-01	1.1961849e-01
1.2952380952e-01	1.1896984e-01
1.2961451247e-01	1.1921538e-01
1.2970521542e-01	1.1806784e-01
1.2979591837e-01	1.1591387e-01
1.2988662132e-01	1.1170031e-01
1.2997732426e-01	1.0957619e-01
1.3006802721e-01	1.0562916e-01
1.3015873016e-01	1.0109900e-01
1.3024943311e-01	9.7345953e-02
1.3034013605e-01	8.9261479e-02
1.3043083900e-01	8.3018395e-02
1.3052154195e-01	7.6793898e-02
1.3061224490e-01	6.8705406e-02
1.3070294785e-01	6.2096088e-02
1.3079365079e-01	5.6230260e-02
1.3088435374e-01	5.1120592e-02
1.3097505669e-01	4.4617715e-02
1.3106575964e-01	4.1985219e-02
1.3115646259e-01	3.8632144e-02
1.3124716553e-01	3.8584957e-02
1.3133786848e-01	3.8679041e-02
1.3142857143e-01	3.9651004e-02
1.3151927438e-01	4.1954502e-02
1.3160997732e-01	4.4254704e-02
1.3170068027e-01	4.7024900e-02
1.3179138322e-01	5.1390340e-02
1.3188208617e-01	5.7002469e-02
1.3197278912e-01	4.2491401e-02
1.3206349206e-01	5.3764305e-02
1.3215419501e-01	7.0749161e-02
1.3224489796e-01	7.3713920e-02
1.3233560091e-01	7.6524786e-02
1.3242630385e-01	7.9625218e-02
1.3251700680e-01	8.3302036e-02
1.3260770975e-01	8.5666559e-02
1.3269841270e-01	8.4784596e-02
1.3278911565e-01	8.4136270e-02
1.3287981859e-01	8.1680655e-02
1.3297052154e-01	7.8508180e-02
1.3306122449e-01	7.7387318e-02
1.3315192744e-01	7.6262218e-02
1.3324263039e-01	7.1091384e-02
1.3333333333e-01	6.8699819e-02
1.3342403628e-01	6.6855132e-02
1.3351473923e-01	6.5980176e-02
1.3360544218e-01	6.4620658e-02
1.3369614512e-01	6.7157200e-02
1.3378684807e-01	6.5462851e-02
1.3387755102e-01	6.5850648e-02
1.3396825397e-01	6.7429795e-02
1.3405895692e-01	6.7264608e-02
1.3414965986e-01	6.8697618e-02
1.3424036281e-01	6.9255554e-02
1.3433106576e-01	6.7883306e-02
1.3442176871e-01	6.7405098e-02
1.3451247166e-01	6.6661228e-02
1.3460317460e-01	6.5505242e-02
1.3469387755e-01	6.2126663e-02
1.3478458050e-01	6.0086858e-02
1.3487528345e-01	5.6878167e-02
1.3496598639e-01	5.0380691e-02
1.3505668934e-01	4.7204285e-02
1.3514739229e-01	4.2724263e-02
1.3523809524e-01	3.5590616e-02
1.3532879819e-01	3.1744988e-02
1.3541950113e-01	2.5834434e-02
1.3551020408e-01	2.2048518e-02
1.3560090703e-01	1.6326633e-02
1.3569160998e-01	1.3224940e-02
1.3578231293e-01	8.6905394e-03
1.3587301587e-01	6.7329302e-03
1.3596371882e-01	4.1871020e-03
1.3605442177e-01	3.8790422e-03
1.3614512472e-01	3.6159989e-03
1.3623582766e-01	3.3366890e-03
1.3632653061e-01	5.1575358e-03
1.3641723356e-01	6.8762044e-03
1.3650793651e-01	7.3709255e-03
1.3659863946e-01	8.6750655e-03
1.3668934240e-01	1.0573259e-02
1.3678004535e-01	1.3111472e-02
1.3687074830e-01	1.6224373e-02
1.3696145125e-01	1.9464824e-02
1.3705215420e-01	2.2352324e-02
1.3714285714e-01	2.5280095e-02
1.3723356009e-01	2.7016956e-02
1.3732426304e-01	2.9353237e-02
1.3741496599e-01	3.2000811e-02
1.3750566893e-01	3.1898598e-02
1.3759637188e-01	3.3294992e-02
1.3768707483e-01	3.1498248e-02
1.3777777778e-01	3.1785368e-02
1.3786848073e-01	3.1030111e-02
1.3795918367e-01	2.8694683e-02
1.3804988662e-01	2.4755601e-02
1.3814058957e-01	2.1405558e-02
1.3823129252e-01	1.8226817e-02
1.3832199546e-01	1.1152637e-02
1.3841269841e-01	4.8495522e-03
1.3850340136e-01	-5.5560469e-04
1.3859410431e-01	-7.7840349e-03
1.3868480726e-01	-1.6120957e-02
1.3877551020e-01	-2.4718158e-02
1.3886621315e-01	-3.3749533e-02
1.3895691610e-01	-4.3179425e-02
1.3904761905e-01	-5.2605903e-02
1.3913832200e-01	-6.2869612e-02
1.3922902494e-01	-7.5262312e-02
1.3931972789e-01	-8.6291784e-02
1.3941043084e-01	-9.7109324e-02
1.3950113379e-01	-1.0817290e-01
1.3959183673e-01	-1.1833464e-01
1.3968253968e-01	-1.2674745e-01
1.3977324263e-01	-1.3530821e-01
1.3986394558e-01	-1.4339340e-01
1.3995464853e-01	-1.4947985e-01
1.4004535147e-01	-1.5571580e-01
1.4013605442e-01	-1.6002021e-01
1.4022675737e-01	-1.6168660e-01
1.4031746032e-01	-1.6456065e-01
1.4040816327e-01	-1.6410596e-01
1.4049886621e-01	-1.6341711e-01
1.4058956916e-01	-1.6272071e-01
1.4068027211e-01	-1.6255851e-01
1.4077097506e-01	-1.6035511e-01
1.4086167800e-01	-1.5778302e-01
1.4095238095e-01	-1.5628538e-01
1.4104308390e-01	-1.5546286e-01
1.4113378685e-01	-1.5213908e-01
1.4122448980e-01	-1.5166883e-01
1.4131519274e-01	-1.5026504e-01
1.4140589569e-01	-1.4852227e-01
1.4149659864e-01	-1.4733807e-01
1.4158730159e-01	-1.4510927e-01
1.4167800454e-01	-1.4286353e-01
1.4176870748e-01	-1.3992736e-01
1.4185941043e-01	-1.3495473e-01
1.4195011338e-01	-1.3176274e-01
1.4204081633e-01	-1.2822047e-01
1.4213151927e-01	-1.2458676e-01
1.4222222222e-01	-1.2103871e-01
1.4231292517e-01	-1.1572888e-01
1.4240362812e-01	-1.1038959e-01
1.4249433107e-01	-1.0627416e-01
1.4258503401e-01	-1.0240882e-01
1.4267573696e-01	-9.9287393e-02
1.4276643991e-01	-9.4295536e-02
1.4285714286e-01	-9.0491044e-02
1.4294784580e-01	-8.6919630e-02
1.4303854875e-01	-8.6400846e-02
1.4312925170e-01	-8.5008518e-02
1.4321995465e-01	-8.3767216e-02
1.4331065760e-01	-8.3113555e-02
1.4340136054e-01	-8.3684125e-02
1.4349206349e-01	-8.4105462e-02
1.4358276644e-01	-8.4318699e-02
1.4367346939e-01	-8.4258778e-02
1.4376417234e-01	-8.5890613e-02
1.4385487528e-01	-8.4662787e-02
1.4394557823e-01	-8.3352330e-02
1.4403628118e-01	-8.0839891e-02
1.4412698413e-01	-8.0128358e-02
1.4421768707e-01	-7.7557047e-02
1.4430839002e-01	-7.1268931e-02
1.4439909297e-01	-6.5741282e-02
1.4448979592e-01	-7.6050261e-02
1.4458049887e-01	-5.8684572e-02
1.4467120181e-01	-4.4710755e-02
1.4476190476e-01	-3.9008539e-02
1.4485260771e-01	-3.1379329e-02
1.4494331066e-01	-2.1425088e-02
1.4503401361e-01	-1.3954268e-02
1.4512471655e-01	-5.2706552e-03
1.4521541950e-01	4.4559037e-03
1.4530612245e-01	1.2730160e-02
1.4539682540e-01	2.2611476e-02
1.4548752834e-01	3.1944918e-02
1.4557823129e-01	4.0881296e-02
1.4566893424e-01	4.8837463e-02
1.4575963719e-01	5.8257232e-02
1.4585034014e-01	6.4293803e-02
1.4594104308e-01	7.3522462e-02
1.4603174603e-01	8.0225228e-02
1.4612244898e-01	8.5657469e-02
1.4621315193e-01	9.1477564e-02
1.4630385488e-01	9.8695767e-02
1.4639455782e-01	1.0176799e-01
1.4648526077e-01	1.0753293e-01
1.4657596372e-01	1.1223440e-01
1.4666666667e-01	1.1454330e-01
1.4675736961e-01	1.1625518e-01
1.4684807256e-01	1.2014294e-01
1.4693877551e-01	1.2211434e-01
1.4702947846e-01	1.2143498e-01
1.4712018141e-01	1.2364700e-01
1.4721088435e-01	1.2254798e-01
1.4730158730e-01	1.2345462e-01
1.4739229025e-01	1.2229372e-01
1.4748299320e-01	1.2138505e-01
1.4757369615e-01	1.2188344e-01
1.4766439909e-01	1.1857922e-01
1.4775510204e-01	1.1660285e-01
1.4784580499e-01	1.1481317e-01
1.4793650794e-01	1.1238242e-01
1.4802721088e-01	1.0848835e-01
1.4811791383e-01	1.0421275e-01
1.4820861678e-01	1.0200930e-01
1.4829931973e-01	9.6686410e-02
1.4839002268e-01	9.1715653e-02
1.4848072562e-01	8.4187802e-02
1.4857142857e-01	7.8842960e-02
1.4866213152e-01	7.5029217e-02
1.4875283447e-01	6.7460964e-02
1.4884353741e-01	6.1696075e-02
1.4893424036e-01	5.6996883e-02
1.4902494331e-01	5.2299458e-02
1.4911564626e-01	5.0157842e-02
1.4920634921e-01	4.7587339e-02
1.4929705215e-01	4.7308954e-02
1.4938775510e-01	4.6464278e-02
1.4947845805e-01	4.6108865e-02
1.4956916100e-01	4.6917730e-02
1.4965986395e-01	4.8692361e-02
1.4975056689e-01	5.0943469e-02
1.4984126984e-01	5.2213792e-02
1.4993197279e-01	5.4563520e-02
1.5002267574e-01	5.7808850e-02
1.5011337868e-01	6.0627074e-02
1.5020408163e-01	6.3358956e-02
1.5029478458e-01	6.9405031e-02
1.5038548753e-01	7.2831104e-02
1.5047619048e-01	7.7466435e-02
1.5056689342e-01	7.9839634e-02
1.5065759637e-01	8.2129127e-02
1.5074829932e-01	8.3579057e-02
1.5083900227e-01	8.3791167e-02
1.5092970522e-01	8.3324637e-02
1.5102040816e-01	8.0425657e-02
1.5111111111e-01	8.0822597e-02
1.5120181406e-01	7.8902007e-02
1.5129251701e-01	7.6447894e-02
1.5138321995e-01	7.2410976e-02
1.5147392290e-01	7.1575930e-02
1.5156462585e-01	7.0157874e-02
1.5165532880e-01	6.8100944e-02
1.5174603175e-01	6.6470863e-02
1.5183673469e-01	6.5504031e-02
1.5192743764e-01	6.4193308e-02
1.5201814059e-01	6.4260481e-02
1.5210884354e-01	6.3591805e-02
1.5219954649e-01	5.9922704e-02
1.5229024943e-01	5.9035685e-02
1.5238095238e-01	5.9286432e-02
1.5247165533e-01	5.7188398e-02
1.5256235828e-01	5.7442054e-02
1.5265306122e-01	5.8572724e-02
1.5274376417e-01	5.5519973e-02
1.5283446712e-01	5.3820803e-02
1.5292517007e-01	5.1376016e-02
1.5301587302e-01	4.8339781e-02
1.5310657596e-01	4.5345714e-02
1.5319727891e-01	4.0549657e-02
1.5328798186e-01	3.6157595e-02
1.5337868481e-01	3.1405218e-02
1.5346938776e-01	2.7681911e-02
1.5356009070e-01	2.4146683e-02
1.5365079365e-01	1.9896275e-02
1.5374149660e-01	1.5400166e-02
1.5383219955e-01	1.3665649e-02
1.5392290249e-01	1.1313372e-02
1.5401360544e-01	1.0688735e-02
1.5410430839e-01	9.3249173e-03
1.5419501134e-01	9.7857451e-03
1.5428571429e-01	9.5924366e-03
1.5437641723e-01	8.4059260e-03
1.5446712018e-01	9.1100605e-03
1.5455782313e-01	1.1309720e-02
1.5464852608e-01	1.3757093e-02
1.5473922902e-01	1.4824646e-02
1.5482993197e-01	1.5678391e-02
1.5492063492e-01	1.9342383e-02
1.5501133787e-01	2.0583948e-02
1.5510204082e-01	2.1964513e-02
1.5519274376e-01	2.5886968e-02
1.5528344671e-01	2.8542677e-02
1.5537414966e-01	2.8760407e-02
1.5546485261e-01	2.9857326e-02
1.5555555556e-01	3.2320623e-02
1.5564625850e-01	3.2280726e-02
1.5573696145e-01	3.3087330e-02
1.5582766440e-01	3.4202365e-02
1.5591836735e-01	3.2283747e-02
1.5600907029e-01	2.8405588e-02
1.5609977324e-01	2.4619088e-02
1.5619047619e-01	2.1286179e-02
1.5628117914e-01	1.5489809e-02
1.5637188209e-01	8.2163288e-03
1.5646258503e-01	1.1039754e-03
1.5655328798e-01	-5.4281310e-03
1.5664399093e-01	-1.2961299e-02
1.5673469388e-01	-2.1790973e-02
1.5682539683e-01	-3.1047309e-02
1.5691609977e-01	-4.2274375e-02
1.5700680272e-01	-6.6934860e-02
1.5709750567e-01	-6.5009544e-02
1.5718820862e-01	-7.2072852e-02
1.5727891156e-01	-8.4884134e-02
1.5736961451e-01	-9.4244037e-02
1.5746031746e-01	-1.0286313e-01
1.5755102041e-01	-1.1054012e-01
1.5764172336e-01	-1.2019123e-01
1.5773242630e-01	-1.2918465e-01
1.5782312925e-01	-1.3554980e-01
1.5791383220e-01	-1.4284971e-01
1.5800453515e-01	-1.4843496e-01
1.5809523810e-01	-1.5401100e-01
1.5818594104e-01	-1.5575455e-01
1.5827664399e-01	-1.5891432e-01
1.5836734694e-01	-1.6042585e-01
1.5845804989e-01	-1.6214643e-01
1.5854875283e-01	-1.6206444e-01
1.5863945578e-01	-1.6141414e-01
1.5873015873e-01	-1.6016239e-01
1.5882086168e-01	-1.6017789e-01
1.5891156463e-01	-1.5793735e-01
1.5900226757e-01	-1.5726115e-01
1.5909297052e-01	-1.5468454e-01
1.5918367347e-01	-1.5365533e-01
1.5927437642e-01	-1.5181541e-01
1.5936507937e-01	-1.5191255e-01
1.5945578231e-01	-1.4945780e-01
1.5954648526e-01	-1.4585052e-01
1.5963718821e-01	-1.4516870e-01
1.5972789116e-01	-1.4294201e-01
1.5981859410e-01	-1.3728848e-01
1.5990929705e-01	-1.3303137e-01
1.6000000000e-01	-1.2980350e-01
1.6009070295e-01	-1.2534325e-01
1.6018140590e-01	-1.2160760e-01
1.6027210884e-01	-1.1788497e-01
1.6036281179e-01	-1.1337758e-01
1.6045351474e-01	-1.0905287e-01
1.6054421769e-01	-1.0550571e-01
1.6063492063e-01	-1.0329997e-01
1.6072562358e-01	-9.7767574e-02
1.6081632653e-01	-9.4859311e-02
1.6090702948e-01	-9.2981571e-02
1.6099773243e-01	-8.8867787e-02
1.6108843537e-01	-8.6719854e-02
1.6117913832e-01	-8.5040355e-02
1.6126984127e-01	-8.3012431e-02
1.6136054422e-01	-8.3056430e-02
1.6145124717e-01	-8.2655276e-02
1.6154195011e-01	-8.1641484e-02
1.6163265306e-01	-8.0700685e-02
1.6172335601e-01	-7.9647790e-02
1.6181405896e-01	-7.9688605e-02
1.6190476190e-01	-7.6960660e-02
1.6199546485e-01	-7.4929843e-02
1.6208616780e-01	-7.3610576e-02
1.6217687075e-01	-6.9543515e-02
1.6226757370e-01	-6.6424133e-02
1.6235827664e-01	-6.1467006e-02
1.6244897959e-01	-5.6995409e-02
1.6253968254e-01	-5.0329231e-02
1.6263038549e-01	-4.3786958e-02
1.6272108844e-01	-3.6823396e-02
1.6281179138e-01	-2.7551711e-02
1.6290249433e-01	-1.9420830e-02
1.6299319728e-01	-1.0679725e-02
1.6308390023e-01	-1.5467893e-03
1.6317460317e-01	5.9866228e-03
1.6326530612e-01	1.6062319e-02
1.6335600907e-01	2.4055228e-02
1.6344671202e-01	3.1806784e-02
1.6353741497e-01	3.8709107e-02
1.6362811791e-01	4.9296084e-02
1.6371882086e-01	5.5060612e-02
1.6380952381e-01	6.1972299e-02
1.6390022676e-01	7.0498296e-02
1.6399092971e-01	7.6417461e-02
1.6408163265e-01	8.2498578e-02
1.6417233560e-01	8.8792111e-02
1.6426303855e-01	9.5120259e-02
1.6435374150e-01	1.0125532e-01
1.6444444444e-01	1.0599003e-01
1.6453514739e-01	1.1000634e-01
1.6462585034e-01	1.1125650e-01
1.6471655329e-01	1.1512779e-01
1.6480725624e-01	1.2018629e-01
1.6489795918e-01	1.2129453e-01
1.6498866213e-01	1.2158174e-01
1.6507936508e-01	1.2217965e-01
1.6517006803e-01	1.2288919e-01
1.6526077098e-01	1.2134944e-01
1.6535147392e-01	1.2258641e-01
1.6544217687e-01	1.2090747e-01
1.6553287982e-01	1.1905158e-01
1.6562358277e-01	1.1826926e-01
1.6571428571e-01	1.1596085e-01
1.6580498866e-01	1.1380640e-01
1.6589569161e-01	1.1395722e-01
1.6598639456e-01	1.1131748e-01
1.6607709751e-01	1.0669683e-01
1.6616780045e-01	1.0377920e-01
1.6625850340e-01	9.9909535e-02
1.6634920635e-01	9.5143989e-02
1.6643990930e-01	9.0617285e-02
1.6653061224e-01	8.4421975e-02
1.6662131519e-01	7.9236851e-02
1.6671201814e-01	7.4524683e-02
1.6680272109e-01	6.7549897e-02
1.6689342404e-01	6.2301561e-02
1.6698412698e-01	5.9202123e-02
1.6707482993e-01	5.6081073e-02
1.6716553288e-01	5.2561947e-02
1.6725623583e-01	4.8807147e-02
1.6734693878e-01	4.7181608e-02
1.6743764172e-01	4.6143827e-02
1.6752834467e-01	4.4581708e-02
1.6761904762e-01	4.4653052e-02
1.6770975057e-01	4.5795100e-02
1.6780045351e-01	4.7181184e-02
1.6789115646e-01	4.8545397e-02
1.6798185941e-01	5.0479072e-02
1.6807256236e-01	5.2636034e-02
1.6816326531e-01	5.6425323e-02
1.6825396825e-01	5.9664624e-02
1.6834467120e-01	6.3983710e-02
1.6843537415e-01	6.7250943e-02
1.6852607710e-01	7.0351328e-02
1.6861678005e-01	7.3368601e-02
1.6870748299e-01	7.5916973e-02
1.6879818594e-01	7.8111852e-02
1.6888888889e-01	7.8577697e-02
1.6897959184e-01	7.7996285e-02
1.6907029478e-01	7.7399386e-02
1.6916099773e-01	7.4951749e-02
1.6925170068e-01	7.1424569e-02
1.6934240363e-01	7.1495091e-02
1.6943310658e-01	6.3289287e-02
1.6952380952e-01	4.7636758e-02
1.6961451247e-01	6.4788012e-02
1.6970521542e-01	6.2988867e-02
1.6979591837e-01	6.1692088e-02
1.6988662132e-01	6.1049886e-02
1.6997732426e-01	5.9211814e-02
1.7006802721e-01	5.7806111e-02
1.7015873016e-01	5.7012824e-02
1.7024943311e-01	5.7178094e-02
1.7034013605e-01	5.7473544e-02
1.7043083900e-01	5.8857364e-02
1.7052154195e-01	5.8502326e-02
1.7061224490e-01	5.7619656e-02
1.7070294785e-01	5.7866778e-02
1.7079365079e-01	5.6816389e-02
1.7088435374e-01	5.6226184e-02
1.7097505669e-01	5.5042597e-02
1.7106575964e-01	5.3201627e-02
1.7115646259e-01	4.9895292e-02
1.7124716553e-01	4.7112166e-02
1.7133786848e-01	4.3498889e-02
1.7142857143e-01	3.9617584e-02
1.7151927438e-01	3.6615505e-02
1.7160997732e-01	3.2065399e-02
1.7170068027e-01	2.7395715e-02
1.7179138322e-01	2.3354121e-02
1.7188208617e-01	1.8389719e-02
1.7197278912e-01	1.4973019e-02
1.7206349206e-01	1.2363240e-02
1.7215419501e-01	1.0961230e-02
1.7224489796e-01	9.1943197e-03
1.7233560091e-01	7.7345118e-03
1.7242630385e-01	8.6613621e-03
1.7251700680e-01	8.0493949e-03
1.7260770975e-01	9.0610291e-03
1.7269841270e-01	9.9915790e-03
1.7278911565e-01	9.9075772e-03
1.7287981859e-01	1.2314377e-02
1.7297052154e-01	1.4260480e-02
1.7306122449e-01	1.6446727e-02
1.7315192744e-01	1.7868682e-02
1.7324263039e-01	1.9113629e-02
1.7333333333e-01	2.1272541e-02
1.7342403628e-01	2.4613433e-02
1.7351473923e-01	2.6244500e-02
1.7360544218e-01	2.5818396e-02
1.7369614512e-01	2.5697660e-02
1.7378684807e-01	2.6924561e-02
1.7387755102e-01	2.5479762e-02
1.7396825397e-01	2.3854448e-02
1.7405895692e-01	1.9941822e-02
1.7414965986e-01	1.6234000e-02
1.7424036281e-01	1.3072084e-02
1.7433106576e-01	8.0561311e-03
1.7442176871e-01	2.2353381e-04
1.7451247166e-01	-5.5030096e-03
1.7460317460e-01	-1.2957544e-02
1.7469387755e-01	-1.9706803e-02
1.7478458050e-01	-2.7939785e-02
1.7487528345e-01	-3.6291173e-02
1.7496598639e-01	-4.4665852e-02
1.7505668934e-01	-5.3732764e-02
1.7514739229e-01	-6.1124219e-02
1.7523809524e-01	-7.1887905e-02
1.7532879819e-01	-8.0486057e-02
1.7541950113e-01	-9.0091674e-02
1.7551020408e-01	-9.7135762e-02
1.7560090703e-01	-1.0496762e-01
1.7569160998e-01	-1.1205196e-01
1.7578231293e-01	-1.2070226e-01
1.7587301587e-01	-1.2777823e-01
1.7596371882e-01	-1.3289413e-01
1.7605442177e-01	-1.3740625e-01
1.7614512472e-01	-1.4153217e-01
1.7623582766e-01	-1.4687508e-01
1.7632653061e-01	-1.5001308e-01
1.7641723356e-01	-1.5347186e-01
1.7650793651e-01	-1.5550198e-01
1.7659863946e-01	-1.5587509e-01
1.7668934240e-01	-1.5652268e-01
1.7678004535e-01	-1.5729629e-01
1.7687074830e-01	-1.5823548e-01
1.7696145125e-01	-1.5930004e-01
1.7705215420e-01	-1.5993673e-01
1.7714285714e-01	-1.5803879e-01
1.7723356009e-01	-1.5862752e-01
1.7732426304e-01	-1.5802428e-01
1.7741496599e-01	-1.5740579e-01
1.7750566893e-01	-1.5717213e-01
1.7759637188e-01	-1.5324084e-01
1.7768707483e-01	-1.5060725e-01
1.7777777778e-01	-1.4756040e-01
1.7786848073e-01	-1.4650373e-01
1.7795918367e-01	-1.4302536e-01
1.7804988662e-01	-1.3741383e-01
1.7814058957e-01	-1.3494875e-01
1.7823129252e-01	-1.3117545e-01
1.7832199546e-01	-1.2569888e-01
1.7841269841e-01	-1.2214870e-01
1.7850340136e-01	-1.1898270e-01
1.7859410431e-01	-1.1550228e-01
1.7868480726e-01	-1.1133513e-01
1.7877551020e-01	-1.0809948e-01
1.7886621315e-01	-1.0523370e-01
1.7895691610e-01	-1.0202322e-01
1.7904761905e-01	-9.7329957e-02
1.7913832200e-01	-9.3025015e-02
1.7922902494e-01	-9.0411862e-02
1.7931972789e-01	-8.7008842e-02
1.7941043084e-01	-8.5229104e-02
1.7950113379e-01	-8.4112540e-02
1.7959183673e-01	-8.1463364e-02
1.7968253968e-01	-7.8637953e-02
1.7977324263e-01	-7.7088577e-02
1.7986394558e-01	-7.3330822e-02
1.7995464853e-01	-6.9617698e-02
1.8004535147e-01	-6.5421839e-02
1.8013605442e-01	-6.3524852e-02
1.8022675737e-01	-5.8818198e-02
1.8031746032e-01	-5.2566622e-02
1.8040816327e-01	-4.7362599e-02
1.8049886621e-01	-4.1020048e-02
1.8058956916e-01	-3.5155543e-02
1.8068027211e-01	-2.9245889e-02
1.8077097506e-01	-2.3613544e-02
1.8086167800e-01	-1.6796220e-02
1.8095238095e-01	-1.0684144e-02
1.8104308390e-01	-3.7325234e-03
1.8113378685e-01	3.6024002e-03
1.8122448980e-01	1.0915847e-02
1.8131519274e-01	1.9464210e-02
1.8140589569e-01	2.5366733e-02
1.8149659864e-01	3.2035672e-02
1.8158730159e-01	3.8927576e-02
1.8167800454e-01	4.6680058e-02
1.8176870748e-01	5.2667988e-02
1.8185941043e-01	5.9977003e-02
1.8195011338e-01	6.0587204e-02
1.8204081633e-01	6.3751931e-02
1.8213151927e-01	8.0847084e-02
1.8222222222e-01	8.4040281e-02
1.8231292517e-01	9.1083668e-02
1.8240362812e-01	9.7577271e-02
1.8249433107e-01	9.9783434e-02
1.8258503401e-01	1.0526649e-01
1.8267573696e-01	1.0879211e-01
1.8276643991e-01	1.0999903e-01
1.8285714286e-01	1.1306465e-01
1.8294784580e-01	1.1416774e-01
1.8303854875e-01	1.1401390e-01
1.8312925170e-01	1.1757205e-01
1.8321995465e-01	1.1771639e-01
1.8331065760e-01	1.1779096e-01
1.8340136054e-01	1.1657504e-01
1.8349206349e-01	1.1649027e-01
1.8358276644e-01	1.1439888e-01
1.8367346939e-01	1.1241925e-01
1.8376417234e-01	1.1458889e-01
1.8385487528e-01	1.1252876e-01
1.8394557823e-01	1.1050240e-01
1.8403628118e-01	1.0860387e-01
1.8412698413e-01	1.0620375e-01
1.8421768707e-01	1.0273364e-01
1.8430839002e-01	1.0067706e-01
1.8439909297e-01	9.8476611e-02
1.8448979592e-01	9.5075949e-02
1.8458049887e-01	9.0697885e-02
1.8467120181e-01	8.6940875e-02
1.8476190476e-01	8.2650260e-02
1.8485260771e-01	7.9447557e-02
1.8494331066e-01	7.5231748e-02
1.8503401361e-01	7.1734541e-02
1.8512471655e-01	6.8798315e-02
1.8521541950e-01	6.6551467e-02
1.8530612245e-01	6.3520024e-02
1.8539682540e-01	5.9751560e-02
1.8548752834e-01	5.7313781e-02
1.8557823129e-01	5.7624172e-02
1.8566893424e-01	5.6654289e-02
1.8575963719e-01	5.3634372e-02
1.8585034014e-01	5.4417473e-02
1.8594104308e-01	5.5731745e-02
1.8603174603e-01	5.6346534e-02
1.8612244898e-01	5.7580266e-02
1.8621315193e-01	5.8089137e-02
1.8630385488e-01	6.2307323e-02
1.8639455782e-01	6.6850579e-02
1.8648526077e-01	6.9238683e-02
1.8657596372e-01	7.2719777e-02
1.8666666667e-01	7.5892058e-02
1.8675736961e-01	7.8800029e-02
1.8684807256e-01	7.8521542e-02
1.8693877551e-01	7.8463313e-02
1.8702947846e-01	7.8211710e-02
1.8712018141e-01	7.7176518e-02
1.8721088435e-01	7.4576303e-02
1.8730158730e-01	7.2414518e-02
1.8739229025e-01	6.7454178e-02
1.8748299320e-01	6.6707994e-02
1.8757369615e-01	6.2758644e-02
1.8766439909e-01	5.8510629e-02
1.8775510204e-01	5.7311375e-02
1.8784580499e-01	5.6851712e-02
1.8793650794e-01	5.7295766e-02
1.8802721088e-01	5.6667511e-02
1.8811791383e-01	5.6343291e-02
1.8820861678e-01	5.5873241e-02
1.8829931973e-01	5.6297989e-02
1.8839002268e-01	5.6741506e-02
1.8848072562e-01	5.6919135e-02
1.8857142857e-01	5.7761142e-02
1.8866213152e-01	5.8064323e-02
1.8875283447e-01	5.9626887e-02
1.8884353741e-01	5.9720564e-02
1.8893424036e-01	5.8706787e-02
1.8902494331e-01	5.6381501e-02
1.8911564626e-01	5.6125627e-02
1.8920634921e-01	5.4524728e-02
1.8929705215e-01	5.2162068e-02
1.8938775510e-01	4.9524966e-02
1.8947845805e-01	4.5229436e-02
1.8956916100e-01	3.9623455e-02
1.8965986395e-01	3.6406465e-02
1.8975056689e-01	3.1229575e-02
1.8984126984e-01	2.7462004e-02
1.8993197279e-01	2.3246812e-02
1.9002267574e-01	1.8926807e-02
1.9011337868e-01	1.7187393e-02
1.9020408163e-01	1.4662552e-02
1.9029478458e-01	1.2498832e-02
1.9038548753e-01	9.5024089e-03
1.9047619048e-01	8.7597916e-03
1.9056689342e-01	8.9453953e-03
1.9065759637e-01	8.3315393e-03
1.9074829932e-01	9.2620977e-03
1.9083900227e-01	1.0082897e-02
1.9092970522e-01	1.0524644e-02
1.9102040816e-01	1.1103651e-02
1.9111111111e-01	1.2992226e-02
1.9120181406e-01	1.3244818e-02
1.9129251701e-01	1.4812069e-02
1.9138321995e-01	1.5139605e-02
1.9147392290e-01	1.5715377e-02
1.9156462585e-01	1.7239264e-02
1.9165532880e-01	1.7756665e-02
1.9174603175e-01	1.8322330e-02
1.9183673469e-01	1.7997288e-02
1.9192743764e-01	1.6307852e-02
1.9201814059e-01	1.2981863e-02
1.9210884354e-01	9.0510131e-03
1.9219954649e-01	6.0634028e-03
1.9229024943e-01	1.3108749e-03
1.9238095238e-01	-5.0947422e-03
1.9247165533e-01	-1.0573204e-02
1.9256235828e-01	-1.6118644e-02
1.9265306122e-01	-2.2800625e-02
1.9274376417e-01	-2.9139786e-02
1.9283446712e-01	-3.6077300e-02
1.9292517007e-01	-4.2275839e-02
1.9301587302e-01	-5.2319917e-02
1.9310657596e-01	-5.8671272e-02
1.9319727891e-01	-6.4764432e-02
1.9328798186e-01	-7.3698524e-02
1.9337868481e-01	-7.9669091e-02
1.9346938776e-01	-8.6531445e-02
1.9356009070e-01	-9.3908097e-02
1.9365079365e-01	-1.0080088e-01
1.9374149660e-01	-1.0746622e-01
1.9383219955e-01	-1.1370926e-01
1.9392290249e-01	-1.2156179e-01
1.9401360544e-01	-1.2529211e-01
1.9410430839e-01	-1.2994223e-01
1.9419501134e-01	-1.3462048e-01
1.9428571429e-01	-1.3845837e-01
1.9437641723e-01	-1.3978629e-01
1.9446712018e-01	-1.5792650e-01
1.9455782313e-01	-1.6078256e-01
1.9464852608e-01	-1.4811508e-01
1.9473922902e-01	-1.5110835e-01
1.9482993197e-01	-1.5296143e-01
1.9492063492e-01	-1.5425380e-01
1.9501133787e-01	-1.5516113e-01
1.9510204082e-01	-1.5534982e-01
1.9519274376e-01	-1.5483146e-01
1.9528344671e-01	-1.5567519e-01
1.9537414966e-01	-1.5531180e-01
1.9546485261e-01	-1.5661764e-01
1.9555555556e-01	-1.5512319e-01
1.9564625850e-01	-1.5330642e-01
1.9573696145e-01	-1.5126073e-01
1.9582766440e-01	-1.5057505e-01
1.9591836735e-01	-1.4915310e-01
1.9600907029e-01	-1.4667074e-01
1.9609977324e-01	-1.4479922e-01
1.9619047619e-01	-1.4211165e-01
1.9628117914e-01	-1.3745289e-01
1.9637188209e-01	-1.3519205e-01
1.9646258503e-01	-1.3111428e-01
1.9655328798e-01	-1.2853405e-01
1.9664399093e-01	-1.2486273e-01
1.9673469388e-01	-1.2232175e-01
1.9682539683e-01	-1.1756326e-01
1.9691609977e-01	-1.1214467e-01
1.9700680272e-01	-1.0909333e-01
1.9709750567e-01	-1.0459788e-01
1.9718820862e-01	-9.9367995e-02
1.9727891156e-01	-9.7990795e-02
1.9736961451e-01	-9.4046695e-02
1.9746031746e-01	-8.9683250e-02
1.9755102041e-01	-8.7128693e-02
1.9764172336e-01	-8.4348411e-02
1.9773242630e-01	-8.1233115e-02
1.9782312925e-01	-7.6846034e-02
1.9791383220e-01	-7.3962571e-02
1.9800453515e-01	-7.0741403e-02
1.9809523810e-01	-6.7439816e-02
1.9818594104e-01	-6.2157532e-02
1.9827664399e-01	-5.6601235e-02
1.9836734694e-01	-5.0123268e-02
1.9845804989e-01	-4.6001295e-02
1.9854875283e-01	-3.9209296e-02
1.9863945578e-01	-3.1745877e-02
1.9873015873e-01	-2.7175062e-02
1.9882086168e-01	-2.0891432e-02
1.9891156463e-01	-1.4562907e-02
1.9900226757e-01	-8.2411339e-03
1.9909297052e-01	-9.6266244e-05
1.9918367347e-01	6.2806144e-03
1.9927437642e-01	1.2686631e-02
1.9936507937e-01	1.9334310e-02
1.9945578231e-01	2.4741923e-02
1.9954648526e-01	3.0725712e-02
1.9963718821e-01	3.7605762e-02
1.9972789116e-01	4.4657290e-02
1.9981859410e-01	5.2048015e-02
1.9990929705e-01	5.8198889e-02
2.0000000000e-01	6.3196747e-02
2.0009070295e-01	6.8712871e-02
2.0018140590e-01	7.4996131e-02
2.0027210884e-01	8.0641185e-02
2.0036281179e-01	8.5396862e-02
2.0045351474e-01	9.1997289e-02
2.0054421769e-01	9.6055760e-02
2.0063492063e-01	9.9619339e-02
2.0072562358e-01	1.0100116e-01
2.0081632653e-01	1.0332414e-01
2.0090702948e-01	1.0592555e-01
2.0099773243e-01	1.0735166e-01
2.0108843537e-01	1.0910994e-01
2.0117913832e-01	1.0944463e-01
2.0126984127e-01	1.0995715e-01
2.0136054422e-01	1.1213105e-01
2.0145124717e-01	1.1252186e-01
2.0154195011e-01	1.1234647e-01
2.0163265306e-01	1.1191583e-01
2.0172335601e-01	1.1288867e-01
2.0181405896e-01	1.1315760e-01
2.0190476190e-01	1.1464288e-01
2.0199546485e-01	1.1401254e-01
2.0208616780e-01	1.1230198e-01
2.0217687075e-01	1.1184877e-01
2.0226757370e-01	1.0980169e-01
2.0235827664e-01	1.0839747e-01
2.0244897959e-01	1.0716325e-01
2.0253968254e-01	1.0384072e-01
2.0263038549e-01	1.0026349e-01
2.0272108844e-01	9.6916600e-02
2.0281179138e-01	9.3137282e-02
2.0290249433e-01	8.8572992e-02
2.0299319728e-01	8.3411814e-02
2.0308390023e-01	7.9715901e-02
2.0317460317e-01	7.8984682e-02
2.0326530612e-01	7.9603281e-02
2.0335600907e-01	7.4647272e-02
2.0344671202e-01	6.9042228e-02
2.0353741497e-01	6.6234031e-02
2.0362811791e-01	6.4883404e-02
2.0371882086e-01	6.4246781e-02
2.0380952381e-01	6.2620156e-02
2.0390022676e-01	6.2448071e-02
2.0399092971e-01	6.2499062e-02
2.0408163265e-01	6.2156169e-02
2.0417233560e-01	6.2860867e-02
2.0426303855e-01	6.4173658e-02
2.0435374150e-01	6.6495920e-02
2.0444444444e-01	6.7517760e-02
2.0453514739e-01	6.7838917e-02
2.0462585034e-01	7.1936159e-02
2.0471655329e-01	7.3929382e-02
2.0480725624e-01	7.3339486e-02
2.0489795918e-01	7.1948368e-02
2.0498866213e-01	7.2269244e-02
2.0507936508e-01	7.0190794e-02
2.0517006803e-01	6.8117879e-02
2.0526077098e-01	6.5117341e-02
2.0535147392e-01	6.2935110e-02
2.0544217687e-01	6.0817590e-02
2.0553287982e-01	5.8788706e-02
2.0562358277e-01	5.5714183e-02
2.0571428571e-01	5.6443317e-02
2.0580498866e-01	5.5779337e-02
2.0589569161e-01	5.3520190e-02
2.0598639456e-01	5.3160527e-02
2.0607709751e-01	5.3233542e-02
2.0616780045e-01	5.2863629e-02
2.0625850340e-01	5.2201199e-02
2.0634920635e-01	5.4902907e-02
2.0643990930e-01	5.7105951e-02
2.0653061224e-01	5.7550867e-02
2.0662131519e-01	5.7482326e-02
2.0671201814e-01	6.0278806e-02
2.0680272109e-01	5.9492047e-02
2.0689342404e-01	6.0252551e-02
2.0698412698e-01	4.2523612e-02
2.0707482993e-01	5.0549600e-02
2.0716553288e-01	6.1560541e-02
2.0725623583e-01	5.4572367e-02
2.0734693878e-01	5.2017861e-02
2.0743764172e-01	4.8461942e-02
2.0752834467e-01	4.3637260e-02
2.0761904762e-01	3.8902990e-02
2.0770975057e-01	3.2160107e-02
2.0780045351e-01	2.7970870e-02
2.0789115646e-01	2.4739079e-02
2.0798185941e-01	1.9891722e-02
2.0807256236e-01	1.4199075e-02
2.0816326531e-01	1.1736144e-02
2.0825396825e-01	8.9533054e-03
2.0834467120e-01	7.1145108e-03
2.0843537415e-01	5.3559366e-03
2.0852607710e-01	4.3610539e-03
2.0861678005e-01	5.3286577e-03
2.0870748299e-01	4.5800523e-03
2.0879818594e-01	3.9254993e-03
2.0888888889e-01	6.3787625e-03
2.0897959184e-01	6.9827946e-03
2.0907029478e-01	8.0023365e-03
2.0916099773e-01	9.3243591e-03
2.0925170068e-01	9.3500422e-03
2.0934240363e-01	1.2023782e-02
2.0943310658e-01	1.1942755e-02
2.0952380952e-01	1.1660649e-02
2.0961451247e-01	1.4021706e-02
2.0970521542e-01	1.3234582e-02
2.0979591837e-01	1.2262887e-02
2.0988662132e-01	1.2014927e-02
2.0997732426e-01	9.4259052e-03
2.1006802721e-01	7.8270828e-03
2.1015873016e-01	5.9141117e-03
2.1024943311e-01	1.8521681e-03
2.1034013605e-01	-1.4480109e-03
2.1043083900e-01	-6.7367664e-03
2.1052154195e-01	-1.1296961e-02
2.1061224490e-01	-1.4072368e-02
2.1070294785e-01	-1.9569360e-02
2.1079365079e-01	-2.4434942e-02
2.1088435374e-01	-2.9379193e-02
2.1097505669e-01	-3.4857859e-02
2.1106575964e-01	-4.1033244e-02
2.1115646259e-01	-4.7118857e-02
2.1124716553e-01	-5.4667523e-02
2.1133786848e-01	-6.0516349e-02
2.1142857143e-01	-6.6311975e-02
2.1151927438e-01	-7.2731618e-02
2.1160997732e-01	-8.0383335e-02
2.1170068027e-01	-8.6655912e-02
2.1179138322e-01	-9.3625925e-02
2.1188208617e-01	-9.8304386e-02
2.1197278912e-01	-1.0604324e-01
2.1206349206e-01	-1.1297431e-01
2.1215419501e-01	-1.1728128e-01
2.1224489796e-01	-1.2199146e-01
2.1233560091e-01	-1.2559651e-01
2.1242630385e-01	-1.3004693e-01
2.1251700680e-01	-1.3485929e-01
2.1260770975e-01	-1.3784412e-01
2.1269841270e-01	-1.4026895e-01
2.1278911565e-01	-1.4186896e-01
2.1287981859e-01	-1.4326064e-01
2.1297052154e-01	-1.4510909e-01
2.1306122449e-01	-1.4709932e-01
2.1315192744e-01	-1.4868307e-01
2.1324263039e-01	-1.4978156e-01
2.1333333333e-01	-1.4897554e-01
2.1342403628e-01	-1.5028397e-01
2.1351473923e-01	-1.5048303e-01
2.1360544218e-01	-1.5038069e-01
2.1369614512e-01	-1.5079152e-01
2.1378684807e-01	-1.5047169e-01
2.1387755102e-01	-1.4849460e-01
2.1396825397e-01	-1.4591460e-01
2.1405895692e-01	-1.4608876e-01
2.1414965986e-01	-1.4351166e-01
2.1424036281e-01	-1.4128456e-01
2.1433106576e-01	-1.3994347e-01
2.1442176871e-01	-1.3690150e-01
2.1451247166e-01	-1.3381307e-01
2.1460317460e-01	-1.3055861e-01
2.1469387755e-01	-1.2823101e-01
2.1478458050e-01	-1.2363762e-01
2.1487528345e-01	-1.1979008e-01
2.1496598639e-01	-1.1670612e-01
2.1505668934e-01	-1.1178881e-01
2.1514739229e-01	-1.0558872e-01
2.1523809524e-01	-1.0164715e-01
2.1532879819e-01	-9.7250990e-02
2.1541950113e-01	-9.2514720e-02
2.1551020408e-01	-8.7932777e-02
2.1560090703e-01	-8.4381346e-02
2.1569160998e-01	-8.2082489e-02
2.1578231293e-01	-7.7764951e-02
2.1587301587e-01	-7.4176528e-02
2.1596371882e-01	-7.0894972e-02
2.1605442177e-01	-6.8225472e-02
2.1614512472e-01	-6.3135080e-02
2.1623582766e-01	-6.0504563e-02
2.1632653061e-01	-5.6839188e-02
2.1641723356e-01	-5.3879099e-02
2.1650793651e-01	-4.9284654e-02
2.1659863946e-01	-4.2960152e-02
2.1668934240e-01	-3.5928699e-02
2.1678004535e-01	-3.2415562e-02
2.1687074830e-01	-2.6626420e-02
2.1696145125e-01	-2.2634101e-02
2.1705215420e-01	-1.6008968e-02
2.1714285714e-01	-8.9331887e-03
2.1723356009e-01	-5.4088886e-03
2.1732426304e-01	1.3560270e-03
2.1741496599e-01	8.6101591e-03
2.1750566893e-01	1.3469970e-02
2.1759637188e-01	1.9580774e-02
2.1768707483e-01	2.6778260e-02
2.1777777778e-01	3.2854187e-02
2.1786848073e-01	3.8908740e-02
2.1795918367e-01	4.6359284e-02
2.1804988662e-01	5.2207845e-02
2.1814058957e-01	5.7076718e-02
2.1823129252e-01	6.3477268e-02
2.1832199546e-01	6.9232099e-02
2.1841269841e-01	7.5372046e-02
2.1850340136e-01	8.0665604e-02
2.1859410431e-01	8.6807702e-02
2.1868480726e-01	8.9020994e-02
2.1877551020e-01	9.1228540e-02
2.1886621315e-01	9.6149709e-02
2.1895691610e-01	9.8211327e-02
2.1904761905e-01	9.9475470e-02
2.1913832200e-01	1.0190180e-01
2.1922902494e-01	1.0331296e-01
2.1931972789e-01	1.0401647e-01
2.1941043084e-01	1.0565591e-01
2.1950113379e-01	9.0731955e-02
2.1959183673e-01	1.0588003e-01
2.1968253968e-01	1.1176486e-01
2.1977324263e-01	1.1139889e-01
2.1986394558e-01	1.1329927e-01
2.1995464853e-01	1.1254702e-01
2.2004535147e-01	1.1315718e-01
2.2013605442e-01	1.1424870e-01
2.2022675737e-01	1.1259591e-01
2.2031746032e-01	1.1106684e-01
2.2040816327e-01	1.0846620e-01
2.2049886621e-01	1.0630388e-01
2.2058956916e-01	1.0354822e-01
2.2068027211e-01	1.0164444e-01
2.2077097506e-01	9.8787851e-02
2.2086167800e-01	9.4654757e-02
2.2095238095e-01	9.1784219e-02
2.2104308390e-01	8.6482926e-02
2.2113378685e-01	8.4065288e-02
2.2122448980e-01	7.9694851e-02
2.2131519274e-01	7.9172133e-02
2.2140589569e-01	7.4583305e-02
2.2149659864e-01	7.0710144e-02
2.2158730159e-01	6.8957156e-02
2.2167800454e-01	6.6776910e-02
2.2176870748e-01	6.4880114e-02
2.2185941043e-01	6.0630603e-02
2.2195011338e-01	6.0077625e-02
2.2204081633e-01	5.9289964e-02
2.2213151927e-01	6.1146899e-02
2.2222222222e-01	6.1996528e-02
2.2231292517e-01	6.3096275e-02
2.2240362812e-01	6.4890436e-02
2.2249433107e-01	6.5747458e-02
2.2258503401e-01	6.9482227e-02
2.2267573696e-01	7.2173990e-02
2.2276643991e-01	7.3802119e-02
2.2285714286e-01	7.4945392e-02
2.2294784580e-01	7.4862265e-02
2.2303854875e-01	7.4941847e-02
2.2312925170e-01	7.4202216e-02
2.2321995465e-01	7.1078897e-02
2.2331065760e-01	6.8385904e-02
2.2340136054e-01	6.7121440e-02
2.2349206349e-01	6.4708801e-02
2.2358276644e-01	6.3930485e-02
2.2367346939e-01	6.1442141e-02
2.2376417234e-01	6.0908807e-02
2.2385487528e-01	5.9958111e-02
2.2394557823e-01	5.9608284e-02
2.2403628118e-01	5.8602847e-02
2.2412698413e-01	5.8352386e-02
2.2421768707e-01	5.8845347e-02
2.2430839002e-01	5.9084892e-02
2.2439909297e-01	6.1365306e-02
2.2448979592e-01	6.3499703e-02
2.2458049887e-01	6.3750764e-02
2.2467120181e-01	6.4878791e-02
2.2476190476e-01	6.4775660e-02
2.2485260771e-01	6.4999682e-02
2.2494331066e-01	6.4962501e-02
2.2503401361e-01	6.3094315e-02
2.2512471655e-01	6.0525490e-02
2.2521541950e-01	5.9158802e-02
2.2530612245e-01	5.6613415e-02
2.2539682540e-01	5.2107452e-02
2.2548752834e-01	4.4961524e-02
2.2557823129e-01	4.2538993e-02
2.2566893424e-01	3.7414617e-02
2.2575963719e-01	3.3580404e-02
2.2585034014e-01	2.8595306e-02
2.2594104308e-01	2.2592725e-02
2.2603174603e-01	1.5996834e-02
2.2612244898e-01	1.2594190e-02
2.2621315193e-01	1.0183102e-02
2.2630385488e-01	6.7576151e-03
2.2639455782e-01	3.3144778e-03
2.2648526077e-01	2.9359854e-03
2.2657596372e-01	9.1008561e-04
2.2666666667e-01	1.3550505e-03
2.2675736961e-01	1.5661820e-03
2.2684807256e-01	5.1979033e-04
2.2693877551e-01	3.6770334e-04
2.2702947846e-01	2.3787645e-03
2.2712018141e-01	2.2109159e-03
2.2721088435e-01	3.9208580e-03
2.2730158730e-01	5.2722357e-03
2.2739229025e-01	6.8427306e-03
2.2748299320e-01	6.6765393e-03
2.2757369615e-01	7.0784014e-03
2.2766439909e-01	8.0798592e-03
2.2775510204e-01	7.7635711e-03
2.2784580499e-01	7.3105570e-03
2.2793650794e-01	6.5616879e-03
2.2802721088e-01	3.2678037e-03
2.2811791383e-01	3.5938507e-03
2.2820861678e-01	-8.0909386e-04
2.2829931973e-01	-3.2439129e-03
2.2839002268e-01	-7.2469461e-03
2.2848072562e-01	-1.1853084e-02
2.2857142857e-01	-1.5616653e-02
2.2866213152e-01	-1.9382711e-02
2.2875283447e-01	-2.4653582e-02
2.2884353741e-01	-2.9803603e-02
2.2893424036e-01	-3.5786036e-02
2.2902494331e-01	-3.8595155e-02
2.2911564626e-01	-4.5278666e-02
2.2920634921e-01	-5.1961849e-02
2.2929705215e-01	-5.7758405e-02
2.2938775510e-01	-6.3590281e-02
2.2947845805e-01	-7.0427443e-02
2.2956916100e-01	-7.7415717e-02
2.2965986395e-01	-8.3473237e-02
2.2975056689e-01	-8.7984605e-02
2.2984126984e-01	-9.5248403e-02
2.2993197279e-01	-1.0242665e-01
2.3002267574e-01	-1.0760597e-01
2.3011337868e-01	-1.1350593e-01
2.3020408163e-01	-1.1771482e-01
2.3029478458e-01	-1.2203806e-01
2.3038548753e-01	-1.2791841e-01
2.3047619048e-01	-1.3279174e-01
2.3056689342e-01	-1.3463652e-01
2.3065759637e-01	-1.3828642e-01
2.3074829932e-01	-1.4168150e-01
2.3083900227e-01	-1.4351607e-01
2.3092970522e-01	-1.4607735e-01
2.3102040816e-01	-1.4826660e-01
2.3111111111e-01	-1.4806307e-01
2.3120181406e-01	-1.4934632e-01
2.3129251701e-01	-1.5078964e-01
2.3138321995e-01	-1.5110820e-01
2.3147392290e-01	-1.5109338e-01
2.3156462585e-01	-1.5271129e-01
2.3165532880e-01	-1.5396782e-01
2.3174603175e-01	-1.5237101e-01
2.3183673469e-01	-1.4880273e-01
2.3192743764e-01	-1.5130931e-01
2.3201814059e-01	-1.6818388e-01
2.3210884354e-01	-1.4775520e-01
2.3219954649e-01	-1.4187723e-01
2.3229024943e-01	-1.4024499e-01
2.3238095238e-01	-1.3658924e-01
2.3247165533e-01	-1.3538222e-01
2.3256235828e-01	-1.3213541e-01
2.3265306122e-01	-1.2791716e-01
2.3274376417e-01	-1.2352656e-01
2.3283446712e-01	-1.1903621e-01
2.3292517007e-01	-1.1519628e-01
2.3301587302e-01	-1.0865076e-01
2.3310657596e-01	-1.0424688e-01
2.3319727891e-01	-1.0025531e-01
2.3328798186e-01	-9.4890857e-02
2.3337868481e-01	-8.9707339e-02
2.3346938776e-01	-8.4869408e-02
2.3356009070e-01	-8.0999568e-02
2.3365079365e-01	-7.5671144e-02
2.3374149660e-01	-7.2666486e-02
2.3383219955e-01	-6.8333093e-02
2.3392290249e-01	-6.4989483e-02
2.3401360544e-01	-6.2006243e-02
2.3410430839e-01	-5.8434313e-02
2.3419501134e-01	-5.5855362e-02
2.3428571429e-01	-5.0405870e-02
2.3437641723e-01	-4.7021877e-02
2.3446712018e-01	-4.3809375e-02
2.3455782313e-01	-3.8079160e-02
2.3464852608e-01	-3.3286846e-02
2.3473922902e-01	-2.8115233e-02
2.3482993197e-01	-2.3584506e-02
2.3492063492e-01	-1.7780732e-02
2.3501133787e-01	-1.2646342e-02
2.3510204082e-01	-7.6324907e-03
2.3519274376e-01	-2.6909786e-03
2.3528344671e-01	2.6254404e-03
2.3537414966e-01	6.8426145e-03
2.3546485261e-01	1.1893631e-02
2.3555555556e-01	1.8368683e-02
2.3564625850e-01	2.3752348e-02
2.3573696145e-01	2.9041580e-02
2.3582766440e-01	3.4369154e-02
2.3591836735e-01	4.0980184e-02
2.3600907029e-01	4.7176088e-02
2.3609977324e-01	5.1440349e-02
2.3619047619e-01	5.7347484e-02
2.3628117914e-01	6.3666639e-02
2.3637188209e-01	6.8373018e-02
2.3646258503e-01	7.2409641e-02
2.3655328798e-01	7.6506730e-02
2.3664399093e-01	8.0953464e-02
2.3673469388e-01	8.5788106e-02
2.3682539683e-01	8.7103536e-02
2.3691609977e-01	9.2018624e-02
2.3700680272e-01	9.5244421e-02
2.3709750567e-01	9.8211028e-02
2.3718820862e-01	1.0020467e-01
2.3727891156e-01	1.0180706e-01
2.3736961451e-01	1.0457657e-01
2.3746031746e-01	1.0634486e-01
2.3755102041e-01	1.0874306e-01
2.3764172336e-01	1.0777640e-01
2.3773242630e-01	1.0951901e-01
2.3782312925e-01	1.1064730e-01
2.3791383220e-01	1.1248953e-01
2.3800453515e-01	1.1199349e-01
2.3809523810e-01	1.1194607e-01
2.3818594104e-01	1.1158023e-01
2.3827664399e-01	1.0977829e-01
2.3836734694e-01	1.1003740e-01
2.3845804989e-01	1.0772949e-01
2.3854875283e-01	1.0587176e-01
2.3863945578e-01	1.0234976e-01
2.3873015873e-01	9.9329971e-02
2.3882086168e-01	9.6493200e-02
2.3891156463e-01	9.0958001e-02
2.3900226757e-01	8.7570245e-02
2.3909297052e-01	8.4176232e-02
2.3918367347e-01	8.0635043e-02
2.3927437642e-01	7.7040031e-02
2.3936507937e-01	7.3103919e-02
2.3945578231e-01	7.0229695e-02
2.3954648526e-01	6.7391563e-02
2.3963718821e-01	6.3658509e-02
2.3972789116e-01	6.0748438e-02
2.3981859410e-01	6.0262860e-02
2.3990929705e-01	5.8330153e-02
2.4000000000e-01	5.6616467e-02
2.4009070295e-01	5.6166825e-02
2.4018140590e-01	5.5866336e-02
2.4027210884e-01	5.5562200e-02
2.4036281179e-01	5.6858362e-02
2.4045351474e-01	5.6702887e-02
2.4054421769e-01	5.6582218e-02
2.4063492063e-01	5.5883838e-02
2.4072562358e-01	5.8438631e-02
2.4081632653e-01	6.1576500e-02
2.4090702948e-01	6.2906481e-02
2.4099773243e-01	6.3058471e-02
2.4108843537e-01	6.4806641e-02
2.4117913832e-01	6.4521312e-02
2.4126984127e-01	6.3806041e-02
2.4136054422e-01	6.1862229e-02
2.4145124717e-01	6.1148639e-02
2.4154195011e-01	6.1424957e-02
2.4163265306e-01	6.0364056e-02
2.4172335601e-01	6.0033703e-02
2.4181405896e-01	5.8554896e-02
2.4190476190e-01	5.9469172e-02
2.4199546485e-01	6.0179739e-02
2.4208616780e-01	6.1340446e-02
2.4217687075e-01	6.2352219e-02
2.4226757370e-01	6.2358274e-02
2.4235827664e-01	6.5264706e-02
2.4244897959e-01	6.5391776e-02
2.4253968254e-01	6.6885804e-02
2.4263038549e-01	6.8445452e-02
2.4272108844e-01	6.9743258e-02
2.4281179138e-01	6.9334817e-02
2.4290249433e-01	6.9148039e-02
2.4299319728e-01	6.9432504e-02
2.4308390023e-01	6.7438386e-02
2.4317460317e-01	6.5906651e-02
2.4326530612e-01	6.3612220e-02
2.4335600907e-01	6.0412978e-02
2.4344671202e-01	5.6219048e-02
2.4353741497e-01	5.2582785e-02
2.4362811791e-01	4.7750678e-02
2.4371882086e-01	4.1738085e-02
2.4380952381e-01	3.6133744e-02
2.4390022676e-01	3.1448041e-02
2.4399092971e-01	2.6920009e-02
2.4408163265e-01	1.9244123e-02
2.4417233560e-01	1.6748101e-02
2.4426303855e-01	1.4019508e-02
2.4435374150e-01	1.1902818e-02
2.4444444444e-01	1.6579094e-03
2.4453514739e-01	-1.3164552e-02
2.4462585034e-01	4.5784747e-03
2.4471655329e-01	3.3580017e-03
2.4480725624e-01	2.4278280e-03
2.4489795918e-01	1.7757041e-03
2.4498866213e-01	1.4360092e-03
2.4507936508e-01	4.6268756e-04
2.4517006803e-01	1.7653825e-03
2.4526077098e-01	1.5150698e-03
2.4535147392e-01	1.7313293e-03
2.4544217687e-01	1.5378563e-03
2.4553287982e-01	2.1047018e-04
2.4562358277e-01	-7.2082027e-04
2.4571428571e-01	-5.0653998e-04
2.4580498866e-01	1.0519417e-03
2.4589569161e-01	7.7132439e-04
2.4598639456e-01	-3.2499210e-04
2.4607709751e-01	-5.9887817e-04
2.4616780045e-01	-2.3786870e-03
2.4625850340e-01	-5.3159473e-03
2.4634920635e-01	-7.8049143e-03
2.4643990930e-01	-1.1640286e-02
2.4653061224e-01	-1.4628080e-02
2.4662131519e-01	-1.7299880e-02
2.4671201814e-01	-2.1941059e-02
2.4680272109e-01	-2.5463915e-02
2.4689342404e-01	-2.9400300e-02
2.4698412698e-01	-3.5024534e-02
2.4707482993e-01	-3.8955203e-02
2.4716553288e-01	-4.2677609e-02
2.4725623583e-01	-4.9818062e-02
2.4734693878e-01	-5.4880245e-02
2.4743764172e-01	-6.0214456e-02
2.4752834467e-01	-6.7179076e-02
2.4761904762e-01	-7.1979230e-02
2.4770975057e-01	-7.7132395e-02
2.4780045351e-01	-8.5523198e-02
2.4789115646e-01	-9.3443063e-02
2.4798185941e-01	-9.8827949e-02
2.4807256236e-01	-1.0589370e-01
2.4816326531e-01	-1.1139240e-01
2.4825396825e-01	-1.1675916e-01
2.4834467120e-01	-1.2229375e-01
2.4843537415e-01	-1.2642708e-01
2.4852607710e-01	-1.3000478e-01
2.4861678005e-01	-1.3510659e-01
2.4870748299e-01	-1.3967713e-01
2.4879818594e-01	-1.4364495e-01
2.4888888889e-01	-1.4527267e-01
2.4897959184e-01	-1.4647876e-01
2.4907029478e-01	-1.4681243e-01
2.4916099773e-01	-1.4845736e-01
2.4925170068e-01	-1.4991784e-01
2.4934240363e-01	-1.5157138e-01
2.4943310658e-01	-1.5342384e-01
2.4952380952e-01	-1.5408865e-01
2.4961451247e-01	-1.5572190e-01
2.4970521542e-01	-1.5705007e-01
2.4979591837e-01	-1.5516373e-01
2.4988662132e-01	-1.5403362e-01
2.4997732426e-01	-1.5278694e-01
2.5006802721e-01	-1.5105653e-01
2.5015873016e-01	-1.4932933e-01
2.5024943311e-01	-1.4784157e-01
2.5034013605e-01	-1.4404971e-01
2.5043083900e-01	-1.4282511e-01
2.5052154195e-01	-1.3791875e-01
2.5061224490e-01	-1.3368885e-01
2.5070294785e-01	-1.2976394e-01
2.5079365079e-01	-1.2540224e-01
2.5088435374e-01	-1.1984116e-01
2.5097505669e-01	-1.1527302e-01
2.5106575964e-01	-1.1056976e-01
2.5115646259e-01	-1.0253287e-01
2.5124716553e-01	-9.7790331e-02
2.5133786848e-01	-9.2133818e-02
2.5142857143e-01	-8.5725494e-02
2.5151927438e-01	-7.8916121e-02
2.5160997732e-01	-7.3682606e-02
2.5170068027e-01	-7.0423906e-02
2.5179138322e-01	-6.7532305e-02
2.5188208617e-01	-6.2874148e-02
2.5197278912e-01	-5.7772509e-02
2.5206349206e-01	-5.4915757e-02
2.5215419501e-01	-5.1399999e-02
2.5224489796e-01	-4.6941940e-02
2.5233560091e-01	-4.3299525e-02
2.5242630385e-01	-4.0153352e-02
2.5251700680e-01	-3.4516625e-02
2.5260770975e-01	-3.1524970e-02
2.5269841270e-01	-2.8262940e-02
2.5278911565e-01	-2.2681248e-02
2.5287981859e-01	-1.8328572e-02
2.5297052154e-01	-1.3114040e-02
2.5306122449e-01	-8.6595319e-03
2.5315192744e-01	-3.5386165e-03
2.5324263039e-01	4.9500758e-04
2.5333333333e-01	6.2477559e-03
2.5342403628e-01	1.1334203e-02
2.5351473923e-01	1.6536952e-02
2.5360544218e-01	2.0419768e-02
2.5369614512e-01	2.5338053e-02
2.5378684807e-01	3.0910743e-02
2.5387755102e-01	3.5949683e-02
2.5396825397e-01	3.9621321e-02
2.5405895692e-01	4.5501988e-02
2.5414965986e-01	5.1377613e-02
2.5424036281e-01	5.6011308e-02
2.5433106576e-01	6.1773418e-02
2.5442176871e-01	6.7913972e-02
2.5451247166e-01	7.1101315e-02
2.5460317460e-01	7.5662618e-02
2.5469387755e-01	8.0039422e-02
2.5478458050e-01	8.4869135e-02
2.5487528345e-01	8.7681091e-02
2.5496598639e-01	9.1097469e-02
2.5505668934e-01	9.3708943e-02
2.5514739229e-01	9.9866185e-02
2.5523809524e-01	1.0089115e-01
2.5532879819e-01	1.0009185e-01
2.5541950113e-01	1.0239578e-01
2.5551020408e-01	1.0447228e-01
2.5560090703e-01	1.0467585e-01
2.5569160998e-01	1.0546982e-01
2.5578231293e-01	1.0609366e-01
2.5587301587e-01	1.0695489e-01
2.5596371882e-01	1.0806662e-01
2.5605442177e-01	1.0845702e-01
2.5614512472e-01	1.1031278e-01
2.5623582766e-01	1.0980015e-01
2.5632653061e-01	1.0777561e-01
2.5641723356e-01	1.0649593e-01
2.5650793651e-01	1.0407279e-01
2.5659863946e-01	1.0157795e-01
2.5668934240e-01	1.0039028e-01
2.5678004535e-01	9.7871776e-02
2.5687074830e-01	9.4596390e-02
2.5696145125e-01	8.3747284e-02
2.5705215420e-01	7.7235140e-02
2.5714285714e-01	8.5766585e-02
2.5723356009e-01	8.0907566e-02
2.5732426304e-01	7.8042871e-02
2.5741496599e-01	7.5835099e-02
2.5750566893e-01	7.1707804e-02
2.5759637188e-01	6.9153295e-02
2.5768707483e-01	6.5278251e-02
2.5777777778e-01	6.2036478e-02
2.5786848073e-01	5.8595027e-02
2.5795918367e-01	5.6756792e-02
2.5804988662e-01	5.7267743e-02
2.5814058957e-01	5.5980906e-02
2.5823129252e-01	5.4177466e-02
2.5832199546e-01	5.3465503e-02
2.5841269841e-01	5.2162659e-02
2.5850340136e-01	5.3967297e-02
2.5859410431e-01	5.6853802e-02
2.5868480726e-01	5.6679942e-02
2.5877551020e-01	5.6328250e-02
2.5886621315e-01	5.9651884e-02
2.5895691610e-01	6.1181955e-02
2.5904761905e-01	6.0630809e-02
2.5913832200e-01	6.2783710e-02
2.5922902494e-01	6.3066202e-02
2.5931972789e-01	6.3020243e-02
2.5941043084e-01	6.4494730e-02
2.5950113379e-01	6.3272781e-02
2.5959183673e-01	6.3679260e-02
2.5968253968e-01	6.3343073e-02
2.5977324263e-01	6.2620593e-02
2.5986394558e-01	6.2589254e-02
2.5995464853e-01	6.2975766e-02
2.6004535147e-01	6.4155696e-02
2.6013605442e-01	6.5893715e-02
2.6022675737e-01	6.6210876e-02
2.6031746032e-01	6.6559525e-02
2.6040816327e-01	6.7866347e-02
2.6049886621e-01	6.9495840e-02
2.6058956916e-01	7.0498223e-02
2.6068027211e-01	7.1335820e-02
2.6077097506e-01	7.1898535e-02
2.6086167800e-01	7.2340056e-02
2.6095238095e-01	7.2580625e-02
2.6104308390e-01	7.1780080e-02
2.6113378685e-01	7.0546663e-02
2.6122448980e-01	6.8540106e-02
2.6131519274e-01	6.7196218e-02
2.6140589569e-01	6.3990943e-02
2.6149659864e-01	6.1141963e-02
2.6158730159e-01	5.7180889e-02
2.6167800454e-01	5.2509031e-02
2.6176870748e-01	4.8363443e-02
2.6185941043e-01	4.2632124e-02
2.6195011338e-01	3.8987469e-02
2.6204081633e-01	3.2616408e-02
2.6213151927e-01	2.8685781e-02
2.6222222222e-01	2.4500359e-02
2.6231292517e-01	2.1850310e-02
2.6240362812e-01	1.7395267e-02
2.6249433107e-01	1.4964076e-02
2.6258503401e-01	1.2160166e-02
2.6267573696e-01	1.0605109e-02
2.6276643991e-01	9.3596579e-03
2.6285714286e-01	8.6974215e-03
2.6294784580e-01	7.7473735e-03
2.6303854875e-01	5.6288042e-03
2.6312925170e-01	4.3764876e-03
2.6321995465e-01	3.8331115e-03
2.6331065760e-01	4.0580707e-03
2.6340136054e-01	3.7865723e-03
2.6349206349e-01	4.2854661e-03
2.6358276644e-01	3.4171873e-03
2.6367346939e-01	3.0681522e-03
2.6376417234e-01	2.6862425e-03
2.6385487528e-01	9.7142103e-04
2.6394557823e-01	-4.7058650e-04
2.6403628118e-01	-4.7909935e-05
2.6412698413e-01	-1.8926480e-03
2.6421768707e-01	-4.1119668e-03
2.6430839002e-01	-6.6249482e-03
2.6439909297e-01	-9.1828251e-03
2.6448979592e-01	-1.2937855e-02
2.6458049887e-01	-1.6492007e-02
2.6467120181e-01	-1.8805126e-02
2.6476190476e-01	-2.2749264e-02
2.6485260771e-01	-2.8614970e-02
2.6494331066e-01	-3.3423918e-02
2.6503401361e-01	-3.7849359e-02
2.6512471655e-01	-4.1977726e-02
2.6521541950e-01	-4.7214397e-02
2.6530612245e-01	-5.2891452e-02
2.6539682540e-01	-5.7852988e-02
2.6548752834e-01	-6.3251138e-02
2.6557823129e-01	-7.0210098e-02
2.6566893424e-01	-7.6614038e-02
2.6575963719e-01	-8.2276350e-02
2.6585034014e-01	-8.7932179e-02
2.6594104308e-01	-9.4238624e-02
2.6603174603e-01	-1.0147564e-01
2.6612244898e-01	-1.0681865e-01
2.6621315193e-01	-1.1044865e-01
2.6630385488e-01	-1.1715184e-01
2.6639455782e-01	-1.2302938e-01
2.6648526077e-01	-1.2651875e-01
2.6657596372e-01	-1.3070519e-01
2.6666666667e-01	-1.3419904e-01
2.6675736961e-01	-1.3821678e-01
2.6684807256e-01	-1.4138520e-01
2.6693877551e-01	-1.4313441e-01
2.6702947846e-01	-1.4744925e-01
2.6712018141e-01	-1.4765700e-01
2.6721088435e-01	-1.4885622e-01
2.6730158730e-01	-1.5030045e-01
2.6739229025e-01	-1.5278518e-01
2.6748299320e-01	-1.5456269e-01
2.6757369615e-01	-1.5428201e-01
2.6766439909e-01	-1.5624831e-01
2.6775510204e-01	-1.5654809e-01
2.6784580499e-01	-1.5516833e-01
2.6793650794e-01	-1.5494606e-01
2.6802721088e-01	-1.5595997e-01
2.6811791383e-01	-1.5413461e-01
2.6820861678e-01	-1.5113057e-01
2.6829931973e-01	-1.5047590e-01
2.6839002268e-01	-1.4726680e-01
2.6848072562e-01	-1.4380764e-01
2.6857142857e-01	-1.4197087e-01
2.6866213152e-01	-1.3752504e-01
2.6875283447e-01	-1.3411514e-01
2.6884353741e-01	-1.3119732e-01
2.6893424036e-01	-1.2548995e-01
2.6902494331e-01	-1.2038024e-01
2.6911564626e-01	-1.1441801e-01
2.6920634921e-01	-1.0906296e-01
2.6929705215e-01	-1.0402955e-01
2.6938775510e-01	-9.5739636e-02
2.6947845805e-01	-1.0135218e-01
2.6956916100e-01	-9.5060547e-02
2.6965986395e-01	-7.8520871e-02
2.6975056689e-01	-7.6557728e-02
2.6984126984e-01	-7.2797138e-02
2.6993197279e-01	-6.8077894e-02
2.7002267574e-01	-6.2234232e-02
2.7011337868e-01	-5.6326778e-02
2.7020408163e-01	-5.4342444e-02
2.7029478458e-01	-4.8222903e-02
2.7038548753e-01	-4.3130201e-02
2.7047619048e-01	-3.8890518e-02
2.7056689342e-01	-3.4176710e-02
2.7065759637e-01	-2.8262164e-02
2.7074829932e-01	-2.4212451e-02
2.7083900227e-01	-2.1188464e-02
2.7092970522e-01	-1.4605360e-02
2.7102040816e-01	-9.8220807e-03
2.7111111111e-01	-5.5635409e-03
2.7120181406e-01	-5.2437229e-05
2.7129251701e-01	3.8751405e-03
2.7138321995e-01	8.5081636e-03
2.7147392290e-01	1.3443185e-02
2.7156462585e-01	1.6968294e-02
2.7165532880e-01	2.1586994e-02
2.7174603175e-01	2.8388467e-02
2.7183673469e-01	3.3486121e-02
2.7192743764e-01	3.6089989e-02
2.7201814059e-01	4.1208815e-02
2.7210884354e-01	4.7916987e-02
2.7219954649e-01	5.5518866e-02
2.7229024943e-01	5.8714577e-02
2.7238095238e-01	6.2717766e-02
2.7247165533e-01	6.7328899e-02
2.7256235828e-01	7.2217871e-02
2.7265306122e-01	7.8271770e-02
2.7274376417e-01	8.2604346e-02
2.7283446712e-01	8.7923843e-02
2.7292517007e-01	9.0615271e-02
2.7301587302e-01	9.3319353e-02
2.7310657596e-01	9.7034182e-02
2.7319727891e-01	9.9089493e-02
2.7328798186e-01	1.0036569e-01
2.7337868481e-01	1.0131981e-01
2.7346938776e-01	1.0265972e-01
2.7356009070e-01	1.0496697e-01
2.7365079365e-01	1.0442435e-01
2.7374149660e-01	1.0693602e-01
2.7383219955e-01	1.0671553e-01
2.7392290249e-01	1.0640228e-01
2.7401360544e-01	1.0780062e-01
2.7410430839e-01	1.0667714e-01
2.7419501134e-01	1.0727802e-01
2.7428571429e-01	1.0784363e-01
2.7437641723e-01	1.0708149e-01
2.7446712018e-01	1.0461957e-01
2.7455782313e-01	1.0270694e-01
2.7464852608e-01	1.0071356e-01
2.7473922902e-01	1.0026878e-01
2.7482993197e-01	9.8825011e-02
2.7492063492e-01	9.4906083e-02
2.7501133787e-01	9.2764192e-02
2.7510204082e-01	8.8985601e-02
2.7519274376e-01	8.6280479e-02
2.7528344671e-01	8.3832980e-02
2.7537414966e-01	7.9606594e-02
2.7546485261e-01	7.7386300e-02
2.7555555556e-01	7.5167894e-02
2.7564625850e-01	7.1904219e-02
2.7573696145e-01	6.7290824e-02
2.7582766440e-01	6.4188054e-02
2.7591836735e-01	6.0869287e-02
2.7600907029e-01	5.9792534e-02
2.7609977324e-01	5.8319834e-02
2.7619047619e-01	5.5654239e-02
2.7628117914e-01	5.2885362e-02
2.7637188209e-01	5.1435083e-02
2.7646258503e-01	5.0600677e-02
2.7655328798e-01	5.1132471e-02
2.7664399093e-01	5.0455308e-02
2.7673469388e-01	5.1730294e-02
2.7682539683e-01	5.2558647e-02
2.7691609977e-01	5.5106875e-02
2.7700680272e-01	5.6214285e-02
2.7709750567e-01	5.6936436e-02
2.7718820862e-01	5.6898753e-02
2.7727891156e-01	5.6899864e-02
2.7736961451e-01	5.8262377e-02
2.7746031746e-01	5.7919327e-02
2.7755102041e-01	5.8081834e-02
2.7764172336e-01	5.7726712e-02
2.7773242630e-01	5.7858703e-02
2.7782312925e-01	5.8190062e-02
2.7791383220e-01	6.0615939e-02
2.7800453515e-01	6.1644875e-02
2.7809523810e-01	6.1344707e-02
2.7818594104e-01	6.1919468e-02
2.7827664399e-01	6.4054111e-02
2.7836734694e-01	6.3783081e-02
2.7845804989e-01	6.3110845e-02
2.7854875283e-01	6.4476411e-02
2.7863945578e-01	6.5641415e-02
2.7873015873e-01	6.5975774e-02
2.7882086168e-01	6.7202786e-02
2.7891156463e-01	6.9661453e-02
2.7900226757e-01	6.7631113e-02
2.7909297052e-01	6.7783406e-02
2.7918367347e-01	6.6773298e-02
2.7927437642e-01	6.3753459e-02
2.7936507937e-01	6.2328357e-02
2.7945578231e-01	6.0360952e-02
2.7954648526e-01	5.7778558e-02
2.7963718821e-01	5.5539970e-02
2.7972789116e-01	4.9899648e-02
2.7981859410e-01	4.5094188e-02
2.7990929705e-01	4.0799453e-02
2.8000000000e-01	3.7151732e-02
2.8009070295e-01	3.2628893e-02
2.8018140590e-01	2.8789593e-02
2.8027210884e-01	2.3367255e-02
2.8036281179e-01	2.0424312e-02
2.8045351474e-01	1.8158283e-02
2.8054421769e-01	1.5196533e-02
2.8063492063e-01	1.1847171e-02
2.8072562358e-01	1.0348382e-02
2.8081632653e-01	9.8277484e-03
2.8090702948e-01	6.1882980e-03
2.8099773243e-01	4.9784961e-03
2.8108843537e-01	3.7939544e-03
2.8117913832e-01	2.0335367e-03
2.8126984127e-01	1.2001471e-03
2.8136054422e-01	1.1365226e-03
2.8145124717e-01	8.7142236e-04
2.8154195011e-01	1.0902601e-03
2.8163265306e-01	2.1486999e-04
2.8172335601e-01	4.4228375e-04
2.8181405896e-01	-1.6836214e-04
2.8190476190e-01	1.8583133e-03
2.8199546485e-01	-1.6857394e-02
2.8208616780e-01	-9.5855855e-03
2.8217687075e-01	3.5706029e-04
2.8226757370e-01	-2.0668538e-03
2.8235827664e-01	-5.5346881e-03
2.8244897959e-01	-6.7315343e-03
2.8253968254e-01	-9.5573781e-03
2.8263038549e-01	-1.4116353e-02
2.8272108844e-01	-1.8719276e-02
2.8281179138e-01	-2.1193324e-02
2.8290249433e-01	-2.6492316e-02
2.8299319728e-01	-3.0366845e-02
2.8308390023e-01	-3.2609210e-02
2.8317460317e-01	-3.6458676e-02
2.8326530612e-01	-4.2953762e-02
2.8335600907e-01	-4.6614051e-02
2.8344671202e-01	-5.1735957e-02
2.8353741497e-01	-5.7829473e-02
2.8362811791e-01	-6.2961857e-02
2.8371882086e-01	-6.8207095e-02
2.8380952381e-01	-7.2486954e-02
2.8390022676e-01	-8.1386513e-02
2.8399092971e-01	-8.6138674e-02
2.8408163265e-01	-9.1326610e-02
2.8417233560e-01	-9.8059718e-02
2.8426303855e-01	-1.0383437e-01
2.8435374150e-01	-1.0852996e-01
2.8444444444e-01	-1.1280614e-01
2.8453514739e-01	-1.1762525e-01
2.8462585034e-01	-1.2130115e-01
2.8471655329e-01	-1.2527265e-01
2.8480725624e-01	-1.2799976e-01
2.8489795918e-01	-1.3139697e-01
2.8498866213e-01	-1.3535341e-01
2.8507936508e-01	-1.3810538e-01
2.8517006803e-01	-1.3960559e-01
2.8526077098e-01	-1.4154241e-01
2.8535147392e-01	-1.4291771e-01
2.8544217687e-01	-1.4404728e-01
2.8553287982e-01	-1.4554516e-01
2.8562358277e-01	-1.4866118e-01
2.8571428571e-01	-1.5052234e-01
2.8580498866e-01	-1.5208105e-01
2.8589569161e-01	-1.5064551e-01
2.8598639456e-01	-1.4881128e-01
2.8607709751e-01	-1.4887119e-01
2.8616780045e-01	-1.4990544e-01
2.8625850340e-01	-1.4833406e-01
2.8634920635e-01	-1.4604456e-01
2.8643990930e-01	-1.4346016e-01
2.8653061224e-01	-1.4212987e-01
2.8662131519e-01	-1.3874437e-01
2.8671201814e-01	-1.3694979e-01
2.8680272109e-01	-1.3409737e-01
2.8689342404e-01	-1.3011538e-01
2.8698412698e-01	-1.2530473e-01
2.8707482993e-01	-1.1977089e-01
2.8716553288e-01	-1.1428358e-01
2.8725623583e-01	-1.0902884e-01
2.8734693878e-01	-1.0319073e-01
2.8743764172e-01	-9.7576608e-02
2.8752834467e-01	-9.0969839e-02
2.8761904762e-01	-8.4980429e-02
2.8770975057e-01	-8.0953861e-02
2.8780045351e-01	-7.4698948e-02
2.8789115646e-01	-7.0178911e-02
2.8798185941e-01	-6.6509664e-02
2.8807256236e-01	-6.1275176e-02
2.8816326531e-01	-5.8744629e-02
2.8825396825e-01	-5.4338434e-02
2.8834467120e-01	-4.9298599e-02
2.8843537415e-01	-4.5358557e-02
2.8852607710e-01	-4.0651266e-02
2.8861678005e-01	-3.6593607e-02
2.8870748299e-01	-3.1121070e-02
2.8879818594e-01	-2.6603443e-02
2.8888888889e-01	-2.1422581e-02
2.8897959184e-01	-1.7683852e-02
2.8907029478e-01	-1.3023103e-02
2.8916099773e-01	-7.8741753e-03
2.8925170068e-01	-3.4941021e-03
2.8934240363e-01	1.2806685e-03
2.8943310658e-01	5.2365400e-03
2.8952380952e-01	7.8285775e-03
2.8961451247e-01	1.2760386e-02
2.8970521542e-01	1.6827806e-02
2.8979591837e-01	2.1317310e-02
2.8988662132e-01	2.6516485e-02
2.8997732426e-01	3.0594025e-02
2.9006802721e-01	3.5960026e-02
2.9015873016e-01	4.0631732e-02
2.9024943311e-01	4.5542505e-02
2.9034013605e-01	5.2027939e-02
2.9043083900e-01	5.8071052e-02
2.9052154195e-01	6.1248089e-02
2.9061224490e-01	6.6283558e-02
2.9070294785e-01	6.9171002e-02
2.9079365079e-01	7.6165285e-02
2.9088435374e-01	7.9802465e-02
2.9097505669e-01	8.2505598e-02
2.9106575964e-01	8.5370226e-02
2.9115646259e-01	8.9185543e-02
2.9124716553e-01	9.1115354e-02
2.9133786848e-01	9.2651693e-02
2.9142857143e-01	9.5536762e-02
2.9151927438e-01	9.7505033e-02
2.9160997732e-01	9.8540973e-02
2.9170068027e-01	9.9726319e-02
2.9179138322e-01	1.0090492e-01
2.9188208617e-01	1.0048491e-01
2.9197278912e-01	1.0102314e-01
2.9206349206e-01	1.0130801e-01
2.9215419501e-01	1.0126362e-01
2.9224489796e-01	1.0097617e-01
2.9233560091e-01	1.0155957e-01
2.9242630385e-01	1.0179217e-01
2.9251700680e-01	1.0183224e-01
2.9260770975e-01	1.0045472e-01
2.9269841270e-01	1.0038841e-01
2.9278911565e-01	9.8415362e-02
2.9287981859e-01	9.5463061e-02
2.9297052154e-01	9.3922365e-02
2.9306122449e-01	9.1892380e-02
2.9315192744e-01	9.0143337e-02
2.9324263039e-01	8.5732381e-02
2.9333333333e-01	8.3937571e-02
2.9342403628e-01	8.0741229e-02
2.9351473923e-01	7.8942285e-02
2.9360544218e-01	7.7010175e-02
2.9369614512e-01	7.2267643e-02
2.9378684807e-01	6.8192470e-02
2.9387755102e-01	6.4525295e-02
2.9396825397e-01	6.3667092e-02
2.9405895692e-01	5.9262354e-02
2.9414965986e-01	5.6602484e-02
2.9424036281e-01	5.6693872e-02
2.9433106576e-01	5.3061972e-02
2.9442176871e-01	5.1262045e-02
2.9451247166e-01	3.1887101e-02
2.9460317460e-01	4.7754725e-02
2.9469387755e-01	5.2359945e-02
2.9478458050e-01	5.1285025e-02
2.9487528345e-01	5.4530819e-02
2.9496598639e-01	5.4242195e-02
2.9505668934e-01	5.5942827e-02
2.9514739229e-01	5.6196768e-02
2.9523809524e-01	5.7976288e-02
2.9532879819e-01	5.9848779e-02
2.9541950113e-01	6.1166230e-02
2.9551020408e-01	6.0869867e-02
2.9560090703e-01	6.1004076e-02
2.9569160998e-01	6.2266689e-02
2.9578231293e-01	6.2906445e-02
2.9587301587e-01	6.4037767e-02
2.9596371882e-01	6.4508508e-02
2.9605442177e-01	6.6815785e-02
2.9614512472e-01	6.7382376e-02
2.9623582766e-01	6.6140794e-02
2.9632653061e-01	6.6016362e-02
2.9641723356e-01	6.6408825e-02
2.9650793651e-01	6.6308888e-02
2.9659863946e-01	6.7661595e-02
2.9668934240e-01	6.9184149e-02
2.9678004535e-01	6.8933617e-02
2.9687074830e-01	6.8744964e-02
2.9696145125e-01	6.8540918e-02
2.9705215420e-01	6.8413428e-02
2.9714285714e-01	6.9567539e-02
2.9723356009e-01	6.8029779e-02
2.9732426304e-01	6.5908175e-02
2.9741496599e-01	6.4868080e-02
2.9750566893e-01	6.2772548e-02
2.9759637188e-01	5.8785464e-02
2.9768707483e-01	5.6713421e-02
2.9777777778e-01	5.4511983e-02
2.9786848073e-01	4.8765330e-02
2.9795918367e-01	4.3376005e-02
2.9804988662e-01	3.8725423e-02
2.9814058957e-01	3.3847325e-02
2.9823129252e-01	2.9288313e-02
2.9832199546e-01	2.4945825e-02
2.9841269841e-01	2.2506790e-02
2.9850340136e-01	2.0205491e-02
2.9859410431e-01	1.7538851e-02
2.9868480726e-01	1.4372047e-02
2.9877551020e-01	1.1503939e-02
2.9886621315e-01	9.8961981e-03
2.9895691610e-01	7.1371540e-03
2.9904761905e-01	5.5335275e-03
2.9913832200e-01	3.0420439e-03
2.9922902494e-01	1.5929444e-03
2.9931972789e-01	6.8075544e-04
2.9941043084e-01	-2.0682651e-03
2.9950113379e-01	-1.4451522e-03
2.9959183673e-01	-1.6781197e-03
2.9968253968e-01	-1.5060096e-03
2.9977324263e-01	-3.5384291e-03
2.9986394558e-01	-3.0145405e-03
2.9995464853e-01	-4.5104439e-03
3.0004535147e-01	-6.9515046e-03
3.0013605442e-01	-7.3734472e-03
3.0022675737e-01	-6.5617704e-03
3.0031746032e-01	-8.3462667e-03
3.0040816327e-01	-1.2055958e-02
3.0049886621e-01	-1.4720409e-02
3.0058956916e-01	-1.6649673e-02
3.0068027211e-01	-2.0074770e-02
3.0077097506e-01	-2.3893688e-02
3.0086167800e-01	-2.7466227e-02
3.0095238095e-01	-2.9251337e-02
3.0104308390e-01	-3.5787388e-02
3.0113378685e-01	-4.0380494e-02
3.0122448980e-01	-4.3854735e-02
3.0131519274e-01	-4.6478242e-02
3.0140589569e-01	-5.1526399e-02
3.0149659864e-01	-5.6157620e-02
3.0158730159e-01	-6.1477221e-02
3.0167800454e-01	-6.5549315e-02
3.0176870748e-01	-7.0149691e-02
3.0185941043e-01	-7.5641675e-02
3.0195011338e-01	-8.0645437e-02
3.0204081633e-01	-8.5943372e-02
3.0213151927e-01	-9.1734362e-02
3.0222222222e-01	-9.7588168e-02
3.0231292517e-01	-1.0387138e-01
3.0240362812e-01	-1.0747347e-01
3.0249433107e-01	-1.1084913e-01
3.0258503401e-01	-1.1612771e-01
3.0267573696e-01	-1.1817522e-01
3.0276643991e-01	-1.2253782e-01
3.0285714286e-01	-1.2751771e-01
3.0294784580e-01	-1.2976206e-01
3.0303854875e-01	-1.3125497e-01
3.0312925170e-01	-1.3437423e-01
3.0321995465e-01	-1.3598077e-01
3.0331065760e-01	-1.3873602e-01
3.0340136054e-01	-1.4034827e-01
3.0349206349e-01	-1.4304876e-01
3.0358276644e-01	-1.4472042e-01
3.0367346939e-01	-1.4404749e-01
3.0376417234e-01	-1.4717693e-01
3.0385487528e-01	-1.4901449e-01
3.0394557823e-01	-1.4893330e-01
3.0403628118e-01	-1.4877582e-01
3.0412698413e-01	-1.4905437e-01
3.0421768707e-01	-1.4855578e-01
3.0430839002e-01	-1.4629338e-01
3.0439909297e-01	-1.4216807e-01
3.0448979592e-01	-1.4122260e-01
3.0458049887e-01	-1.3853904e-01
3.0467120181e-01	-1.3650462e-01
3.0476190476e-01	-1.3394290e-01
3.0485260771e-01	-1.2880228e-01
3.0494331066e-01	-1.2577088e-01
3.0503401361e-01	-1.2203043e-01
3.0512471655e-01	-1.1738582e-01
3.0521541950e-01	-1.1204556e-01
3.0530612245e-01	-1.0644451e-01
3.0539682540e-01	-9.8991709e-02
3.0548752834e-01	-9.1586756e-02
3.0557823129e-01	-8.5689566e-02
3.0566893424e-01	-8.0052535e-02
3.0575963719e-01	-7.5728586e-02
3.0585034014e-01	-6.9803393e-02
3.0594104308e-01	-6.3897128e-02
3.0603174603e-01	-5.9733360e-02
3.0612244898e-01	-5.3757371e-02
3.0621315193e-01	-5.0371094e-02
3.0630385488e-01	-4.5605400e-02
3.0639455782e-01	-4.0105518e-02
3.0648526077e-01	-3.6208778e-02
3.0657596372e-01	-3.1417818e-02
3.0666666667e-01	-2.8079278e-02
3.0675736961e-01	-2.3986383e-02
3.0684807256e-01	-1.7928969e-02
3.0693877551e-01	-1.8444169e-02
3.0702947846e-01	-2.5268284e-02
3.0712018141e-01	-6.0320866e-03
3.0721088435e-01	-2.4114195e-04
3.0730158730e-01	1.3780733e-03
3.0739229025e-01	4.6569581e-03
3.0748299320e-01	9.4052638e-03
3.0757369615e-01	1.2461143e-02
3.0766439909e-01	1.6002918e-02
3.0775510204e-01	2.0200813e-02
3.0784580499e-01	2.5103365e-02
3.0793650794e-01	2.9201674e-02
3.0802721088e-01	3.2731886e-02
3.0811791383e-01	3.7275494e-02
3.0820861678e-01	4.2376052e-02
3.0829931973e-01	4.7517031e-02
3.0839002268e-01	5.1937015e-02
3.0848072562e-01	5.5947875e-02
3.0857142857e-01	6.0454013e-02
3.0866213152e-01	6.5290528e-02
3.0875283447e-01	7.0993790e-02
3.0884353741e-01	7.6612957e-02
3.0893424036e-01	8.0267086e-02
3.0902494331e-01	8.2728642e-02
3.0911564626e-01	8.5850412e-02
3.0920634921e-01	8.7242414e-02
3.0929705215e-01	8.8910821e-02
3.0938775510e-01	9.0719385e-02
3.0947845805e-01	9.1528996e-02
3.0956916100e-01	9.2587517e-02
3.0965986395e-01	9.4702810e-02
3.0975056689e-01	9.6396730e-02
3.0984126984e-01	9.6998278e-02
3.0993197279e-01	9.7288982e-02
3.1002267574e-01	9.8699168e-02
3.1011337868e-01	9.8415493e-02
3.1020408163e-01	9.9278789e-02
3.1029478458e-01	9.9418645e-02
3.1038548753e-01	1.0034447e-01
3.1047619048e-01	1.0071712e-01
3.1056689342e-01	9.8623149e-02
3.1065759637e-01	9.7336573e-02
3.1074829932e-01	9.7106754e-02
3.1083900227e-01	9.5847929e-02
3.1092970522e-01	9.3802984e-02
3.1102040816e-01	9.2870128e-02
3.1111111111e-01	8.9558156e-02
3.1120181406e-01	8.9055107e-02
3.1129251701e-01	8.4903811e-02
3.1138321995e-01	8.0886020e-02
3.1147392290e-01	7.9532165e-02
3.1156462585e-01	7.8331026e-02
3.1165532880e-01	7.5146301e-02
3.1174603175e-01	7.1654900e-02
3.1183673469e-01	6.7847381e-02
3.1192743764e-01	6.5638010e-02
3.1201814059e-01	6.0173533e-02
3.1210884354e-01	5.6974215e-02
3.1219954649e-01	5.5426870e-02
3.1229024943e-01	5.3704730e-02
3.1238095238e-01	5.1418717e-02
3.1247165533e-01	4.6942638e-02
3.1256235828e-01	4.5263494e-02
3.1265306122e-01	4.3919078e-02
3.1274376417e-01	4.3722815e-02
3.1283446712e-01	4.5349173e-02
3.1292517007e-01	4.5865289e-02
3.1301587302e-01	4.6876959e-02
3.1310657596e-01	5.0053284e-02
3.1319727891e-01	5.2321674e-02
3.1328798186e-01	5.4423772e-02
3.1337868481e-01	5.3623876e-02
3.1346938776e-01	5.5865602e-02
3.1356009070e-01	5.7951286e-02
3.1365079365e-01	5.7559829e-02
3.1374149660e-01	6.0351599e-02
3.1383219955e-01	6.2737600e-02
3.1392290249e-01	6.3292122e-02
3.1401360544e-01	6.4111549e-02
3.1410430839e-01	6.4353682e-02
3.1419501134e-01	6.5236091e-02
3.1428571429e-01	6.5888873e-02
3.1437641723e-01	6.7204022e-02
3.1446712018e-01	6.7742303e-02
3.1455782313e-01	6.8505833e-02
3.1464852608e-01	6.9373955e-02
3.1473922902e-01	6.9608951e-02
3.1482993197e-01	6.9846614e-02
3.1492063492e-01	6.9343904e-02
3.1501133787e-01	7.1439338e-02
3.1510204082e-01	7.2941515e-02
3.1519274376e-01	7.2477617e-02
3.1528344671e-01	7.2275000e-02
3.1537414966e-01	7.1179421e-02
3.1546485261e-01	6.8907002e-02
3.1555555556e-01	6.7209089e-02
3.1564625850e-01	6.5105353e-02
3.1573696145e-01	6.1962648e-02
3.1582766440e-01	5.8841383e-02
3.1591836735e-01	5.5505376e-02
3.1600907029e-01	4.9821737e-02
3.1609977324e-01	4.5246115e-02
3.1619047619e-01	4.0956693e-02
3.1628117914e-01	3.6014826e-02
3.1637188209e-01	3.0005373e-02
3.1646258503e-01	2.5512081e-02
3.1655328798e-01	2.2291753e-02
3.1664399093e-01	1.8871508e-02
3.1673469388e-01	1.5234206e-02
3.1682539683e-01	1.3798525e-02
3.1691609977e-01	9.2986492e-03
3.1700680272e-01	6.4328073e-03
3.1709750567e-01	5.0782027e-03
3.1718820862e-01	4.4199437e-03
3.1727891156e-01	-8.0792640e-05
3.1736961451e-01	-5.6419951e-04
3.1746031746e-01	-2.6827607e-03
3.1755102041e-01	-4.7999147e-03
3.1764172336e-01	-4.5206340e-03
3.1773242630e-01	-5.4242635e-03
3.1782312925e-01	-6.3858467e-03
3.1791383220e-01	-7.4026536e-03
3.1800453515e-01	-7.6272027e-03
3.1809523810e-01	-8.1186269e-03
3.1818594104e-01	-9.7106596e-03
3.1827664399e-01	-9.8990763e-03
3.1836734694e-01	-1.1316649e-02
3.1845804989e-01	-1.4472126e-02
3.1854875283e-01	-1.5814885e-02
3.1863945578e-01	-1.7246182e-02
3.1873015873e-01	-2.1550735e-02
3.1882086168e-01	-2.4337798e-02
3.1891156463e-01	-2.7683215e-02
3.1900226757e-01	-3.1197242e-02
3.1909297052e-01	-3.4705761e-02
3.1918367347e-01	-3.6688080e-02
3.1927437642e-01	-4.0461870e-02
3.1936507937e-01	-4.3078351e-02
3.1945578231e-01	-5.6987526e-02
3.1954648526e-01	-7.2806417e-02
3.1963718821e-01	-5.7367364e-02
3.1972789116e-01	-6.3603038e-02
3.1981859410e-01	-6.8953631e-02
3.1990929705e-01	-7.3454763e-02
3.2000000000e-01	-7.8376975e-02
3.2009070295e-01	-8.4201786e-02
3.2018140590e-01	-8.8586048e-02
3.2027210884e-01	-9.6322437e-02
3.2036281179e-01	-1.0167620e-01
3.2045351474e-01	-1.0493260e-01
3.2054421769e-01	-1.0823150e-01
3.2063492063e-01	-1.1318747e-01
3.2072562358e-01	-1.1764757e-01
3.2081632653e-01	-1.2076968e-01
3.2090702948e-01	-1.2441533e-01
3.2099773243e-01	-1.2648427e-01
3.2108843537e-01	-1.3013550e-01
3.2117913832e-01	-1.3380464e-01
3.2126984127e-01	-1.3512029e-01
3.2136054422e-01	-1.3725111e-01
3.2145124717e-01	-1.4056063e-01
3.2154195011e-01	-1.4142403e-01
3.2163265306e-01	-1.4381047e-01
3.2172335601e-01	-1.4432084e-01
3.2181405896e-01	-1.4485147e-01
3.2190476190e-01	-1.4685077e-01
3.2199546485e-01	-1.4764962e-01
3.2208616780e-01	-1.4866704e-01
3.2217687075e-01	-1.4860825e-01
3.2226757370e-01	-1.4656035e-01
3.2235827664e-01	-1.4600784e-01
3.2244897959e-01	-1.4557681e-01
3.2253968254e-01	-1.4242527e-01
3.2263038549e-01	-1.4161527e-01
3.2272108844e-01	-1.3785716e-01
3.2281179138e-01	-1.3355565e-01
3.2290249433e-01	-1.2847690e-01
3.2299319728e-01	-1.2667808e-01
3.2308390023e-01	-1.2122698e-01
3.2317460317e-01	-1.1374152e-01
3.2326530612e-01	-1.1066768e-01
3.2335600907e-01	-1.0327639e-01
3.2344671202e-01	-9.7364250e-02
3.2353741497e-01	-9.1975049e-02
3.2362811791e-01	-8.4917766e-02
3.2371882086e-01	-7.8785150e-02
3.2380952381e-01	-7.3145500e-02
3.2390022676e-01	-6.8618054e-02
3.2399092971e-01	-6.3360206e-02
3.2408163265e-01	-5.4938583e-02
3.2417233560e-01	-5.0578052e-02
3.2426303855e-01	-4.7298285e-02
3.2435374150e-01	-4.1915152e-02
3.2444444444e-01	-3.6863624e-02
3.2453514739e-01	-3.2497724e-02
3.2462585034e-01	-2.7540595e-02
3.2471655329e-01	-2.4523314e-02
3.2480725624e-01	-1.8968597e-02
3.2489795918e-01	-1.4085413e-02
3.2498866213e-01	-1.1073124e-02
3.2507936508e-01	-8.5248038e-03
3.2517006803e-01	-4.1073728e-03
3.2526077098e-01	-1.1967576e-03
3.2535147392e-01	3.2891316e-03
3.2544217687e-01	6.1450795e-03
3.2553287982e-01	1.0186147e-02
3.2562358277e-01	1.4285383e-02
3.2571428571e-01	1.5914958e-02
3.2580498866e-01	1.9351845e-02
3.2589569161e-01	2.3757776e-02
3.2598639456e-01	2.7613213e-02
3.2607709751e-01	3.1242942e-02
3.2616780045e-01	3.5044411e-02
3.2625850340e-01	3.9346839e-02
3.2634920635e-01	4.3176713e-02
3.2643990930e-01	4.8322264e-02
3.2653061224e-01	5.3372849e-02
3.2662131519e-01	5.7932231e-02
3.2671201814e-01	6.1410950e-02
3.2680272109e-01	6.6254290e-02
3.2689342404e-01	7.0180108e-02
3.2698412698e-01	7.5175012e-02
3.2707482993e-01	7.9192056e-02
3.2716553288e-01	7.9650051e-02
3.2725623583e-01	8.2489976e-02
3.2734693878e-01	8.4369193e-02
3.2743764172e-01	8.8054566e-02
3.2752834467e-01	8.9753017e-02
3.2761904762e-01	9.1915184e-02
3.2770975057e-01	9.1560302e-02
3.2780045351e-01	9.2732597e-02
3.2789115646e-01	9.3837389e-02
3.2798185941e-01	9.4137159e-02
3.2807256236e-01	9.4050583e-02
3.2816326531e-01	9.5014078e-02
3.2825396825e-01	9.6275055e-02
3.2834467120e-01	9.7143227e-02
3.2843537415e-01	9.9617441e-02
3.2852607710e-01	9.8603089e-02
3.2861678005e-01	9.8061234e-02
3.2870748299e-01	9.6857382e-02
3.2879818594e-01	9.4570913e-02
3.2888888889e-01	9.4052885e-02
3.2897959184e-01	9.2900580e-02
3.2907029478e-01	9.1504223e-02
3.2916099773e-01	8.9986079e-02
3.2925170068e-01	8.6335953e-02
3.2934240363e-01	8.3038357e-02
3.2943310658e-01	8.2060414e-02
3.2952380952e-01	7.9306357e-02
3.2961451247e-01	7.7442020e-02
3.2970521542e-01	7.3954460e-02
3.2979591837e-01	6.8703401e-02
3.2988662132e-01	6.5237857e-02
3.2997732426e-01	6.0887679e-02
3.3006802721e-01	5.5384840e-02
3.3015873016e-01	5.2317571e-02
3.3024943311e-01	4.9639546e-02
3.3034013605e-01	4.7129598e-02
3.3043083900e-01	4.3870623e-02
3.3052154195e-01	4.1483952e-02
3.3061224490e-01	4.0406053e-02
3.3070294785e-01	3.8064357e-02
3.3079365079e-01	3.7426767e-02
3.3088435374e-01	3.6108258e-02
3.3097505669e-01	3.7796607e-02
3.3106575964e-01	3.9645472e-02
3.3115646259e-01	4.2807571e-02
3.3124716553e-01	4.3198415e-02
3.3133786848e-01	4.4877840e-02
3.3142857143e-01	4.8304736e-02
3.3151927438e-01	5.1395642e-02
3.3160997732e-01	5.1439473e-02
3.3170068027e-01	5.3098120e-02
3.3179138322e-01	5.5460571e-02
3.3188208617e-01	5.8872258e-02
3.3197278912e-01	4.8148189e-02
3.3206349206e-01	4.4728236e-02
3.3215419501e-01	6.3078792e-02
3.3224489796e-01	6.1366637e-02
3.3233560091e-01	6.4246624e-02
3.3242630385e-01	6.5030102e-02
3.3251700680e-01	6.5224601e-02
3.3260770975e-01	6.6362990e-02
3.3269841270e-01	6.5665779e-02
3.3278911565e-01	6.6251068e-02
3.3287981859e-01	6.6801315e-02
3.3297052154e-01	6.9410556e-02
3.3306122449e-01	7.0663110e-02
3.3315192744e-01	6.9295421e-02
3.3324263039e-01	6.9138904e-02
3.3333333333e-01	6.9587619e-02
3.3342403628e-01	7.0612416e-02
3.3351473923e-01	6.9764044e-02
3.3360544218e-01	6.7701284e-02
3.3369614512e-01	6.6369636e-02
3.3378684807e-01	6.3367485e-02
3.3387755102e-01	5.8972471e-02
3.3396825397e-01	5.6496945e-02
3.3405895692e-01	5.1450948e-02
3.3414965986e-01	4.7742517e-02
3.3424036281e-01	4.2451753e-02
3.3433106576e-01	3.7830978e-02
3.3442176871e-01	3.4680167e-02
3.3451247166e-01	3.0935504e-02
3.3460317460e-01	2.7269350e-02
3.3469387755e-01	2.3823965e-02
3.3478458050e-01	1.9144199e-02
3.3487528345e-01	1.6368729e-02
3.3496598639e-01	1.3692798e-02
3.3505668934e-01	8.8505454e-03
3.3514739229e-01	9.5044499e-03
3.3523809524e-01	7.2727546e-03
3.3532879819e-01	4.7893034e-03
3.3541950113e-01	1.6408578e-03
3.3551020408e-01	6.4986322e-04
3.3560090703e-01	-1.3812458e-03
3.3569160998e-01	-1.3725786e-03
3.3578231293e-01	-1.4665955e-03
3.3587301587e-01	-4.0524790e-03
3.3596371882e-01	-4.8241261e-03
3.3605442177e-01	-5.4372253e-03
3.3614512472e-01	-5.9388213e-03
3.3623582766e-01	-7.9057803e-03
3.3632653061e-01	-9.3324552e-03
3.3641723356e-01	-1.0793203e-02
3.3650793651e-01	-1.0748548e-02
3.3659863946e-01	-1.2966835e-02
3.3668934240e-01	-1.6502284e-02
3.3678004535e-01	-1.8039234e-02
3.3687074830e-01	-2.1176908e-02
3.3696145125e-01	-2.4805666e-02
3.3705215420e-01	-2.9648154e-02
3.3714285714e-01	-3.2482420e-02
3.3723356009e-01	-3.6930130e-02
3.3732426304e-01	-4.0996252e-02
3.3741496599e-01	-4.4733388e-02
3.3750566893e-01	-4.8669384e-02
3.3759637188e-01	-5.1603155e-02
3.3768707483e-01	-5.7127221e-02
3.3777777778e-01	-6.1225397e-02
3.3786848073e-01	-6.7936137e-02
3.3795918367e-01	-7.2657477e-02
3.3804988662e-01	-7.6308005e-02
3.3814058957e-01	-8.0491198e-02
3.3823129252e-01	-8.6004971e-02
3.3832199546e-01	-9.2011827e-02
3.3841269841e-01	-9.4640361e-02
3.3850340136e-01	-1.0009553e-01
3.3859410431e-01	-1.0664458e-01
3.3868480726e-01	-1.1017516e-01
3.3877551020e-01	-1.1561102e-01
3.3886621315e-01	-1.1810029e-01
3.3895691610e-01	-1.2107595e-01
3.3904761905e-01	-1.2537812e-01
3.3913832200e-01	-1.2679576e-01
3.3922902494e-01	-1.3022711e-01
3.3931972789e-01	-1.3428483e-01
3.3941043084e-01	-1.3590082e-01
3.3950113379e-01	-1.3683643e-01
3.3959183673e-01	-1.3854703e-01
3.3968253968e-01	-1.4141182e-01
3.3977324263e-01	-1.4234015e-01
3.3986394558e-01	-1.4453444e-01
3.3995464853e-01	-1.4577369e-01
3.4004535147e-01	-1.4715635e-01
3.4013605442e-01	-1.4866167e-01
3.4022675737e-01	-1.4881582e-01
3.4031746032e-01	-1.4930310e-01
3.4040816327e-01	-1.4819093e-01
3.4049886621e-01	-1.4737814e-01
3.4058956916e-01	-1.4570699e-01
3.4068027211e-01	-1.4402234e-01
3.4077097506e-01	-1.4450133e-01
3.4086167800e-01	-1.4225534e-01
3.4095238095e-01	-1.3787586e-01
3.4104308390e-01	-1.3312303e-01
3.4113378685e-01	-1.2854014e-01
3.4122448980e-01	-1.2451333e-01
3.4131519274e-01	-1.1992535e-01
3.4140589569e-01	-1.1331871e-01
3.4149659864e-01	-1.0578498e-01
3.4158730159e-01	-9.9379208e-02
3.4167800454e-01	-9.3211807e-02
3.4176870748e-01	-8.7406191e-02
3.4185941043e-01	-7.8795292e-02
3.4195011338e-01	-7.2989012e-02
3.4204081633e-01	-6.7685476e-02
3.4213151927e-01	-5.9660089e-02
3.4222222222e-01	-5.4156933e-02
3.4231292517e-01	-4.9652537e-02
3.4240362812e-01	-4.4235010e-02
3.4249433107e-01	-3.7968640e-02
3.4258503401e-01	-3.3399883e-02
3.4267573696e-01	-2.9258260e-02
3.4276643991e-01	-2.5885612e-02
3.4285714286e-01	-2.1584261e-02
3.4294784580e-01	-1.7405848e-02
3.4303854875e-01	-1.1852133e-02
3.4312925170e-01	-7.4503752e-03
3.4321995465e-01	-4.8838852e-03
3.4331065760e-01	-1.3561560e-03
3.4340136054e-01	4.2785738e-03
3.4349206349e-01	7.3231818e-03
3.4358276644e-01	1.0588837e-02
3.4367346939e-01	1.2643467e-02
3.4376417234e-01	1.7109690e-02
3.4385487528e-01	2.1125606e-02
3.4394557823e-01	2.4176248e-02
3.4403628118e-01	2.7794066e-02
3.4412698413e-01	3.1845148e-02
3.4421768707e-01	3.8408231e-02
3.4430839002e-01	4.1493553e-02
3.4439909297e-01	4.7205153e-02
3.4448979592e-01	3.7529907e-02
3.4458049887e-01	4.5119110e-02
3.4467120181e-01	6.0460074e-02
3.4476190476e-01	6.3209778e-02
3.4485260771e-01	6.8491737e-02
3.4494331066e-01	7.3231479e-02
3.4503401361e-01	7.7308346e-02
3.4512471655e-01	8.0491473e-02
3.4521541950e-01	8.2393541e-02
3.4530612245e-01	8.6019713e-02
3.4539682540e-01	8.7636871e-02
3.4548752834e-01	8.8943106e-02
3.4557823129e-01	9.2658238e-02
3.4566893424e-01	9.4990812e-02
3.4575963719e-01	9.4983551e-02
3.4585034014e-01	9.5498105e-02
3.4594104308e-01	9.6005074e-02
3.4603174603e-01	9.5393804e-02
3.4612244898e-01	9.6474861e-02
3.4621315193e-01	9.6813843e-02
3.4630385488e-01	9.9338532e-02
3.4639455782e-01	1.0033648e-01
3.4648526077e-01	1.0001179e-01
3.4657596372e-01	1.0103040e-01
3.4666666667e-01	9.9632403e-02
3.4675736961e-01	9.8940869e-02
3.4684807256e-01	9.7847004e-02
3.4693877551e-01	9.6080119e-02
3.4702947846e-01	9.4945829e-02
3.4712018141e-01	9.3729646e-02
3.4721088435e-01	9.1719155e-02
3.4730158730e-01	8.9530042e-02
3.4739229025e-01	8.5147819e-02
3.4748299320e-01	8.1385282e-02
3.4757369615e-01	8.0635662e-02
3.4766439909e-01	7.8758378e-02
3.4775510204e-01	7.5641259e-02
3.4784580499e-01	7.2129213e-02
3.4793650794e-01	6.7736779e-02
3.4802721088e-01	6.2739682e-02
3.4811791383e-01	5.9322140e-02
3.4820861678e-01	5.6007866e-02
3.4829931973e-01	5.1558090e-02
3.4839002268e-01	4.7670081e-02
3.4848072562e-01	4.3258666e-02
3.4857142857e-01	4.0235886e-02
3.4866213152e-01	3.7701725e-02
3.4875283447e-01	3.5464137e-02
3.4884353741e-01	3.5018324e-02
3.4893424036e-01	3.4437333e-02
3.4902494331e-01	3.4226644e-02
3.4911564626e-01	3.5631042e-02
3.4920634921e-01	3.7582140e-02
3.4929705215e-01	3.9543723e-02
3.4938775510e-01	4.0859101e-02
3.4947845805e-01	4.2961202e-02
3.4956916100e-01	4.6725884e-02
3.4965986395e-01	4.8648131e-02
3.4975056689e-01	5.2034275e-02
3.4984126984e-01	5.4403519e-02
3.4993197279e-01	5.5379830e-02
3.5002267574e-01	5.5644027e-02
3.5011337868e-01	5.6289925e-02
3.5020408163e-01	5.7815041e-02
3.5029478458e-01	5.8798094e-02
3.5038548753e-01	6.0559459e-02
3.5047619048e-01	5.8872949e-02
3.5056689342e-01	5.8673563e-02
3.5065759637e-01	6.1625252e-02
3.5074829932e-01	6.1309333e-02
3.5083900227e-01	6.0999792e-02
3.5092970522e-01	6.3344390e-02
3.5102040816e-01	6.3559539e-02
3.5111111111e-01	6.4540536e-02
3.5120181406e-01	6.5570547e-02
3.5129251701e-01	6.5423059e-02
3.5138321995e-01	6.6563618e-02
3.5147392290e-01	6.6265529e-02
3.5156462585e-01	6.5360405e-02
3.5165532880e-01	6.3932240e-02
3.5174603175e-01	6.4468112e-02
3.5183673469e-01	6.1073584e-02
3.5192743764e-01	5.8831005e-02
3.5201814059e-01	5.5049497e-02
3.5210884354e-01	5.1339375e-02
3.5219954649e-01	4.8821303e-02
3.5229024943e-01	4.5025682e-02
3.5238095238e-01	4.0245430e-02
3.5247165533e-01	3.6240109e-02
3.5256235828e-01	3.1840112e-02
3.5265306122e-01	2.7763589e-02
3.5274376417e-01	2.4154602e-02
3.5283446712e-01	2.0777854e-02
3.5292517007e-01	1.7389044e-02
3.5301587302e-01	1.4078977e-02
3.5310657596e-01	1.0927260e-02
3.5319727891e-01	9.4148481e-03
3.5328798186e-01	7.0378006e-03
3.5337868481e-01	3.8473486e-03
3.5346938776e-01	4.6281460e-04
3.5356009070e-01	-1.5220779e-03
3.5365079365e-01	-2.2822563e-03
3.5374149660e-01	-3.0664358e-03
3.5383219955e-01	-4.2767934e-03
3.5392290249e-01	-6.0932904e-03
3.5401360544e-01	-6.5686207e-03
3.5410430839e-01	-6.2808646e-03
3.5419501134e-01	-7.0545207e-03
3.5428571429e-01	-7.5971921e-03
3.5437641723e-01	-7.9551993e-03
3.5446712018e-01	-8.4390828e-03
3.5455782313e-01	-1.0332652e-02
3.5464852608e-01	-1.2703517e-02
3.5473922902e-01	-1.2320738e-02
3.5482993197e-01	-1.5565445e-02
3.5492063492e-01	-1.8380736e-02
3.5501133787e-01	-2.1774841e-02
3.5510204082e-01	-2.4156778e-02
3.5519274376e-01	-2.6937813e-02
3.5528344671e-01	-2.9959957e-02
3.5537414966e-01	-3.2870844e-02
3.5546485261e-01	-3.7242172e-02
3.5555555556e-01	-4.0576746e-02
3.5564625850e-01	-4.4106995e-02
3.5573696145e-01	-5.0045331e-02
3.5582766440e-01	-5.5035403e-02
3.5591836735e-01	-5.8039010e-02
3.5600907029e-01	-6.4432079e-02
3.5609977324e-01	-6.9569684e-02
3.5619047619e-01	-7.4327238e-02
3.5628117914e-01	-7.8818907e-02
3.5637188209e-01	-8.3369506e-02
3.5646258503e-01	-8.7416520e-02
3.5655328798e-01	-9.1807456e-02
3.5664399093e-01	-9.6243759e-02
3.5673469388e-01	-1.0076033e-01
3.5682539683e-01	-1.0562197e-01
3.5691609977e-01	-1.0807484e-01
3.5700680272e-01	-1.2681118e-01
3.5709750567e-01	-1.1993666e-01
3.5718820862e-01	-1.1502261e-01
3.5727891156e-01	-1.2037465e-01
3.5736961451e-01	-1.2316708e-01
3.5746031746e-01	-1.2615141e-01
3.5755102041e-01	-1.2800815e-01
3.5764172336e-01	-1.3097268e-01
3.5773242630e-01	-1.3258413e-01
3.5782312925e-01	-1.3333446e-01
3.5791383220e-01	-1.3706368e-01
3.5800453515e-01	-1.3896361e-01
3.5809523810e-01	-1.3993065e-01
3.5818594104e-01	-1.4019614e-01
3.5827664399e-01	-1.4156463e-01
3.5836734694e-01	-1.4227783e-01
3.5845804989e-01	-1.4119347e-01
3.5854875283e-01	-1.4176741e-01
3.5863945578e-01	-1.4018903e-01
3.5873015873e-01	-1.3878517e-01
3.5882086168e-01	-1.3605355e-01
3.5891156463e-01	-1.3452638e-01
3.5900226757e-01	-1.3133401e-01
3.5909297052e-01	-1.2704316e-01
3.5918367347e-01	-1.2397550e-01
3.5927437642e-01	-1.2091156e-01
3.5936507937e-01	-1.1541351e-01
3.5945578231e-01	-1.0995815e-01
3.5954648526e-01	-1.0385142e-01
3.5963718821e-01	-9.7100244e-02
3.5972789116e-01	-9.1117340e-02
3.5981859410e-01	-8.5998310e-02
3.5990929705e-01	-7.8953107e-02
3.6000000000e-01	-7.4350213e-02
3.6009070295e-01	-6.7581689e-02
3.6018140590e-01	-6.0101399e-02
3.6027210884e-01	-5.7143316e-02
3.6036281179e-01	-5.1362927e-02
3.6045351474e-01	-4.5907107e-02
3.6054421769e-01	-4.1835918e-02
3.6063492063e-01	-3.7570026e-02
3.6072562358e-01	-3.3493696e-02
3.6081632653e-01	-2.9672693e-02
3.6090702948e-01	-2.5824114e-02
3.6099773243e-01	-2.0443022e-02
3.6108843537e-01	-1.7701984e-02
3.6117913832e-01	-1.3778500e-02
3.6126984127e-01	-1.0867180e-02
3.6136054422e-01	-6.5970624e-03
3.6145124717e-01	-2.7449585e-03
3.6154195011e-01	1.9801497e-04
3.6163265306e-01	5.5614831e-03
3.6172335601e-01	8.2407005e-03
3.6181405896e-01	8.8845548e-03
3.6190476190e-01	1.3648609e-02
3.6199546485e-01	1.8114545e-02
3.6208616780e-01	2.1924051e-02
3.6217687075e-01	2.6940079e-02
3.6226757370e-01	3.0028213e-02
3.6235827664e-01	3.4079052e-02
3.6244897959e-01	3.7990136e-02
3.6253968254e-01	4.3615986e-02
3.6263038549e-01	4.7489408e-02
3.6272108844e-01	5.2682701e-02
3.6281179138e-01	5.7147022e-02
3.6290249433e-01	5.9398301e-02
3.6299319728e-01	6.3249317e-02
3.6308390023e-01	6.8686805e-02
3.6317460317e-01	7.3865189e-02
3.6326530612e-01	7.6042703e-02
3.6335600907e-01	7.8279166e-02
3.6344671202e-01	7.9347249e-02
3.6353741497e-01	7.8830390e-02
3.6362811791e-01	8.1741494e-02
3.6371882086e-01	8.3653283e-02
3.6380952381e-01	8.4088313e-02
3.6390022676e-01	8.6790451e-02
3.6399092971e-01	8.9238426e-02
3.6408163265e-01	8.8826902e-02
3.6417233560e-01	8.9799594e-02
3.6426303855e-01	9.1099667e-02
3.6435374150e-01	9.1267402e-02
3.6444444444e-01	9.0799009e-02
3.6453514739e-01	9.2252602e-02
3.6462585034e-01	9.1077445e-02
3.6471655329e-01	9.1551963e-02
3.6480725624e-01	9.2096093e-02
3.6489795918e-01	9.1833917e-02
3.6498866213e-01	9.0747037e-02
3.6507936508e-01	8.9859322e-02
3.6517006803e-01	8.8461511e-02
3.6526077098e-01	8.6756865e-02
3.6535147392e-01	8.6710320e-02
3.6544217687e-01	8.4275940e-02
3.6553287982e-01	8.2358595e-02
3.6562358277e-01	7.8894656e-02
3.6571428571e-01	7.8836706e-02
3.6580498866e-01	7.7489268e-02
3.6589569161e-01	7.2810173e-02
3.6598639456e-01	6.9404708e-02
3.6607709751e-01	6.5648761e-02
3.6616780045e-01	6.1557048e-02
3.6625850340e-01	5.5936873e-02
3.6634920635e-01	5.2436025e-02
3.6643990930e-01	5.0448889e-02
3.6653061224e-01	4.5641779e-02
3.6662131519e-01	4.0087615e-02
3.6671201814e-01	3.7463417e-02
3.6680272109e-01	3.5352967e-02
3.6689342404e-01	3.5161525e-02
3.6698412698e-01	3.4465321e-02
3.6707482993e-01	3.5621269e-02
3.6716553288e-01	3.6970329e-02
3.6725623583e-01	3.8814505e-02
3.6734693878e-01	3.9351932e-02
3.6743764172e-01	4.1468597e-02
3.6752834467e-01	4.5043165e-02
3.6761904762e-01	4.9050639e-02
3.6770975057e-01	5.0486903e-02
3.6780045351e-01	5.3237524e-02
3.6789115646e-01	5.5099572e-02
3.6798185941e-01	5.6585152e-02
3.6807256236e-01	5.7096129e-02
3.6816326531e-01	5.7922573e-02
3.6825396825e-01	6.0795274e-02
3.6834467120e-01	6.2711115e-02
3.6843537415e-01	6.1983233e-02
3.6852607710e-01	6.2921205e-02
3.6861678005e-01	6.3342964e-02
3.6870748299e-01	6.2762487e-02
3.6879818594e-01	6.3104097e-02
3.6888888889e-01	6.3986476e-02
3.6897959184e-01	6.4819482e-02
3.6907029478e-01	6.4836906e-02
3.6916099773e-01	6.6951909e-02
3.6925170068e-01	6.5056713e-02
3.6934240363e-01	6.7098078e-02
3.6943310658e-01	6.7281484e-02
3.6952380952e-01	5.2313680e-02
3.6961451247e-01	6.2643851e-02
3.6970521542e-01	6.6553210e-02
3.6979591837e-01	6.3341034e-02
3.6988662132e-01	6.2668664e-02
3.6997732426e-01	6.1957946e-02
3.7006802721e-01	5.9462550e-02
3.7015873016e-01	5.4994244e-02
3.7024943311e-01	5.0452382e-02
3.7034013605e-01	4.6905727e-02
3.7043083900e-01	4.1367519e-02
3.7052154195e-01	3.6348360e-02
3.7061224490e-01	3.2949846e-02
3.7070294785e-01	2.8527954e-02
3.7079365079e-01	2.4190974e-02
3.7088435374e-01	2.1150989e-02
3.7097505669e-01	1.6257671e-02
3.7106575964e-01	1.3243482e-02
3.7115646259e-01	1.2099030e-02
3.7124716553e-01	7.4146951e-03
3.7133786848e-01	3.9357258e-03
3.7142857143e-01	2.5122459e-03
3.7151927438e-01	-1.7853500e-04
3.7160997732e-01	-2.9459208e-03
3.7170068027e-01	-5.0194484e-03
3.7179138322e-01	-6.2027008e-03
3.7188208617e-01	-7.7833583e-03
3.7197278912e-01	-9.1001086e-03
3.7206349206e-01	-9.5695174e-03
3.7215419501e-01	-9.1943890e-03
3.7224489796e-01	-1.1385635e-02
3.7233560091e-01	-1.1840086e-02
3.7242630385e-01	-1.0582366e-02
3.7251700680e-01	-1.3615800e-02
3.7260770975e-01	-1.4016513e-02
3.7269841270e-01	-1.5743191e-02
3.7278911565e-01	-1.7302369e-02
3.7287981859e-01	-2.0361067e-02
3.7297052154e-01	-2.2914117e-02
3.7306122449e-01	-2.3922119e-02
3.7315192744e-01	-2.5191581e-02
3.7324263039e-01	-2.9549529e-02
3.7333333333e-01	-3.1993349e-02
3.7342403628e-01	-3.5671023e-02
3.7351473923e-01	-3.7548098e-02
3.7360544218e-01	-4.2379414e-02
3.7369614512e-01	-4.5628323e-02
3.7378684807e-01	-4.9359099e-02
3.7387755102e-01	-5.2689581e-02
3.7396825397e-01	-5.8166606e-02
3.7405895692e-01	-6.2626615e-02
3.7414965986e-01	-6.4315641e-02
3.7424036281e-01	-7.1379788e-02
3.7433106576e-01	-7.5919948e-02
3.7442176871e-01	-8.0763795e-02
3.7451247166e-01	-8.6110322e-02
3.7460317460e-01	-8.9174853e-02
3.7469387755e-01	-9.3759513e-02
3.7478458050e-01	-9.8822017e-02
3.7487528345e-01	-1.0058784e-01
3.7496598639e-01	-1.0387508e-01
3.7505668934e-01	-1.0612621e-01
3.7514739229e-01	-1.0868616e-01
3.7523809524e-01	-1.1211919e-01
3.7532879819e-01	-1.1457344e-01
3.7541950113e-01	-1.1693763e-01
3.7551020408e-01	-1.1847103e-01
3.7560090703e-01	-1.2114355e-01
3.7569160998e-01	-1.2388638e-01
3.7578231293e-01	-1.2663674e-01
3.7587301587e-01	-1.2887314e-01
3.7596371882e-01	-1.3188199e-01
3.7605442177e-01	-1.3283013e-01
3.7614512472e-01	-1.3445082e-01
3.7623582766e-01	-1.3595483e-01
3.7632653061e-01	-1.3589650e-01
3.7641723356e-01	-1.3726770e-01
3.7650793651e-01	-1.3762973e-01
3.7659863946e-01	-1.3774560e-01
3.7668934240e-01	-1.3615624e-01
3.7678004535e-01	-1.3436727e-01
3.7687074830e-01	-1.3340509e-01
3.7696145125e-01	-1.3124732e-01
3.7705215420e-01	-1.2892570e-01
3.7714285714e-01	-1.2546523e-01
3.7723356009e-01	-1.2150260e-01
3.7732426304e-01	-1.1639776e-01
3.7741496599e-01	-1.1190475e-01
3.7750566893e-01	-1.0751293e-01
3.7759637188e-01	-1.0183165e-01
3.7768707483e-01	-9.5295755e-02
3.7777777778e-01	-9.0203919e-02
3.7786848073e-01	-8.3415147e-02
3.7795918367e-01	-7.7248994e-02
3.7804988662e-01	-7.2361038e-02
3.7814058957e-01	-6.5683981e-02
3.7823129252e-01	-5.9293674e-02
3.7832199546e-01	-5.4412826e-02
3.7841269841e-01	-4.9310971e-02
3.7850340136e-01	-4.3293040e-02
3.7859410431e-01	-3.9142317e-02
3.7868480726e-01	-3.4999996e-02
3.7877551020e-01	-3.1245130e-02
3.7886621315e-01	-2.6371946e-02
3.7895691610e-01	-2.2788534e-02
3.7904761905e-01	-1.9937079e-02
3.7913832200e-01	-1.5152102e-02
3.7922902494e-01	-1.1271408e-02
3.7931972789e-01	-7.5505478e-03
3.7941043084e-01	-4.2487031e-03
3.7950113379e-01	-1.0607499e-03
3.7959183673e-01	2.7572332e-03
3.7968253968e-01	5.9227195e-03
3.7977324263e-01	8.5037071e-03
3.7986394558e-01	1.1233146e-02
3.7995464853e-01	1.4087190e-02
3.8004535147e-01	1.7166938e-02
3.8013605442e-01	2.2024688e-02
3.8022675737e-01	2.5801095e-02
3.8031746032e-01	2.7501999e-02
3.8040816327e-01	3.1613446e-02
3.8049886621e-01	3.6308100e-02
3.8058956916e-01	3.9780962e-02
3.8068027211e-01	4.3048440e-02
3.8077097506e-01	4.7693731e-02
3.8086167800e-01	5.3117801e-02
3.8095238095e-01	5.6455924e-02
3.8104308390e-01	5.9501612e-02
3.8113378685e-01	6.4383648e-02
3.8122448980e-01	6.7454398e-02
3.8131519274e-01	7.1185284e-02
3.8140589569e-01	7.2948338e-02
3.8149659864e-01	7.4019687e-02
3.8158730159e-01	7.6087479e-02
3.8167800454e-01	7.6980723e-02
3.8176870748e-01	7.9142487e-02
3.8185941043e-01	8.0506182e-02
3.8195011338e-01	7.6615537e-02
3.8204081633e-01	6.6666910e-02
3.8213151927e-01	8.1784074e-02
3.8222222222e-01	8.2965920e-02
3.8231292517e-01	8.4637247e-02
3.8240362812e-01	8.4675869e-02
3.8249433107e-01	8.5699752e-02
3.8258503401e-01	8.6838322e-02
3.8267573696e-01	8.7863708e-02
3.8276643991e-01	8.9285721e-02
3.8285714286e-01	8.9535732e-02
3.8294784580e-01	9.0421346e-02
3.8303854875e-01	9.0007026e-02
3.8312925170e-01	8.9335209e-02
3.8321995465e-01	8.8443718e-02
3.8331065760e-01	8.7615232e-02
3.8340136054e-01	8.6346720e-02
3.8349206349e-01	8.3242151e-02
3.8358276644e-01	8.1255321e-02
3.8367346939e-01	8.0158835e-02
3.8376417234e-01	7.8128659e-02
3.8385487528e-01	7.4275650e-02
3.8394557823e-01	7.0874103e-02
3.8403628118e-01	6.7934138e-02
3.8412698413e-01	6.4255188e-02
3.8421768707e-01	6.0098776e-02
3.8430839002e-01	5.5232873e-02
3.8439909297e-01	5.0064615e-02
3.8448979592e-01	4.7464698e-02
3.8458049887e-01	4.4225116e-02
3.8467120181e-01	3.9295600e-02
3.8476190476e-01	3.5472791e-02
3.8485260771e-01	3.1765716e-02
3.8494331066e-01	3.0935013e-02
3.8503401361e-01	3.0487448e-02
3.8512471655e-01	3.2906766e-02
3.8521541950e-01	3.3076593e-02
3.8530612245e-01	3.5066140e-02
3.8539682540e-01	3.6485218e-02
3.8548752834e-01	3.7726264e-02
3.8557823129e-01	4.1187178e-02
3.8566893424e-01	4.4197632e-02
3.8575963719e-01	4.6517383e-02
3.8585034014e-01	5.0348498e-02
3.8594104308e-01	5.3825576e-02
3.8603174603e-01	5.5590737e-02
3.8612244898e-01	5.6021792e-02
3.8621315193e-01	5.8008999e-02
3.8630385488e-01	5.8082926e-02
3.8639455782e-01	5.9820274e-02
3.8648526077e-01	6.0283387e-02
3.8657596372e-01	6.2983282e-02
3.8666666667e-01	6.3616380e-02
3.8675736961e-01	6.4512402e-02
3.8684807256e-01	6.4624627e-02
3.8693877551e-01	6.4018864e-02
3.8702947846e-01	6.4329659e-02
3.8712018141e-01	6.5350476e-02
3.8721088435e-01	6.7232659e-02
3.8730158730e-01	6.8886758e-02
3.8739229025e-01	7.0301515e-02
3.8748299320e-01	7.0720414e-02
3.8757369615e-01	6.9907767e-02
3.8766439909e-01	6.9645823e-02
3.8775510204e-01	6.8857869e-02
3.8784580499e-01	6.6470881e-02
3.8793650794e-01	6.7416961e-02
3.8802721088e-01	6.4560570e-02
3.8811791383e-01	6.1325813e-02
3.8820861678e-01	5.7836267e-02
3.8829931973e-01	5.5833987e-02
3.8839002268e-01	5.0601942e-02
3.8848072562e-01	4.3874541e-02
3.8857142857e-01	3.9733192e-02
3.8866213152e-01	3.5403594e-02
3.8875283447e-01	3.1456937e-02
3.8884353741e-01	2.7253789e-02
3.8893424036e-01	2.4436125e-02
3.8902494331e-01	1.9050856e-02
3.8911564626e-01	1.6416119e-02
3.8920634921e-01	1.3154648e-02
3.8929705215e-01	8.7604781e-03
3.8938775510e-01	6.7325222e-03
3.8947845805e-01	4.1332997e-03
3.8956916100e-01	1.4329268e-04
3.8965986395e-01	-3.3630224e-03
3.8975056689e-01	-4.2511113e-03
3.8984126984e-01	-5.3208007e-03
3.8993197279e-01	-7.3098911e-03
3.9002267574e-01	-9.1610974e-03
3.9011337868e-01	-1.0742451e-02
3.9020408163e-01	-1.2090428e-02
3.9029478458e-01	-1.2834635e-02
3.9038548753e-01	-1.3377527e-02
3.9047619048e-01	-1.2432150e-02
3.9056689342e-01	-1.2332867e-02
3.9065759637e-01	-1.2371131e-02
3.9074829932e-01	-1.4797676e-02
3.9083900227e-01	-1.7287559e-02
3.9092970522e-01	-1.9272282e-02
3.9102040816e-01	-2.1645833e-02
3.9111111111e-01	-2.2451676e-02
3.9120181406e-01	-2.6571865e-02
3.9129251701e-01	-3.0069433e-02
3.9138321995e-01	-3.1289631e-02
3.9147392290e-01	-3.4231498e-02
3.9156462585e-01	-3.7881317e-02
3.9165532880e-01	-4.1030634e-02
3.9174603175e-01	-4.5180553e-02
3.9183673469e-01	-4.8899935e-02
3.9192743764e-01	-5.1643375e-02
3.9201814059e-01	-5.5661853e-02
3.9210884354e-01	-6.0100281e-02
3.9219954649e-01	-6.3696944e-02
3.9229024943e-01	-6.7447532e-02
3.9238095238e-01	-7.2536269e-02
3.9247165533e-01	-7.5468228e-02
3.9256235828e-01	-8.0663238e-02
3.9265306122e-01	-8.5389466e-02
3.9274376417e-01	-8.8142613e-02
3.9283446712e-01	-9.1924277e-02
3.9292517007e-01	-9.4835325e-02
3.9301587302e-01	-9.8105858e-02
3.9310657596e-01	-1.0056059e-01
3.9319727891e-01	-1.0362726e-01
3.9328798186e-01	-1.0618930e-01
3.9337868481e-01	-1.0918291e-01
3.9346938776e-01	-1.1412697e-01
3.9356009070e-01	-1.1573175e-01
3.9365079365e-01	-1.1720171e-01
3.9374149660e-01	-1.1849876e-01
3.9383219955e-01	-1.2173438e-01
3.9392290249e-01	-1.2296198e-01
3.9401360544e-01	-1.2700973e-01
3.9410430839e-01	-1.2970382e-01
3.9419501134e-01	-1.3154426e-01
3.9428571429e-01	-1.3335912e-01
3.9437641723e-01	-1.3208513e-01
3.9446712018e-01	-1.4336899e-01
3.9455782313e-01	-1.5161460e-01
3.9464852608e-01	-1.3369460e-01
3.9473922902e-01	-1.3453701e-01
3.9482993197e-01	-1.3232951e-01
3.9492063492e-01	-1.3146489e-01
3.9501133787e-01	-1.2908622e-01
3.9510204082e-01	-1.2621244e-01
3.9519274376e-01	-1.2531938e-01
3.9528344671e-01	-1.2085233e-01
3.9537414966e-01	-1.1604264e-01
3.9546485261e-01	-1.1157018e-01
3.9555555556e-01	-1.0592510e-01
3.9564625850e-01	-9.8895945e-02
3.9573696145e-01	-9.3656522e-02
3.9582766440e-01	-8.9012937e-02
3.9591836735e-01	-8.1278578e-02
3.9600907029e-01	-7.4989992e-02
3.9609977324e-01	-6.9197534e-02
3.9619047619e-01	-6.2415007e-02
3.9628117914e-01	-5.7894794e-02
3.9637188209e-01	-5.1975772e-02
3.9646258503e-01	-4.7521951e-02
3.9655328798e-01	-4.2582360e-02
3.9664399093e-01	-3.7479423e-02
3.9673469388e-01	-3.4168323e-02
3.9682539683e-01	-2.8805191e-02
3.9691609977e-01	-2.6009694e-02
3.9700680272e-01	-2.3170958e-02
3.9709750567e-01	-1.8850779e-02
3.9718820862e-01	-1.5308439e-02
3.9727891156e-01	-1.0552100e-02
3.9736961451e-01	-6.9920617e-03
3.9746031746e-01	-3.5703009e-03
3.9755102041e-01	-7.7257779e-04
3.9764172336e-01	2.0553235e-03
3.9773242630e-01	5.0848590e-03
3.9782312925e-01	7.5328046e-03
3.9791383220e-01	1.1657536e-02
3.9800453515e-01	1.4411575e-02
3.9809523810e-01	1.6384812e-02
3.9818594104e-01	1.9451907e-02
3.9827664399e-01	2.3957566e-02
3.9836734694e-01	2.6961734e-02
3.9845804989e-01	2.9183453e-02
3.9854875283e-01	3.4008826e-02
3.9863945578e-01	3.8773660e-02
3.9873015873e-01	4.1327943e-02
3.9882086168e-01	4.4735939e-02
3.9891156463e-01	4.7811193e-02
3.9900226757e-01	5.2000952e-02
3.9909297052e-01	5.6789421e-02
3.9918367347e-01	5.8588712e-02
3.9927437642e-01	6.0682002e-02
3.9936507937e-01	6.6331029e-02
3.9945578231e-01	6.9515442e-02
3.9954648526e-01	7.2315759e-02
3.9963718821e-01	7.3209666e-02
3.9972789116e-01	7.3982584e-02
3.9981859410e-01	7.5317507e-02
3.9990929705e-01	7.6796730e-02
4.0000000000e-01	7.9070327e-02
4.0009070295e-01	7.8729620e-02
4.0018140590e-01	7.8582619e-02
4.0027210884e-01	7.9289044e-02
4.0036281179e-01	8.0864441e-02
4.0045351474e-01	7.9439221e-02
4.0054421769e-01	8.0652172e-02
4.0063492063e-01	8.2853857e-02
4.0072562358e-01	8.5610575e-02
4.0081632653e-01	8.5061799e-02
4.0090702948e-01	8.5674543e-02
4.0099773243e-01	8.5843969e-02
4.0108843537e-01	8.4701789e-02
4.0117913832e-01	8.4968516e-02
4.0126984127e-01	8.4746863e-02
4.0136054422e-01	8.5443672e-02
4.0145124717e-01	8.1902358e-02
4.0154195011e-01	7.9736850e-02
4.0163265306e-01	7.8607361e-02
4.0172335601e-01	7.8837417e-02
4.0181405896e-01	7.5870737e-02
4.0190476190e-01	7.1541129e-02
4.0199546485e-01	6.7504056e-02
4.0208616780e-01	6.4550026e-02
4.0217687075e-01	6.1654177e-02
4.0226757370e-01	5.7859137e-02
4.0235827664e-01	5.4921096e-02
4.0244897959e-01	5.0221951e-02
4.0253968254e-01	4.5871171e-02
4.0263038549e-01	4.1815656e-02
4.0272108844e-01	3.7449129e-02
4.0281179138e-01	3.6386183e-02
4.0290249433e-01	3.3164984e-02
4.0299319728e-01	3.1397728e-02
4.0308390023e-01	3.0747808e-02
4.0317460317e-01	2.8997043e-02
4.0326530612e-01	3.0413213e-02
4.0335600907e-01	3.1489418e-02
4.0344671202e-01	3.3378067e-02
4.0353741497e-01	3.5660930e-02
4.0362811791e-01	3.8338635e-02
4.0371882086e-01	4.0766551e-02
4.0380952381e-01	4.3510428e-02
4.0390022676e-01	4.6367230e-02
4.0399092971e-01	4.8144048e-02
4.0408163265e-01	5.0944224e-02
4.0417233560e-01	5.4143392e-02
4.0426303855e-01	5.6342184e-02
4.0435374150e-01	5.7302068e-02
4.0444444444e-01	5.9085765e-02
4.0453514739e-01	6.1535215e-02
4.0462585034e-01	6.1546268e-02
4.0471655329e-01	6.2175329e-02
4.0480725624e-01	6.3516243e-02
4.0489795918e-01	6.4311809e-02
4.0498866213e-01	6.5455219e-02
4.0507936508e-01	6.6283904e-02
4.0517006803e-01	6.6257920e-02
4.0526077098e-01	6.5784705e-02
4.0535147392e-01	6.8881361e-02
4.0544217687e-01	7.0308378e-02
4.0553287982e-01	7.0178468e-02
4.0562358277e-01	7.1504541e-02
4.0571428571e-01	7.2444141e-02
4.0580498866e-01	7.0924396e-02
4.0589569161e-01	7.0659999e-02
4.0598639456e-01	6.9469110e-02
4.0607709751e-01	6.7722363e-02
4.0616780045e-01	6.5073836e-02
4.0625850340e-01	6.2793031e-02
4.0634920635e-01	5.8451659e-02
4.0643990930e-01	5.4928908e-02
4.0653061224e-01	5.2104358e-02
4.0662131519e-01	4.8723136e-02
4.0671201814e-01	4.5212634e-02
4.0680272109e-01	3.9359277e-02
4.0689342404e-01	3.6371237e-02
4.0698412698e-01	1.9671399e-02
4.0707482993e-01	1.4391429e-02
4.0716553288e-01	2.6204019e-02
4.0725623583e-01	1.9763900e-02
4.0734693878e-01	1.6963138e-02
4.0743764172e-01	1.3695854e-02
4.0752834467e-01	9.3802423e-03
4.0761904762e-01	6.1546854e-03
4.0770975057e-01	4.6532033e-03
4.0780045351e-01	1.2724776e-04
4.0789115646e-01	-1.2329313e-03
4.0798185941e-01	-2.5136076e-03
4.0807256236e-01	-5.0568358e-03
4.0816326531e-01	-7.1524001e-03
4.0825396825e-01	-7.7597213e-03
4.0834467120e-01	-7.4332647e-03
4.0843537415e-01	-9.2960522e-03
4.0852607710e-01	-1.0544914e-02
4.0861678005e-01	-1.2585078e-02
4.0870748299e-01	-1.1548896e-02
4.0879818594e-01	-1.2963958e-02
4.0888888889e-01	-1.5589490e-02
4.0897959184e-01	-1.6363835e-02
4.0907029478e-01	-1.9551203e-02
4.0916099773e-01	-2.2182337e-02
4.0925170068e-01	-2.5390695e-02
4.0934240363e-01	-2.8571057e-02
4.0943310658e-01	-3.1086525e-02
4.0952380952e-01	-3.3462350e-02
4.0961451247e-01	-3.7213839e-02
4.0970521542e-01	-4.0297908e-02
4.0979591837e-01	-4.4454136e-02
4.0988662132e-01	-4.7100216e-02
4.0997732426e-01	-5.1693782e-02
4.1006802721e-01	-5.5036406e-02
4.1015873016e-01	-5.6742399e-02
4.1024943311e-01	-5.9716701e-02
4.1034013605e-01	-6.4487808e-02
4.1043083900e-01	-6.7815779e-02
4.1052154195e-01	-7.1292214e-02
4.1061224490e-01	-7.5734707e-02
4.1070294785e-01	-7.8644645e-02
4.1079365079e-01	-8.3561517e-02
4.1088435374e-01	-8.6684007e-02
4.1097505669e-01	-9.0311064e-02
4.1106575964e-01	-9.3898122e-02
4.1115646259e-01	-9.6337130e-02
4.1124716553e-01	-9.8179779e-02
4.1133786848e-01	-1.0029097e-01
4.1142857143e-01	-1.0325065e-01
4.1151927438e-01	-1.0825931e-01
4.1160997732e-01	-1.0952804e-01
4.1170068027e-01	-1.1038675e-01
4.1179138322e-01	-1.1519644e-01
4.1188208617e-01	-1.1817468e-01
4.1197278912e-01	-1.2107667e-01
4.1206349206e-01	-1.2305401e-01
4.1215419501e-01	-1.2638960e-01
4.1224489796e-01	-1.2902054e-01
4.1233560091e-01	-1.3133558e-01
4.1242630385e-01	-1.3245216e-01
4.1251700680e-01	-1.3383396e-01
4.1260770975e-01	-1.3674213e-01
4.1269841270e-01	-1.3724619e-01
4.1278911565e-01	-1.3657084e-01
4.1287981859e-01	-1.3579545e-01
4.1297052154e-01	-1.3489855e-01
4.1306122449e-01	-1.3320956e-01
4.1315192744e-01	-1.2977557e-01
4.1324263039e-01	-1.2920702e-01
4.1333333333e-01	-1.2705969e-01
4.1342403628e-01	-1.2211713e-01
4.1351473923e-01	-1.1715957e-01
4.1360544218e-01	-1.1430370e-01
4.1369614512e-01	-1.0830222e-01
4.1378684807e-01	-1.0220898e-01
4.1387755102e-01	-9.5518901e-02
4.1396825397e-01	-9.0153884e-02
4.1405895692e-01	-8.4012819e-02
4.1414965986e-01	-7.7309551e-02
4.1424036281e-01	-7.2749988e-02
4.1433106576e-01	-6.6126438e-02
4.1442176871e-01	-6.1035058e-02
4.1451247166e-01	-5.5008948e-02
4.1460317460e-01	-4.8867322e-02
4.1469387755e-01	-4.4896017e-02
4.1478458050e-01	-4.0516831e-02
4.1487528345e-01	-3.5830716e-02
4.1496598639e-01	-3.1636754e-02
4.1505668934e-01	-2.7183031e-02
4.1514739229e-01	-2.4709769e-02
4.1523809524e-01	-2.1441460e-02
4.1532879819e-01	-1.7984776e-02
4.1541950113e-01	-1.2434995e-02
4.1551020408e-01	-8.2955271e-03
4.1560090703e-01	-4.9539497e-03
4.1569160998e-01	-1.5585229e-03
4.1578231293e-01	9.7045681e-04
4.1587301587e-01	4.5428426e-03
4.1596371882e-01	8.9415117e-03
4.1605442177e-01	1.1469545e-02
4.1614512472e-01	1.5460864e-02
4.1623582766e-01	1.9800103e-02
4.1632653061e-01	2.2666171e-02
4.1641723356e-01	2.4726235e-02
4.1650793651e-01	3.0920801e-02
4.1659863946e-01	3.4209765e-02
4.1668934240e-01	3.8859207e-02
4.1678004535e-01	4.1990329e-02
4.1687074830e-01	4.5270148e-02
4.1696145125e-01	4.8594541e-02
4.1705215420e-01	5.2232009e-02
4.1714285714e-01	5.6933705e-02
4.1723356009e-01	5.8596257e-02
4.1732426304e-01	5.9585607e-02
4.1741496599e-01	6.3010152e-02
4.1750566893e-01	6.5979201e-02
4.1759637188e-01	6.6637142e-02
4.1768707483e-01	6.7997560e-02
4.1777777778e-01	7.0008606e-02
4.1786848073e-01	7.3695970e-02
4.1795918367e-01	7.5569407e-02
4.1804988662e-01	7.5334700e-02
4.1814058957e-01	7.6813948e-02
4.1823129252e-01	7.9558044e-02
4.1832199546e-01	7.9530621e-02
4.1841269841e-01	7.9314552e-02
4.1850340136e-01	7.9572089e-02
4.1859410431e-01	8.1200531e-02
4.1868480726e-01	8.1986312e-02
4.1877551020e-01	8.3765749e-02
4.1886621315e-01	8.4475646e-02
4.1895691610e-01	8.4430449e-02
4.1904761905e-01	8.3612971e-02
4.1913832200e-01	8.4630637e-02
4.1922902494e-01	8.6303088e-02
4.1931972789e-01	8.3222916e-02
4.1941043084e-01	8.3520943e-02
4.1950113379e-01	6.9373756e-02
4.1959183673e-01	7.3414074e-02
4.1968253968e-01	8.0859728e-02
4.1977324263e-01	7.8631711e-02
4.1986394558e-01	7.7413774e-02
4.1995464853e-01	7.3443132e-02
4.2004535147e-01	7.1743346e-02
4.2013605442e-01	6.9687804e-02
4.2022675737e-01	6.5379488e-02
4.2031746032e-01	5.9876943e-02
4.2040816327e-01	5.7424324e-02
4.2049886621e-01	5.3633442e-02
4.2058956916e-01	4.9215081e-02
4.2068027211e-01	4.5297662e-02
4.2077097506e-01	4.1797072e-02
4.2086167800e-01	3.7824756e-02
4.2095238095e-01	3.5678538e-02
4.2104308390e-01	3.2972087e-02
4.2113378685e-01	3.0993860e-02
4.2122448980e-01	2.8937998e-02
4.2131519274e-01	2.9615111e-02
4.2140589569e-01	3.1894912e-02
4.2149659864e-01	3.1416395e-02
4.2158730159e-01	3.2948775e-02
4.2167800454e-01	3.3152935e-02
4.2176870748e-01	3.7584654e-02
4.2185941043e-01	4.0554077e-02
4.2195011338e-01	4.2486303e-02
4.2204081633e-01	4.4614459e-02
4.2213151927e-01	4.7734423e-02
4.2222222222e-01	5.0053982e-02
4.2231292517e-01	5.1225027e-02
4.2240362812e-01	5.4761222e-02
4.2249433107e-01	5.6802420e-02
4.2258503401e-01	5.6399569e-02
4.2267573696e-01	5.6809988e-02
4.2276643991e-01	5.7482899e-02
4.2285714286e-01	5.7677842e-02
4.2294784580e-01	5.9661263e-02
4.2303854875e-01	6.0376817e-02
4.2312925170e-01	6.0635132e-02
4.2321995465e-01	6.1675046e-02
4.2331065760e-01	6.3643592e-02
4.2340136054e-01	6.4250005e-02
4.2349206349e-01	6.5356378e-02
4.2358276644e-01	6.7732846e-02
4.2367346939e-01	6.8224110e-02
4.2376417234e-01	6.8425253e-02
4.2385487528e-01	6.8279556e-02
4.2394557823e-01	6.7238723e-02
4.2403628118e-01	6.7950054e-02
4.2412698413e-01	6.6909717e-02
4.2421768707e-01	6.4313080e-02
4.2430839002e-01	6.1153258e-02
4.2439909297e-01	5.8009616e-02
4.2448979592e-01	5.4750272e-02
4.2458049887e-01	5.1206632e-02
4.2467120181e-01	4.6865595e-02
4.2476190476e-01	4.2070552e-02
4.2485260771e-01	3.9236529e-02
4.2494331066e-01	3.5165968e-02
4.2503401361e-01	2.9624069e-02
4.2512471655e-01	2.7443664e-02
4.2521541950e-01	2.3869339e-02
4.2530612245e-01	2.1178043e-02
4.2539682540e-01	1.7844651e-02
4.2548752834e-01	1.2535597e-02
4.2557823129e-01	1.0114198e-02
4.2566893424e-01	7.7156617e-03
4.2575963719e-01	5.2841941e-03
4.2585034014e-01	3.4000653e-03
4.2594104308e-01	2.6768547e-03
4.2603174603e-01	2.9495531e-04
4.2612244898e-01	-2.8509234e-03
4.2621315193e-01	-2.4763634e-03
4.2630385488e-01	-4.2119049e-03
4.2639455782e-01	-5.8328692e-03
4.2648526077e-01	-6.0085424e-03
4.2657596372e-01	-6.0310055e-03
4.2666666667e-01	-6.4099540e-03
4.2675736961e-01	-6.1020971e-03
4.2684807256e-01	-8.0964931e-03
4.2693877551e-01	-1.0133068e-02
4.2702947846e-01	-1.2700008e-02
4.2712018141e-01	-1.3817766e-02
4.2721088435e-01	-1.6887702e-02
4.2730158730e-01	-1.9555275e-02
4.2739229025e-01	-2.1719533e-02
4.2748299320e-01	-2.3388027e-02
4.2757369615e-01	-2.7188639e-02
4.2766439909e-01	-3.0440531e-02
4.2775510204e-01	-3.1166896e-02
4.2784580499e-01	-3.5618710e-02
4.2793650794e-01	-3.7604763e-02
4.2802721088e-01	-4.0252166e-02
4.2811791383e-01	-4.4171734e-02
4.2820861678e-01	-4.6759115e-02
4.2829931973e-01	-5.0872918e-02
4.2839002268e-01	-5.3494335e-02
4.2848072562e-01	-5.7407108e-02
4.2857142857e-01	-6.1003837e-02
4.2866213152e-01	-6.5329690e-02
4.2875283447e-01	-6.9185628e-02
4.2884353741e-01	-7.1531782e-02
4.2893424036e-01	-7.5529094e-02
4.2902494331e-01	-7.9592281e-02
4.2911564626e-01	-8.1941442e-02
4.2920634921e-01	-8.5874074e-02
4.2929705215e-01	-8.8709101e-02
4.2938775510e-01	-9.1226409e-02
4.2947845805e-01	-9.5622276e-02
4.2956916100e-01	-9.6958206e-02
4.2965986395e-01	-9.8813947e-02
4.2975056689e-01	-1.0145739e-01
4.2984126984e-01	-1.0512916e-01
4.2993197279e-01	-1.0905978e-01
4.3002267574e-01	-1.1038589e-01
4.3011337868e-01	-1.1264238e-01
4.3020408163e-01	-1.1569546e-01
4.3029478458e-01	-1.1938373e-01
4.3038548753e-01	-1.2039481e-01
4.3047619048e-01	-1.2390222e-01
4.3056689342e-01	-1.2623391e-01
4.3065759637e-01	-1.2795646e-01
4.3074829932e-01	-1.2833162e-01
4.3083900227e-01	-1.2932238e-01
4.3092970522e-01	-1.3048933e-01
4.3102040816e-01	-1.3048197e-01
4.3111111111e-01	-1.2948500e-01
4.3120181406e-01	-1.2812451e-01
4.3129251701e-01	-1.2572014e-01
4.3138321995e-01	-1.2433413e-01
4.3147392290e-01	-1.2212584e-01
4.3156462585e-01	-1.1774203e-01
4.3165532880e-01	-1.1279987e-01
4.3174603175e-01	-1.0896987e-01
4.3183673469e-01	-1.0342501e-01
4.3192743764e-01	-9.8150385e-02
4.3201814059e-01	-1.0792651e-01
4.3210884354e-01	-9.1738444e-02
4.3219954649e-01	-8.0989782e-02
4.3229024943e-01	-7.5589631e-02
4.3238095238e-01	-7.0322627e-02
4.3247165533e-01	-6.5994796e-02
4.3256235828e-01	-6.0990869e-02
4.3265306122e-01	-5.5274106e-02
4.3274376417e-01	-5.0981543e-02
4.3283446712e-01	-4.6917014e-02
4.3292517007e-01	-4.2897000e-02
4.3301587302e-01	-3.8756391e-02
4.3310657596e-01	-3.6025180e-02
4.3319727891e-01	-3.0877615e-02
4.3328798186e-01	-2.7948071e-02
4.3337868481e-01	-2.5631763e-02
4.3346938776e-01	-2.0988657e-02
4.3356009070e-01	-1.8741330e-02
4.3365079365e-01	-1.5336916e-02
4.3374149660e-01	-1.0259629e-02
4.3383219955e-01	-6.9250825e-03
4.3392290249e-01	-3.9733171e-03
4.3401360544e-01	-1.8699102e-03
4.3410430839e-01	1.6083299e-03
4.3419501134e-01	6.7206122e-03
4.3428571429e-01	8.8247452e-03
4.3437641723e-01	1.3488558e-02
4.3446712018e-01	1.6464707e-02
4.3455782313e-01	2.0934843e-02
4.3464852608e-01	2.4345624e-02
4.3473922902e-01	2.5566574e-02
4.3482993197e-01	2.9618754e-02
4.3492063492e-01	3.3987980e-02
4.3501133787e-01	3.7308327e-02
4.3510204082e-01	4.1163735e-02
4.3519274376e-01	4.5101825e-02
4.3528344671e-01	4.8188867e-02
4.3537414966e-01	4.9453649e-02
4.3546485261e-01	5.3544020e-02
4.3555555556e-01	5.6443126e-02
4.3564625850e-01	5.8026989e-02
4.3573696145e-01	6.0506220e-02
4.3582766440e-01	6.2701768e-02
4.3591836735e-01	6.4480332e-02
4.3600907029e-01	6.6736222e-02
4.3609977324e-01	6.8938031e-02
4.3619047619e-01	7.0362200e-02
4.3628117914e-01	7.3773697e-02
4.3637188209e-01	7.4424106e-02
4.3646258503e-01	7.3249162e-02
4.3655328798e-01	7.4886420e-02
4.3664399093e-01	7.9344067e-02
4.3673469388e-01	7.9177584e-02
4.3682539683e-01	7.9056782e-02
4.3691609977e-01	8.0948084e-02
4.3700680272e-01	8.1032842e-02
4.3709750567e-01	8.0224724e-02
4.3718820862e-01	8.3375589e-02
4.3727891156e-01	8.1755135e-02
4.3736961451e-01	8.0588294e-02
4.3746031746e-01	8.0827706e-02
4.3755102041e-01	8.1113300e-02
4.3764172336e-01	7.8394732e-02
4.3773242630e-01	7.8919803e-02
4.3782312925e-01	7.9368257e-02
4.3791383220e-01	7.8753458e-02
4.3800453515e-01	7.4544821e-02
4.3809523810e-01	7.0624032e-02
4.3818594104e-01	6.8556060e-02
4.3827664399e-01	6.4676251e-02
4.3836734694e-01	6.1810299e-02
4.3845804989e-01	5.9252882e-02
4.3854875283e-01	5.5821727e-02
4.3863945578e-01	5.2630230e-02
4.3873015873e-01	4.8816604e-02
4.3882086168e-01	4.5303253e-02
4.3891156463e-01	4.1313094e-02
4.3900226757e-01	3.6832160e-02
4.3909297052e-01	3.5041745e-02
4.3918367347e-01	3.2094596e-02
4.3927437642e-01	2.9244840e-02
4.3936507937e-01	3.0134838e-02
4.3945578231e-01	3.0840659e-02
4.3954648526e-01	3.1662146e-02
4.3963718821e-01	3.4028324e-02
4.3972789116e-01	3.7017914e-02
4.3981859410e-01	3.7699549e-02
4.3990929705e-01	3.9818771e-02
4.4000000000e-01	4.2940590e-02
4.4009070295e-01	4.4773509e-02
4.4018140590e-01	4.8342917e-02
4.4027210884e-01	4.9055749e-02
4.4036281179e-01	5.2181486e-02
4.4045351474e-01	5.5239498e-02
4.4054421769e-01	5.6154753e-02
4.4063492063e-01	5.6683571e-02
4.4072562358e-01	5.7298117e-02
4.4081632653e-01	5.7992486e-02
4.4090702948e-01	5.9208906e-02
4.4099773243e-01	5.7704843e-02
4.4108843537e-01	5.9989264e-02
4.4117913832e-01	6.0895800e-02
4.4126984127e-01	6.2359680e-02
4.4136054422e-01	6.3368335e-02
4.4145124717e-01	6.5188516e-02
4.4154195011e-01	6.7303280e-02
4.4163265306e-01	6.8726113e-02
4.4172335601e-01	6.8259810e-02
4.4181405896e-01	6.8356049e-02
4.4190476190e-01	6.8653130e-02
4.4199546485e-01	6.8952412e-02
4.4208616780e-01	6.8647016e-02
4.4217687075e-01	6.8250764e-02
4.4226757370e-01	6.4646884e-02
4.4235827664e-01	6.3530145e-02
4.4244897959e-01	6.0008550e-02
4.4253968254e-01	5.7393899e-02
4.4263038549e-01	5.3756696e-02
4.4272108844e-01	4.9737355e-02
4.4281179138e-01	4.5600138e-02
4.4290249433e-01	4.1695588e-02
4.4299319728e-01	3.6905162e-02
4.4308390023e-01	3.4673553e-02
4.4317460317e-01	3.1274905e-02
4.4326530612e-01	2.5779808e-02
4.4335600907e-01	2.2498447e-02
4.4344671202e-01	1.9317430e-02
4.4353741497e-01	1.4579698e-02
4.4362811791e-01	1.2387409e-02
4.4371882086e-01	9.2793119e-03
4.4380952381e-01	6.4090438e-03
4.4390022676e-01	3.5813605e-03
4.4399092971e-01	4.3376169e-04
4.4408163265e-01	1.5860514e-04
4.4417233560e-01	-1.9145125e-03
4.4426303855e-01	-2.2653397e-03
4.4435374150e-01	-3.8378692e-03
4.4444444444e-01	-8.6401822e-03
4.4453514739e-01	-2.3186887e-02
4.4462585034e-01	-9.6877282e-03
4.4471655329e-01	-4.9875557e-03
4.4480725624e-01	-8.5040982e-03
4.4489795918e-01	-1.1208069e-02
4.4498866213e-01	-1.2357434e-02
4.4507936508e-01	-1.2983608e-02
4.4517006803e-01	-1.5662668e-02
4.4526077098e-01	-1.7725182e-02
4.4535147392e-01	-1.9659710e-02
4.4544217687e-01	-2.2638772e-02
4.4553287982e-01	-2.2893970e-02
4.4562358277e-01	-2.5347273e-02
4.4571428571e-01	-2.8025074e-02
4.4580498866e-01	-3.1654919e-02
4.4589569161e-01	-3.3842418e-02
4.4598639456e-01	-3.6536287e-02
4.4607709751e-01	-3.8246193e-02
4.4616780045e-01	-4.2426916e-02
4.4625850340e-01	-4.4927458e-02
4.4634920635e-01	-4.7685074e-02
4.4643990930e-01	-5.1907807e-02
4.4653061224e-01	-5.3986011e-02
4.4662131519e-01	-5.6236605e-02
4.4671201814e-01	-6.0414921e-02
4.4680272109e-01	-6.3725153e-02
4.4689342404e-01	-6.6940885e-02
4.4698412698e-01	-6.9214921e-02
4.4707482993e-01	-7.4277336e-02
4.4716553288e-01	-7.6518533e-02
4.4725623583e-01	-7.9043957e-02
4.4734693878e-01	-8.1541959e-02
4.4743764172e-01	-8.3918975e-02
4.4752834467e-01	-8.8007566e-02
4.4761904762e-01	-9.0367114e-02
4.4770975057e-01	-9.2379912e-02
4.4780045351e-01	-9.6671372e-02
4.4789115646e-01	-9.8764709e-02
4.4798185941e-01	-1.0134394e-01
4.4807256236e-01	-1.0427806e-01
4.4816326531e-01	-1.0745553e-01
4.4825396825e-01	-1.1036532e-01
4.4834467120e-01	-1.1309392e-01
4.4843537415e-01	-1.1618965e-01
4.4852607710e-01	-1.1732442e-01
4.4861678005e-01	-1.2029664e-01
4.4870748299e-01	-1.2252100e-01
4.4879818594e-01	-1.2440041e-01
4.4888888889e-01	-1.2624374e-01
4.4897959184e-01	-1.2502159e-01
4.4907029478e-01	-1.2447587e-01
4.4916099773e-01	-1.2418379e-01
4.4925170068e-01	-1.2368274e-01
4.4934240363e-01	-1.2282953e-01
4.4943310658e-01	-1.1991216e-01
4.4952380952e-01	-1.1813501e-01
4.4961451247e-01	-1.1556441e-01
4.4970521542e-01	-1.1246997e-01
4.4979591837e-01	-1.0677909e-01
4.4988662132e-01	-1.0249956e-01
4.4997732426e-01	-9.8063571e-02
4.5006802721e-01	-9.4058981e-02
4.5015873016e-01	-8.8057464e-02
4.5024943311e-01	-8.2732531e-02
4.5034013605e-01	-7.7645581e-02
4.5043083900e-01	-7.2663722e-02
4.5052154195e-01	-6.6963444e-02
4.5061224490e-01	-6.1633377e-02
4.5070294785e-01	-5.7842915e-02
4.5079365079e-01	-5.4095546e-02
4.5088435374e-01	-4.7850752e-02
4.5097505669e-01	-4.5284591e-02
4.5106575964e-01	-4.0668281e-02
4.5115646259e-01	-3.5826745e-02
4.5124716553e-01	-3.3306249e-02
4.5133786848e-01	-2.8709544e-02
4.5142857143e-01	-2.5278729e-02
4.5151927438e-01	-2.3166603e-02
4.5160997732e-01	-1.8381419e-02
4.5170068027e-01	-1.6145076e-02
4.5179138322e-01	-1.3605093e-02
4.5188208617e-01	-8.8087412e-03
4.5197278912e-01	-5.8917079e-03
4.5206349206e-01	-2.6899929e-03
4.5215419501e-01	-7.9605370e-07
4.5224489796e-01	2.4034127e-03
4.5233560091e-01	6.5696868e-03
4.5242630385e-01	9.1654766e-03
4.5251700680e-01	1.3267355e-02
4.5260770975e-01	1.5069850e-02
4.5269841270e-01	1.7129402e-02
4.5278911565e-01	2.0534371e-02
4.5287981859e-01	2.5617146e-02
4.5297052154e-01	2.8666412e-02
4.5306122449e-01	3.1024059e-02
4.5315192744e-01	3.4283038e-02
4.5324263039e-01	3.8572236e-02
4.5333333333e-01	4.4384769e-02
4.5342403628e-01	4.5254887e-02
4.5351473923e-01	4.8710041e-02
4.5360544218e-01	5.3914553e-02
4.5369614512e-01	5.5628441e-02
4.5378684807e-01	5.5994665e-02
4.5387755102e-01	5.7846153e-02
4.5396825397e-01	6.1666808e-02
4.5405895692e-01	6.2577114e-02
4.5414965986e-01	6.4045468e-02
4.5424036281e-01	6.6347464e-02
4.5433106576e-01	6.7639820e-02
4.5442176871e-01	6.9598582e-02
4.5451247166e-01	7.2070769e-02
4.5460317460e-01	7.3169967e-02
4.5469387755e-01	7.5391758e-02
4.5478458050e-01	7.6684996e-02
4.5487528345e-01	7.8751567e-02
4.5496598639e-01	7.9552589e-02
4.5505668934e-01	7.9552302e-02
4.5514739229e-01	7.9157190e-02
4.5523809524e-01	7.9569979e-02
4.5532879819e-01	7.9316693e-02
4.5541950113e-01	7.9347720e-02
4.5551020408e-01	7.9277887e-02
4.5560090703e-01	7.9247788e-02
4.5569160998e-01	7.9676951e-02
4.5578231293e-01	7.8347152e-02
4.5587301587e-01	7.5737625e-02
4.5596371882e-01	7.3660794e-02
4.5605442177e-01	7.2848304e-02
4.5614512472e-01	7.0960232e-02
4.5623582766e-01	6.7504765e-02
4.5632653061e-01	6.4425090e-02
4.5641723356e-01	6.1591856e-02
4.5650793651e-01	5.6986488e-02
4.5659863946e-01	5.3928417e-02
4.5668934240e-01	4.9402497e-02
4.5678004535e-01	4.5937884e-02
4.5687074830e-01	4.4735250e-02
4.5696145125e-01	3.6845247e-02
4.5705215420e-01	2.4483367e-02
4.5714285714e-01	3.4055092e-02
4.5723356009e-01	3.1420925e-02
4.5732426304e-01	2.8344207e-02
4.5741496599e-01	2.8326453e-02
4.5750566893e-01	2.7128890e-02
4.5759637188e-01	2.7651298e-02
4.5768707483e-01	2.9956637e-02
4.5777777778e-01	3.0679606e-02
4.5786848073e-01	3.2666616e-02
4.5795918367e-01	3.6356280e-02
4.5804988662e-01	3.8856217e-02
4.5814058957e-01	4.0424470e-02
4.5823129252e-01	4.4117381e-02
4.5832199546e-01	4.4538404e-02
4.5841269841e-01	4.8326084e-02
4.5850340136e-01	5.0386344e-02
4.5859410431e-01	5.2309669e-02
4.5868480726e-01	5.6809257e-02
4.5877551020e-01	5.8352541e-02
4.5886621315e-01	5.8917880e-02
4.5895691610e-01	5.9487188e-02
4.5904761905e-01	6.0596939e-02
4.5913832200e-01	6.2267567e-02
4.5922902494e-01	6.3236534e-02
4.5931972789e-01	6.4060274e-02
4.5941043084e-01	6.5171676e-02
4.5950113379e-01	6.5528072e-02
4.5959183673e-01	6.6560682e-02
4.5968253968e-01	6.8098131e-02
4.5977324263e-01	6.8578036e-02
4.5986394558e-01	6.9133624e-02
4.5995464853e-01	7.0612876e-02
4.6004535147e-01	6.9204210e-02
4.6013605442e-01	6.7772179e-02
4.6022675737e-01	6.8783052e-02
4.6031746032e-01	6.6170324e-02
4.6040816327e-01	6.3319923e-02
4.6049886621e-01	6.2580221e-02
4.6058956916e-01	5.8805105e-02
4.6068027211e-01	5.5399609e-02
4.6077097506e-01	5.1752891e-02
4.6086167800e-01	4.6896566e-02
4.6095238095e-01	4.3306075e-02
4.6104308390e-01	3.8317454e-02
4.6113378685e-01	3.3713871e-02
4.6122448980e-01	2.8919452e-02
4.6131519274e-01	2.5452540e-02
4.6140589569e-01	2.2628634e-02
4.6149659864e-01	1.8475109e-02
4.6158730159e-01	1.6135010e-02
4.6167800454e-01	1.3860991e-02
4.6176870748e-01	1.0190504e-02
4.6185941043e-01	8.1477151e-03
4.6195011338e-01	7.0842061e-03
4.6204081633e-01	3.4867288e-03
4.6213151927e-01	8.8075706e-04
4.6222222222e-01	1.3174560e-04
4.6231292517e-01	-1.1598115e-03
4.6240362812e-01	-3.6968491e-03
4.6249433107e-01	-5.2849891e-03
4.6258503401e-01	-5.8058152e-03
4.6267573696e-01	-7.5746505e-03
4.6276643991e-01	-7.7335725e-03
4.6285714286e-01	-7.9647228e-03
4.6294784580e-01	-8.4922119e-03
4.6303854875e-01	-1.1117143e-02
4.6312925170e-01	-1.2161691e-02
4.6321995465e-01	-1.5287874e-02
4.6331065760e-01	-1.7166393e-02
4.6340136054e-01	-1.7617970e-02
4.6349206349e-01	-1.9996073e-02
4.6358276644e-01	-2.3119906e-02
4.6367346939e-01	-2.4158018e-02
4.6376417234e-01	-2.6633205e-02
4.6385487528e-01	-2.8605613e-02
4.6394557823e-01	-3.0617593e-02
4.6403628118e-01	-3.3006593e-02
4.6412698413e-01	-3.7068576e-02
4.6421768707e-01	-3.8934770e-02
4.6430839002e-01	-4.1039399e-02
4.6439909297e-01	-4.2830898e-02
4.6448979592e-01	-4.6167290e-02
4.6458049887e-01	-4.9745380e-02
4.6467120181e-01	-5.2846735e-02
4.6476190476e-01	-5.4879809e-02
4.6485260771e-01	-5.7632600e-02
4.6494331066e-01	-6.1569919e-02
4.6503401361e-01	-6.5812010e-02
4.6512471655e-01	-6.8264675e-02
4.6521541950e-01	-7.0912313e-02
4.6530612245e-01	-7.2202464e-02
4.6539682540e-01	-7.6380294e-02
4.6548752834e-01	-7.9726778e-02
4.6557823129e-01	-8.1624399e-02
4.6566893424e-01	-8.6138583e-02
4.6575963719e-01	-8.8716560e-02
4.6585034014e-01	-9.1526906e-02
4.6594104308e-01	-9.4681762e-02
4.6603174603e-01	-9.5034721e-02
4.6612244898e-01	-9.9292448e-02
4.6621315193e-01	-1.0330076e-01
4.6630385488e-01	-1.0398454e-01
4.6639455782e-01	-1.0828788e-01
4.6648526077e-01	-1.1230407e-01
4.6657596372e-01	-1.1393318e-01
4.6666666667e-01	-1.1626415e-01
4.6675736961e-01	-1.1929453e-01
4.6684807256e-01	-1.2142695e-01
4.6693877551e-01	-1.2180048e-01
4.6702947846e-01	-1.2254511e-01
4.6712018141e-01	-1.2291133e-01
4.6721088435e-01	-1.2127311e-01
4.6730158730e-01	-1.2162472e-01
4.6739229025e-01	-1.2162068e-01
4.6748299320e-01	-1.1966616e-01
4.6757369615e-01	-1.1702155e-01
4.6766439909e-01	-1.1384557e-01
4.6775510204e-01	-1.1181458e-01
4.6784580499e-01	-1.0945658e-01
4.6793650794e-01	-1.0352056e-01
4.6802721088e-01	-9.8557324e-02
4.6811791383e-01	-9.5503780e-02
4.6820861678e-01	-8.9779856e-02
4.6829931973e-01	-8.4049313e-02
4.6839002268e-01	-8.1000184e-02
4.6848072562e-01	-7.4835779e-02
4.6857142857e-01	-7.0262452e-02
4.6866213152e-01	-6.4988406e-02
4.6875283447e-01	-5.9496699e-02
4.6884353741e-01	-5.5842019e-02
4.6893424036e-01	-5.1620812e-02
4.6902494331e-01	-4.7862286e-02
4.6911564626e-01	-4.3928834e-02
4.6920634921e-01	-3.8532287e-02
4.6929705215e-01	-3.5534529e-02
4.6938775510e-01	-3.0739075e-02
4.6947845805e-01	-3.7981068e-02
4.6956916100e-01	-3.9730121e-02
4.6965986395e-01	-2.1247185e-02
4.6975056689e-01	-1.8809039e-02
4.6984126984e-01	-1.5305073e-02
4.6993197279e-01	-1.1485528e-02
4.7002267574e-01	-8.0437584e-03
4.7011337868e-01	-5.3328081e-03
4.7020408163e-01	-2.7905316e-03
4.7029478458e-01	5.1846880e-04
4.7038548753e-01	2.5794276e-03
4.7047619048e-01	7.4380082e-03
4.7056689342e-01	9.8337012e-03
4.7065759637e-01	1.2965455e-02
4.7074829932e-01	1.5901502e-02
4.7083900227e-01	2.0531946e-02
4.7092970522e-01	2.2624603e-02
4.7102040816e-01	2.6291559e-02
4.7111111111e-01	2.9776071e-02
4.7120181406e-01	3.2921425e-02
4.7129251701e-01	3.7048632e-02
4.7138321995e-01	3.8430474e-02
4.7147392290e-01	4.0786985e-02
4.7156462585e-01	4.5969382e-02
4.7165532880e-01	4.9365161e-02
4.7174603175e-01	5.1771648e-02
4.7183673469e-01	5.3780603e-02
4.7192743764e-01	5.7442386e-02
4.7201814059e-01	5.9580519e-02
4.7210884354e-01	6.1574684e-02
4.7219954649e-01	6.2441135e-02
4.7229024943e-01	6.4742940e-02
4.7238095238e-01	6.5035932e-02
4.7247165533e-01	6.6904333e-02
4.7256235828e-01	6.9880197e-02
4.7265306122e-01	6.9244181e-02
4.7274376417e-01	7.0286083e-02
4.7283446712e-01	7.3703049e-02
4.7292517007e-01	7.4835303e-02
4.7301587302e-01	7.5661837e-02
4.7310657596e-01	7.7780828e-02
4.7319727891e-01	7.9293399e-02
4.7328798186e-01	7.8801552e-02
4.7337868481e-01	7.9484331e-02
4.7346938776e-01	7.9147970e-02
4.7356009070e-01	7.6742222e-02
4.7365079365e-01	7.7705160e-02
4.7374149660e-01	7.7625562e-02
4.7383219955e-01	7.5642787e-02
4.7392290249e-01	7.4227950e-02
4.7401360544e-01	7.3873302e-02
4.7410430839e-01	7.1459623e-02
4.7419501134e-01	6.9541681e-02
4.7428571429e-01	6.8965298e-02
4.7437641723e-01	6.4694023e-02
4.7446712018e-01	6.1410937e-02
4.7455782313e-01	5.8562251e-02
4.7464852608e-01	5.5795139e-02
4.7473922902e-01	5.1314212e-02
4.7482993197e-01	4.9175171e-02
4.7492063492e-01	4.5586579e-02
4.7501133787e-01	4.1195867e-02
4.7510204082e-01	3.8062556e-02
4.7519274376e-01	3.5008859e-02
4.7528344671e-01	3.0877650e-02
4.7537414966e-01	2.7480359e-02
4.7546485261e-01	2.7023971e-02
4.7555555556e-01	2.6480063e-02
4.7564625850e-01	2.6531854e-02
4.7573696145e-01	2.6734295e-02
4.7582766440e-01	2.6988316e-02
4.7591836735e-01	2.9452381e-02
4.7600907029e-01	3.1469250e-02
4.7609977324e-01	3.3220604e-02
4.7619047619e-01	3.6040650e-02
4.7628117914e-01	3.9523527e-02
4.7637188209e-01	4.2275512e-02
4.7646258503e-01	4.6036827e-02
4.7655328798e-01	4.8915648e-02
4.7664399093e-01	5.1258517e-02
4.7673469388e-01	5.3335902e-02
4.7682539683e-01	5.5149634e-02
4.7691609977e-01	5.7849431e-02
4.7700680272e-01	5.7666412e-02
4.7709750567e-01	5.7503062e-02
4.7718820862e-01	5.9496022e-02
4.7727891156e-01	6.2392692e-02
4.7736961451e-01	6.3087394e-02
4.7746031746e-01	6.5085601e-02
4.7755102041e-01	6.4640398e-02
4.7764172336e-01	6.6239695e-02
4.7773242630e-01	6.8456248e-02
4.7782312925e-01	6.9999880e-02
4.7791383220e-01	7.0584714e-02
4.7800453515e-01	7.1793274e-02
4.7809523810e-01	7.2124228e-02
4.7818594104e-01	7.3117500e-02
4.7827664399e-01	7.1784462e-02
4.7836734694e-01	7.1950057e-02
4.7845804989e-01	7.1227106e-02
4.7854875283e-01	6.4355927e-02
4.7863945578e-01	6.2304038e-02
4.7873015873e-01	5.9165587e-02
4.7882086168e-01	5.6867449e-02
4.7891156463e-01	5.3015660e-02
4.7900226757e-01	4.9568226e-02
4.7909297052e-01	4.7385074e-02
4.7918367347e-01	4.3696520e-02
4.7927437642e-01	3.8374097e-02
4.7936507937e-01	3.3612857e-02
4.7945578231e-01	2.9632013e-02
4.7954648526e-01	2.7542434e-02
4.7963718821e-01	2.5288337e-02
4.7972789116e-01	2.0619742e-02
4.7981859410e-01	1.6945479e-02
4.7990929705e-01	1.4925503e-02
4.8000000000e-01	1.2590738e-02
4.8009070295e-01	1.1434645e-02
4.8018140590e-01	8.8940245e-03
4.8027210884e-01	5.7447724e-03
4.8036281179e-01	2.8487049e-03
4.8045351474e-01	1.6270018e-03
4.8054421769e-01	4.4352457e-04
4.8063492063e-01	-1.8942747e-03
4.8072562358e-01	-4.0165123e-03
4.8081632653e-01	-3.9373077e-03
4.8090702948e-01	-5.9032825e-03
4.8099773243e-01	-7.5167719e-03
4.8108843537e-01	-8.4632022e-03
4.8117913832e-01	-9.3619753e-03
4.8126984127e-01	-1.1204930e-02
4.8136054422e-01	-1.5493117e-02
4.8145124717e-01	-1.7030619e-02
4.8154195011e-01	-1.8638799e-02
4.8163265306e-01	-2.0977813e-02
4.8172335601e-01	-2.3818104e-02
4.8181405896e-01	-2.5319094e-02
4.8190476190e-01	-2.5824207e-02
4.8199546485e-01	-3.7099230e-02
4.8208616780e-01	-3.8854242e-02
4.8217687075e-01	-3.0952230e-02
4.8226757370e-01	-3.5160629e-02
4.8235827664e-01	-3.6843102e-02
4.8244897959e-01	-3.9235067e-02
4.8253968254e-01	-4.1854599e-02
4.8263038549e-01	-4.5505596e-02
4.8272108844e-01	-4.8006506e-02
4.8281179138e-01	-5.1246113e-02
4.8290249433e-01	-5.3390857e-02
4.8299319728e-01	-5.5753974e-02
4.8308390023e-01	-6.0770823e-02
4.8317460317e-01	-6.3802709e-02
4.8326530612e-01	-6.7464634e-02
4.8335600907e-01	-6.8524985e-02
4.8344671202e-01	-7.1797915e-02
4.8353741497e-01	-7.6858697e-02
4.8362811791e-01	-8.0117995e-02
4.8371882086e-01	-8.1257957e-02
4.8380952381e-01	-8.3555636e-02
4.8390022676e-01	-8.8429519e-02
4.8399092971e-01	-9.0300692e-02
4.8408163265e-01	-9.3688251e-02
4.8417233560e-01	-9.7296805e-02
4.8426303855e-01	-1.0077341e-01
4.8435374150e-01	-1.0533258e-01
4.8444444444e-01	-1.0681304e-01
4.8453514739e-01	-1.1026490e-01
4.8462585034e-01	-1.1334519e-01
4.8471655329e-01	-1.1677439e-01
4.8480725624e-01	-1.2008021e-01
4.8489795918e-01	-1.2203037e-01
4.8498866213e-01	-1.2332482e-01
4.8507936508e-01	-1.2545346e-01
4.8517006803e-01	-1.2542655e-01
4.8526077098e-01	-1.2598376e-01
4.8535147392e-01	-1.2711906e-01
4.8544217687e-01	-1.2623468e-01
4.8553287982e-01	-1.2461712e-01
4.8562358277e-01	-1.2371531e-01
4.8571428571e-01	-1.2354504e-01
4.8580498866e-01	-1.2069416e-01
4.8589569161e-01	-1.1640113e-01
4.8598639456e-01	-1.1361752e-01
4.8607709751e-01	-1.0884583e-01
4.8616780045e-01	-1.0667446e-01
4.8625850340e-01	-1.0223105e-01
4.8634920635e-01	-9.4635940e-02
4.8643990930e-01	-9.0696702e-02
4.8653061224e-01	-8.5824194e-02
4.8662131519e-01	-8.0086677e-02
4.8671201814e-01	-7.5495248e-02
4.8680272109e-01	-6.9658870e-02
4.8689342404e-01	-6.4975169e-02
4.8698412698e-01	-6.0874806e-02
4.8707482993e-01	-5.5217431e-02
4.8716553288e-01	-5.0858401e-02
4.8725623583e-01	-4.7047187e-02
4.8734693878e-01	-4.3099567e-02
4.8743764172e-01	-3.8252315e-02
4.8752834467e-01	-3.4440777e-02
4.8761904762e-01	-3.1480605e-02
4.8770975057e-01	-2.6542498e-02
4.8780045351e-01	-2.2478474e-02
4.8789115646e-01	-1.9941593e-02
4.8798185941e-01	-1.6394007e-02
4.8807256236e-01	-1.2175729e-02
4.8816326531e-01	-8.2777729e-03
4.8825396825e-01	-4.0994835e-03
4.8834467120e-01	-2.4225029e-03
4.8843537415e-01	3.0864307e-04
4.8852607710e-01	3.7756656e-03
4.8861678005e-01	7.0735427e-03
4.8870748299e-01	9.9266488e-03
4.8879818594e-01	1.5432041e-02
4.8888888889e-01	1.6618290e-02
4.8897959184e-01	2.0439683e-02
4.8907029478e-01	2.5582120e-02
4.8916099773e-01	2.9351947e-02
4.8925170068e-01	3.1734852e-02
4.8934240363e-01	3.6342857e-02
4.8943310658e-01	3.9587948e-02
4.8952380952e-01	4.1769298e-02
4.8961451247e-01	4.5036708e-02
4.8970521542e-01	4.8974119e-02
4.8979591837e-01	5.1330773e-02
4.8988662132e-01	5.3935384e-02
4.8997732426e-01	5.5851512e-02
4.9006802721e-01	5.8738311e-02
4.9015873016e-01	6.1174551e-02
4.9024943311e-01	6.2105560e-02
4.9034013605e-01	6.4277287e-02
4.9043083900e-01	6.6907102e-02
4.9052154195e-01	6.9586534e-02
4.9061224490e-01	7.1135577e-02
4.9070294785e-01	7.2441607e-02
4.9079365079e-01	7.4054899e-02
4.9088435374e-01	7.6035963e-02
4.9097505669e-01	7.8290560e-02
4.9106575964e-01	7.8351088e-02
4.9115646259e-01	7.9027331e-02
4.9124716553e-01	7.8955595e-02
4.9133786848e-01	7.9136883e-02
4.9142857143e-01	7.9169595e-02
4.9151927438e-01	7.8588264e-02
4.9160997732e-01	7.9049587e-02
4.9170068027e-01	7.9425041e-02
4.9179138322e-01	7.8248766e-02
4.9188208617e-01	7.6972901e-02
4.9197278912e-01	7.6297309e-02
4.9206349206e-01	7.6632012e-02
4.9215419501e-01	7.4274566e-02
4.9224489796e-01	7.3302789e-02
4.9233560091e-01	7.1178786e-02
4.9242630385e-01	6.8813077e-02
4.9251700680e-01	6.4375643e-02
4.9260770975e-01	6.0891477e-02
4.9269841270e-01	5.9050815e-02
4.9278911565e-01	5.5769839e-02
4.9287981859e-01	5.0387812e-02
4.9297052154e-01	4.7263104e-02
4.9306122449e-01	4.3454302e-02
4.9315192744e-01	3.9089272e-02
4.9324263039e-01	3.6314044e-02
4.9333333333e-01	3.2100723e-02
4.9342403628e-01	2.7147204e-02
4.9351473923e-01	2.4224195e-02
4.9360544218e-01	2.4848627e-02
4.9369614512e-01	2.3677814e-02
4.9378684807e-01	2.1045127e-02
4.9387755102e-01	2.1586113e-02
4.9396825397e-01	2.4001323e-02
4.9405895692e-01	2.5304697e-02
4.9414965986e-01	2.6768558e-02
4.9424036281e-01	3.1307544e-02
4.9433106576e-01	3.2785708e-02
4.9442176871e-01	3.7227535e-02
4.9451247166e-01	1.9980685e-02
4.9460317460e-01	3.1461671e-02
4.9469387755e-01	4.6744604e-02
4.9478458050e-01	4.6043997e-02
4.9487528345e-01	5.0232115e-02
4.9496598639e-01	5.1990690e-02
4.9505668934e-01	5.4494594e-02
4.9514739229e-01	5.6412664e-02
4.9523809524e-01	5.6358821e-02
4.9532879819e-01	5.8324023e-02
4.9541950113e-01	5.9516995e-02
4.9551020408e-01	5.9466386e-02
4.9560090703e-01	6.1277881e-02
4.9569160998e-01	6.3848336e-02
4.9578231293e-01	6.4516355e-02
4.9587301587e-01	6.4858565e-02
4.9596371882e-01	6.7326768e-02
4.9605442177e-01	6.7497823e-02
4.9614512472e-01	6.8428623e-02
4.9623582766e-01	6.9221870e-02
4.9632653061e-01	6.8967060e-02
4.9641723356e-01	6.8045786e-02
4.9650793651e-01	6.6517176e-02
4.9659863946e-01	6.5063839e-02
4.9668934240e-01	6.3189286e-02
4.9678004535e-01	6.0536570e-02
4.9687074830e-01	5.7339792e-02
4.9696145125e-01	5.4139287e-02
4.9705215420e-01	5.1278573e-02
4.9714285714e-01	4.7426418e-02
4.9723356009e-01	4.2939994e-02
4.9732426304e-01	4.0646794e-02
4.9741496599e-01	3.5338792e-02
4.9750566893e-01	3.2199910e-02
4.9759637188e-01	2.9767473e-02
4.9768707483e-01	2.6902486e-02
4.9777777778e-01	2.4728958e-02
4.9786848073e-01	2.1620795e-02
4.9795918367e-01	1.9876042e-02
4.9804988662e-01	1.6649140e-02
4.9814058957e-01	1.2671608e-02
4.9823129252e-01	1.2703936e-02
4.9832199546e-01	9.6624595e-03
4.9841269841e-01	7.3394315e-03
4.9850340136e-01	6.4684418e-03
4.9859410431e-01	4.3124524e-03
4.9868480726e-01	3.7300627e-03
4.9877551020e-01	1.9164754e-03
4.9886621315e-01	-4.6882226e-04
4.9895691610e-01	-3.2341969e-03
4.9904761905e-01	-3.7326422e-03
4.9913832200e-01	-3.0466969e-03
4.9922902494e-01	-5.7255278e-03
4.9931972789e-01	-6.4189743e-03
4.9941043084e-01	-8.2943444e-03
4.9950113379e-01	-9.0766828e-03
4.9959183673e-01	-8.7778680e-03
4.9968253968e-01	-1.3218038e-02
4.9977324263e-01	-1.5370500e-02
4.9986394558e-01	-1.6670603e-02
4.9995464853e-01	-1.8200353e-02
5.0004535147e-01	-2.0509763e-02
5.0013605442e-01	-2.3987723e-02
5.0022675737e-01	-2.6208774e-02
5.0031746032e-01	-2.7646598e-02
5.0040816327e-01	-3.0972289e-02
5.0049886621e-01	-3.2510126e-02
5.0058956916e-01	-3.5717043e-02
5.0068027211e-01	-3.7190877e-02
5.0077097506e-01	-3.9145675e-02
5.0086167800e-01	-4.4048123e-02
5.0095238095e-01	-4.5860335e-02
5.0104308390e-01	-4.8889100e-02
5.0113378685e-01	-5.0077471e-02
5.0122448980e-01	-5.3271051e-02
5.0131519274e-01	-5.7136082e-02
5.0140589569e-01	-6.1246011e-02
5.0149659864e-01	-6.5292397e-02
5.0158730159e-01	-6.8565002e-02
5.0167800454e-01	-7.1604556e-02
5.0176870748e-01	-7.4234403e-02
5.0185941043e-01	-7.6612158e-02
5.0195011338e-01	-7.9509983e-02
5.0204081633e-01	-8.3805598e-02
5.0213151927e-01	-8.6392267e-02
5.0222222222e-01	-8.9485761e-02
5.0231292517e-01	-9.4053249e-02
5.0240362812e-01	-9.7586849e-02
5.0249433107e-01	-9.9727246e-02
5.0258503401e-01	-1.0293048e-01
5.0267573696e-01	-1.0492897e-01
5.0276643991e-01	-1.0839599e-01
5.0285714286e-01	-1.1182067e-01
5.0294784580e-01	-1.1337936e-01
5.0303854875e-01	-1.1536182e-01
5.0312925170e-01	-1.1780830e-01
5.0321995465e-01	-1.1990855e-01
5.0331065760e-01	-1.2180770e-01
5.0340136054e-01	-1.2243097e-01
5.0349206349e-01	-1.2304636e-01
5.0358276644e-01	-1.2212622e-01
5.0367346939e-01	-1.2221902e-01
5.0376417234e-01	-1.2076878e-01
5.0385487528e-01	-1.1919688e-01
5.0394557823e-01	-1.1701103e-01
5.0403628118e-01	-1.1570276e-01
5.0412698413e-01	-1.1329303e-01
5.0421768707e-01	-1.0786264e-01
5.0430839002e-01	-1.0441389e-01
5.0439909297e-01	-9.9201557e-02
5.0448979592e-01	-9.3265811e-02
5.0458049887e-01	-9.1250399e-02
5.0467120181e-01	-8.5378742e-02
5.0476190476e-01	-7.9810184e-02
5.0485260771e-01	-7.4822659e-02
5.0494331066e-01	-7.1305272e-02
5.0503401361e-01	-6.6338740e-02
5.0512471655e-01	-6.1797603e-02
5.0521541950e-01	-5.6380285e-02
5.0530612245e-01	-5.3464033e-02
5.0539682540e-01	-4.9863834e-02
5.0548752834e-01	-4.5940498e-02
5.0557823129e-01	-4.1941783e-02
5.0566893424e-01	-3.8099625e-02
5.0575963719e-01	-3.4939302e-02
5.0585034014e-01	-3.1952094e-02
5.0594104308e-01	-2.7624424e-02
5.0603174603e-01	-2.4252872e-02
5.0612244898e-01	-2.2166165e-02
5.0621315193e-01	-1.8036056e-02
5.0630385488e-01	-1.5131496e-02
5.0639455782e-01	-1.1773125e-02
5.0648526077e-01	-7.9263231e-03
5.0657596372e-01	-2.3338932e-03
5.0666666667e-01	-1.4101299e-03
5.0675736961e-01	1.4137730e-03
5.0684807256e-01	7.4468322e-03
5.0693877551e-01	1.0275769e-02
5.0702947846e-01	-2.1266666e-03
5.0712018141e-01	1.1792047e-02
5.0721088435e-01	2.2882188e-02
5.0730158730e-01	2.3290536e-02
5.0739229025e-01	2.5324803e-02
5.0748299320e-01	3.0192219e-02
5.0757369615e-01	3.4760423e-02
5.0766439909e-01	3.9102313e-02
5.0775510204e-01	4.0171485e-02
5.0784580499e-01	4.3154637e-02
5.0793650794e-01	4.8233519e-02
5.0802721088e-01	5.2097221e-02
5.0811791383e-01	5.3978984e-02
5.0820861678e-01	5.8140947e-02
5.0829931973e-01	5.8730263e-02
5.0839002268e-01	6.0400049e-02
5.0848072562e-01	6.2919998e-02
5.0857142857e-01	6.2639368e-02
5.0866213152e-01	6.5968585e-02
5.0875283447e-01	6.8717111e-02
5.0884353741e-01	6.9077246e-02
5.0893424036e-01	6.8956599e-02
5.0902494331e-01	7.1630327e-02
5.0911564626e-01	7.3787454e-02
5.0920634921e-01	7.3934168e-02
5.0929705215e-01	7.4430378e-02
5.0938775510e-01	7.5933945e-02
5.0947845805e-01	7.6549697e-02
5.0956916100e-01	7.8893512e-02
5.0965986395e-01	7.8602890e-02
5.0975056689e-01	7.6896647e-02
5.0984126984e-01	7.7710124e-02
5.0993197279e-01	7.7801806e-02
5.1002267574e-01	7.4980744e-02
5.1011337868e-01	7.4424642e-02
5.1020408163e-01	7.5309690e-02
5.1029478458e-01	7.1646021e-02
5.1038548753e-01	7.0129385e-02
5.1047619048e-01	6.8514314e-02
5.1056689342e-01	6.6999474e-02
5.1065759637e-01	6.3388931e-02
5.1074829932e-01	6.0218622e-02
5.1083900227e-01	5.7337270e-02
5.1092970522e-01	5.5356488e-02
5.1102040816e-01	5.0355923e-02
5.1111111111e-01	4.6098441e-02
5.1120181406e-01	4.1002326e-02
5.1129251701e-01	3.6993797e-02
5.1138321995e-01	3.4174034e-02
5.1147392290e-01	3.0632207e-02
5.1156462585e-01	2.8139327e-02
5.1165532880e-01	2.6644860e-02
5.1174603175e-01	2.4970737e-02
5.1183673469e-01	2.3181998e-02
5.1192743764e-01	2.3165422e-02
5.1201814059e-01	2.5735463e-02
5.1210884354e-01	2.5976094e-02
5.1219954649e-01	2.6448196e-02
5.1229024943e-01	2.9197957e-02
5.1238095238e-01	3.3171509e-02
5.1247165533e-01	3.6420755e-02
5.1256235828e-01	3.8884103e-02
5.1265306122e-01	4.1683733e-02
5.1274376417e-01	4.5384279e-02
5.1283446712e-01	4.8706393e-02
5.1292517007e-01	5.1779470e-02
5.1301587302e-01	5.3906617e-02
5.1310657596e-01	5.6663435e-02
5.1319727891e-01	5.7039107e-02
5.1328798186e-01	5.8336110e-02
5.1337868481e-01	5.9880740e-02
5.1346938776e-01	6.1144629e-02
5.1356009070e-01	6.1737133e-02
5.1365079365e-01	6.3304962e-02
5.1374149660e-01	6.5862049e-02
5.1383219955e-01	6.4924619e-02
5.1392290249e-01	6.7395247e-02
5.1401360544e-01	7.0262756e-02
5.1410430839e-01	6.9406294e-02
5.1419501134e-01	6.9202072e-02
5.1428571429e-01	6.9628333e-02
5.1437641723e-01	7.0109578e-02
5.1446712018e-01	6.9344540e-02
5.1455782313e-01	6.8297952e-02
5.1464852608e-01	6.7184547e-02
5.1473922902e-01	6.6029924e-02
5.1482993197e-01	6.2980188e-02
5.1492063492e-01	6.0458497e-02
5.1501133787e-01	5.7016255e-02
5.1510204082e-01	5.4035114e-02
5.1519274376e-01	5.0520564e-02
5.1528344671e-01	4.5828173e-02
5.1537414966e-01	4.3690283e-02
5.1546485261e-01	3.8667773e-02
5.1555555556e-01	3.4845909e-02
5.1564625850e-01	3.2915684e-02
5.1573696145e-01	2.9411345e-02
5.1582766440e-01	2.5854210e-02
5.1591836735e-01	2.4326982e-02
5.1600907029e-01	2.2180559e-02
5.1609977324e-01	1.8506203e-02
5.1619047619e-01	1.5522651e-02
5.1628117914e-01	1.4407460e-02
5.1637188209e-01	1.1457532e-02
5.1646258503e-01	8.9393308e-03
5.1655328798e-01	6.5474555e-03
5.1664399093e-01	4.7315330e-03
5.1673469388e-01	3.3771187e-03
5.1682539683e-01	3.0551287e-03
5.1691609977e-01	3.4548669e-05
5.1700680272e-01	-2.2157753e-03
5.1709750567e-01	-2.2675691e-03
5.1718820862e-01	-4.3824623e-03
5.1727891156e-01	-5.6580625e-03
5.1736961451e-01	-6.4132081e-03
5.1746031746e-01	-8.6266459e-03
5.1755102041e-01	-1.0407319e-02
5.1764172336e-01	-1.2707224e-02
5.1773242630e-01	-1.2866325e-02
5.1782312925e-01	-1.5357948e-02
5.1791383220e-01	-1.8449522e-02
5.1800453515e-01	-1.9378244e-02
5.1809523810e-01	-2.1703676e-02
5.1818594104e-01	-2.3316046e-02
5.1827664399e-01	-2.4372044e-02
5.1836734694e-01	-2.7766956e-02
5.1845804989e-01	-2.9260768e-02
5.1854875283e-01	-3.1386146e-02
5.1863945578e-01	-3.3489965e-02
5.1873015873e-01	-3.5934396e-02
5.1882086168e-01	-3.7662258e-02
5.1891156463e-01	-3.8491244e-02
5.1900226757e-01	-4.1087830e-02
5.1909297052e-01	-4.5939647e-02
5.1918367347e-01	-4.9165710e-02
5.1927437642e-01	-5.2162876e-02
5.1936507937e-01	-5.3822083e-02
5.1945578231e-01	-5.8672960e-02
5.1954648526e-01	-7.6992719e-02
5.1963718821e-01	-6.5298070e-02
5.1972789116e-01	-6.5572939e-02
5.1981859410e-01	-6.8865741e-02
5.1990929705e-01	-7.3048408e-02
5.2000000000e-01	-7.5166731e-02
5.2009070295e-01	-7.7397431e-02
5.2018140590e-01	-8.1285660e-02
5.2027210884e-01	-8.4218711e-02
5.2036281179e-01	-8.5768195e-02
5.2045351474e-01	-8.9644322e-02
5.2054421769e-01	-9.3037127e-02
5.2063492063e-01	-9.6016625e-02
5.2072562358e-01	-9.8944437e-02
5.2081632653e-01	-1.0240112e-01
5.2090702948e-01	-1.0409789e-01
5.2099773243e-01	-1.0822926e-01
5.2108843537e-01	-1.1117713e-01
5.2117913832e-01	-1.1218412e-01
5.2126984127e-01	-1.1409386e-01
5.2136054422e-01	-1.1451268e-01
5.2145124717e-01	-1.1735915e-01
5.2154195011e-01	-1.1881222e-01
5.2163265306e-01	-1.1750219e-01
5.2172335601e-01	-1.1788499e-01
5.2181405896e-01	-1.1997865e-01
5.2190476190e-01	-1.1807094e-01
5.2199546485e-01	-1.1478014e-01
5.2208616780e-01	-1.1376321e-01
5.2217687075e-01	-1.0948140e-01
5.2226757370e-01	-1.0558696e-01
5.2235827664e-01	-1.0142308e-01
5.2244897959e-01	-9.8007319e-02
5.2253968254e-01	-9.5375058e-02
5.2263038549e-01	-9.0162057e-02
5.2272108844e-01	-8.5224236e-02
5.2281179138e-01	-8.1352570e-02
5.2290249433e-01	-7.7001491e-02
5.2299319728e-01	-7.0422012e-02
5.2308390023e-01	-6.6363258e-02
5.2317460317e-01	-6.2865086e-02
5.2326530612e-01	-5.7954845e-02
5.2335600907e-01	-5.3718569e-02
5.2344671202e-01	-4.8809323e-02
5.2353741497e-01	-4.4833014e-02
5.2362811791e-01	-4.1839633e-02
5.2371882086e-01	-3.7704019e-02
5.2380952381e-01	-3.4453882e-02
5.2390022676e-01	-3.2373155e-02
5.2399092971e-01	-2.8818701e-02
5.2408163265e-01	-2.7204610e-02
5.2417233560e-01	-2.2673933e-02
5.2426303855e-01	-1.9364325e-02
5.2435374150e-01	-1.7069300e-02
5.2444444444e-01	-1.3154795e-02
5.2453514739e-01	-9.1391742e-03
5.2462585034e-01	-8.3933553e-03
5.2471655329e-01	-4.6909307e-03
5.2480725624e-01	-6.2403237e-04
5.2489795918e-01	6.2928474e-04
5.2498866213e-01	4.6085459e-03
5.2507936508e-01	8.5901844e-03
5.2517006803e-01	1.2370304e-02
5.2526077098e-01	1.5611103e-02
5.2535147392e-01	1.9927230e-02
5.2544217687e-01	2.2696079e-02
5.2553287982e-01	2.6068938e-02
5.2562358277e-01	2.9675444e-02
5.2571428571e-01	3.1349863e-02
5.2580498866e-01	3.5934710e-02
5.2589569161e-01	4.1140790e-02
5.2598639456e-01	4.2263982e-02
5.2607709751e-01	4.4319067e-02
5.2616780045e-01	4.7831158e-02
5.2625850340e-01	5.0259459e-02
5.2634920635e-01	5.3373879e-02
5.2643990930e-01	5.6176153e-02
5.2653061224e-01	5.7544497e-02
5.2662131519e-01	5.8808143e-02
5.2671201814e-01	6.1588800e-02
5.2680272109e-01	6.3944801e-02
5.2689342404e-01	6.4559840e-02
5.2698412698e-01	6.6346006e-02
5.2707482993e-01	6.6839395e-02
5.2716553288e-01	6.8708303e-02
5.2725623583e-01	6.9114284e-02
5.2734693878e-01	7.1211132e-02
5.2743764172e-01	7.2940564e-02
5.2752834467e-01	7.4021021e-02
5.2761904762e-01	7.3542914e-02
5.2770975057e-01	7.3029294e-02
5.2780045351e-01	7.4024202e-02
5.2789115646e-01	7.3125415e-02
5.2798185941e-01	7.2684082e-02
5.2807256236e-01	7.2865009e-02
5.2816326531e-01	7.3617511e-02
5.2825396825e-01	7.0532639e-02
5.2834467120e-01	7.0999774e-02
5.2843537415e-01	6.8955516e-02
5.2852607710e-01	6.5631864e-02
5.2861678005e-01	6.5183384e-02
5.2870748299e-01	6.3900973e-02
5.2879818594e-01	6.0649450e-02
5.2888888889e-01	5.8263312e-02
5.2897959184e-01	5.5869145e-02
5.2907029478e-01	5.2198339e-02
5.2916099773e-01	4.7038176e-02
5.2925170068e-01	4.1875970e-02
5.2934240363e-01	3.8651464e-02
5.2943310658e-01	3.5776377e-02
5.2952380952e-01	3.1818180e-02
5.2961451247e-01	2.7527447e-02
5.2970521542e-01	2.3936811e-02
5.2979591837e-01	2.1551374e-02
5.2988662132e-01	2.0572331e-02
5.2997732426e-01	1.9595080e-02
5.3006802721e-01	2.2568371e-02
5.3015873016e-01	2.4068117e-02
5.3024943311e-01	2.5771044e-02
5.3034013605e-01	2.7866042e-02
5.3043083900e-01	3.0935913e-02
5.3052154195e-01	3.4115234e-02
5.3061224490e-01	3.6345846e-02
5.3070294785e-01	3.9416866e-02
5.3079365079e-01	4.2012625e-02
5.3088435374e-01	4.6822510e-02
5.3097505669e-01	5.0367900e-02
5.3106575964e-01	5.1707310e-02
5.3115646259e-01	5.4240066e-02
5.3124716553e-01	5.7806176e-02
5.3133786848e-01	5.8384978e-02
5.3142857143e-01	6.0248316e-02
5.3151927438e-01	6.2515323e-02
5.3160997732e-01	6.4403774e-02
5.3170068027e-01	6.4190554e-02
5.3179138322e-01	6.6305959e-02
5.3188208617e-01	6.7901348e-02
5.3197278912e-01	6.0959322e-02
5.3206349206e-01	4.8021765e-02
5.3215419501e-01	6.7923034e-02
5.3224489796e-01	7.0552990e-02
5.3233560091e-01	6.9792261e-02
5.3242630385e-01	7.1281842e-02
5.3251700680e-01	7.0871392e-02
5.3260770975e-01	6.7836850e-02
5.3269841270e-01	6.8448480e-02
5.3278911565e-01	6.7898322e-02
5.3287981859e-01	6.3593876e-02
5.3297052154e-01	6.2065639e-02
5.3306122449e-01	5.9379105e-02
5.3315192744e-01	5.5763083e-02
5.3324263039e-01	5.2718030e-02
5.3333333333e-01	4.8509702e-02
5.3342403628e-01	4.5170790e-02
5.3351473923e-01	4.0998530e-02
5.3360544218e-01	3.6611850e-02
5.3369614512e-01	3.4247255e-02
5.3378684807e-01	3.0097858e-02
5.3387755102e-01	2.6358908e-02
5.3396825397e-01	2.3224041e-02
5.3405895692e-01	2.0367451e-02
5.3414965986e-01	1.8641117e-02
5.3424036281e-01	1.6519141e-02
5.3433106576e-01	1.4783530e-02
5.3442176871e-01	1.1042433e-02
5.3451247166e-01	7.6339419e-03
5.3460317460e-01	6.4971045e-03
5.3469387755e-01	5.5990219e-03
5.3478458050e-01	1.3835448e-03
5.3487528345e-01	-9.5473371e-04
5.3496598639e-01	-2.7144163e-03
5.3505668934e-01	-4.2951178e-03
5.3514739229e-01	-4.5602667e-03
5.3523809524e-01	-6.8624804e-03
5.3532879819e-01	-9.1751427e-03
5.3541950113e-01	-8.3506050e-03
5.3551020408e-01	-1.0210761e-02
5.3560090703e-01	-1.3554418e-02
5.3569160998e-01	-1.4036171e-02
5.3578231293e-01	-1.4745464e-02
5.3587301587e-01	-1.6130962e-02
5.3596371882e-01	-1.8233455e-02
5.3605442177e-01	-2.1326421e-02
5.3614512472e-01	-2.2456216e-02
5.3623582766e-01	-2.3153168e-02
5.3632653061e-01	-2.5874385e-02
5.3641723356e-01	-2.8406457e-02
5.3650793651e-01	-2.9496094e-02
5.3659863946e-01	-3.1752331e-02
5.3668934240e-01	-3.2948882e-02
5.3678004535e-01	-3.4640598e-02
5.3687074830e-01	-3.7924927e-02
5.3696145125e-01	-3.9775558e-02
5.3705215420e-01	-4.2301426e-02
5.3714285714e-01	-4.3951061e-02
5.3723356009e-01	-4.6130033e-02
5.3732426304e-01	-4.9433404e-02
5.3741496599e-01	-5.2690678e-02
5.3750566893e-01	-5.4360615e-02
5.3759637188e-01	-5.6858695e-02
5.3768707483e-01	-6.0063229e-02
5.3777777778e-01	-6.1883359e-02
5.3786848073e-01	-6.4055237e-02
5.3795918367e-01	-6.7666331e-02
5.3804988662e-01	-7.0224719e-02
5.3814058957e-01	-7.2409779e-02
5.3823129252e-01	-7.4809093e-02
5.3832199546e-01	-7.8586103e-02
5.3841269841e-01	-8.0635539e-02
5.3850340136e-01	-8.3867603e-02
5.3859410431e-01	-8.7338439e-02
5.3868480726e-01	-9.0207887e-02
5.3877551020e-01	-9.3731705e-02
5.3886621315e-01	-9.6697126e-02
5.3895691610e-01	-9.8933997e-02
5.3904761905e-01	-1.0244639e-01
5.3913832200e-01	-1.0491412e-01
5.3922902494e-01	-1.0869248e-01
5.3931972789e-01	-1.0983630e-01
5.3941043084e-01	-1.1147270e-01
5.3950113379e-01	-1.1336353e-01
5.3959183673e-01	-1.1434799e-01
5.3968253968e-01	-1.1396812e-01
5.3977324263e-01	-1.1488727e-01
5.3986394558e-01	-1.1432121e-01
5.3995464853e-01	-1.1354849e-01
5.4004535147e-01	-1.1372226e-01
5.4013605442e-01	-1.1283234e-01
5.4022675737e-01	-1.0940569e-01
5.4031746032e-01	-1.0506474e-01
5.4040816327e-01	-1.0254483e-01
5.4049886621e-01	-9.9006813e-02
5.4058956916e-01	-9.4324935e-02
5.4068027211e-01	-8.9905943e-02
5.4077097506e-01	-8.4584957e-02
5.4086167800e-01	-8.0555956e-02
5.4095238095e-01	-7.6799836e-02
5.4104308390e-01	-7.2275454e-02
5.4113378685e-01	-6.8614092e-02
5.4122448980e-01	-6.2212666e-02
5.4131519274e-01	-5.8399597e-02
5.4140589569e-01	-5.5629850e-02
5.4149659864e-01	-5.1451538e-02
5.4158730159e-01	-4.7493907e-02
5.4167800454e-01	-4.4487142e-02
5.4176870748e-01	-4.1139840e-02
5.4185941043e-01	-3.7517189e-02
5.4195011338e-01	-3.4287050e-02
5.4204081633e-01	-3.0363963e-02
5.4213151927e-01	-2.7758050e-02
5.4222222222e-01	-2.5737392e-02
5.4231292517e-01	-2.2462468e-02
5.4240362812e-01	-1.8677935e-02
5.4249433107e-01	-1.5044402e-02
5.4258503401e-01	-1.2191226e-02
5.4267573696e-01	-9.5215366e-03
5.4276643991e-01	-6.1512804e-03
5.4285714286e-01	-4.4987417e-03
5.4294784580e-01	-1.3813022e-03
5.4303854875e-01	3.0478038e-03
5.4312925170e-01	7.6104465e-03
5.4321995465e-01	1.0195184e-02
5.4331065760e-01	1.3100379e-02
5.4340136054e-01	1.6361157e-02
5.4349206349e-01	1.7560534e-02
5.4358276644e-01	2.0639180e-02
5.4367346939e-01	2.4999041e-02
5.4376417234e-01	2.7923298e-02
5.4385487528e-01	3.0587521e-02
5.4394557823e-01	3.4412109e-02
5.4403628118e-01	3.7658249e-02
5.4412698413e-01	4.2410166e-02
5.4421768707e-01	4.4014094e-02
5.4430839002e-01	4.5974670e-02
5.4439909297e-01	5.0460554e-02
5.4448979592e-01	4.4704893e-02
5.4458049887e-01	4.2553793e-02
5.4467120181e-01	5.7232479e-02
5.4476190476e-01	5.8729432e-02
5.4485260771e-01	5.9364601e-02
5.4494331066e-01	6.0996420e-02
5.4503401361e-01	6.1685781e-02
5.4512471655e-01	6.1708772e-02
5.4521541950e-01	6.2708620e-02
5.4530612245e-01	6.4204153e-02
5.4539682540e-01	6.5240076e-02
5.4548752834e-01	6.7445923e-02
5.4557823129e-01	6.8280414e-02
5.4566893424e-01	6.7719278e-02
5.4575963719e-01	6.9601173e-02
5.4585034014e-01	7.0472539e-02
5.4594104308e-01	6.8916139e-02
5.4603174603e-01	7.0782110e-02
5.4612244898e-01	6.9455684e-02
5.4621315193e-01	7.0623471e-02
5.4630385488e-01	7.0357202e-02
5.4639455782e-01	6.7323463e-02
5.4648526077e-01	6.8876058e-02
5.4657596372e-01	6.7931680e-02
5.4666666667e-01	6.6194348e-02
5.4675736961e-01	6.3753523e-02
5.4684807256e-01	6.0331931e-02
5.4693877551e-01	5.7531898e-02
5.4702947846e-01	5.4996175e-02
5.4712018141e-01	5.3628709e-02
5.4721088435e-01	4.9364630e-02
5.4730158730e-01	4.3698089e-02
5.4739229025e-01	4.0387006e-02
5.4748299320e-01	3.6410741e-02
5.4757369615e-01	3.1562490e-02
5.4766439909e-01	2.8820228e-02
5.4775510204e-01	2.5089146e-02
5.4784580499e-01	2.2698272e-02
5.4793650794e-01	2.1909588e-02
5.4802721088e-01	1.9686864e-02
5.4811791383e-01	1.8511706e-02
5.4820861678e-01	2.0193423e-02
5.4829931973e-01	2.2286056e-02
5.4839002268e-01	2.4237889e-02
5.4848072562e-01	2.5827635e-02
5.4857142857e-01	2.8987906e-02
5.4866213152e-01	3.3208610e-02
5.4875283447e-01	3.7388246e-02
5.4884353741e-01	3.9942127e-02
5.4893424036e-01	4.3515582e-02
5.4902494331e-01	4.9040085e-02
5.4911564626e-01	5.1023174e-02
5.4920634921e-01	5.4513328e-02
5.4929705215e-01	5.7163319e-02
5.4938775510e-01	5.8849149e-02
5.4947845805e-01	5.9644769e-02
5.4956916100e-01	6.2667358e-02
5.4965986395e-01	6.4608430e-02
5.4975056689e-01	6.5301033e-02
5.4984126984e-01	6.7469726e-02
5.4993197279e-01	6.8524919e-02
5.5002267574e-01	6.9945665e-02
5.5011337868e-01	7.1267510e-02
5.5020408163e-01	7.2187686e-02
5.5029478458e-01	7.3653455e-02
5.5038548753e-01	7.4263137e-02
5.5047619048e-01	7.5317869e-02
5.5056689342e-01	7.2996822e-02
5.5065759637e-01	7.2774472e-02
5.5074829932e-01	7.4598174e-02
5.5083900227e-01	7.1864541e-02
5.5092970522e-01	7.0890866e-02
5.5102040816e-01	6.9970195e-02
5.5111111111e-01	6.7709368e-02
5.5120181406e-01	6.3752487e-02
5.5129251701e-01	5.9970678e-02
5.5138321995e-01	5.5880131e-02
5.5147392290e-01	5.4583184e-02
5.5156462585e-01	5.1049116e-02
5.5165532880e-01	4.5718838e-02
5.5174603175e-01	4.2175719e-02
5.5183673469e-01	4.0011122e-02
5.5192743764e-01	3.7090383e-02
5.5201814059e-01	3.2555938e-02
5.5210884354e-01	2.7813174e-02
5.5219954649e-01	2.5164189e-02
5.5229024943e-01	2.2422546e-02
5.5238095238e-01	1.7801955e-02
5.5247165533e-01	1.4679791e-02
5.5256235828e-01	1.2760335e-02
5.5265306122e-01	9.0326374e-03
5.5274376417e-01	6.3982431e-03
5.5283446712e-01	4.4052748e-03
5.5292517007e-01	4.1698888e-03
5.5301587302e-01	9.3855739e-04
5.5310657596e-01	-2.1680201e-03
5.5319727891e-01	-2.1688998e-03
5.5328798186e-01	-3.1657761e-03
5.5337868481e-01	-6.1286863e-03
5.5346938776e-01	-8.5806443e-03
5.5356009070e-01	-1.0172595e-02
5.5365079365e-01	-1.1063769e-02
5.5374149660e-01	-1.2448008e-02
5.5383219955e-01	-1.3714933e-02
5.5392290249e-01	-1.6171448e-02
5.5401360544e-01	-1.8706370e-02
5.5410430839e-01	-1.9893083e-02
5.5419501134e-01	-2.0308232e-02
5.5428571429e-01	-2.2656467e-02
5.5437641723e-01	-2.4364555e-02
5.5446712018e-01	-2.6799323e-02
5.5455782313e-01	-2.9676987e-02
5.5464852608e-01	-3.1099170e-02
5.5473922902e-01	-3.2262724e-02
5.5482993197e-01	-3.4621167e-02
5.5492063492e-01	-3.6140504e-02
5.5501133787e-01	-3.8697929e-02
5.5510204082e-01	-4.0704087e-02
5.5519274376e-01	-4.3370206e-02
5.5528344671e-01	-4.5133356e-02
5.5537414966e-01	-4.6665702e-02
5.5546485261e-01	-5.0414417e-02
5.5555555556e-01	-5.4113009e-02
5.5564625850e-01	-5.6354065e-02
5.5573696145e-01	-5.7266947e-02
5.5582766440e-01	-6.0248894e-02
5.5591836735e-01	-6.4117758e-02
5.5600907029e-01	-6.7510507e-02
5.5609977324e-01	-6.9080699e-02
5.5619047619e-01	-7.2432210e-02
5.5628117914e-01	-7.4923330e-02
5.5637188209e-01	-7.7789124e-02
5.5646258503e-01	-8.1682895e-02
5.5655328798e-01	-8.4074822e-02
5.5664399093e-01	-8.6904968e-02
5.5673469388e-01	-8.9936917e-02
5.5682539683e-01	-9.3788199e-02
5.5691609977e-01	-9.4970110e-02
5.5700680272e-01	-1.1456028e-01
5.5709750567e-01	-1.1478468e-01
5.5718820862e-01	-1.0293189e-01
5.5727891156e-01	-1.0912413e-01
5.5736961451e-01	-1.1252229e-01
5.5746031746e-01	-1.1281376e-01
5.5755102041e-01	-1.1530323e-01
5.5764172336e-01	-1.1772141e-01
5.5773242630e-01	-1.1824133e-01
5.5782312925e-01	-1.1948938e-01
5.5791383220e-01	-1.1899926e-01
5.5800453515e-01	-1.2098907e-01
5.5809523810e-01	-1.2042072e-01
5.5818594104e-01	-1.1848058e-01
5.5827664399e-01	-1.1485879e-01
5.5836734694e-01	-1.1120010e-01
5.5845804989e-01	-1.0915952e-01
5.5854875283e-01	-1.0644263e-01
5.5863945578e-01	-1.0283035e-01
5.5873015873e-01	-9.8764608e-02
5.5882086168e-01	-9.3965987e-02
5.5891156463e-01	-8.8172698e-02
5.5900226757e-01	-8.3288792e-02
5.5909297052e-01	-7.8580358e-02
5.5918367347e-01	-7.4092873e-02
5.5927437642e-01	-6.9380694e-02
5.5936507937e-01	-6.4047481e-02
5.5945578231e-01	-6.0081366e-02
5.5954648526e-01	-5.6516796e-02
5.5963718821e-01	-5.2412960e-02
5.5972789116e-01	-4.7240177e-02
5.5981859410e-01	-4.4594326e-02
5.5990929705e-01	-4.2610489e-02
5.6000000000e-01	-4.0045148e-02
5.6009070295e-01	-3.4217260e-02
5.6018140590e-01	-3.2046974e-02
5.6027210884e-01	-2.9047780e-02
5.6036281179e-01	-2.4493642e-02
5.6045351474e-01	-2.1527492e-02
5.6054421769e-01	-1.8275949e-02
5.6063492063e-01	-1.6340673e-02
5.6072562358e-01	-1.1687088e-02
5.6081632653e-01	-8.3444704e-03
5.6090702948e-01	-4.8657340e-03
5.6099773243e-01	-2.4361064e-03
5.6108843537e-01	-5.4149220e-04
5.6117913832e-01	4.2399302e-03
5.6126984127e-01	9.4399722e-03
5.6136054422e-01	1.1120209e-02
5.6145124717e-01	1.4198256e-02
5.6154195011e-01	1.6332011e-02
5.6163265306e-01	2.1006226e-02
5.6172335601e-01	2.3967792e-02
5.6181405896e-01	2.6463142e-02
5.6190476190e-01	3.0934078e-02
5.6199546485e-01	3.4590055e-02
5.6208616780e-01	3.8495782e-02
5.6217687075e-01	4.1505936e-02
5.6226757370e-01	4.5423801e-02
5.6235827664e-01	4.7803883e-02
5.6244897959e-01	4.9522352e-02
5.6253968254e-01	5.0823153e-02
5.6263038549e-01	5.2850703e-02
5.6272108844e-01	5.6008580e-02
5.6281179138e-01	5.6656626e-02
5.6290249433e-01	5.7581033e-02
5.6299319728e-01	5.9276542e-02
5.6308390023e-01	6.1866488e-02
5.6317460317e-01	6.4121493e-02
5.6326530612e-01	6.4348805e-02
5.6335600907e-01	6.5796265e-02
5.6344671202e-01	6.7671668e-02
5.6353741497e-01	6.8394977e-02
5.6362811791e-01	6.7582102e-02
5.6371882086e-01	6.9132905e-02
5.6380952381e-01	7.0684470e-02
5.6390022676e-01	7.0859644e-02
5.6399092971e-01	7.1124478e-02
5.6408163265e-01	7.2250158e-02
5.6417233560e-01	7.3709705e-02
5.6426303855e-01	7.2999053e-02
5.6435374150e-01	7.1995338e-02
5.6444444444e-01	7.1364825e-02
5.6453514739e-01	7.1333425e-02
5.6462585034e-01	6.9355897e-02
5.6471655329e-01	6.7095631e-02
5.6480725624e-01	6.4960450e-02
5.6489795918e-01	6.2657533e-02
5.6498866213e-01	6.0645586e-02
5.6507936508e-01	5.8165707e-02
5.6517006803e-01	5.4021519e-02
5.6526077098e-01	4.8635471e-02
5.6535147392e-01	4.6821390e-02
5.6544217687e-01	4.1989301e-02
5.6553287982e-01	3.6783650e-02
5.6562358277e-01	3.2960370e-02
5.6571428571e-01	2.8609888e-02
5.6580498866e-01	2.4685866e-02
5.6589569161e-01	2.2481656e-02
5.6598639456e-01	2.0455807e-02
5.6607709751e-01	1.7611199e-02
5.6616780045e-01	1.6426835e-02
5.6625850340e-01	1.7214465e-02
5.6634920635e-01	1.8373501e-02
5.6643990930e-01	1.8861845e-02
5.6653061224e-01	1.9800845e-02
5.6662131519e-01	2.3892844e-02
5.6671201814e-01	2.8338558e-02
5.6680272109e-01	2.9736087e-02
5.6689342404e-01	3.5527781e-02
5.6698412698e-01	3.7955152e-02
5.6707482993e-01	3.9766265e-02
5.6716553288e-01	4.5418484e-02
5.6725623583e-01	4.9231143e-02
5.6734693878e-01	5.3197568e-02
5.6743764172e-01	5.7322973e-02
5.6752834467e-01	5.6778826e-02
5.6761904762e-01	5.6352769e-02
5.6770975057e-01	5.8042485e-02
5.6780045351e-01	5.9937419e-02
5.6789115646e-01	6.2524824e-02
5.6798185941e-01	6.5043002e-02
5.6807256236e-01	6.5000659e-02
5.6816326531e-01	6.6758593e-02
5.6825396825e-01	6.9407504e-02
5.6834467120e-01	6.9803489e-02
5.6843537415e-01	7.0857431e-02
5.6852607710e-01	7.0057344e-02
5.6861678005e-01	7.1161407e-02
5.6870748299e-01	7.1969664e-02
5.6879818594e-01	7.1991677e-02
5.6888888889e-01	7.1473125e-02
5.6897959184e-01	7.0283922e-02
5.6907029478e-01	6.7585472e-02
5.6916099773e-01	6.5072307e-02
5.6925170068e-01	6.2835656e-02
5.6934240363e-01	5.9970871e-02
5.6943310658e-01	6.0562618e-02
5.6952380952e-01	4.0532312e-02
5.6961451247e-01	4.5367168e-02
5.6970521542e-01	5.0559490e-02
5.6979591837e-01	4.4723481e-02
5.6988662132e-01	4.3392374e-02
5.6997732426e-01	3.9456957e-02
5.7006802721e-01	3.6412682e-02
5.7015873016e-01	3.3170519e-02
5.7024943311e-01	2.9260934e-02
5.7034013605e-01	2.6123996e-02
5.7043083900e-01	2.3644695e-02
5.7052154195e-01	2.0229744e-02
5.7061224490e-01	1.8084555e-02
5.7070294785e-01	1.4919532e-02
5.7079365079e-01	1.2010515e-02
5.7088435374e-01	9.8050427e-03
5.7097505669e-01	8.3466820e-03
5.7106575964e-01	6.6061676e-03
5.7115646259e-01	5.2759535e-03
5.7124716553e-01	1.3808298e-03
5.7133786848e-01	-1.0322134e-03
5.7142857143e-01	-1.0745182e-03
5.7151927438e-01	-3.0728656e-03
5.7160997732e-01	-4.6784146e-03
5.7170068027e-01	-6.3133391e-03
5.7179138322e-01	-7.7522874e-03
5.7188208617e-01	-9.2696808e-03
5.7197278912e-01	-1.0160761e-02
5.7206349206e-01	-1.1893133e-02
5.7215419501e-01	-1.5013267e-02
5.7224489796e-01	-1.5364628e-02
5.7233560091e-01	-1.7559582e-02
5.7242630385e-01	-2.1558554e-02
5.7251700680e-01	-2.2865620e-02
5.7260770975e-01	-2.2652972e-02
5.7269841270e-01	-2.4893347e-02
5.7278911565e-01	-2.7336267e-02
5.7287981859e-01	-3.0447894e-02
5.7297052154e-01	-3.1521026e-02
5.7306122449e-01	-3.4595125e-02
5.7315192744e-01	-3.5796257e-02
5.7324263039e-01	-3.7173239e-02
5.7333333333e-01	-3.9320119e-02
5.7342403628e-01	-4.3837482e-02
5.7351473923e-01	-4.6363502e-02
5.7360544218e-01	-4.6958671e-02
5.7369614512e-01	-4.9399743e-02
5.7378684807e-01	-5.1283662e-02
5.7387755102e-01	-5.5082321e-02
5.7396825397e-01	-5.7756886e-02
5.7405895692e-01	-5.8327104e-02
5.7414965986e-01	-6.1335620e-02
5.7424036281e-01	-6.3351765e-02
5.7433106576e-01	-6.6488351e-02
5.7442176871e-01	-7.0541596e-02
5.7451247166e-01	-7.2115051e-02
5.7460317460e-01	-7.4498400e-02
5.7469387755e-01	-7.7551389e-02
5.7478458050e-01	-8.1957702e-02
5.7487528345e-01	-8.5245858e-02
5.7496598639e-01	-8.7905972e-02
5.7505668934e-01	-9.2631009e-02
5.7514739229e-01	-9.4392704e-02
5.7523809524e-01	-9.5997818e-02
5.7532879819e-01	-1.0278151e-01
5.7541950113e-01	-1.0476840e-01
5.7551020408e-01	-1.0626787e-01
5.7560090703e-01	-1.1103659e-01
5.7569160998e-01	-1.1185260e-01
5.7578231293e-01	-1.1456420e-01
5.7587301587e-01	-1.1761308e-01
5.7596371882e-01	-1.1716028e-01
5.7605442177e-01	-1.1636773e-01
5.7614512472e-01	-1.1755317e-01
5.7623582766e-01	-1.1577139e-01
5.7632653061e-01	-1.1417248e-01
5.7641723356e-01	-1.1285900e-01
5.7650793651e-01	-1.1105072e-01
5.7659863946e-01	-1.0800786e-01
5.7668934240e-01	-1.0548731e-01
5.7678004535e-01	-1.0195162e-01
5.7687074830e-01	-9.6949101e-02
5.7696145125e-01	-9.3343392e-02
5.7705215420e-01	-8.8666454e-02
5.7714285714e-01	-8.4024382e-02
5.7723356009e-01	-8.0628444e-02
5.7732426304e-01	-7.5485729e-02
5.7741496599e-01	-7.1626875e-02
5.7750566893e-01	-6.8240526e-02
5.7759637188e-01	-6.3832600e-02
5.7768707483e-01	-6.0577552e-02
5.7777777778e-01	-5.7082943e-02
5.7786848073e-01	-5.3321777e-02
5.7795918367e-01	-4.8840414e-02
5.7804988662e-01	-4.6392497e-02
5.7814058957e-01	-4.2676285e-02
5.7823129252e-01	-3.9391728e-02
5.7832199546e-01	-3.5863612e-02
5.7841269841e-01	-3.3353095e-02
5.7850340136e-01	-3.0323110e-02
5.7859410431e-01	-2.6340211e-02
5.7868480726e-01	-2.2646839e-02
5.7877551020e-01	-1.9855007e-02
5.7886621315e-01	-1.7254335e-02
5.7895691610e-01	-1.3928595e-02
5.7904761905e-01	-1.0684724e-02
5.7913832200e-01	-6.5516196e-03
5.7922902494e-01	-3.2815223e-03
5.7931972789e-01	-6.9065579e-04
5.7941043084e-01	3.7936180e-03
5.7950113379e-01	6.3051437e-03
5.7959183673e-01	9.8110207e-03
5.7968253968e-01	1.3720076e-02
5.7977324263e-01	1.8018051e-02
5.7986394558e-01	1.9926998e-02
5.7995464853e-01	2.3995328e-02
5.8004535147e-01	2.7638225e-02
5.8013605442e-01	2.9830113e-02
5.8022675737e-01	3.3693838e-02
5.8031746032e-01	3.7001067e-02
5.8040816327e-01	4.0035530e-02
5.8049886621e-01	4.0613429e-02
5.8058956916e-01	4.5442211e-02
5.8068027211e-01	4.6889496e-02
5.8077097506e-01	4.7324610e-02
5.8086167800e-01	5.0167380e-02
5.8095238095e-01	5.3534582e-02
5.8104308390e-01	5.4406806e-02
5.8113378685e-01	5.5356766e-02
5.8122448980e-01	5.7786569e-02
5.8131519274e-01	5.9792656e-02
5.8140589569e-01	6.0504388e-02
5.8149659864e-01	6.2171603e-02
5.8158730159e-01	6.3854221e-02
5.8167800454e-01	6.4183236e-02
5.8176870748e-01	6.7295736e-02
5.8185941043e-01	6.8323177e-02
5.8195011338e-01	6.7861015e-02
5.8204081633e-01	5.5837861e-02
5.8213151927e-01	6.6364792e-02
5.8222222222e-01	7.0314453e-02
5.8231292517e-01	6.8008592e-02
5.8240362812e-01	6.9087904e-02
5.8249433107e-01	6.9382921e-02
5.8258503401e-01	6.7827690e-02
5.8267573696e-01	6.6703015e-02
5.8276643991e-01	6.4669933e-02
5.8285714286e-01	6.4354558e-02
5.8294784580e-01	6.5150125e-02
5.8303854875e-01	6.2183606e-02
5.8312925170e-01	5.7826566e-02
5.8321995465e-01	5.5436100e-02
5.8331065760e-01	5.1212951e-02
5.8340136054e-01	4.8483208e-02
5.8349206349e-01	4.3338027e-02
5.8358276644e-01	3.9351154e-02
5.8367346939e-01	3.5582506e-02
5.8376417234e-01	3.1791894e-02
5.8385487528e-01	2.7253616e-02
5.8394557823e-01	2.2274793e-02
5.8403628118e-01	2.0143069e-02
5.8412698413e-01	1.9313371e-02
5.8421768707e-01	1.7441008e-02
5.8430839002e-01	1.7320194e-02
5.8439909297e-01	1.7757409e-02
5.8448979592e-01	1.8069239e-02
5.8458049887e-01	1.9744429e-02
5.8467120181e-01	2.2212459e-02
5.8476190476e-01	2.5446926e-02
5.8485260771e-01	2.9671682e-02
5.8494331066e-01	3.1889386e-02
5.8503401361e-01	3.6454928e-02
5.8512471655e-01	4.1649862e-02
5.8521541950e-01	4.2534625e-02
5.8530612245e-01	4.5497079e-02
5.8539682540e-01	4.9699735e-02
5.8548752834e-01	5.3633408e-02
5.8557823129e-01	5.5825961e-02
5.8566893424e-01	5.7856052e-02
5.8575963719e-01	5.7492113e-02
5.8585034014e-01	5.9051814e-02
5.8594104308e-01	6.0266582e-02
5.8603174603e-01	6.2007578e-02
5.8612244898e-01	6.3532869e-02
5.8621315193e-01	6.3353129e-02
5.8630385488e-01	6.7261477e-02
5.8639455782e-01	6.7834178e-02
5.8648526077e-01	6.9129531e-02
5.8657596372e-01	7.1132670e-02
5.8666666667e-01	7.1027912e-02
5.8675736961e-01	7.0020784e-02
5.8684807256e-01	7.1526269e-02
5.8693877551e-01	7.1053685e-02
5.8702947846e-01	7.0812650e-02
5.8712018141e-01	6.9101368e-02
5.8721088435e-01	6.6739586e-02
5.8730158730e-01	6.5375991e-02
5.8739229025e-01	6.3568076e-02
5.8748299320e-01	6.0480511e-02
5.8757369615e-01	5.7948046e-02
5.8766439909e-01	5.6019274e-02
5.8775510204e-01	5.1485682e-02
5.8784580499e-01	4.8145281e-02
5.8793650794e-01	4.3562024e-02
5.8802721088e-01	3.9982990e-02
5.8811791383e-01	3.7578624e-02
5.8820861678e-01	3.4019816e-02
5.8829931973e-01	2.9828112e-02
5.8839002268e-01	2.7575097e-02
5.8848072562e-01	2.3883103e-02
5.8857142857e-01	2.0060675e-02
5.8866213152e-01	1.8771250e-02
5.8875283447e-01	1.4815868e-02
5.8884353741e-01	1.1454459e-02
5.8893424036e-01	7.8071094e-03
5.8902494331e-01	7.6655406e-03
5.8911564626e-01	5.6003673e-03
5.8920634921e-01	3.5100548e-03
5.8929705215e-01	4.1384069e-04
5.8938775510e-01	-2.4310234e-03
5.8947845805e-01	-2.8802269e-03
5.8956916100e-01	-3.9333592e-03
5.8965986395e-01	-5.2108501e-03
5.8975056689e-01	-5.9421903e-03
5.8984126984e-01	-8.3187678e-03
5.8993197279e-01	-1.0343504e-02
5.9002267574e-01	-1.1046427e-02
5.9011337868e-01	-1.2344794e-02
5.9020408163e-01	-1.3219750e-02
5.9029478458e-01	-1.3851994e-02
5.9038548753e-01	-1.8479892e-02
5.9047619048e-01	-2.0277091e-02
5.9056689342e-01	-2.2484135e-02
5.9065759637e-01	-2.1597846e-02
5.9074829932e-01	-2.5359726e-02
5.9083900227e-01	-2.5836656e-02
5.9092970522e-01	-2.6934384e-02
5.9102040816e-01	-2.9563379e-02
5.9111111111e-01	-2.9803685e-02
5.9120181406e-01	-3.2713743e-02
5.9129251701e-01	-3.4799821e-02
5.9138321995e-01	-3.6007547e-02
5.9147392290e-01	-3.7203735e-02
5.9156462585e-01	-3.9111891e-02
5.9165532880e-01	-4.2803042e-02
5.9174603175e-01	-4.4370748e-02
5.9183673469e-01	-4.5696076e-02
5.9192743764e-01	-4.8199281e-02
5.9201814059e-01	-5.0952938e-02
5.9210884354e-01	-5.4236619e-02
5.9219954649e-01	-5.5887311e-02
5.9229024943e-01	-5.9598112e-02
5.9238095238e-01	-6.1187290e-02
5.9247165533e-01	-6.4365452e-02
5.9256235828e-01	-6.7040833e-02
5.9265306122e-01	-6.8969502e-02
5.9274376417e-01	-7.2544905e-02
5.9283446712e-01	-7.6455740e-02
5.9292517007e-01	-7.7909665e-02
5.9301587302e-01	-8.1264968e-02
5.9310657596e-01	-8.5659986e-02
5.9319727891e-01	-8.7896380e-02
5.9328798186e-01	-9.2637092e-02
5.9337868481e-01	-9.5948667e-02
5.9346938776e-01	-9.8984721e-02
5.9356009070e-01	-1.0216678e-01
5.9365079365e-01	-1.0380117e-01
5.9374149660e-01	-1.0619900e-01
5.9383219955e-01	-1.1026811e-01
5.9392290249e-01	-1.1169704e-01
5.9401360544e-01	-1.1215665e-01
5.9410430839e-01	-1.1305865e-01
5.9419501134e-01	-1.1378599e-01
5.9428571429e-01	-1.1398019e-01
5.9437641723e-01	-1.1175559e-01
5.9446712018e-01	-1.1392584e-01
5.9455782313e-01	-1.2744162e-01
5.9464852608e-01	-1.0842626e-01
5.9473922902e-01	-1.0239670e-01
5.9482993197e-01	-1.0070083e-01
5.9492063492e-01	-9.7841914e-02
5.9501133787e-01	-9.3647541e-02
5.9510204082e-01	-8.9026793e-02
5.9519274376e-01	-8.4419247e-02
5.9528344671e-01	-8.1091955e-02
5.9537414966e-01	-7.6933701e-02
5.9546485261e-01	-7.2292991e-02
5.9555555556e-01	-6.8254386e-02
5.9564625850e-01	-6.4683652e-02
5.9573696145e-01	-6.2028928e-02
5.9582766440e-01	-5.7365367e-02
5.9591836735e-01	-5.4662861e-02
5.9600907029e-01	-5.0577386e-02
5.9609977324e-01	-4.8447703e-02
5.9619047619e-01	-4.4393153e-02
5.9628117914e-01	-4.2707348e-02
5.9637188209e-01	-4.0262398e-02
5.9646258503e-01	-3.5413466e-02
5.9655328798e-01	-3.3240516e-02
5.9664399093e-01	-3.0308833e-02
5.9673469388e-01	-2.7719861e-02
5.9682539683e-01	-2.3297352e-02
5.9691609977e-01	-1.8739548e-02
5.9700680272e-01	-1.7123263e-02
5.9709750567e-01	-1.4011155e-02
5.9718820862e-01	-1.0669849e-02
5.9727891156e-01	-8.7904886e-03
5.9736961451e-01	-4.4894790e-03
5.9746031746e-01	4.1776720e-04
5.9755102041e-01	3.0592436e-03
5.9764172336e-01	6.2658644e-03
5.9773242630e-01	7.9971070e-03
5.9782312925e-01	1.1526672e-02
5.9791383220e-01	1.5212402e-02
5.9800453515e-01	1.9207903e-02
5.9809523810e-01	2.4215866e-02
5.9818594104e-01	2.7040865e-02
5.9827664399e-01	2.8903637e-02
5.9836734694e-01	3.3967598e-02
5.9845804989e-01	3.8024120e-02
5.9854875283e-01	4.1582927e-02
5.9863945578e-01	4.5669189e-02
5.9873015873e-01	4.7837807e-02
5.9882086168e-01	4.8822501e-02
5.9891156463e-01	5.0974714e-02
5.9900226757e-01	5.5714223e-02
5.9909297052e-01	5.8071792e-02
5.9918367347e-01	5.7630357e-02
5.9927437642e-01	5.9779898e-02
5.9936507937e-01	6.0632929e-02
5.9945578231e-01	6.2821373e-02
5.9954648526e-01	6.4039952e-02
5.9963718821e-01	6.4731450e-02
5.9972789116e-01	6.4959036e-02
5.9981859410e-01	6.5175082e-02
5.9990929705e-01	6.3684013e-02
6.0000000000e-01	6.5687254e-02
6.0009070295e-01	6.7407795e-02
6.0018140590e-01	6.6395223e-02
6.0027210884e-01	6.7025688e-02
6.0036281179e-01	6.7053284e-02
6.0045351474e-01	6.7286394e-02
6.0054421769e-01	6.7226522e-02
6.0063492063e-01	6.7260024e-02
6.0072562358e-01	6.6470507e-02
6.0081632653e-01	6.6330230e-02
6.0090702948e-01	6.2513536e-02
6.0099773243e-01	6.1354035e-02
6.0108843537e-01	5.8689387e-02
6.0117913832e-01	5.6909336e-02
6.0126984127e-01	5.4545582e-02
6.0136054422e-01	5.1695765e-02
6.0145124717e-01	4.8157719e-02
6.0154195011e-01	4.3779357e-02
6.0163265306e-01	3.8484431e-02
6.0172335601e-01	3.6895166e-02
6.0181405896e-01	3.2733702e-02
6.0190476190e-01	2.9063003e-02
6.0199546485e-01	2.4851761e-02
6.0208616780e-01	2.2628757e-02
6.0217687075e-01	1.7609859e-02
6.0226757370e-01	1.4780492e-02
6.0235827664e-01	1.3801490e-02
6.0244897959e-01	1.3145414e-02
6.0253968254e-01	1.3889744e-02
6.0263038549e-01	1.4668591e-02
6.0272108844e-01	1.6951543e-02
6.0281179138e-01	1.9738029e-02
6.0290249433e-01	2.2445645e-02
6.0299319728e-01	2.8192455e-02
6.0308390023e-01	3.3524660e-02
6.0317460317e-01	3.6975815e-02
6.0326530612e-01	4.1522368e-02
6.0335600907e-01	4.5271209e-02
6.0344671202e-01	4.7825642e-02
6.0353741497e-01	5.2321512e-02
6.0362811791e-01	5.5615643e-02
6.0371882086e-01	5.7610121e-02
6.0380952381e-01	6.0769717e-02
6.0390022676e-01	6.3182196e-02
6.0399092971e-01	6.2511314e-02
6.0408163265e-01	6.5486325e-02
6.0417233560e-01	6.6943468e-02
6.0426303855e-01	6.7172346e-02
6.0435374150e-01	6.7399388e-02
6.0444444444e-01	6.7998304e-02
6.0453514739e-01	6.8544910e-02
6.0462585034e-01	6.8959845e-02
6.0471655329e-01	6.9938158e-02
6.0480725624e-01	7.2554863e-02
6.0489795918e-01	7.1819335e-02
6.0498866213e-01	7.0964259e-02
6.0507936508e-01	7.0248524e-02
6.0517006803e-01	6.9608655e-02
6.0526077098e-01	6.7116588e-02
6.0535147392e-01	6.4103713e-02
6.0544217687e-01	6.1780601e-02
6.0553287982e-01	5.9539222e-02
6.0562358277e-01	5.7121734e-02
6.0571428571e-01	5.4604915e-02
6.0580498866e-01	5.0175913e-02
6.0589569161e-01	4.6336134e-02
6.0598639456e-01	4.4665658e-02
6.0607709751e-01	3.9379733e-02
6.0616780045e-01	3.4740818e-02
6.0625850340e-01	3.2522115e-02
6.0634920635e-01	2.8418321e-02
6.0643990930e-01	2.4408610e-02
6.0653061224e-01	2.1506095e-02
6.0662131519e-01	1.7941720e-02
6.0671201814e-01	1.4307915e-02
6.0680272109e-01	1.0998320e-02
6.0689342404e-01	8.8317658e-03
6.0698412698e-01	-5.2531984e-04
6.0707482993e-01	-1.2986310e-02
6.0716553288e-01	2.5919949e-03
6.0725623583e-01	8.2073631e-04
6.0734693878e-01	-3.4314704e-03
6.0743764172e-01	-4.8713411e-03
6.0752834467e-01	-6.3684177e-03
6.0761904762e-01	-8.9280380e-03
6.0770975057e-01	-8.7585236e-03
6.0780045351e-01	-8.0478048e-03
6.0789115646e-01	-9.1877833e-03
6.0798185941e-01	-1.2920848e-02
6.0807256236e-01	-1.3818378e-02
6.0816326531e-01	-1.3478881e-02
6.0825396825e-01	-1.5997348e-02
6.0834467120e-01	-1.7861007e-02
6.0843537415e-01	-1.7190104e-02
6.0852607710e-01	-1.9960125e-02
6.0861678005e-01	-2.0936181e-02
6.0870748299e-01	-2.2960423e-02
6.0879818594e-01	-2.3731349e-02
6.0888888889e-01	-2.3426003e-02
6.0897959184e-01	-2.5337110e-02
6.0907029478e-01	-2.8128593e-02
6.0916099773e-01	-3.0445505e-02
6.0925170068e-01	-3.0886616e-02
6.0934240363e-01	-3.1670415e-02
6.0943310658e-01	-3.2334006e-02
6.0952380952e-01	-3.3350944e-02
6.0961451247e-01	-3.6111632e-02
6.0970521542e-01	-3.7745247e-02
6.0979591837e-01	-4.0396443e-02
6.0988662132e-01	-4.2431306e-02
6.0997732426e-01	-4.4034170e-02
6.1006802721e-01	-4.6619779e-02
6.1015873016e-01	-5.0398207e-02
6.1024943311e-01	-5.2657793e-02
6.1034013605e-01	-5.3579701e-02
6.1043083900e-01	-5.5308994e-02
6.1052154195e-01	-5.7860598e-02
6.1061224490e-01	-5.9753753e-02
6.1070294785e-01	-6.3945731e-02
6.1079365079e-01	-6.6688347e-02
6.1088435374e-01	-6.8086780e-02
6.1097505669e-01	-7.1863512e-02
6.1106575964e-01	-7.5792344e-02
6.1115646259e-01	-7.7681025e-02
6.1124716553e-01	-8.2994368e-02
6.1133786848e-01	-8.6075421e-02
6.1142857143e-01	-8.8646597e-02
6.1151927438e-01	-9.1116084e-02
6.1160997732e-01	-9.5818528e-02
6.1170068027e-01	-9.9527660e-02
6.1179138322e-01	-1.0022581e-01
6.1188208617e-01	-1.0520484e-01
6.1197278912e-01	-1.0711534e-01
6.1206349206e-01	-1.0791740e-01
6.1215419501e-01	-1.0777584e-01
6.1224489796e-01	-1.0810295e-01
6.1233560091e-01	-1.0847248e-01
6.1242630385e-01	-1.0885079e-01
6.1251700680e-01	-1.0756016e-01
6.1260770975e-01	-1.0395173e-01
6.1269841270e-01	-1.0284891e-01
6.1278911565e-01	-1.0145431e-01
6.1287981859e-01	-9.7480437e-02
6.1297052154e-01	-9.3193350e-02
6.1306122449e-01	-9.0501254e-02
6.1315192744e-01	-8.8327196e-02
6.1324263039e-01	-8.3614938e-02
6.1333333333e-01	-7.9000194e-02
6.1342403628e-01	-7.4910147e-02
6.1351473923e-01	-7.3855741e-02
6.1360544218e-01	-6.9787392e-02
6.1369614512e-01	-6.4680254e-02
6.1378684807e-01	-6.2632815e-02
6.1387755102e-01	-5.8653363e-02
6.1396825397e-01	-5.5936671e-02
6.1405895692e-01	-5.4184801e-02
6.1414965986e-01	-5.0657679e-02
6.1424036281e-01	-4.7467434e-02
6.1433106576e-01	-4.3924674e-02
6.1442176871e-01	-4.0421395e-02
6.1451247166e-01	-3.7341794e-02
6.1460317460e-01	-3.4335162e-02
6.1469387755e-01	-3.0585994e-02
6.1478458050e-01	-2.9325663e-02
6.1487528345e-01	-2.5769350e-02
6.1496598639e-01	-2.1827295e-02
6.1505668934e-01	-1.8956854e-02
6.1514739229e-01	-1.6368232e-02
6.1523809524e-01	-1.3283500e-02
6.1532879819e-01	-1.1436115e-02
6.1541950113e-01	-7.1959674e-03
6.1551020408e-01	-4.3392689e-03
6.1560090703e-01	-2.2462125e-03
6.1569160998e-01	1.7672596e-03
6.1578231293e-01	3.9608064e-03
6.1587301587e-01	6.1674441e-03
6.1596371882e-01	1.0121491e-02
6.1605442177e-01	1.3582915e-02
6.1614512472e-01	1.7888665e-02
6.1623582766e-01	2.1168549e-02
6.1632653061e-01	2.3633029e-02
6.1641723356e-01	2.4918113e-02
6.1650793651e-01	2.8072071e-02
6.1659863946e-01	3.1471084e-02
6.1668934240e-01	3.2589027e-02
6.1678004535e-01	3.5685925e-02
6.1687074830e-01	3.9767149e-02
6.1696145125e-01	4.2037528e-02
6.1705215420e-01	4.2886492e-02
6.1714285714e-01	4.7097312e-02
6.1723356009e-01	4.8974410e-02
6.1732426304e-01	5.1046743e-02
6.1741496599e-01	5.3897923e-02
6.1750566893e-01	5.6777884e-02
6.1759637188e-01	5.8113762e-02
6.1768707483e-01	5.8431360e-02
6.1777777778e-01	5.8022773e-02
6.1786848073e-01	6.1090122e-02
6.1795918367e-01	6.2834062e-02
6.1804988662e-01	6.4491888e-02
6.1814058957e-01	6.5310283e-02
6.1823129252e-01	6.5778672e-02
6.1832199546e-01	6.7088093e-02
6.1841269841e-01	6.6298912e-02
6.1850340136e-01	6.5732129e-02
6.1859410431e-01	6.6975875e-02
6.1868480726e-01	6.7457976e-02
6.1877551020e-01	6.8525748e-02
6.1886621315e-01	6.6149751e-02
6.1895691610e-01	6.4591901e-02
6.1904761905e-01	6.3419358e-02
6.1913832200e-01	6.2095668e-02
6.1922902494e-01	6.0361602e-02
6.1931972789e-01	5.7400009e-02
6.1941043084e-01	5.6944640e-02
6.1950113379e-01	4.3454537e-02
6.1959183673e-01	3.5828939e-02
6.1968253968e-01	4.6231717e-02
6.1977324263e-01	4.0381127e-02
6.1986394558e-01	3.5752502e-02
6.1995464853e-01	3.2268235e-02
6.2004535147e-01	2.7169098e-02
6.2013605442e-01	2.3508167e-02
6.2022675737e-01	2.0561712e-02
6.2031746032e-01	1.6600231e-02
6.2040816327e-01	1.6227395e-02
6.2049886621e-01	1.4106162e-02
6.2058956916e-01	1.3393512e-02
6.2068027211e-01	1.3862778e-02
6.2077097506e-01	1.5570135e-02
6.2086167800e-01	1.7936941e-02
6.2095238095e-01	2.1065111e-02
6.2104308390e-01	2.5789795e-02
6.2113378685e-01	2.9553311e-02
6.2122448980e-01	3.2570840e-02
6.2131519274e-01	3.7118630e-02
6.2140589569e-01	3.9583034e-02
6.2149659864e-01	4.3184264e-02
6.2158730159e-01	4.7389562e-02
6.2167800454e-01	5.0180905e-02
6.2176870748e-01	5.5390611e-02
6.2185941043e-01	5.7300332e-02
6.2195011338e-01	5.8881342e-02
6.2204081633e-01	6.0959127e-02
6.2213151927e-01	6.4050581e-02
6.2222222222e-01	6.5604600e-02
6.2231292517e-01	6.5226566e-02
6.2240362812e-01	6.7936030e-02
6.2249433107e-01	6.9334558e-02
6.2258503401e-01	7.0342326e-02
6.2267573696e-01	7.1933297e-02
6.2276643991e-01	7.2797054e-02
6.2285714286e-01	7.4077559e-02
6.2294784580e-01	7.5253307e-02
6.2303854875e-01	7.6366926e-02
6.2312925170e-01	7.5780345e-02
6.2321995465e-01	7.5011754e-02
6.2331065760e-01	7.2799517e-02
6.2340136054e-01	7.1727612e-02
6.2349206349e-01	7.1207479e-02
6.2358276644e-01	6.7644247e-02
6.2367346939e-01	6.6022521e-02
6.2376417234e-01	6.2840900e-02
6.2385487528e-01	5.8593383e-02
6.2394557823e-01	5.5764887e-02
6.2403628118e-01	5.2365636e-02
6.2412698413e-01	4.6667328e-02
6.2421768707e-01	4.2460668e-02
6.2430839002e-01	4.0542253e-02
6.2439909297e-01	3.7384765e-02
6.2448979592e-01	3.2143057e-02
6.2458049887e-01	2.7645868e-02
6.2467120181e-01	2.5947785e-02
6.2476190476e-01	2.2441117e-02
6.2485260771e-01	1.9748446e-02
6.2494331066e-01	1.7313182e-02
6.2503401361e-01	1.3966386e-02
6.2512471655e-01	1.0627097e-02
6.2521541950e-01	7.7341067e-03
6.2530612245e-01	6.1217667e-03
6.2539682540e-01	4.4977182e-03
6.2548752834e-01	1.1492121e-03
6.2557823129e-01	-1.5987621e-03
6.2566893424e-01	-2.8614414e-03
6.2575963719e-01	-3.0683820e-03
6.2585034014e-01	-4.5965757e-03
6.2594104308e-01	-6.5618913e-03
6.2603174603e-01	-8.2806813e-03
6.2612244898e-01	-1.0508067e-02
6.2621315193e-01	-1.1309694e-02
6.2630385488e-01	-1.2999155e-02
6.2639455782e-01	-1.6686211e-02
6.2648526077e-01	-1.8300786e-02
6.2657596372e-01	-1.9568153e-02
6.2666666667e-01	-2.0251821e-02
6.2675736961e-01	-2.2429568e-02
6.2684807256e-01	-2.2502986e-02
6.2693877551e-01	-2.3799631e-02
6.2702947846e-01	-2.6785719e-02
6.2712018141e-01	-2.8556627e-02
6.2721088435e-01	-3.0050882e-02
6.2730158730e-01	-3.1977502e-02
6.2739229025e-01	-3.3705014e-02
6.2748299320e-01	-3.5637918e-02
6.2757369615e-01	-3.6913929e-02
6.2766439909e-01	-3.8085782e-02
6.2775510204e-01	-3.8425479e-02
6.2784580499e-01	-3.9883488e-02
6.2793650794e-01	-4.2185170e-02
6.2802721088e-01	-4.3201938e-02
6.2811791383e-01	-4.6465367e-02
6.2820861678e-01	-4.7508121e-02
6.2829931973e-01	-4.8358786e-02
6.2839002268e-01	-5.2013627e-02
6.2848072562e-01	-5.4284709e-02
6.2857142857e-01	-5.7480905e-02
6.2866213152e-01	-5.8234815e-02
6.2875283447e-01	-5.9078793e-02
6.2884353741e-01	-6.3587107e-02
6.2893424036e-01	-6.5872793e-02
6.2902494331e-01	-6.9094872e-02
6.2911564626e-01	-7.3385073e-02
6.2920634921e-01	-7.5689274e-02
6.2929705215e-01	-8.0933865e-02
6.2938775510e-01	-8.5561770e-02
6.2947845805e-01	-8.7637444e-02
6.2956916100e-01	-9.1984467e-02
6.2965986395e-01	-9.4560987e-02
6.2975056689e-01	-9.6509837e-02
6.2984126984e-01	-9.9702674e-02
6.2993197279e-01	-1.0219589e-01
6.3002267574e-01	-1.0410259e-01
6.3011337868e-01	-1.0590010e-01
6.3020408163e-01	-1.0843371e-01
6.3029478458e-01	-1.1043237e-01
6.3038548753e-01	-1.1142729e-01
6.3047619048e-01	-1.1156416e-01
6.3056689342e-01	-1.1051065e-01
6.3065759637e-01	-1.0934405e-01
6.3074829932e-01	-1.0881804e-01
6.3083900227e-01	-1.0571232e-01
6.3092970522e-01	-1.0356487e-01
6.3102040816e-01	-1.0059957e-01
6.3111111111e-01	-9.7896653e-02
6.3120181406e-01	-9.5025039e-02
6.3129251701e-01	-9.0316915e-02
6.3138321995e-01	-8.5417335e-02
6.3147392290e-01	-8.3376034e-02
6.3156462585e-01	-7.9738889e-02
6.3165532880e-01	-7.5484203e-02
6.3174603175e-01	-7.2702162e-02
6.3183673469e-01	-6.8423417e-02
6.3192743764e-01	-6.3073498e-02
6.3201814059e-01	-7.3753940e-02
6.3210884354e-01	-6.8291566e-02
6.3219954649e-01	-5.4317914e-02
6.3229024943e-01	-5.1815143e-02
6.3238095238e-01	-5.0089780e-02
6.3247165533e-01	-4.6754941e-02
6.3256235828e-01	-4.2594912e-02
6.3265306122e-01	-3.9968404e-02
6.3274376417e-01	-3.6084534e-02
6.3283446712e-01	-3.3142311e-02
6.3292517007e-01	-2.9542652e-02
6.3301587302e-01	-2.6294483e-02
6.3310657596e-01	-2.1870926e-02
6.3319727891e-01	-1.7814955e-02
6.3328798186e-01	-1.5149566e-02
6.3337868481e-01	-1.1861640e-02
6.3346938776e-01	-7.2358869e-03
6.3356009070e-01	-4.7367517e-03
6.3365079365e-01	-1.5678800e-03
6.3374149660e-01	9.9594306e-04
6.3383219955e-01	3.7231791e-03
6.3392290249e-01	6.8239181e-03
6.3401360544e-01	1.0186524e-02
6.3410430839e-01	1.3303302e-02
6.3419501134e-01	1.6357599e-02
6.3428571429e-01	1.9830946e-02
6.3437641723e-01	2.2026159e-02
6.3446712018e-01	2.5641317e-02
6.3455782313e-01	2.9150622e-02
6.3464852608e-01	3.1970201e-02
6.3473922902e-01	3.3538309e-02
6.3482993197e-01	3.7818055e-02
6.3492063492e-01	4.1268641e-02
6.3501133787e-01	4.2068059e-02
6.3510204082e-01	4.4896508e-02
6.3519274376e-01	4.6983968e-02
6.3528344671e-01	4.9127931e-02
6.3537414966e-01	5.3681201e-02
6.3546485261e-01	5.4792397e-02
6.3555555556e-01	5.6471338e-02
6.3564625850e-01	5.8571652e-02
6.3573696145e-01	5.8409392e-02
6.3582766440e-01	5.8692614e-02
6.3591836735e-01	6.1597122e-02
6.3600907029e-01	6.3225665e-02
6.3609977324e-01	6.3963106e-02
6.3619047619e-01	6.5258292e-02
6.3628117914e-01	6.6543515e-02
6.3637188209e-01	6.8049432e-02
6.3646258503e-01	6.7395371e-02
6.3655328798e-01	6.7663967e-02
6.3664399093e-01	6.8577610e-02
6.3673469388e-01	6.8373959e-02
6.3682539683e-01	6.7084463e-02
6.3691609977e-01	6.6350823e-02
6.3700680272e-01	6.6345332e-02
6.3709750567e-01	6.5603607e-02
6.3718820862e-01	6.2729724e-02
6.3727891156e-01	5.9378708e-02
6.3736961451e-01	5.8512207e-02
6.3746031746e-01	5.7040048e-02
6.3755102041e-01	5.3251868e-02
6.3764172336e-01	4.9974404e-02
6.3773242630e-01	4.5695807e-02
6.3782312925e-01	4.2046941e-02
6.3791383220e-01	3.8434569e-02
6.3800453515e-01	3.4867451e-02
6.3809523810e-01	2.9303744e-02
6.3818594104e-01	2.4848345e-02
6.3827664399e-01	2.1406841e-02
6.3836734694e-01	1.8238067e-02
6.3845804989e-01	1.4795458e-02
6.3854875283e-01	1.3683824e-02
6.3863945578e-01	1.2188448e-02
6.3873015873e-01	1.1962283e-02
6.3882086168e-01	1.3034176e-02
6.3891156463e-01	1.6400559e-02
6.3900226757e-01	1.8855592e-02
6.3909297052e-01	2.1207195e-02
6.3918367347e-01	2.3881946e-02
6.3927437642e-01	2.6900272e-02
6.3936507937e-01	3.0646208e-02
6.3945578231e-01	3.4572334e-02
6.3954648526e-01	3.7969755e-02
6.3963718821e-01	4.2471323e-02
6.3972789116e-01	4.7303763e-02
6.3981859410e-01	4.9477389e-02
6.3990929705e-01	5.0173427e-02
6.4000000000e-01	5.2970755e-02
6.4009070295e-01	5.7232905e-02
6.4018140590e-01	5.7404411e-02
6.4027210884e-01	5.9437359e-02
6.4036281179e-01	6.2198511e-02
6.4045351474e-01	6.3238507e-02
6.4054421769e-01	6.4735907e-02
6.4063492063e-01	6.5322657e-02
6.4072562358e-01	6.9175906e-02
6.4081632653e-01	7.0018969e-02
6.4090702948e-01	6.8546991e-02
6.4099773243e-01	7.0520943e-02
6.4108843537e-01	7.2386712e-02
6.4117913832e-01	7.3724185e-02
6.4126984127e-01	7.4203277e-02
6.4136054422e-01	7.3640905e-02
6.4145124717e-01	7.1405210e-02
6.4154195011e-01	6.9668238e-02
6.4163265306e-01	6.9008966e-02
6.4172335601e-01	6.6075070e-02
6.4181405896e-01	6.2112660e-02
6.4190476190e-01	5.9731014e-02
6.4199546485e-01	5.6856730e-02
6.4208616780e-01	5.3645625e-02
6.4217687075e-01	5.0500511e-02
6.4226757370e-01	4.6605202e-02
6.4235827664e-01	4.3179675e-02
6.4244897959e-01	4.0179283e-02
6.4253968254e-01	3.7964222e-02
6.4263038549e-01	3.4837033e-02
6.4272108844e-01	3.0700702e-02
6.4281179138e-01	2.8271998e-02
6.4290249433e-01	2.6123937e-02
6.4299319728e-01	2.2654360e-02
6.4308390023e-01	1.8405991e-02
6.4317460317e-01	1.7387784e-02
6.4326530612e-01	1.6809638e-02
6.4335600907e-01	1.2805882e-02
6.4344671202e-01	8.7877342e-03
6.4353741497e-01	7.0020564e-03
6.4362811791e-01	6.3483142e-03
6.4371882086e-01	3.3942138e-03
6.4380952381e-01	5.3998054e-04
6.4390022676e-01	2.4091612e-04
6.4399092971e-01	-1.4823360e-03
6.4408163265e-01	-2.7805939e-03
6.4417233560e-01	-5.3384035e-03
6.4426303855e-01	-5.9202553e-03
6.4435374150e-01	-9.5823207e-03
6.4444444444e-01	-9.3766248e-03
6.4453514739e-01	-2.8621974e-02
6.4462585034e-01	-2.0480101e-02
6.4471655329e-01	-1.4315721e-02
6.4480725624e-01	-1.7509931e-02
6.4489795918e-01	-1.8512407e-02
6.4498866213e-01	-1.9189639e-02
6.4507936508e-01	-2.1722577e-02
6.4517006803e-01	-2.0822785e-02
6.4526077098e-01	-2.4795942e-02
6.4535147392e-01	-2.6461824e-02
6.4544217687e-01	-2.6732043e-02
6.4553287982e-01	-2.8309885e-02
6.4562358277e-01	-2.8500219e-02
6.4571428571e-01	-2.9780534e-02
6.4580498866e-01	-3.1305241e-02
6.4589569161e-01	-3.3204536e-02
6.4598639456e-01	-3.5389304e-02
6.4607709751e-01	-3.6702539e-02
6.4616780045e-01	-3.7261786e-02
6.4625850340e-01	-3.9670940e-02
6.4634920635e-01	-4.1927722e-02
6.4643990930e-01	-4.4611765e-02
6.4653061224e-01	-4.4642900e-02
6.4662131519e-01	-4.8090409e-02
6.4671201814e-01	-5.0787421e-02
6.4680272109e-01	-5.2527662e-02
6.4689342404e-01	-5.5532409e-02
6.4698412698e-01	-5.8894569e-02
6.4707482993e-01	-6.0899199e-02
6.4716553288e-01	-6.1368716e-02
6.4725623583e-01	-6.6341664e-02
6.4734693878e-01	-7.1053267e-02
6.4743764172e-01	-7.4250079e-02
6.4752834467e-01	-7.7290513e-02
6.4761904762e-01	-8.1144748e-02
6.4770975057e-01	-8.4929808e-02
6.4780045351e-01	-8.9317152e-02
6.4789115646e-01	-9.2237708e-02
6.4798185941e-01	-9.4914621e-02
6.4807256236e-01	-9.7448011e-02
6.4816326531e-01	-1.0102453e-01
6.4825396825e-01	-1.0367315e-01
6.4834467120e-01	-1.0360540e-01
6.4843537415e-01	-1.0401133e-01
6.4852607710e-01	-1.0629975e-01
6.4861678005e-01	-1.0581689e-01
6.4870748299e-01	-1.0633589e-01
6.4879818594e-01	-1.0436103e-01
6.4888888889e-01	-1.0538566e-01
6.4897959184e-01	-1.0449998e-01
6.4907029478e-01	-1.0162981e-01
6.4916099773e-01	-9.9002788e-02
6.4925170068e-01	-9.5608574e-02
6.4934240363e-01	-9.1678614e-02
6.4943310658e-01	-9.0520570e-02
6.4952380952e-01	-8.8031730e-02
6.4961451247e-01	-8.5383075e-02
6.4970521542e-01	-8.3510542e-02
6.4979591837e-01	-7.7812113e-02
6.4988662132e-01	-7.3101035e-02
6.4997732426e-01	-7.3084582e-02
6.5006802721e-01	-6.6583549e-02
6.5015873016e-01	-6.4251220e-02
6.5024943311e-01	-6.0604985e-02
6.5034013605e-01	-5.7498155e-02
6.5043083900e-01	-5.4343293e-02
6.5052154195e-01	-5.1204901e-02
6.5061224490e-01	-4.7801718e-02
6.5070294785e-01	-4.4145575e-02
6.5079365079e-01	-4.1110020e-02
6.5088435374e-01	-3.7931853e-02
6.5097505669e-01	-3.4859537e-02
6.5106575964e-01	-3.1732131e-02
6.5115646259e-01	-2.7778161e-02
6.5124716553e-01	-2.4931194e-02
6.5133786848e-01	-2.1195110e-02
6.5142857143e-01	-1.7057489e-02
6.5151927438e-01	-1.4166964e-02
6.5160997732e-01	-1.1247450e-02
6.5170068027e-01	-8.6166373e-03
6.5179138322e-01	-4.8248439e-03
6.5188208617e-01	-2.2856969e-03
6.5197278912e-01	2.3005407e-03
6.5206349206e-01	3.9438234e-03
6.5215419501e-01	5.3813294e-03
6.5224489796e-01	9.9328156e-03
6.5233560091e-01	1.3295412e-02
6.5242630385e-01	1.5058356e-02
6.5251700680e-01	1.9192442e-02
6.5260770975e-01	2.3989604e-02
6.5269841270e-01	2.5351601e-02
6.5278911565e-01	2.9254663e-02
6.5287981859e-01	3.1728501e-02
6.5297052154e-01	3.3770498e-02
6.5306122449e-01	3.6460822e-02
6.5315192744e-01	4.0536132e-02
6.5324263039e-01	4.4111652e-02
6.5333333333e-01	4.4390182e-02
6.5342403628e-01	4.6489677e-02
6.5351473923e-01	4.8916412e-02
6.5360544218e-01	5.1219494e-02
6.5369614512e-01	5.3448568e-02
6.5378684807e-01	5.4478454e-02
6.5387755102e-01	5.6671814e-02
6.5396825397e-01	5.8048734e-02
6.5405895692e-01	5.8746195e-02
6.5414965986e-01	5.9677906e-02
6.5424036281e-01	6.0638457e-02
6.5433106576e-01	6.3730146e-02
6.5442176871e-01	6.4923139e-02
6.5451247166e-01	6.4251159e-02
6.5460317460e-01	6.3360817e-02
6.5469387755e-01	6.4787628e-02
6.5478458050e-01	6.5513022e-02
6.5487528345e-01	6.4264756e-02
6.5496598639e-01	6.3306720e-02
6.5505668934e-01	6.4170032e-02
6.5514739229e-01	6.3685984e-02
6.5523809524e-01	6.2584984e-02
6.5532879819e-01	6.0532522e-02
6.5541950113e-01	5.8721590e-02
6.5551020408e-01	5.6842317e-02
6.5560090703e-01	5.5694882e-02
6.5569160998e-01	5.2285628e-02
6.5578231293e-01	4.8280046e-02
6.5587301587e-01	4.4776133e-02
6.5596371882e-01	4.0660024e-02
6.5605442177e-01	3.5419126e-02
6.5614512472e-01	3.2482775e-02
6.5623582766e-01	2.8706260e-02
6.5632653061e-01	2.3845772e-02
6.5641723356e-01	2.1114403e-02
6.5650793651e-01	1.6523417e-02
6.5659863946e-01	1.4781018e-02
6.5668934240e-01	1.4432604e-02
6.5678004535e-01	1.1942387e-02
6.5687074830e-01	1.0950949e-02
6.5696145125e-01	1.1636853e-02
6.5705215420e-01	-1.1381662e-05
6.5714285714e-01	1.3841740e-02
6.5723356009e-01	1.9630044e-02
6.5732426304e-01	2.1554709e-02
6.5741496599e-01	2.5538128e-02
6.5750566893e-01	3.0608443e-02
6.5759637188e-01	3.2785395e-02
6.5768707483e-01	3.6512678e-02
6.5777777778e-01	3.9758932e-02
6.5786848073e-01	4.3558419e-02
6.5795918367e-01	4.6519860e-02
6.5804988662e-01	5.0109504e-02
6.5814058957e-01	5.2854948e-02
6.5823129252e-01	5.6312080e-02
6.5832199546e-01	5.6762054e-02
6.5841269841e-01	5.7520882e-02
6.5850340136e-01	5.9439727e-02
6.5859410431e-01	6.0331635e-02
6.5868480726e-01	6.2716817e-02
6.5877551020e-01	6.4856323e-02
6.5886621315e-01	6.5096129e-02
6.5895691610e-01	6.7885530e-02
6.5904761905e-01	6.7345729e-02
6.5913832200e-01	6.9601001e-02
6.5922902494e-01	7.0893873e-02
6.5931972789e-01	7.1855793e-02
6.5941043084e-01	7.2005525e-02
6.5950113379e-01	7.0251971e-02
6.5959183673e-01	7.1522968e-02
6.5968253968e-01	6.8131698e-02
6.5977324263e-01	6.5471906e-02
6.5986394558e-01	6.4240520e-02
6.5995464853e-01	5.9749293e-02
6.6004535147e-01	5.7106047e-02
6.6013605442e-01	5.5680150e-02
6.6022675737e-01	5.1754974e-02
6.6031746032e-01	4.8244918e-02
6.6040816327e-01	4.4911881e-02
6.6049886621e-01	4.2310729e-02
6.6058956916e-01	3.7999806e-02
6.6068027211e-01	3.5549435e-02
6.6077097506e-01	3.3440477e-02
6.6086167800e-01	2.8791838e-02
6.6095238095e-01	2.7321165e-02
6.6104308390e-01	2.4148329e-02
6.6113378685e-01	2.1141145e-02
6.6122448980e-01	1.8247232e-02
6.6131519274e-01	1.5833839e-02
6.6140589569e-01	1.2934361e-02
6.6149659864e-01	1.1245698e-02
6.6158730159e-01	9.7763575e-03
6.6167800454e-01	6.8366174e-03
6.6176870748e-01	5.6575876e-03
6.6185941043e-01	1.5082226e-03
6.6195011338e-01	-3.8662183e-04
6.6204081633e-01	-4.7120424e-04
6.6213151927e-01	-1.4863646e-03
6.6222222222e-01	-4.1915275e-03
6.6231292517e-01	-5.3478851e-03
6.6240362812e-01	-7.8434109e-03
6.6249433107e-01	-8.6750591e-03
6.6258503401e-01	-9.9245262e-03
6.6267573696e-01	-1.1747579e-02
6.6276643991e-01	-1.3371876e-02
6.6285714286e-01	-1.4173901e-02
6.6294784580e-01	-1.6675036e-02
6.6303854875e-01	-1.8538787e-02
6.6312925170e-01	-1.8862620e-02
6.6321995465e-01	-1.9569778e-02
6.6331065760e-01	-1.9814183e-02
6.6340136054e-01	-2.0958022e-02
6.6349206349e-01	-2.3755985e-02
6.6358276644e-01	-2.4995230e-02
6.6367346939e-01	-2.5518648e-02
6.6376417234e-01	-2.7060768e-02
6.6385487528e-01	-2.7711738e-02
6.6394557823e-01	-2.7342459e-02
6.6403628118e-01	-2.9190002e-02
6.6412698413e-01	-3.0301072e-02
6.6421768707e-01	-3.0207273e-02
6.6430839002e-01	-3.3229162e-02
6.6439909297e-01	-3.5225201e-02
6.6448979592e-01	-3.6065193e-02
6.6458049887e-01	-3.8535674e-02
6.6467120181e-01	-4.0714067e-02
6.6476190476e-01	-4.2808742e-02
6.6485260771e-01	-4.4551344e-02
6.6494331066e-01	-4.6992162e-02
6.6503401361e-01	-5.0360127e-02
6.6512471655e-01	-5.4005324e-02
6.6521541950e-01	-5.6387302e-02
6.6530612245e-01	-5.9899416e-02
6.6539682540e-01	-6.2391218e-02
6.6548752834e-01	-6.6183402e-02
6.6557823129e-01	-6.8316197e-02
6.6566893424e-01	-7.2165568e-02
6.6575963719e-01	-7.6687306e-02
6.6585034014e-01	-8.1315702e-02
6.6594104308e-01	-8.4548016e-02
6.6603174603e-01	-8.8223757e-02
6.6612244898e-01	-9.1164413e-02
6.6621315193e-01	-9.4014561e-02
6.6630385488e-01	-9.5673970e-02
6.6639455782e-01	-9.7112345e-02
6.6648526077e-01	-9.9266857e-02
6.6657596372e-01	-1.0125900e-01
6.6666666667e-01	-1.0261778e-01
6.6675736961e-01	-1.0330488e-01
6.6684807256e-01	-1.0306710e-01
6.6693877551e-01	-1.0244800e-01
6.6702947846e-01	-1.0201126e-01
6.6712018141e-01	-1.0051562e-01
6.6721088435e-01	-9.8923550e-02
6.6730158730e-01	-9.7277574e-02
6.6739229025e-01	-9.5802956e-02
6.6748299320e-01	-9.3374782e-02
6.6757369615e-01	-8.9988533e-02
6.6766439909e-01	-8.8123622e-02
6.6775510204e-01	-8.3721154e-02
6.6784580499e-01	-7.9388047e-02
6.6793650794e-01	-7.7513551e-02
6.6802721088e-01	-7.3914980e-02
6.6811791383e-01	-7.1998337e-02
6.6820861678e-01	-6.8344797e-02
6.6829931973e-01	-6.4852651e-02
6.6839002268e-01	-5.9638671e-02
6.6848072562e-01	-5.7028404e-02
6.6857142857e-01	-5.5142847e-02
6.6866213152e-01	-5.0960966e-02
6.6875283447e-01	-4.8324582e-02
6.6884353741e-01	-4.4837350e-02
6.6893424036e-01	-4.1487855e-02
6.6902494331e-01	-3.9103109e-02
6.6911564626e-01	-3.5693239e-02
6.6920634921e-01	-3.4109048e-02
6.6929705215e-01	-3.0772993e-02
6.6938775510e-01	-2.4636981e-02
6.6947845805e-01	-2.7589789e-02
6.6956916100e-01	-4.0216764e-02
6.6965986395e-01	-1.7351265e-02
6.6975056689e-01	-1.1383369e-02
6.6984126984e-01	-9.5477442e-03
6.6993197279e-01	-7.5737380e-03
6.7002267574e-01	-4.2652782e-03
6.7011337868e-01	-8.3292326e-04
6.7020408163e-01	2.0434508e-03
6.7029478458e-01	4.4792807e-03
6.7038548753e-01	8.4966273e-03
6.7047619048e-01	1.2135443e-02
6.7056689342e-01	1.5491579e-02
6.7065759637e-01	1.7948038e-02
6.7074829932e-01	2.0533881e-02
6.7083900227e-01	2.4363600e-02
6.7092970522e-01	2.6012257e-02
6.7102040816e-01	2.9009178e-02
6.7111111111e-01	3.4091860e-02
6.7120181406e-01	3.6465187e-02
6.7129251701e-01	3.7146509e-02
6.7138321995e-01	3.8974183e-02
6.7147392290e-01	4.3705994e-02
6.7156462585e-01	4.8057523e-02
6.7165532880e-01	4.9958033e-02
6.7174603175e-01	5.1023146e-02
6.7183673469e-01	5.2307236e-02
6.7192743764e-01	5.4275280e-02
6.7201814059e-01	5.7531874e-02
6.7210884354e-01	5.8454439e-02
6.7219954649e-01	5.7558074e-02
6.7229024943e-01	5.8204010e-02
6.7238095238e-01	6.0801436e-02
6.7247165533e-01	6.2592934e-02
6.7256235828e-01	6.3245416e-02
6.7265306122e-01	6.4044081e-02
6.7274376417e-01	6.3586599e-02
6.7283446712e-01	6.4189967e-02
6.7292517007e-01	6.3911108e-02
6.7301587302e-01	6.3469606e-02
6.7310657596e-01	6.4330743e-02
6.7319727891e-01	6.5511643e-02
6.7328798186e-01	6.4168376e-02
6.7337868481e-01	6.4564535e-02
6.7346938776e-01	6.0627035e-02
6.7356009070e-01	5.8963763e-02
6.7365079365e-01	5.8313598e-02
6.7374149660e-01	5.6336868e-02
6.7383219955e-01	5.2680111e-02
6.7392290249e-01	4.9482232e-02
6.7401360544e-01	4.6531576e-02
6.7410430839e-01	4.0656737e-02
6.7419501134e-01	3.7598381e-02
6.7428571429e-01	3.3628239e-02
6.7437641723e-01	2.8498594e-02
6.7446712018e-01	2.5270849e-02
6.7455782313e-01	2.1593618e-02
6.7464852608e-01	1.7092475e-02
6.7473922902e-01	1.5522506e-02
6.7482993197e-01	1.3909089e-02
6.7492063492e-01	1.2934803e-02
6.7501133787e-01	1.3152822e-02
6.7510204082e-01	1.3313303e-02
6.7519274376e-01	1.3447000e-02
6.7528344671e-01	1.7035265e-02
6.7537414966e-01	2.0273910e-02
6.7546485261e-01	2.1971739e-02
6.7555555556e-01	2.5770819e-02
6.7564625850e-01	2.9844149e-02
6.7573696145e-01	3.2984661e-02
6.7582766440e-01	3.6331718e-02
6.7591836735e-01	4.0034498e-02
6.7600907029e-01	4.5422028e-02
6.7609977324e-01	4.7578726e-02
6.7619047619e-01	4.8572714e-02
6.7628117914e-01	5.2016579e-02
6.7637188209e-01	5.4538058e-02
6.7646258503e-01	5.7947350e-02
6.7655328798e-01	5.7323293e-02
6.7664399093e-01	5.8410518e-02
6.7673469388e-01	6.0833351e-02
6.7682539683e-01	6.3313157e-02
6.7691609977e-01	6.5822818e-02
6.7700680272e-01	6.7525848e-02
6.7709750567e-01	6.7481093e-02
6.7718820862e-01	6.8789574e-02
6.7727891156e-01	6.7154089e-02
6.7736961451e-01	6.9114003e-02
6.7746031746e-01	6.9271958e-02
6.7755102041e-01	6.8546452e-02
6.7764172336e-01	6.9075491e-02
6.7773242630e-01	6.5334310e-02
6.7782312925e-01	6.4092028e-02
6.7791383220e-01	6.3175599e-02
6.7800453515e-01	5.9605667e-02
6.7809523810e-01	5.6611799e-02
6.7818594104e-01	5.5300550e-02
6.7827664399e-01	5.2630754e-02
6.7836734694e-01	4.8964567e-02
6.7845804989e-01	4.4339629e-02
6.7854875283e-01	4.1036900e-02
6.7863945578e-01	3.8081794e-02
6.7873015873e-01	3.4582888e-02
6.7882086168e-01	3.0772088e-02
6.7891156463e-01	2.8106556e-02
6.7900226757e-01	2.4095383e-02
6.7909297052e-01	2.0549199e-02
6.7918367347e-01	1.7700469e-02
6.7927437642e-01	1.5245867e-02
6.7936507937e-01	1.2843225e-02
6.7945578231e-01	1.1070574e-02
6.7954648526e-01	7.6545460e-03
6.7963718821e-01	4.7121080e-03
6.7972789116e-01	3.3531852e-03
6.7981859410e-01	1.3027676e-03
6.7990929705e-01	-1.7367167e-03
6.8000000000e-01	-4.1583986e-03
6.8009070295e-01	-4.7867839e-03
6.8018140590e-01	-6.4878136e-03
6.8027210884e-01	-1.0331531e-02
6.8036281179e-01	-1.0473745e-02
6.8045351474e-01	-1.1611805e-02
6.8054421769e-01	-1.2292480e-02
6.8063492063e-01	-1.5526111e-02
6.8072562358e-01	-1.6423322e-02
6.8081632653e-01	-1.6385296e-02
6.8090702948e-01	-1.9122537e-02
6.8099773243e-01	-2.0362377e-02
6.8108843537e-01	-2.0390532e-02
6.8117913832e-01	-2.1169089e-02
6.8126984127e-01	-2.3014450e-02
6.8136054422e-01	-2.3400911e-02
6.8145124717e-01	-2.3897433e-02
6.8154195011e-01	-2.4841348e-02
6.8163265306e-01	-2.3976716e-02
6.8172335601e-01	-2.3331812e-02
6.8181405896e-01	-2.5001804e-02
6.8190476190e-01	-2.6339802e-02
6.8199546485e-01	-3.3035820e-02
6.8208616780e-01	-3.8661935e-02
6.8217687075e-01	-2.8083848e-02
6.8226757370e-01	-3.0089337e-02
6.8235827664e-01	-3.1878655e-02
6.8244897959e-01	-3.1856708e-02
6.8253968254e-01	-3.3879873e-02
6.8263038549e-01	-3.3968291e-02
6.8272108844e-01	-3.6378781e-02
6.8281179138e-01	-3.8433682e-02
6.8290249433e-01	-3.9924079e-02
6.8299319728e-01	-4.2116275e-02
6.8308390023e-01	-4.4204431e-02
6.8317460317e-01	-4.5809955e-02
6.8326530612e-01	-4.8665570e-02
6.8335600907e-01	-5.0011029e-02
6.8344671202e-01	-5.5037697e-02
6.8353741497e-01	-5.8008906e-02
6.8362811791e-01	-6.0427935e-02
6.8371882086e-01	-6.4304219e-02
6.8380952381e-01	-6.8298901e-02
6.8390022676e-01	-7.1699629e-02
6.8399092971e-01	-7.4349620e-02
6.8408163265e-01	-7.9959496e-02
6.8417233560e-01	-8.1828013e-02
6.8426303855e-01	-8.5005248e-02
6.8435374150e-01	-8.7576469e-02
6.8444444444e-01	-8.8857882e-02
6.8453514739e-01	-9.2472340e-02
6.8462585034e-01	-9.4934548e-02
6.8471655329e-01	-9.5015511e-02
6.8480725624e-01	-9.6254421e-02
6.8489795918e-01	-9.5864967e-02
6.8498866213e-01	-9.7674562e-02
6.8507936508e-01	-9.6982308e-02
6.8517006803e-01	-9.7028848e-02
6.8526077098e-01	-9.7473428e-02
6.8535147392e-01	-9.4890816e-02
6.8544217687e-01	-9.4784297e-02
6.8553287982e-01	-9.1502038e-02
6.8562358277e-01	-8.8945091e-02
6.8571428571e-01	-8.6784122e-02
6.8580498866e-01	-8.3870621e-02
6.8589569161e-01	-7.9361165e-02
6.8598639456e-01	-7.7020699e-02
6.8607709751e-01	-7.4224708e-02
6.8616780045e-01	-7.0561341e-02
6.8625850340e-01	-6.8497237e-02
6.8634920635e-01	-6.4540429e-02
6.8643990930e-01	-6.1073880e-02
6.8653061224e-01	-5.7263431e-02
6.8662131519e-01	-5.5142758e-02
6.8671201814e-01	-5.3308803e-02
6.8680272109e-01	-5.0969601e-02
6.8689342404e-01	-4.7753707e-02
6.8698412698e-01	-4.4427762e-02
6.8707482993e-01	-3.9842891e-02
6.8716553288e-01	-3.6662292e-02
6.8725623583e-01	-3.4245685e-02
6.8734693878e-01	-3.0945103e-02
6.8743764172e-01	-2.7941951e-02
6.8752834467e-01	-2.5989819e-02
6.8761904762e-01	-2.2192220e-02
6.8770975057e-01	-1.9697467e-02
6.8780045351e-01	-1.6083055e-02
6.8789115646e-01	-1.2220525e-02
6.8798185941e-01	-1.0187089e-02
6.8807256236e-01	-8.5707203e-03
6.8816326531e-01	-5.6308362e-03
6.8825396825e-01	-3.1260089e-03
6.8834467120e-01	-4.5689700e-04
6.8843537415e-01	2.1367154e-03
6.8852607710e-01	4.6422673e-03
6.8861678005e-01	7.4132261e-03
6.8870748299e-01	1.2366750e-02
6.8879818594e-01	1.3543457e-02
6.8888888889e-01	1.4790499e-02
6.8897959184e-01	1.9071620e-02
6.8907029478e-01	2.1681130e-02
6.8916099773e-01	2.4974718e-02
6.8925170068e-01	2.9014870e-02
6.8934240363e-01	3.1979028e-02
6.8943310658e-01	3.3262128e-02
6.8952380952e-01	3.6715486e-02
6.8961451247e-01	3.8878000e-02
6.8970521542e-01	4.1671511e-02
6.8979591837e-01	4.4263312e-02
6.8988662132e-01	4.6958787e-02
6.8997732426e-01	4.9501390e-02
6.9006802721e-01	5.0293747e-02
6.9015873016e-01	5.3327006e-02
6.9024943311e-01	5.3166092e-02
6.9034013605e-01	5.4339909e-02
6.9043083900e-01	5.7438625e-02
6.9052154195e-01	5.7897893e-02
6.9061224490e-01	5.9976278e-02
6.9070294785e-01	6.0387128e-02
6.9079365079e-01	5.9481680e-02
6.9088435374e-01	5.9702608e-02
6.9097505669e-01	6.1064294e-02
6.9106575964e-01	6.2803615e-02
6.9115646259e-01	6.4773965e-02
6.9124716553e-01	6.3193721e-02
6.9133786848e-01	6.2959272e-02
6.9142857143e-01	6.2649295e-02
6.9151927438e-01	6.0686147e-02
6.9160997732e-01	5.9271275e-02
6.9170068027e-01	5.7676926e-02
6.9179138322e-01	5.7161617e-02
6.9188208617e-01	5.6032065e-02
6.9197278912e-01	5.2100478e-02
6.9206349206e-01	4.6175572e-02
6.9215419501e-01	4.2756414e-02
6.9224489796e-01	3.9034885e-02
6.9233560091e-01	3.4732167e-02
6.9242630385e-01	3.0259255e-02
6.9251700680e-01	2.5792037e-02
6.9260770975e-01	2.2242613e-02
6.9269841270e-01	1.7320231e-02
6.9278911565e-01	1.4094351e-02
6.9287981859e-01	1.3498611e-02
6.9297052154e-01	1.1294800e-02
6.9306122449e-01	1.0512706e-02
6.9315192744e-01	1.0898872e-02
6.9324263039e-01	1.1980289e-02
6.9333333333e-01	1.3188295e-02
6.9342403628e-01	1.4524834e-02
6.9351473923e-01	1.8139083e-02
6.9360544218e-01	2.3873623e-02
6.9369614512e-01	2.5922426e-02
6.9378684807e-01	2.8087997e-02
6.9387755102e-01	3.3198513e-02
6.9396825397e-01	3.7751002e-02
6.9405895692e-01	4.1296551e-02
6.9414965986e-01	4.4082675e-02
6.9424036281e-01	4.7536369e-02
6.9433106576e-01	4.9507032e-02
6.9442176871e-01	5.4395534e-02
6.9451247166e-01	4.7013044e-02
6.9460317460e-01	4.6123443e-02
6.9469387755e-01	6.1208999e-02
6.9478458050e-01	6.0491825e-02
6.9487528345e-01	6.2468100e-02
6.9496598639e-01	6.5980559e-02
6.9505668934e-01	6.7204959e-02
6.9514739229e-01	6.9085370e-02
6.9523809524e-01	7.0652880e-02
6.9532879819e-01	7.1381536e-02
6.9541950113e-01	7.2239442e-02
6.9551020408e-01	7.2678663e-02
6.9560090703e-01	7.3197579e-02
6.9569160998e-01	7.1768889e-02
6.9578231293e-01	7.0861737e-02
6.9587301587e-01	7.0202195e-02
6.9596371882e-01	6.6575604e-02
6.9605442177e-01	6.5178040e-02
6.9614512472e-01	6.2493673e-02
6.9623582766e-01	5.8894370e-02
6.9632653061e-01	5.8340004e-02
6.9641723356e-01	5.6570537e-02
6.9650793651e-01	5.3126968e-02
6.9659863946e-01	4.8518503e-02
6.9668934240e-01	4.4303204e-02
6.9678004535e-01	4.1333945e-02
6.9687074830e-01	3.8226892e-02
6.9696145125e-01	3.3898592e-02
6.9705215420e-01	3.1243231e-02
6.9714285714e-01	2.8765438e-02
6.9723356009e-01	2.5467197e-02
6.9732426304e-01	2.2182696e-02
6.9741496599e-01	1.8918670e-02
6.9750566893e-01	1.6168786e-02
6.9759637188e-01	1.2875819e-02
6.9768707483e-01	1.0714616e-02
6.9777777778e-01	6.7121096e-03
6.9786848073e-01	4.8104769e-03
6.9795918367e-01	2.7552806e-03
6.9804988662e-01	1.1249202e-03
6.9814058957e-01	-2.3155328e-03
6.9823129252e-01	-4.1608010e-03
6.9832199546e-01	-5.3058932e-03
6.9841269841e-01	-5.8423054e-03
6.9850340136e-01	-8.3581140e-03
6.9859410431e-01	-1.1678046e-02
6.9868480726e-01	-1.2396048e-02
6.9877551020e-01	-1.2645112e-02
6.9886621315e-01	-1.4079132e-02
6.9895691610e-01	-1.6119025e-02
6.9904761905e-01	-1.7793348e-02
6.9913832200e-01	-1.8759820e-02
6.9922902494e-01	-1.9368327e-02
6.9931972789e-01	-2.1096210e-02
6.9941043084e-01	-2.2593648e-02
6.9950113379e-01	-2.3501766e-02
6.9959183673e-01	-2.3786651e-02
6.9968253968e-01	-2.3342940e-02
6.9977324263e-01	-2.4813631e-02
6.9986394558e-01	-2.4724240e-02
6.9995464853e-01	-2.4956696e-02
7.0004535147e-01	-2.5223442e-02
7.0013605442e-01	-2.6203737e-02
7.0022675737e-01	-2.7855636e-02
7.0031746032e-01	-2.7075248e-02
7.0040816327e-01	-2.8864845e-02
7.0049886621e-01	-2.9689595e-02
7.0058956916e-01	-3.2013133e-02
7.0068027211e-01	-3.3440308e-02
7.0077097506e-01	-3.5909795e-02
7.0086167800e-01	-3.8087025e-02
7.0095238095e-01	-3.9512370e-02
7.0104308390e-01	-4.1853793e-02
7.0113378685e-01	-4.4263356e-02
7.0122448980e-01	-4.5612660e-02
7.0131519274e-01	-4.7706417e-02
7.0140589569e-01	-5.1451427e-02
7.0149659864e-01	-5.4450809e-02
7.0158730159e-01	-5.6199610e-02
7.0167800454e-01	-5.9649966e-02
7.0176870748e-01	-6.3585357e-02
7.0185941043e-01	-6.7283548e-02
7.0195011338e-01	-6.9366062e-02
7.0204081633e-01	-7.1974896e-02
7.0213151927e-01	-7.5620448e-02
7.0222222222e-01	-7.8567089e-02
7.0231292517e-01	-8.2628229e-02
7.0240362812e-01	-8.6424828e-02
7.0249433107e-01	-8.8059356e-02
7.0258503401e-01	-9.0381886e-02
7.0267573696e-01	-9.2765066e-02
7.0276643991e-01	-9.4270520e-02
7.0285714286e-01	-9.6844843e-02
7.0294784580e-01	-9.8767823e-02
7.0303854875e-01	-9.8324278e-02
7.0312925170e-01	-9.8648130e-02
7.0321995465e-01	-9.9149685e-02
7.0331065760e-01	-9.9029154e-02
7.0340136054e-01	-9.7584651e-02
7.0349206349e-01	-9.6568813e-02
7.0358276644e-01	-9.4704428e-02
7.0367346939e-01	-9.1872820e-02
7.0376417234e-01	-9.1878890e-02
7.0385487528e-01	-8.7149849e-02
7.0394557823e-01	-8.3847605e-02
7.0403628118e-01	-8.2903382e-02
7.0412698413e-01	-7.9557573e-02
7.0421768707e-01	-7.7319006e-02
7.0430839002e-01	-7.2674805e-02
7.0439909297e-01	-6.9102275e-02
7.0448979592e-01	-6.5220801e-02
7.0458049887e-01	-6.1866706e-02
7.0467120181e-01	-5.8082289e-02
7.0476190476e-01	-5.6400144e-02
7.0485260771e-01	-5.1664177e-02
7.0494331066e-01	-4.8401688e-02
7.0503401361e-01	-4.5780553e-02
7.0512471655e-01	-4.3171310e-02
7.0521541950e-01	-4.0190579e-02
7.0530612245e-01	-3.7410733e-02
7.0539682540e-01	-3.5857375e-02
7.0548752834e-01	-3.2964709e-02
7.0557823129e-01	-2.9491186e-02
7.0566893424e-01	-2.5357795e-02
7.0575963719e-01	-2.3050948e-02
7.0585034014e-01	-2.1152358e-02
7.0594104308e-01	-1.6957743e-02
7.0603174603e-01	-1.4139565e-02
7.0612244898e-01	-1.1071174e-02
7.0621315193e-01	-7.8867274e-03
7.0630385488e-01	-6.1272893e-03
7.0639455782e-01	-2.6531534e-03
7.0648526077e-01	2.7283038e-03
7.0657596372e-01	5.7417232e-03
7.0666666667e-01	7.8718186e-03
7.0675736961e-01	1.0514541e-02
7.0684807256e-01	1.3403973e-02
7.0693877551e-01	1.8843390e-02
7.0702947846e-01	8.2800344e-03
7.0712018141e-01	1.5720563e-02
7.0721088435e-01	2.6946115e-02
7.0730158730e-01	2.9375008e-02
7.0739229025e-01	3.2434146e-02
7.0748299320e-01	3.4803758e-02
7.0757369615e-01	3.7300869e-02
7.0766439909e-01	4.0604199e-02
7.0775510204e-01	4.2949636e-02
7.0784580499e-01	4.3835377e-02
7.0793650794e-01	4.6699339e-02
7.0802721088e-01	4.9079604e-02
7.0811791383e-01	5.1870140e-02
7.0820861678e-01	5.4066271e-02
7.0829931973e-01	5.4553455e-02
7.0839002268e-01	5.6455705e-02
7.0848072562e-01	5.6909114e-02
7.0857142857e-01	5.6026440e-02
7.0866213152e-01	5.7309590e-02
7.0875283447e-01	5.8180060e-02
7.0884353741e-01	5.9220340e-02
7.0893424036e-01	5.8564691e-02
7.0902494331e-01	6.0112844e-02
7.0911564626e-01	6.1481863e-02
7.0920634921e-01	6.1898816e-02
7.0929705215e-01	6.1007900e-02
7.0938775510e-01	5.9449323e-02
7.0947845805e-01	5.9617227e-02
7.0956916100e-01	6.0375555e-02
7.0965986395e-01	5.9467717e-02
7.0975056689e-01	5.7928732e-02
7.0984126984e-01	5.6029979e-02
7.0993197279e-01	5.2324602e-02
7.1002267574e-01	5.0793639e-02
7.1011337868e-01	4.7629503e-02
7.1020408163e-01	4.3378301e-02
7.1029478458e-01	3.9560019e-02
7.1038548753e-01	3.4566551e-02
7.1047619048e-01	2.9857969e-02
7.1056689342e-01	2.4825164e-02
7.1065759637e-01	2.2663864e-02
7.1074829932e-01	1.6776195e-02
7.1083900227e-01	1.1945680e-02
7.1092970522e-01	9.8721401e-03
7.1102040816e-01	7.1263671e-03
7.1111111111e-01	4.3901572e-03
7.1120181406e-01	5.5471971e-03
7.1129251701e-01	7.0494168e-03
7.1138321995e-01	7.6377297e-03
7.1147392290e-01	8.6258575e-03
7.1156462585e-01	1.0147585e-02
7.1165532880e-01	1.4434387e-02
7.1174603175e-01	1.8744937e-02
7.1183673469e-01	2.1786463e-02
7.1192743764e-01	2.5750541e-02
7.1201814059e-01	2.9569736e-02
7.1210884354e-01	3.3702351e-02
7.1219954649e-01	3.6648838e-02
7.1229024943e-01	3.9999512e-02
7.1238095238e-01	4.4385221e-02
7.1247165533e-01	4.6861018e-02
7.1256235828e-01	5.0190929e-02
7.1265306122e-01	5.1745934e-02
7.1274376417e-01	5.4933769e-02
7.1283446712e-01	5.7858197e-02
7.1292517007e-01	6.0283982e-02
7.1301587302e-01	6.1557689e-02
7.1310657596e-01	6.2838668e-02
7.1319727891e-01	6.5015682e-02
7.1328798186e-01	6.7085952e-02
7.1337868481e-01	6.9041121e-02
7.1346938776e-01	6.9829870e-02
7.1356009070e-01	7.0076471e-02
7.1365079365e-01	6.9798434e-02
7.1374149660e-01	6.9850976e-02
7.1383219955e-01	7.0342027e-02
7.1392290249e-01	7.1023607e-02
7.1401360544e-01	6.7683692e-02
7.1410430839e-01	6.5584748e-02
7.1419501134e-01	6.3479969e-02
7.1428571429e-01	6.1871095e-02
7.1437641723e-01	5.9442745e-02
7.1446712018e-01	5.7006016e-02
7.1455782313e-01	5.4001493e-02
7.1464852608e-01	4.9563059e-02
7.1473922902e-01	4.7889707e-02
7.1482993197e-01	4.4195052e-02
7.1492063492e-01	4.1161465e-02
7.1501133787e-01	3.7167096e-02
7.1510204082e-01	3.4584571e-02
7.1519274376e-01	3.1485423e-02
7.1528344671e-01	2.7251723e-02
7.1537414966e-01	2.6372921e-02
7.1546485261e-01	2.4397739e-02
7.1555555556e-01	2.0672532e-02
7.1564625850e-01	1.7729054e-02
7.1573696145e-01	1.5858681e-02
7.1582766440e-01	1.3112887e-02
7.1591836735e-01	1.0048507e-02
7.1600907029e-01	8.3165632e-03
7.1609977324e-01	5.7082341e-03
7.1619047619e-01	2.3345996e-03
7.1628117914e-01	2.0016752e-03
7.1637188209e-01	-1.1706590e-03
7.1646258503e-01	-2.4781704e-03
7.1655328798e-01	-3.5719074e-03
7.1664399093e-01	-5.0329149e-03
7.1673469388e-01	-7.8367309e-03
7.1682539683e-01	-9.7039876e-03
7.1691609977e-01	-1.0030015e-02
7.1700680272e-01	-1.0753880e-02
7.1709750567e-01	-1.3497962e-02
7.1718820862e-01	-1.5552120e-02
7.1727891156e-01	-1.5993904e-02
7.1736961451e-01	-1.6570837e-02
7.1746031746e-01	-1.8511107e-02
7.1755102041e-01	-1.8914054e-02
7.1764172336e-01	-1.9596448e-02
7.1773242630e-01	-1.9564389e-02
7.1782312925e-01	-1.9117198e-02
7.1791383220e-01	-2.0407507e-02
7.1800453515e-01	-2.2303553e-02
7.1809523810e-01	-2.1536675e-02
7.1818594104e-01	-2.2708863e-02
7.1827664399e-01	-2.2610020e-02
7.1836734694e-01	-2.2130753e-02
7.1845804989e-01	-2.4843818e-02
7.1854875283e-01	-2.5626114e-02
7.1863945578e-01	-2.7782459e-02
7.1873015873e-01	-2.8606593e-02
7.1882086168e-01	-3.0748799e-02
7.1891156463e-01	-3.2807602e-02
7.1900226757e-01	-3.4406166e-02
7.1909297052e-01	-3.5405383e-02
7.1918367347e-01	-3.7780522e-02
7.1927437642e-01	-3.9488386e-02
7.1936507937e-01	-4.2438783e-02
7.1945578231e-01	-4.4200017e-02
7.1954648526e-01	-6.1893805e-02
7.1963718821e-01	-5.5844096e-02
7.1972789116e-01	-5.3273538e-02
7.1981859410e-01	-5.7113546e-02
7.1990929705e-01	-5.8770820e-02
7.2000000000e-01	-6.1846268e-02
7.2009070295e-01	-6.6405191e-02
7.2018140590e-01	-7.0749763e-02
7.2027210884e-01	-7.3532822e-02
7.2036281179e-01	-7.5825595e-02
7.2045351474e-01	-8.0055754e-02
7.2054421769e-01	-8.2449705e-02
7.2063492063e-01	-8.4449337e-02
7.2072562358e-01	-8.8000769e-02
7.2081632653e-01	-8.9082691e-02
7.2090702948e-01	-9.2100793e-02
7.2099773243e-01	-9.3659472e-02
7.2108843537e-01	-9.6185868e-02
7.2117913832e-01	-9.5924842e-02
7.2126984127e-01	-9.7304362e-02
7.2136054422e-01	-9.7990230e-02
7.2145124717e-01	-9.8145784e-02
7.2154195011e-01	-9.6569455e-02
7.2163265306e-01	-9.5247497e-02
7.2172335601e-01	-9.4036566e-02
7.2181405896e-01	-9.2701398e-02
7.2190476190e-01	-8.9479191e-02
7.2199546485e-01	-8.7014825e-02
7.2208616780e-01	-8.4569717e-02
7.2217687075e-01	-8.1292607e-02
7.2226757370e-01	-7.8742559e-02
7.2235827664e-01	-7.4596246e-02
7.2244897959e-01	-7.1077972e-02
7.2253968254e-01	-6.9360581e-02
7.2263038549e-01	-6.5688181e-02
7.2272108844e-01	-6.1634379e-02
7.2281179138e-01	-5.7500389e-02
7.2290249433e-01	-5.5944561e-02
7.2299319728e-01	-5.3831590e-02
7.2308390023e-01	-4.9848515e-02
7.2317460317e-01	-4.6141982e-02
7.2326530612e-01	-4.4116559e-02
7.2335600907e-01	-4.0254741e-02
7.2344671202e-01	-3.7438496e-02
7.2353741497e-01	-3.7615123e-02
7.2362811791e-01	-3.4238061e-02
7.2371882086e-01	-2.9880312e-02
7.2380952381e-01	-2.8400642e-02
7.2390022676e-01	-2.6161086e-02
7.2399092971e-01	-2.2423704e-02
7.2408163265e-01	-1.9003462e-02
7.2417233560e-01	-1.6696049e-02
7.2426303855e-01	-1.3586920e-02
7.2435374150e-01	-9.5756525e-03
7.2444444444e-01	-6.7301116e-03
7.2453514739e-01	-3.9190846e-03
7.2462585034e-01	-1.0732788e-03
7.2471655329e-01	1.3868602e-03
7.2480725624e-01	3.9090780e-03
7.2489795918e-01	8.3133123e-03
7.2498866213e-01	1.1692348e-02
7.2507936508e-01	1.3550452e-02
7.2517006803e-01	1.6783933e-02
7.2526077098e-01	2.0488926e-02
7.2535147392e-01	2.4372991e-02
7.2544217687e-01	2.7149834e-02
7.2553287982e-01	2.9169477e-02
7.2562358277e-01	3.2259451e-02
7.2571428571e-01	3.4574179e-02
7.2580498866e-01	3.7131240e-02
7.2589569161e-01	4.0476576e-02
7.2598639456e-01	4.3695710e-02
7.2607709751e-01	4.6798556e-02
7.2616780045e-01	4.7048045e-02
7.2625850340e-01	4.6964155e-02
7.2634920635e-01	5.0929371e-02
7.2643990930e-01	5.3608437e-02
7.2653061224e-01	5.3787048e-02
7.2662131519e-01	5.6256013e-02
7.2671201814e-01	5.8415076e-02
7.2680272109e-01	5.7940830e-02
7.2689342404e-01	5.8534468e-02
7.2698412698e-01	5.9113620e-02
7.2707482993e-01	5.7270878e-02
7.2716553288e-01	5.9423686e-02
7.2725623583e-01	6.0302098e-02
7.2734693878e-01	6.0285695e-02
7.2743764172e-01	6.0103212e-02
7.2752834467e-01	5.9114382e-02
7.2761904762e-01	5.8100582e-02
7.2770975057e-01	5.8704321e-02
7.2780045351e-01	5.7738274e-02
7.2789115646e-01	5.5938267e-02
7.2798185941e-01	5.2503687e-02
7.2807256236e-01	5.1004944e-02
7.2816326531e-01	4.8145909e-02
7.2825396825e-01	4.4058675e-02
7.2834467120e-01	4.1021024e-02
7.2843537415e-01	3.5297547e-02
7.2852607710e-01	3.0588143e-02
7.2861678005e-01	2.6413904e-02
7.2870748299e-01	2.1079149e-02
7.2879818594e-01	1.6934690e-02
7.2888888889e-01	1.2274040e-02
7.2897959184e-01	8.8129837e-03
7.2907029478e-01	6.3657571e-03
7.2916099773e-01	3.1874349e-03
7.2925170068e-01	3.0903865e-03
7.2934240363e-01	2.4085514e-03
7.2943310658e-01	2.6928533e-03
7.2952380952e-01	4.4317811e-03
7.2961451247e-01	5.1084216e-03
7.2970521542e-01	8.0842198e-03
7.2979591837e-01	1.0714709e-02
7.2988662132e-01	1.4479317e-02
7.2997732426e-01	1.9842971e-02
7.3006802721e-01	2.2273674e-02
7.3015873016e-01	2.7212193e-02
7.3024943311e-01	3.0456199e-02
7.3034013605e-01	3.3427693e-02
7.3043083900e-01	3.8701582e-02
7.3052154195e-01	4.2496454e-02
7.3061224490e-01	4.5886239e-02
7.3070294785e-01	4.9630191e-02
7.3079365079e-01	4.9963362e-02
7.3088435374e-01	5.4206901e-02
7.3097505669e-01	5.6721100e-02
7.3106575964e-01	5.6842949e-02
7.3115646259e-01	5.9577845e-02
7.3124716553e-01	6.0516642e-02
7.3133786848e-01	6.3113996e-02
7.3142857143e-01	6.4290356e-02
7.3151927438e-01	6.5778558e-02
7.3160997732e-01	6.7649126e-02
7.3170068027e-01	6.7647922e-02
7.3179138322e-01	6.6684883e-02
7.3188208617e-01	6.7460664e-02
7.3197278912e-01	6.5704819e-02
7.3206349206e-01	4.7600383e-02
7.3215419501e-01	6.3442144e-02
7.3224489796e-01	6.5772804e-02
7.3233560091e-01	6.1615117e-02
7.3242630385e-01	6.0789807e-02
7.3251700680e-01	5.8298913e-02
7.3260770975e-01	5.6781845e-02
7.3269841270e-01	5.3467629e-02
7.3278911565e-01	4.9629678e-02
7.3287981859e-01	4.7481551e-02
7.3297052154e-01	4.4497204e-02
7.3306122449e-01	4.1825294e-02
7.3315192744e-01	3.7955556e-02
7.3324263039e-01	3.4651965e-02
7.3333333333e-01	3.2598039e-02
7.3342403628e-01	2.9342826e-02
7.3351473923e-01	2.5960311e-02
7.3360544218e-01	2.1775159e-02
7.3369614512e-01	1.8081136e-02
7.3378684807e-01	1.7742398e-02
7.3387755102e-01	1.3896531e-02
7.3396825397e-01	1.1439695e-02
7.3405895692e-01	9.7317568e-03
7.3414965986e-01	6.8521701e-03
7.3424036281e-01	6.1423570e-03
7.3433106576e-01	3.2013097e-03
7.3442176871e-01	-3.3909580e-05
7.3451247166e-01	-8.6421153e-04
7.3460317460e-01	-1.7033458e-03
7.3469387755e-01	-4.0340014e-03
7.3478458050e-01	-4.5530298e-03
7.3487528345e-01	-5.1863802e-03
7.3496598639e-01	-7.0729449e-03
7.3505668934e-01	-8.7900335e-03
7.3514739229e-01	-1.0009183e-02
7.3523809524e-01	-1.0281867e-02
7.3532879819e-01	-1.1148967e-02
7.3541950113e-01	-1.2007781e-02
7.3551020408e-01	-1.3118492e-02
7.3560090703e-01	-1.4314523e-02
7.3569160998e-01	-1.5375768e-02
7.3578231293e-01	-1.6036578e-02
7.3587301587e-01	-1.6146662e-02
7.3596371882e-01	-1.6558040e-02
7.3605442177e-01	-1.7235882e-02
7.3614512472e-01	-1.8418463e-02
7.3623582766e-01	-1.7145983e-02
7.3632653061e-01	-1.7326147e-02
7.3641723356e-01	-1.8311984e-02
7.3650793651e-01	-1.9343556e-02
7.3659863946e-01	-1.9863505e-02
7.3668934240e-01	-1.9997394e-02
7.3678004535e-01	-2.2166795e-02
7.3687074830e-01	-2.3620456e-02
7.3696145125e-01	-2.4592374e-02
7.3705215420e-01	-2.7182348e-02
7.3714285714e-01	-2.8904552e-02
7.3723356009e-01	-2.9750460e-02
7.3732426304e-01	-3.2011471e-02
7.3741496599e-01	-3.5098785e-02
7.3750566893e-01	-3.6584785e-02
7.3759637188e-01	-4.0674833e-02
7.3768707483e-01	-4.2438011e-02
7.3777777778e-01	-4.4842170e-02
7.3786848073e-01	-4.8756417e-02
7.3795918367e-01	-5.2050555e-02
7.3804988662e-01	-5.4424638e-02
7.3814058957e-01	-5.8515620e-02
7.3823129252e-01	-6.2337036e-02
7.3832199546e-01	-6.4281773e-02
7.3841269841e-01	-6.8255051e-02
7.3850340136e-01	-7.1217259e-02
7.3859410431e-01	-7.4500273e-02
7.3868480726e-01	-7.7169779e-02
7.3877551020e-01	-8.0511506e-02
7.3886621315e-01	-8.2094539e-02
7.3895691610e-01	-8.7215732e-02
7.3904761905e-01	-8.8443155e-02
7.3913832200e-01	-9.0371311e-02
7.3922902494e-01	-9.2417953e-02
7.3931972789e-01	-9.3651565e-02
7.3941043084e-01	-9.2320987e-02
7.3950113379e-01	-9.2714860e-02
7.3959183673e-01	-9.3047303e-02
7.3968253968e-01	-9.4716532e-02
7.3977324263e-01	-9.3271445e-02
7.3986394558e-01	-9.1192492e-02
7.3995464853e-01	-8.9708280e-02
7.4004535147e-01	-8.7862143e-02
7.4013605442e-01	-8.5070729e-02
7.4022675737e-01	-8.3227854e-02
7.4031746032e-01	-8.1005984e-02
7.4040816327e-01	-7.7915280e-02
7.4049886621e-01	-7.5195353e-02
7.4058956916e-01	-7.2259947e-02
7.4068027211e-01	-6.8840251e-02
7.4077097506e-01	-6.6192703e-02
7.4086167800e-01	-6.3889555e-02
7.4095238095e-01	-6.1415857e-02
7.4104308390e-01	-5.8022549e-02
7.4113378685e-01	-5.5088032e-02
7.4122448980e-01	-5.2764125e-02
7.4131519274e-01	-4.9964084e-02
7.4140589569e-01	-4.6909113e-02
7.4149659864e-01	-4.6008582e-02
7.4158730159e-01	-4.3172514e-02
7.4167800454e-01	-4.0608908e-02
7.4176870748e-01	-3.7784842e-02
7.4185941043e-01	-3.3627409e-02
7.4195011338e-01	-3.1383240e-02
7.4204081633e-01	-2.7734569e-02
7.4213151927e-01	-2.5803486e-02
7.4222222222e-01	-2.3034920e-02
7.4231292517e-01	-1.7773090e-02
7.4240362812e-01	-1.6042903e-02
7.4249433107e-01	-1.3118405e-02
7.4258503401e-01	-1.0319804e-02
7.4267573696e-01	-7.1733515e-03
7.4276643991e-01	-3.3196462e-03
7.4285714286e-01	1.0229656e-03
7.4294784580e-01	4.4433397e-03
7.4303854875e-01	8.2794261e-03
7.4312925170e-01	1.1668830e-02
7.4321995465e-01	1.5172714e-02
7.4331065760e-01	1.7834999e-02
7.4340136054e-01	2.1504895e-02
7.4349206349e-01	2.4587103e-02
7.4358276644e-01	2.6777325e-02
7.4367346939e-01	2.9443932e-02
7.4376417234e-01	3.2507776e-02
7.4385487528e-01	3.5294768e-02
7.4394557823e-01	3.6730862e-02
7.4403628118e-01	3.9748778e-02
7.4412698413e-01	4.1962402e-02
7.4421768707e-01	4.3312549e-02
7.4430839002e-01	4.5174055e-02
7.4439909297e-01	4.8300498e-02
7.4448979592e-01	4.7733575e-02
7.4458049887e-01	3.9068410e-02
7.4467120181e-01	5.4781630e-02
7.4476190476e-01	5.8305259e-02
7.4485260771e-01	5.6814942e-02
7.4494331066e-01	5.7382848e-02
7.4503401361e-01	5.7790137e-02
7.4512471655e-01	5.8846334e-02
7.4521541950e-01	6.0304195e-02
7.4530612245e-01	6.1914481e-02
7.4539682540e-01	6.2744563e-02
7.4548752834e-01	6.0466798e-02
7.4557823129e-01	6.0430606e-02
7.4566893424e-01	6.0178769e-02
7.4575963719e-01	6.2288790e-02
7.4585034014e-01	6.1371007e-02
7.4594104308e-01	5.9098104e-02
7.4603174603e-01	5.8199726e-02
7.4612244898e-01	5.7313194e-02
7.4621315193e-01	5.4504472e-02
7.4630385488e-01	5.1179822e-02
7.4639455782e-01	4.6256359e-02
7.4648526077e-01	4.0697015e-02
7.4657596372e-01	3.6269902e-02
7.4666666667e-01	3.1262412e-02
7.4675736961e-01	2.5610741e-02
7.4684807256e-01	1.9921372e-02
7.4693877551e-01	1.6178057e-02
7.4702947846e-01	1.3155404e-02
7.4712018141e-01	9.3928902e-03
7.4721088435e-01	6.5480661e-03
7.4730158730e-01	3.5808428e-03
7.4739229025e-01	2.7197630e-03
7.4748299320e-01	1.6345399e-03
7.4757369615e-01	3.1112559e-03
7.4766439909e-01	3.9872803e-03
7.4775510204e-01	5.6945626e-03
7.4784580499e-01	1.0223278e-02
7.4793650794e-01	1.1813585e-02
7.4802721088e-01	1.4577292e-02
7.4811791383e-01	1.8729774e-02
7.4820861678e-01	2.1793351e-02
7.4829931973e-01	2.6727652e-02
7.4839002268e-01	3.0625226e-02
7.4848072562e-01	3.4849073e-02
7.4857142857e-01	3.9210801e-02
7.4866213152e-01	4.2055700e-02
7.4875283447e-01	4.4007143e-02
7.4884353741e-01	4.5941088e-02
7.4893424036e-01	5.0290910e-02
7.4902494331e-01	5.3371379e-02
7.4911564626e-01	5.6108954e-02
7.4920634921e-01	5.6921147e-02
7.4929705215e-01	5.7241701e-02
7.4938775510e-01	5.8915898e-02
7.4947845805e-01	6.2089247e-02
7.4956916100e-01	6.3330119e-02
7.4965986395e-01	6.3438349e-02
7.4975056689e-01	6.5310146e-02
7.4984126984e-01	6.5223117e-02
7.4993197279e-01	6.4887923e-02
7.5002267574e-01	6.6140990e-02
7.5011337868e-01	6.6872739e-02
7.5020408163e-01	6.5446259e-02
7.5029478458e-01	6.2503010e-02
7.5038548753e-01	6.0193846e-02
7.5047619048e-01	5.8276915e-02
7.5056689342e-01	5.6052821e-02
7.5065759637e-01	5.4183383e-02
7.5074829932e-01	5.2489360e-02
7.5083900227e-01	4.9568089e-02
7.5092970522e-01	4.5986936e-02
7.5102040816e-01	4.3357103e-02
7.5111111111e-01	3.9080090e-02
7.5120181406e-01	3.7105393e-02
7.5129251701e-01	3.4104337e-02
7.5138321995e-01	3.0460743e-02
7.5147392290e-01	2.7727505e-02
7.5156462585e-01	2.5355572e-02
7.5165532880e-01	2.3100853e-02
7.5174603175e-01	1.9476247e-02
7.5183673469e-01	1.6367365e-02
7.5192743764e-01	1.3900094e-02
7.5201814059e-01	1.1433533e-02
7.5210884354e-01	9.3288980e-03
7.5219954649e-01	5.4661152e-03
7.5229024943e-01	2.6192669e-03
7.5238095238e-01	2.2462378e-03
7.5247165533e-01	-3.8899055e-04
7.5256235828e-01	-2.8587073e-03
7.5265306122e-01	-4.1417739e-03
7.5274376417e-01	-6.1472928e-03
7.5283446712e-01	-7.4057345e-03
7.5292517007e-01	-7.6565183e-03
7.5301587302e-01	-8.8842866e-03
7.5310657596e-01	-1.1241633e-02
7.5319727891e-01	-1.4290066e-02
7.5328798186e-01	-1.2799876e-02
7.5337868481e-01	-1.3901350e-02
7.5346938776e-01	-1.4636902e-02
7.5356009070e-01	-1.5021687e-02
7.5365079365e-01	-1.4347106e-02
7.5374149660e-01	-1.4249250e-02
7.5383219955e-01	-1.6072563e-02
7.5392290249e-01	-1.6369151e-02
7.5401360544e-01	-1.6414359e-02
7.5410430839e-01	-1.6767827e-02
7.5419501134e-01	-1.6861074e-02
7.5428571429e-01	-1.5884611e-02
7.5437641723e-01	-1.6839189e-02
7.5446712018e-01	-1.6826611e-02
7.5455782313e-01	-1.7620536e-02
7.5464852608e-01	-1.8640276e-02
7.5473922902e-01	-1.9506748e-02
7.5482993197e-01	-1.8663721e-02
7.5492063492e-01	-2.1196039e-02
7.5501133787e-01	-2.2860082e-02
7.5510204082e-01	-2.2667566e-02
7.5519274376e-01	-2.3057899e-02
7.5528344671e-01	-2.5585579e-02
7.5537414966e-01	-2.6736214e-02
7.5546485261e-01	-2.8671310e-02
7.5555555556e-01	-3.1056796e-02
7.5564625850e-01	-3.2461119e-02
7.5573696145e-01	-3.5481802e-02
7.5582766440e-01	-3.6838435e-02
7.5591836735e-01	-3.9093425e-02
7.5600907029e-01	-4.3435652e-02
7.5609977324e-01	-4.6180108e-02
7.5619047619e-01	-4.9738700e-02
7.5628117914e-01	-5.2219425e-02
7.5637188209e-01	-5.5579615e-02
7.5646258503e-01	-5.8941367e-02
7.5655328798e-01	-6.2649341e-02
7.5664399093e-01	-6.6649651e-02
7.5673469388e-01	-7.0026124e-02
7.5682539683e-01	-7.3744008e-02
7.5691609977e-01	-7.3367536e-02
7.5700680272e-01	-8.3774702e-02
7.5709750567e-01	-9.0927877e-02
7.5718820862e-01	-8.1326856e-02
7.5727891156e-01	-8.5437287e-02
7.5736961451e-01	-8.5804930e-02
7.5746031746e-01	-8.7073366e-02
7.5755102041e-01	-8.7988294e-02
7.5764172336e-01	-8.8472436e-02
7.5773242630e-01	-8.8233777e-02
7.5782312925e-01	-8.8759940e-02
7.5791383220e-01	-8.7379119e-02
7.5800453515e-01	-8.7375285e-02
7.5809523810e-01	-8.5237133e-02
7.5818594104e-01	-8.3493283e-02
7.5827664399e-01	-8.1393725e-02
7.5836734694e-01	-7.9476822e-02
7.5845804989e-01	-7.6617441e-02
7.5854875283e-01	-7.4544775e-02
7.5863945578e-01	-6.9365790e-02
7.5873015873e-01	-6.7835173e-02
7.5882086168e-01	-6.6003794e-02
7.5891156463e-01	-6.2893867e-02
7.5900226757e-01	-6.0065332e-02
7.5909297052e-01	-5.7910431e-02
7.5918367347e-01	-5.4667890e-02
7.5927437642e-01	-5.2052182e-02
7.5936507937e-01	-5.0107914e-02
7.5945578231e-01	-4.8207858e-02
7.5954648526e-01	-4.5394067e-02
7.5963718821e-01	-4.3381716e-02
7.5972789116e-01	-4.0786791e-02
7.5981859410e-01	-3.9304054e-02
7.5990929705e-01	-3.4942421e-02
7.6000000000e-01	-3.2043658e-02
7.6009070295e-01	-3.0233046e-02
7.6018140590e-01	-2.7840020e-02
7.6027210884e-01	-2.6502530e-02
7.6036281179e-01	-2.3006615e-02
7.6045351474e-01	-1.9911473e-02
7.6054421769e-01	-1.8172406e-02
7.6063492063e-01	-1.3874191e-02
7.6072562358e-01	-1.2312156e-02
7.6081632653e-01	-9.0069155e-03
7.6090702948e-01	-5.8182239e-03
7.6099773243e-01	-2.6725496e-03
7.6108843537e-01	1.2949402e-03
7.6117913832e-01	4.7689762e-03
7.6126984127e-01	6.3083335e-03
7.6136054422e-01	1.0327006e-02
7.6145124717e-01	1.2420592e-02
7.6154195011e-01	1.5672929e-02
7.6163265306e-01	2.0119716e-02
7.6172335601e-01	2.3013780e-02
7.6181405896e-01	2.5934248e-02
7.6190476190e-01	2.7311541e-02
7.6199546485e-01	2.9869957e-02
7.6208616780e-01	3.2572948e-02
7.6217687075e-01	3.5694413e-02
7.6226757370e-01	3.7673902e-02
7.6235827664e-01	3.9181188e-02
7.6244897959e-01	4.1807534e-02
7.6253968254e-01	4.4677041e-02
7.6263038549e-01	4.6619059e-02
7.6272108844e-01	4.7473964e-02
7.6281179138e-01	4.9251312e-02
7.6290249433e-01	5.2110764e-02
7.6299319728e-01	5.2831175e-02
7.6308390023e-01	5.3128308e-02
7.6317460317e-01	5.5119683e-02
7.6326530612e-01	5.6476462e-02
7.6335600907e-01	5.7088151e-02
7.6344671202e-01	5.6794072e-02
7.6353741497e-01	5.8010029e-02
7.6362811791e-01	5.8271131e-02
7.6371882086e-01	5.8063358e-02
7.6380952381e-01	5.8369930e-02
7.6390022676e-01	5.8386428e-02
7.6399092971e-01	5.6502895e-02
7.6408163265e-01	5.4778508e-02
7.6417233560e-01	5.4107250e-02
7.6426303855e-01	5.0254749e-02
7.6435374150e-01	4.6696842e-02
7.6444444444e-01	4.3881458e-02
7.6453514739e-01	3.9905527e-02
7.6462585034e-01	3.6665921e-02
7.6471655329e-01	3.2173733e-02
7.6480725624e-01	2.7646520e-02
7.6489795918e-01	2.2611963e-02
7.6498866213e-01	1.8546977e-02
7.6507936508e-01	1.2431464e-02
7.6517006803e-01	1.0092906e-02
7.6526077098e-01	8.6338512e-03
7.6535147392e-01	4.3873782e-03
7.6544217687e-01	2.3449340e-03
7.6553287982e-01	5.5848387e-04
7.6562358277e-01	-6.8193854e-04
7.6571428571e-01	1.0785882e-03
7.6580498866e-01	3.2937487e-03
7.6589569161e-01	4.3484780e-03
7.6598639456e-01	6.0310982e-03
7.6607709751e-01	1.1146959e-02
7.6616780045e-01	1.5154536e-02
7.6625850340e-01	1.8747788e-02
7.6634920635e-01	2.2689824e-02
7.6643990930e-01	2.6123058e-02
7.6653061224e-01	3.1637978e-02
7.6662131519e-01	3.4159674e-02
7.6671201814e-01	3.8708826e-02
7.6680272109e-01	4.2506987e-02
7.6689342404e-01	4.5435179e-02
7.6698412698e-01	4.9048207e-02
7.6707482993e-01	5.1792529e-02
7.6716553288e-01	5.5582144e-02
7.6725623583e-01	5.5756289e-02
7.6734693878e-01	5.6262265e-02
7.6743764172e-01	5.7848721e-02
7.6752834467e-01	6.1185360e-02
7.6761904762e-01	6.3292436e-02
7.6770975057e-01	6.4970952e-02
7.6780045351e-01	6.6660557e-02
7.6789115646e-01	6.7365696e-02
7.6798185941e-01	6.8088338e-02
7.6807256236e-01	6.8326249e-02
7.6816326531e-01	6.7477970e-02
7.6825396825e-01	6.7290487e-02
7.6834467120e-01	6.7998589e-02
7.6843537415e-01	6.6152038e-02
7.6852607710e-01	6.5304369e-02
7.6861678005e-01	6.4087626e-02
7.6870748299e-01	6.2419653e-02
7.6879818594e-01	5.9481663e-02
7.6888888889e-01	5.5394423e-02
7.6897959184e-01	5.4337133e-02
7.6907029478e-01	5.2883118e-02
7.6916099773e-01	4.9354944e-02
7.6925170068e-01	4.7091711e-02
7.6934240363e-01	4.4223093e-02
7.6943310658e-01	4.1622609e-02
7.6952380952e-01	2.3819618e-02
7.6961451247e-01	1.8926000e-02
7.6970521542e-01	3.1893769e-02
7.6979591837e-01	2.7050176e-02
7.6988662132e-01	2.3771932e-02
7.6997732426e-01	2.0600114e-02
7.7006802721e-01	1.7046826e-02
7.7015873016e-01	1.3130169e-02
7.7024943311e-01	1.0288134e-02
7.7034013605e-01	7.8669912e-03
7.7043083900e-01	6.5602702e-03
7.7052154195e-01	4.5755752e-03
7.7061224490e-01	1.2240112e-03
7.7070294785e-01	-1.9382467e-03
7.7079365079e-01	-3.3268086e-03
7.7088435374e-01	-3.9049187e-03
7.7097505669e-01	-5.9135611e-03
7.7106575964e-01	-8.4585819e-03
7.7115646259e-01	-8.9770468e-03
7.7124716553e-01	-9.0621268e-03
7.7133786848e-01	-1.2320121e-02
7.7142857143e-01	-1.0871825e-02
7.7151927438e-01	-1.1675410e-02
7.7160997732e-01	-1.4131026e-02
7.7170068027e-01	-1.2609750e-02
7.7179138322e-01	-1.3632199e-02
7.7188208617e-01	-1.4013840e-02
7.7197278912e-01	-1.4472832e-02
7.7206349206e-01	-1.5169238e-02
7.7215419501e-01	-1.5702907e-02
7.7224489796e-01	-1.5701889e-02
7.7233560091e-01	-1.6592804e-02
7.7242630385e-01	-1.5726040e-02
7.7251700680e-01	-1.6536878e-02
7.7260770975e-01	-1.7151440e-02
7.7269841270e-01	-1.8293398e-02
7.7278911565e-01	-1.8542662e-02
7.7287981859e-01	-1.8301580e-02
7.7297052154e-01	-1.9362116e-02
7.7306122449e-01	-2.0987219e-02
7.7315192744e-01	-2.1235621e-02
7.7324263039e-01	-2.2831041e-02
7.7333333333e-01	-2.4519660e-02
7.7342403628e-01	-2.6552438e-02
7.7351473923e-01	-2.8719545e-02
7.7360544218e-01	-3.0751583e-02
7.7369614512e-01	-3.3140443e-02
7.7378684807e-01	-3.4943519e-02
7.7387755102e-01	-3.8351035e-02
7.7396825397e-01	-3.7791951e-02
7.7405895692e-01	-4.0637643e-02
7.7414965986e-01	-4.5238126e-02
7.7424036281e-01	-4.7922789e-02
7.7433106576e-01	-4.9649588e-02
7.7442176871e-01	-5.4280390e-02
7.7451247166e-01	-5.7200072e-02
7.7460317460e-01	-5.8143466e-02
7.7469387755e-01	-6.4228856e-02
7.7478458050e-01	-6.7990543e-02
7.7487528345e-01	-7.0412223e-02
7.7496598639e-01	-7.3460081e-02
7.7505668934e-01	-7.4467164e-02
7.7514739229e-01	-7.8733211e-02
7.7523809524e-01	-8.2471559e-02
7.7532879819e-01	-8.4208556e-02
7.7541950113e-01	-8.4513316e-02
7.7551020408e-01	-8.6308210e-02
7.7560090703e-01	-8.7864086e-02
7.7569160998e-01	-8.8736708e-02
7.7578231293e-01	-8.7510524e-02
7.7587301587e-01	-8.8623846e-02
7.7596371882e-01	-8.7905739e-02
7.7605442177e-01	-8.5550483e-02
7.7614512472e-01	-8.5792063e-02
7.7623582766e-01	-8.6894325e-02
7.7632653061e-01	-8.4154470e-02
7.7641723356e-01	-8.1335567e-02
7.7650793651e-01	-7.9414133e-02
7.7659863946e-01	-7.9153297e-02
7.7668934240e-01	-7.5897462e-02
7.7678004535e-01	-7.2931240e-02
7.7687074830e-01	-7.0771678e-02
7.7696145125e-01	-6.7869269e-02
7.7705215420e-01	-6.4925876e-02
7.7714285714e-01	-6.2116506e-02
7.7723356009e-01	-5.8652857e-02
7.7732426304e-01	-5.5071929e-02
7.7741496599e-01	-5.4253192e-02
7.7750566893e-01	-5.2061184e-02
7.7759637188e-01	-4.9452370e-02
7.7768707483e-01	-4.6312339e-02
7.7777777778e-01	-4.3852658e-02
7.7786848073e-01	-4.2533213e-02
7.7795918367e-01	-4.0286689e-02
7.7804988662e-01	-3.7097826e-02
7.7814058957e-01	-3.4390393e-02
7.7823129252e-01	-3.0430516e-02
7.7832199546e-01	-2.6281499e-02
7.7841269841e-01	-2.4010710e-02
7.7850340136e-01	-2.1286120e-02
7.7859410431e-01	-1.7856163e-02
7.7868480726e-01	-1.5425002e-02
7.7877551020e-01	-1.2440401e-02
7.7886621315e-01	-9.0555934e-03
7.7895691610e-01	-6.9226939e-03
7.7904761905e-01	-4.1082203e-03
7.7913832200e-01	-9.7449663e-04
7.7922902494e-01	3.1885414e-03
7.7931972789e-01	5.3218242e-03
7.7941043084e-01	9.0683016e-03
7.7950113379e-01	1.0583882e-02
7.7959183673e-01	1.2582278e-02
7.7968253968e-01	1.7619218e-02
7.7977324263e-01	1.9377040e-02
7.7986394558e-01	2.2859566e-02
7.7995464853e-01	2.5146272e-02
7.8004535147e-01	2.7657191e-02
7.8013605442e-01	3.0089650e-02
7.8022675737e-01	3.1187691e-02
7.8031746032e-01	3.3174578e-02
7.8040816327e-01	3.5224338e-02
7.8049886621e-01	3.8349711e-02
7.8058956916e-01	3.9891469e-02
7.8068027211e-01	4.2175996e-02
7.8077097506e-01	4.4836500e-02
7.8086167800e-01	4.6542595e-02
7.8095238095e-01	4.7894743e-02
7.8104308390e-01	4.8915462e-02
7.8113378685e-01	5.0766254e-02
7.8122448980e-01	5.1749919e-02
7.8131519274e-01	5.4162705e-02
7.8140589569e-01	5.4976643e-02
7.8149659864e-01	5.5854887e-02
7.8158730159e-01	5.6371302e-02
7.8167800454e-01	5.7232639e-02
7.8176870748e-01	5.7339344e-02
7.8185941043e-01	5.7376063e-02
7.8195011338e-01	5.8437884e-02
7.8204081633e-01	4.0406236e-02
7.8213151927e-01	4.5837567e-02
7.8222222222e-01	5.5694391e-02
7.8231292517e-01	4.9975668e-02
7.8240362812e-01	4.8831831e-02
7.8249433107e-01	4.6985117e-02
7.8258503401e-01	4.2322638e-02
7.8267573696e-01	3.7544028e-02
7.8276643991e-01	3.4816765e-02
7.8285714286e-01	3.0910618e-02
7.8294784580e-01	2.4625519e-02
7.8303854875e-01	1.9307539e-02
7.8312925170e-01	1.6105489e-02
7.8321995465e-01	1.1952300e-02
7.8331065760e-01	7.4987203e-03
7.8340136054e-01	3.7440235e-03
7.8349206349e-01	8.2504339e-04
7.8358276644e-01	2.7691401e-04
7.8367346939e-01	4.5351593e-04
7.8376417234e-01	-2.8329998e-05
7.8385487528e-01	4.7939932e-05
7.8394557823e-01	1.6904373e-03
7.8403628118e-01	2.8174030e-03
7.8412698413e-01	6.4225934e-03
7.8421768707e-01	9.1418411e-03
7.8430839002e-01	1.3964487e-02
7.8439909297e-01	1.8000396e-02
7.8448979592e-01	2.3263441e-02
7.8458049887e-01	2.5445075e-02
7.8467120181e-01	3.0619514e-02
7.8476190476e-01	3.4976453e-02
7.8485260771e-01	3.7681076e-02
7.8494331066e-01	4.2571623e-02
7.8503401361e-01	4.4405227e-02
7.8512471655e-01	4.6465094e-02
7.8521541950e-01	4.9658447e-02
7.8530612245e-01	5.1773910e-02
7.8539682540e-01	5.4554086e-02
7.8548752834e-01	5.7674376e-02
7.8557823129e-01	5.7822904e-02
7.8566893424e-01	5.9678697e-02
7.8575963719e-01	6.1802018e-02
7.8585034014e-01	6.4121400e-02
7.8594104308e-01	6.5825769e-02
7.8603174603e-01	6.6532058e-02
7.8612244898e-01	6.6906458e-02
7.8621315193e-01	6.6669297e-02
7.8630385488e-01	6.8664244e-02
7.8639455782e-01	6.9368970e-02
7.8648526077e-01	6.6795581e-02
7.8657596372e-01	6.6339062e-02
7.8666666667e-01	6.5700299e-02
7.8675736961e-01	6.1948262e-02
7.8684807256e-01	5.9583995e-02
7.8693877551e-01	5.7197873e-02
7.8702947846e-01	5.5569636e-02
7.8712018141e-01	5.4201525e-02
7.8721088435e-01	5.1258831e-02
7.8730158730e-01	4.8485601e-02
7.8739229025e-01	4.6235218e-02
7.8748299320e-01	4.2435764e-02
7.8757369615e-01	3.9381666e-02
7.8766439909e-01	3.5724172e-02
7.8775510204e-01	3.2463582e-02
7.8784580499e-01	2.8510369e-02
7.8793650794e-01	2.5620865e-02
7.8802721088e-01	2.3101731e-02
7.8811791383e-01	2.0891945e-02
7.8820861678e-01	1.8871087e-02
7.8829931973e-01	1.6309754e-02
7.8839002268e-01	1.3598310e-02
7.8848072562e-01	1.0303400e-02
7.8857142857e-01	7.4228125e-03
7.8866213152e-01	6.8715378e-03
7.8875283447e-01	3.0435186e-03
7.8884353741e-01	2.4892356e-03
7.8893424036e-01	1.5228317e-03
7.8902494331e-01	-2.5424342e-04
7.8911564626e-01	-7.3286274e-04
7.8920634921e-01	-3.4350551e-03
7.8929705215e-01	-5.0243115e-03
7.8938775510e-01	-5.1199260e-03
7.8947845805e-01	-8.7674163e-03
7.8956916100e-01	-1.0728848e-02
7.8965986395e-01	-1.0593209e-02
7.8975056689e-01	-1.1256115e-02
7.8984126984e-01	-1.3149332e-02
7.8993197279e-01	-1.3336636e-02
7.9002267574e-01	-1.2713674e-02
7.9011337868e-01	-1.3839620e-02
7.9020408163e-01	-1.4892297e-02
7.9029478458e-01	-1.4655255e-02
7.9038548753e-01	-1.3997968e-02
7.9047619048e-01	-1.4727820e-02
7.9056689342e-01	-1.3342624e-02
7.9065759637e-01	-1.4492243e-02
7.9074829932e-01	-1.5241647e-02
7.9083900227e-01	-1.5349948e-02
7.9092970522e-01	-1.6166055e-02
7.9102040816e-01	-1.6357216e-02
7.9111111111e-01	-1.7276962e-02
7.9120181406e-01	-1.6405864e-02
7.9129251701e-01	-1.8146826e-02
7.9138321995e-01	-1.8520690e-02
7.9147392290e-01	-1.9738289e-02
7.9156462585e-01	-2.2737528e-02
7.9165532880e-01	-2.5320536e-02
7.9174603175e-01	-2.5706848e-02
7.9183673469e-01	-2.7048055e-02
7.9192743764e-01	-2.8603727e-02
7.9201814059e-01	-3.0222656e-02
7.9210884354e-01	-3.4644719e-02
7.9219954649e-01	-3.7569363e-02
7.9229024943e-01	-4.0473959e-02
7.9238095238e-01	-4.4329709e-02
7.9247165533e-01	-4.7659334e-02
7.9256235828e-01	-5.1185099e-02
7.9265306122e-01	-5.4830877e-02
7.9274376417e-01	-5.7969806e-02
7.9283446712e-01	-6.0309688e-02
7.9292517007e-01	-6.3313587e-02
7.9301587302e-01	-6.7516471e-02
7.9310657596e-01	-7.0568876e-02
7.9319727891e-01	-7.2348738e-02
7.9328798186e-01	-7.6115611e-02
7.9337868481e-01	-7.8479185e-02
7.9346938776e-01	-8.0785758e-02
7.9356009070e-01	-8.4106276e-02
7.9365079365e-01	-8.5719221e-02
7.9374149660e-01	-8.7563479e-02
7.9383219955e-01	-8.8176857e-02
7.9392290249e-01	-8.7870410e-02
7.9401360544e-01	-8.8183024e-02
7.9410430839e-01	-8.8200059e-02
7.9419501134e-01	-8.8438864e-02
7.9428571429e-01	-8.5644423e-02
7.9437641723e-01	-8.4304990e-02
7.9446712018e-01	-8.2835484e-02
7.9455782313e-01	-1.0067469e-01
7.9464852608e-01	-8.3759458e-02
7.9473922902e-01	-7.5494475e-02
7.9482993197e-01	-7.5189942e-02
7.9492063492e-01	-7.3028542e-02
7.9501133787e-01	-7.1265275e-02
7.9510204082e-01	-6.7295712e-02
7.9519274376e-01	-6.4612664e-02
7.9528344671e-01	-6.4257776e-02
7.9537414966e-01	-6.1621692e-02
7.9546485261e-01	-5.8582729e-02
7.9555555556e-01	-5.6686137e-02
7.9564625850e-01	-5.3111702e-02
7.9573696145e-01	-5.0762254e-02
7.9582766440e-01	-4.8400742e-02
7.9591836735e-01	-4.5365899e-02
7.9600907029e-01	-4.3976321e-02
7.9609977324e-01	-4.1667800e-02
7.9619047619e-01	-3.9317315e-02
7.9628117914e-01	-3.5198774e-02
7.9637188209e-01	-3.2689013e-02
7.9646258503e-01	-2.9104200e-02
7.9655328798e-01	-2.7795241e-02
7.9664399093e-01	-2.3871995e-02
7.9673469388e-01	-2.1354960e-02
7.9682539683e-01	-1.7911690e-02
7.9691609977e-01	-1.5567031e-02
7.9700680272e-01	-1.3337551e-02
7.9709750567e-01	-1.0931506e-02
7.9718820862e-01	-7.6945045e-03
7.9727891156e-01	-4.3765685e-03
7.9736961451e-01	-1.1926180e-03
7.9746031746e-01	2.3249605e-03
7.9755102041e-01	5.8084694e-03
7.9764172336e-01	7.9105996e-03
7.9773242630e-01	1.0260252e-02
7.9782312925e-01	1.3567262e-02
7.9791383220e-01	1.6275112e-02
7.9800453515e-01	1.9016867e-02
7.9809523810e-01	2.1599579e-02
7.9818594104e-01	2.5666712e-02
7.9827664399e-01	2.7439766e-02
7.9836734694e-01	2.9441850e-02
7.9845804989e-01	3.4633954e-02
7.9854875283e-01	3.6197637e-02
7.9863945578e-01	3.6746585e-02
7.9873015873e-01	3.9878476e-02
7.9882086168e-01	4.1117862e-02
7.9891156463e-01	4.4646216e-02
7.9900226757e-01	4.7144578e-02
7.9909297052e-01	4.7334851e-02
7.9918367347e-01	4.9678910e-02
7.9927437642e-01	5.1410646e-02
7.9936507937e-01	5.2970310e-02
7.9945578231e-01	5.4871372e-02
7.9954648526e-01	5.4613097e-02
7.9963718821e-01	5.4308656e-02
7.9972789116e-01	5.4034402e-02
7.9981859410e-01	5.5350366e-02
7.9990929705e-01	5.5847217e-02
8.0000000000e-01	5.5541807e-02
8.0009070295e-01	5.5461421e-02
8.0018140590e-01	5.4746756e-02
8.0027210884e-01	5.1928238e-02
8.0036281179e-01	5.0794126e-02
8.0045351474e-01	4.9160498e-02
8.0054421769e-01	4.5988094e-02
8.0063492063e-01	4.3004432e-02
8.0072562358e-01	3.8693730e-02
8.0081632653e-01	3.4681087e-02
8.0090702948e-01	3.1044651e-02
8.0099773243e-01	2.6979353e-02
8.0108843537e-01	2.1819811e-02
8.0117913832e-01	1.7593314e-02
8.0126984127e-01	1.3665530e-02
8.0136054422e-01	8.9259700e-03
8.0145124717e-01	3.8147789e-03
8.0154195011e-01	1.5357171e-03
8.0163265306e-01	-9.1968121e-04
8.0172335601e-01	-3.1685198e-03
8.0181405896e-01	-4.6944900e-03
8.0190476190e-01	-3.6973937e-03
8.0199546485e-01	-4.0810576e-03
8.0208616780e-01	-3.3646231e-03
8.0217687075e-01	-6.3087443e-04
8.0226757370e-01	2.8784684e-03
8.0235827664e-01	6.6900449e-03
8.0244897959e-01	8.9233366e-03
8.0253968254e-01	1.2707405e-02
8.0263038549e-01	1.7701399e-02
8.0272108844e-01	2.1512001e-02
8.0281179138e-01	2.5852423e-02
8.0290249433e-01	2.9730633e-02
8.0299319728e-01	3.4496263e-02
8.0308390023e-01	3.8230562e-02
8.0317460317e-01	4.2600942e-02
8.0326530612e-01	4.5734153e-02
8.0335600907e-01	4.6317773e-02
8.0344671202e-01	4.9496138e-02
8.0353741497e-01	5.2329330e-02
8.0362811791e-01	5.4208656e-02
8.0371882086e-01	5.6235307e-02
8.0380952381e-01	5.9178910e-02
8.0390022676e-01	5.9758277e-02
8.0399092971e-01	6.1536627e-02
8.0408163265e-01	6.3824874e-02
8.0417233560e-01	6.6334375e-02
8.0426303855e-01	6.5739794e-02
8.0435374150e-01	6.7560726e-02
8.0444444444e-01	6.8275019e-02
8.0453514739e-01	6.8340486e-02
8.0462585034e-01	6.6235613e-02
8.0471655329e-01	6.6851808e-02
8.0480725624e-01	6.5690339e-02
8.0489795918e-01	6.4001062e-02
8.0498866213e-01	6.1180083e-02
8.0507936508e-01	5.9699294e-02
8.0517006803e-01	5.7136307e-02
8.0526077098e-01	5.4692737e-02
8.0535147392e-01	5.3847028e-02
8.0544217687e-01	5.0598964e-02
8.0553287982e-01	4.6589017e-02
8.0562358277e-01	4.2629794e-02
8.0571428571e-01	3.9154178e-02
8.0580498866e-01	3.6758908e-02
8.0589569161e-01	3.4076306e-02
8.0598639456e-01	3.0387710e-02
8.0607709751e-01	2.7518667e-02
8.0616780045e-01	2.5034483e-02
8.0625850340e-01	2.1746242e-02
8.0634920635e-01	2.0605214e-02
8.0643990930e-01	1.7194982e-02
8.0653061224e-01	1.3062486e-02
8.0662131519e-01	1.1618553e-02
8.0671201814e-01	1.0184838e-02
8.0680272109e-01	8.4202890e-03
8.0689342404e-01	6.0813522e-03
8.0698412698e-01	2.5987782e-03
8.0707482993e-01	-1.0278102e-02
8.0716553288e-01	2.1909043e-04
8.0725623583e-01	1.0777246e-03
8.0734693878e-01	-5.7561263e-05
8.0743764172e-01	-2.1088085e-03
8.0752834467e-01	-2.7788095e-03
8.0761904762e-01	-4.0398383e-03
8.0770975057e-01	-5.4258506e-03
8.0780045351e-01	-6.4500213e-03
8.0789115646e-01	-8.3563857e-03
8.0798185941e-01	-8.2296731e-03
8.0807256236e-01	-7.8735389e-03
8.0816326531e-01	-6.8824824e-03
8.0825396825e-01	-8.6841196e-03
8.0834467120e-01	-8.3463600e-03
8.0843537415e-01	-7.9446439e-03
8.0852607710e-01	-7.4140147e-03
8.0861678005e-01	-8.4745216e-03
8.0870748299e-01	-7.9999047e-03
8.0879818594e-01	-8.2653498e-03
8.0888888889e-01	-9.5591524e-03
8.0897959184e-01	-9.5618466e-03
8.0907029478e-01	-1.0083092e-02
8.0916099773e-01	-1.0861622e-02
8.0925170068e-01	-1.1783456e-02
8.0934240363e-01	-1.3205215e-02
8.0943310658e-01	-1.3075600e-02
8.0952380952e-01	-1.3275020e-02
8.0961451247e-01	-1.4705039e-02
8.0970521542e-01	-1.7662483e-02
8.0979591837e-01	-1.8209245e-02
8.0988662132e-01	-2.1172398e-02
8.0997732426e-01	-2.1809122e-02
8.1006802721e-01	-2.4157988e-02
8.1015873016e-01	-2.8054545e-02
8.1024943311e-01	-3.0864557e-02
8.1034013605e-01	-3.4715160e-02
8.1043083900e-01	-3.6544922e-02
8.1052154195e-01	-3.9474041e-02
8.1061224490e-01	-4.3555020e-02
8.1070294785e-01	-4.6129720e-02
8.1079365079e-01	-4.9525523e-02
8.1088435374e-01	-5.4662099e-02
8.1097505669e-01	-5.5919226e-02
8.1106575964e-01	-6.1037805e-02
8.1115646259e-01	-6.4713398e-02
8.1124716553e-01	-6.6499180e-02
8.1133786848e-01	-6.9402570e-02
8.1142857143e-01	-7.3500752e-02
8.1151927438e-01	-7.6516091e-02
8.1160997732e-01	-7.7345207e-02
8.1170068027e-01	-8.0783892e-02
8.1179138322e-01	-8.3340338e-02
8.1188208617e-01	-8.4461518e-02
8.1197278912e-01	-8.4618287e-02
8.1206349206e-01	-8.6819260e-02
8.1215419501e-01	-8.6832214e-02
8.1224489796e-01	-8.6822429e-02
8.1233560091e-01	-8.6139238e-02
8.1242630385e-01	-8.5283040e-02
8.1251700680e-01	-8.4792544e-02
8.1260770975e-01	-8.3729948e-02
8.1269841270e-01	-8.3005888e-02
8.1278911565e-01	-7.9922878e-02
8.1287981859e-01	-7.9462863e-02
8.1297052154e-01	-7.8006206e-02
8.1306122449e-01	-7.5026922e-02
8.1315192744e-01	-7.2626437e-02
8.1324263039e-01	-7.0922553e-02
8.1333333333e-01	-6.9123001e-02
8.1342403628e-01	-6.6866459e-02
8.1351473923e-01	-6.4417994e-02
8.1360544218e-01	-6.1587228e-02
8.1369614512e-01	-5.9708822e-02
8.1378684807e-01	-5.8977542e-02
8.1387755102e-01	-5.6633991e-02
8.1396825397e-01	-5.2359950e-02
8.1405895692e-01	-4.9736008e-02
8.1414965986e-01	-4.8423349e-02
8.1424036281e-01	-4.4243702e-02
8.1433106576e-01	-4.1278026e-02
8.1442176871e-01	-3.9194344e-02
8.1451247166e-01	-3.6752949e-02
8.1460317460e-01	-3.3276829e-02
8.1469387755e-01	-2.9741775e-02
8.1478458050e-01	-2.7110213e-02
8.1487528345e-01	-2.4809656e-02
8.1496598639e-01	-2.1219685e-02
8.1505668934e-01	-1.9281872e-02
8.1514739229e-01	-1.5076643e-02
8.1523809524e-01	-1.1601089e-02
8.1532879819e-01	-1.1198392e-02
8.1541950113e-01	-7.4571766e-03
8.1551020408e-01	-4.5689304e-03
8.1560090703e-01	-1.1323177e-03
8.1569160998e-01	1.4314319e-03
8.1578231293e-01	6.0113259e-03
8.1587301587e-01	9.6941515e-03
8.1596371882e-01	1.0923681e-02
8.1605442177e-01	1.2105826e-02
8.1614512472e-01	1.5171945e-02
8.1623582766e-01	1.9803762e-02
8.1632653061e-01	2.3861316e-02
8.1641723356e-01	2.4850313e-02
8.1650793651e-01	2.8407460e-02
8.1659863946e-01	3.1469839e-02
8.1668934240e-01	3.4491757e-02
8.1678004535e-01	3.7520438e-02
8.1687074830e-01	3.9849723e-02
8.1696145125e-01	4.1417897e-02
8.1705215420e-01	4.4158760e-02
8.1714285714e-01	4.7106293e-02
8.1723356009e-01	4.9165411e-02
8.1732426304e-01	5.1140437e-02
8.1741496599e-01	5.2866746e-02
8.1750566893e-01	5.2763679e-02
8.1759637188e-01	5.4360425e-02
8.1768707483e-01	5.6721155e-02
8.1777777778e-01	5.7092492e-02
8.1786848073e-01	5.7971774e-02
8.1795918367e-01	5.7560012e-02
8.1804988662e-01	5.8949721e-02
8.1814058957e-01	5.8620024e-02
8.1823129252e-01	5.9535454e-02
8.1832199546e-01	5.8437317e-02
8.1841269841e-01	5.7137893e-02
8.1850340136e-01	5.5445406e-02
8.1859410431e-01	5.4772154e-02
8.1868480726e-01	5.1633933e-02
8.1877551020e-01	4.7571342e-02
8.1886621315e-01	4.3416977e-02
8.1895691610e-01	3.9435037e-02
8.1904761905e-01	3.5119657e-02
8.1913832200e-01	3.0511495e-02
8.1922902494e-01	2.4297657e-02
8.1931972789e-01	1.7744326e-02
8.1941043084e-01	1.4022142e-02
8.1950113379e-01	2.7891944e-03
8.1959183673e-01	-1.3304707e-02
8.1968253968e-01	2.7026458e-03
8.1977324263e-01	-2.8074308e-03
8.1986394558e-01	-4.4810397e-03
8.1995464853e-01	-5.1269838e-03
8.2004535147e-01	-4.9158028e-03
8.2013605442e-01	-5.0230460e-03
8.2022675737e-01	-3.6021847e-03
8.2031746032e-01	-1.1561449e-03
8.2040816327e-01	1.1103945e-03
8.2049886621e-01	3.4765777e-03
8.2058956916e-01	8.8932821e-03
8.2068027211e-01	1.4139342e-02
8.2077097506e-01	1.6702739e-02
8.2086167800e-01	2.1391053e-02
8.2095238095e-01	2.5327335e-02
8.2104308390e-01	2.7788012e-02
8.2113378685e-01	3.1886051e-02
8.2122448980e-01	3.6000408e-02
8.2131519274e-01	3.9419508e-02
8.2140589569e-01	4.2416047e-02
8.2149659864e-01	4.4530895e-02
8.2158730159e-01	4.9124948e-02
8.2167800454e-01	5.1531130e-02
8.2176870748e-01	5.3683532e-02
8.2185941043e-01	5.5266960e-02
8.2195011338e-01	5.7128519e-02
8.2204081633e-01	5.7257495e-02
8.2213151927e-01	5.9681551e-02
8.2222222222e-01	6.2139608e-02
8.2231292517e-01	6.3379279e-02
8.2240362812e-01	6.5699279e-02
8.2249433107e-01	6.6061314e-02
8.2258503401e-01	6.7438618e-02
8.2267573696e-01	6.6465173e-02
8.2276643991e-01	6.4581734e-02
8.2285714286e-01	6.4529507e-02
8.2294784580e-01	6.3318808e-02
8.2303854875e-01	6.1804760e-02
8.2312925170e-01	5.9701670e-02
8.2321995465e-01	5.7269981e-02
8.2331065760e-01	5.5587771e-02
8.2340136054e-01	5.3689472e-02
8.2349206349e-01	4.9677816e-02
8.2358276644e-01	4.7519470e-02
8.2367346939e-01	4.3517497e-02
8.2376417234e-01	3.9564270e-02
8.2385487528e-01	3.7336618e-02
8.2394557823e-01	3.4895267e-02
8.2403628118e-01	3.1666322e-02
8.2412698413e-01	2.7107843e-02
8.2421768707e-01	2.3560585e-02
8.2430839002e-01	2.1583688e-02
8.2439909297e-01	1.7981080e-02
8.2448979592e-01	1.4566067e-02
8.2458049887e-01	1.1034853e-02
8.2467120181e-01	9.6815656e-03
8.2476190476e-01	7.7602689e-03
8.2485260771e-01	5.7586529e-03
8.2494331066e-01	4.3527083e-03
8.2503401361e-01	2.1682225e-03
8.2512471655e-01	-6.2169542e-04
8.2521541950e-01	-9.3133565e-04
8.2530612245e-01	-1.1296341e-03
8.2539682540e-01	-2.7721973e-03
8.2548752834e-01	-5.5545700e-03
8.2557823129e-01	-5.3006611e-03
8.2566893424e-01	-5.9572325e-03
8.2575963719e-01	-7.2775802e-03
8.2585034014e-01	-7.6163581e-03
8.2594104308e-01	-8.4425392e-03
8.2603174603e-01	-1.0487926e-02
8.2612244898e-01	-9.3542375e-03
8.2621315193e-01	-9.2755059e-03
8.2630385488e-01	-1.0519215e-02
8.2639455782e-01	-1.1318015e-02
8.2648526077e-01	-9.7742015e-03
8.2657596372e-01	-1.0409088e-02
8.2666666667e-01	-9.8364430e-03
8.2675736961e-01	-1.0048126e-02
8.2684807256e-01	-1.0787159e-02
8.2693877551e-01	-1.1903499e-02
8.2702947846e-01	-1.0361668e-02
8.2712018141e-01	-9.2104194e-03
8.2721088435e-01	-1.0688882e-02
8.2730158730e-01	-1.0644749e-02
8.2739229025e-01	-1.0391970e-02
8.2748299320e-01	-1.1755230e-02
8.2757369615e-01	-1.2119899e-02
8.2766439909e-01	-1.3279844e-02
8.2775510204e-01	-1.3968770e-02
8.2784580499e-01	-1.4560526e-02
8.2793650794e-01	-1.6429408e-02
8.2802721088e-01	-1.8847668e-02
8.2811791383e-01	-2.0857741e-02
8.2820861678e-01	-2.2789088e-02
8.2829931973e-01	-2.4536559e-02
8.2839002268e-01	-2.7798183e-02
8.2848072562e-01	-2.9451393e-02
8.2857142857e-01	-3.2292707e-02
8.2866213152e-01	-3.5356825e-02
8.2875283447e-01	-3.9325195e-02
8.2884353741e-01	-4.2616060e-02
8.2893424036e-01	-4.5107995e-02
8.2902494331e-01	-4.9326503e-02
8.2911564626e-01	-5.2738443e-02
8.2920634921e-01	-5.5148919e-02
8.2929705215e-01	-5.7962443e-02
8.2938775510e-01	-6.1495503e-02
8.2947845805e-01	-6.4355843e-02
8.2956916100e-01	-6.8867134e-02
8.2965986395e-01	-7.0291394e-02
8.2975056689e-01	-7.3866532e-02
8.2984126984e-01	-7.6454778e-02
8.2993197279e-01	-7.7653742e-02
8.3002267574e-01	-7.8517303e-02
8.3011337868e-01	-7.9425704e-02
8.3020408163e-01	-8.1646332e-02
8.3029478458e-01	-8.3247131e-02
8.3038548753e-01	-8.3523271e-02
8.3047619048e-01	-8.1836347e-02
8.3056689342e-01	-8.3319118e-02
8.3065759637e-01	-8.2029545e-02
8.3074829932e-01	-8.0016821e-02
8.3083900227e-01	-7.8871825e-02
8.3092970522e-01	-7.8882885e-02
8.3102040816e-01	-7.8464813e-02
8.3111111111e-01	-7.5689127e-02
8.3120181406e-01	-7.3299306e-02
8.3129251701e-01	-7.1195088e-02
8.3138321995e-01	-6.8882684e-02
8.3147392290e-01	-6.6967097e-02
8.3156462585e-01	-6.4355054e-02
8.3165532880e-01	-6.2356495e-02
8.3174603175e-01	-6.2092549e-02
8.3183673469e-01	-5.8780377e-02
8.3192743764e-01	-5.5477945e-02
8.3201814059e-01	-6.1225509e-02
8.3210884354e-01	-6.2218857e-02
8.3219954649e-01	-4.7950567e-02
8.3229024943e-01	-4.6726175e-02
8.3238095238e-01	-4.3038126e-02
8.3247165533e-01	-4.1114702e-02
8.3256235828e-01	-3.9675371e-02
8.3265306122e-01	-3.6184228e-02
8.3274376417e-01	-3.4361949e-02
8.3283446712e-01	-3.1692066e-02
8.3292517007e-01	-3.0054540e-02
8.3301587302e-01	-2.6783844e-02
8.3310657596e-01	-2.4069175e-02
8.3319727891e-01	-2.1845455e-02
8.3328798186e-01	-1.8549812e-02
8.3337868481e-01	-1.7093238e-02
8.3346938776e-01	-1.3761993e-02
8.3356009070e-01	-1.0807767e-02
8.3365079365e-01	-8.0318751e-03
8.3374149660e-01	-5.1135922e-03
8.3383219955e-01	-1.9639021e-03
8.3392290249e-01	1.3770440e-03
8.3401360544e-01	4.2715900e-03
8.3410430839e-01	5.8526870e-03
8.3419501134e-01	8.9879933e-03
8.3428571429e-01	1.4547631e-02
8.3437641723e-01	1.6271378e-02
8.3446712018e-01	1.7615168e-02
8.3455782313e-01	2.1837060e-02
8.3464852608e-01	2.4024957e-02
8.3473922902e-01	2.6218691e-02
8.3482993197e-01	2.9513044e-02
8.3492063492e-01	3.2189657e-02
8.3501133787e-01	3.3611658e-02
8.3510204082e-01	3.6267585e-02
8.3519274376e-01	4.0068491e-02
8.3528344671e-01	4.3002780e-02
8.3537414966e-01	4.2728263e-02
8.3546485261e-01	4.4604035e-02
8.3555555556e-01	4.6782849e-02
8.3564625850e-01	4.7047823e-02
8.3573696145e-01	4.8435704e-02
8.3582766440e-01	5.0580621e-02
8.3591836735e-01	5.2757162e-02
8.3600907029e-01	5.2105018e-02
8.3609977324e-01	5.1657123e-02
8.3619047619e-01	5.1528044e-02
8.3628117914e-01	5.1772783e-02
8.3637188209e-01	5.3545583e-02
8.3646258503e-01	5.1921688e-02
8.3655328798e-01	5.1014474e-02
8.3664399093e-01	4.8843485e-02
8.3673469388e-01	4.7596069e-02
8.3682539683e-01	4.4344154e-02
8.3691609977e-01	4.1769834e-02
8.3700680272e-01	3.9103235e-02
8.3709750567e-01	3.3696704e-02
8.3718820862e-01	2.9627343e-02
8.3727891156e-01	2.6186878e-02
8.3736961451e-01	2.0937397e-02
8.3746031746e-01	1.4351812e-02
8.3755102041e-01	1.0772736e-02
8.3764172336e-01	8.3901718e-03
8.3773242630e-01	2.8556294e-03
8.3782312925e-01	-7.5910212e-04
8.3791383220e-01	-3.2112413e-03
8.3800453515e-01	-4.3525926e-03
8.3809523810e-01	-3.9591256e-03
8.3818594104e-01	-3.7142364e-03
8.3827664399e-01	-6.1625181e-03
8.3836734694e-01	-4.5020111e-03
8.3845804989e-01	-9.3681719e-04
8.3854875283e-01	-8.3712416e-05
8.3863945578e-01	2.5683869e-03
8.3873015873e-01	7.0935965e-03
8.3882086168e-01	1.2228420e-02
8.3891156463e-01	1.6759588e-02
8.3900226757e-01	2.1413630e-02
8.3909297052e-01	2.6043419e-02
8.3918367347e-01	3.0069581e-02
8.3927437642e-01	3.3702416e-02
8.3936507937e-01	3.8855755e-02
8.3945578231e-01	4.2795117e-02
8.3954648526e-01	4.5728321e-02
8.3963718821e-01	4.9102367e-02
8.3972789116e-01	5.2475014e-02
8.3981859410e-01	5.5819349e-02
8.3990929705e-01	5.7304397e-02
8.4000000000e-01	5.7240352e-02
8.4009070295e-01	6.1700962e-02
8.4018140590e-01	6.3778300e-02
8.4027210884e-01	6.3503810e-02
8.4036281179e-01	6.6250291e-02
8.4045351474e-01	6.7245986e-02
8.4054421769e-01	6.7694263e-02
8.4063492063e-01	6.9261467e-02
8.4072562358e-01	7.0744461e-02
8.4081632653e-01	7.1450218e-02
8.4090702948e-01	6.9556347e-02
8.4099773243e-01	6.6840974e-02
8.4108843537e-01	6.5903444e-02
8.4117913832e-01	6.5828425e-02
8.4126984127e-01	6.3416125e-02
8.4136054422e-01	6.0047756e-02
8.4145124717e-01	5.6726403e-02
8.4154195011e-01	5.5306780e-02
8.4163265306e-01	5.4316356e-02
8.4172335601e-01	4.9835278e-02
8.4181405896e-01	4.6129675e-02
8.4190476190e-01	4.3984631e-02
8.4199546485e-01	4.0890307e-02
8.4208616780e-01	3.7451308e-02
8.4217687075e-01	3.3803137e-02
8.4226757370e-01	3.3136968e-02
8.4235827664e-01	2.9100427e-02
8.4244897959e-01	2.4770724e-02
8.4253968254e-01	2.2995127e-02
8.4263038549e-01	2.0096203e-02
8.4272108844e-01	1.6132798e-02
8.4281179138e-01	1.3083093e-02
8.4290249433e-01	1.2863171e-02
8.4299319728e-01	1.0791776e-02
8.4308390023e-01	8.3321529e-03
8.4317460317e-01	6.0544643e-03
8.4326530612e-01	4.3606292e-03
8.4335600907e-01	3.4693757e-03
8.4344671202e-01	1.2537967e-03
8.4353741497e-01	-2.2079650e-05
8.4362811791e-01	-1.9059155e-03
8.4371882086e-01	-3.7972498e-03
8.4380952381e-01	-4.4256699e-03
8.4390022676e-01	-4.8345956e-03
8.4399092971e-01	-6.9140479e-03
8.4408163265e-01	-7.0090907e-03
8.4417233560e-01	-8.5227067e-03
8.4426303855e-01	-8.9877517e-03
8.4435374150e-01	-9.7267051e-03
8.4444444444e-01	-7.4255215e-03
8.4453514739e-01	-1.9029099e-02
8.4462585034e-01	-1.7734319e-02
8.4471655329e-01	-6.3595433e-03
8.4480725624e-01	-8.6608867e-03
8.4489795918e-01	-8.5167293e-03
8.4498866213e-01	-8.6099612e-03
8.4507936508e-01	-7.5853541e-03
8.4517006803e-01	-7.7642791e-03
8.4526077098e-01	-8.9267559e-03
8.4535147392e-01	-8.5677879e-03
8.4544217687e-01	-9.3367630e-03
8.4553287982e-01	-9.5294206e-03
8.4562358277e-01	-9.0075766e-03
8.4571428571e-01	-9.5699737e-03
8.4580498866e-01	-1.2307872e-02
8.4589569161e-01	-1.3878973e-02
8.4598639456e-01	-1.4366056e-02
8.4607709751e-01	-1.5869800e-02
8.4616780045e-01	-1.7130816e-02
8.4625850340e-01	-2.0787311e-02
8.4634920635e-01	-2.2442653e-02
8.4643990930e-01	-2.4581544e-02
8.4653061224e-01	-2.8328763e-02
8.4662131519e-01	-2.8819568e-02
8.4671201814e-01	-3.1643996e-02
8.4680272109e-01	-3.4816919e-02
8.4689342404e-01	-3.8622524e-02
8.4698412698e-01	-4.2501024e-02
8.4707482993e-01	-4.3968933e-02
8.4716553288e-01	-4.6560107e-02
8.4725623583e-01	-5.0163564e-02
8.4734693878e-01	-5.4367962e-02
8.4743764172e-01	-5.8549869e-02
8.4752834467e-01	-6.2186500e-02
8.4761904762e-01	-6.6104698e-02
8.4770975057e-01	-6.6896508e-02
8.4780045351e-01	-7.0586168e-02
8.4789115646e-01	-7.2892976e-02
8.4798185941e-01	-7.4060685e-02
8.4807256236e-01	-7.5794222e-02
8.4816326531e-01	-7.9784909e-02
8.4825396825e-01	-8.1144587e-02
8.4834467120e-01	-8.2139652e-02
8.4843537415e-01	-8.3070737e-02
8.4852607710e-01	-8.2904005e-02
8.4861678005e-01	-8.3890948e-02
8.4870748299e-01	-8.3313087e-02
8.4879818594e-01	-8.3554581e-02
8.4888888889e-01	-8.1939405e-02
8.4897959184e-01	-8.1030980e-02
8.4907029478e-01	-7.9338144e-02
8.4916099773e-01	-7.8174814e-02
8.4925170068e-01	-7.6899536e-02
8.4934240363e-01	-7.3955224e-02
8.4943310658e-01	-7.1922176e-02
8.4952380952e-01	-7.2264936e-02
8.4961451247e-01	-6.9455235e-02
8.4970521542e-01	-6.6244229e-02
8.4979591837e-01	-6.3353860e-02
8.4988662132e-01	-6.1404744e-02
8.4997732426e-01	-5.8784546e-02
8.5006802721e-01	-5.6725389e-02
8.5015873016e-01	-5.5242425e-02
8.5024943311e-01	-5.1474199e-02
8.5034013605e-01	-4.9521893e-02
8.5043083900e-01	-4.8295999e-02
8.5052154195e-01	-4.4612617e-02
8.5061224490e-01	-4.1770421e-02
8.5070294785e-01	-3.9118263e-02
8.5079365079e-01	-3.6969609e-02
8.5088435374e-01	-3.4432506e-02
8.5097505669e-01	-3.1479252e-02
8.5106575964e-01	-2.9021442e-02
8.5115646259e-01	-2.5899940e-02
8.5124716553e-01	-2.3804845e-02
8.5133786848e-01	-2.0211801e-02
8.5142857143e-01	-1.8660945e-02
8.5151927438e-01	-1.7063362e-02
8.5160997732e-01	-1.5987300e-02
8.5170068027e-01	-1.1906150e-02
8.5179138322e-01	-8.8226000e-03
8.5188208617e-01	-3.7218107e-03
8.5197278912e-01	-2.0977347e-03
8.5206349206e-01	-6.2349196e-04
8.5215419501e-01	1.6945821e-03
8.5224489796e-01	5.5527907e-03
8.5233560091e-01	1.0135508e-02
8.5242630385e-01	1.3378885e-02
8.5251700680e-01	1.4933819e-02
8.5260770975e-01	1.7842511e-02
8.5269841270e-01	2.0927045e-02
8.5278911565e-01	2.3978853e-02
8.5287981859e-01	2.6978554e-02
8.5297052154e-01	2.9728398e-02
8.5306122449e-01	3.2438747e-02
8.5315192744e-01	3.4937505e-02
8.5324263039e-01	3.6185892e-02
8.5333333333e-01	3.9930266e-02
8.5342403628e-01	4.1178455e-02
8.5351473923e-01	4.4206153e-02
8.5360544218e-01	4.5529257e-02
8.5369614512e-01	4.6530744e-02
8.5378684807e-01	4.6634251e-02
8.5387755102e-01	4.7161551e-02
8.5396825397e-01	4.8653382e-02
8.5405895692e-01	5.0096721e-02
8.5414965986e-01	4.9508862e-02
8.5424036281e-01	4.9424726e-02
8.5433106576e-01	5.0731072e-02
8.5442176871e-01	5.0698212e-02
8.5451247166e-01	5.0189826e-02
8.5460317460e-01	4.9711809e-02
8.5469387755e-01	4.7847634e-02
8.5478458050e-01	4.6814965e-02
8.5487528345e-01	4.3930855e-02
8.5496598639e-01	4.2026101e-02
8.5505668934e-01	4.0104977e-02
8.5514739229e-01	3.6962174e-02
8.5523809524e-01	3.3581691e-02
8.5532879819e-01	2.8653807e-02
8.5541950113e-01	2.4926643e-02
8.5551020408e-01	1.9759152e-02
8.5560090703e-01	1.3959425e-02
8.5569160998e-01	9.6152494e-03
8.5578231293e-01	5.5214283e-03
8.5587301587e-01	1.5062633e-03
8.5596371882e-01	-2.7055654e-03
8.5605442177e-01	-4.3441285e-03
8.5614512472e-01	-4.9965803e-03
8.5623582766e-01	-5.8043881e-03
8.5632653061e-01	-7.4675281e-03
8.5641723356e-01	-7.4831844e-03
8.5650793651e-01	-5.4040903e-03
8.5659863946e-01	-3.3944504e-03
8.5668934240e-01	2.7981132e-04
8.5678004535e-01	4.6379939e-03
8.5687074830e-01	6.8839101e-03
8.5696145125e-01	1.1932997e-02
8.5705215420e-01	4.5939150e-03
8.5714285714e-01	1.4423341e-02
8.5723356009e-01	2.6480745e-02
8.5732426304e-01	2.8457055e-02
8.5741496599e-01	3.3796957e-02
8.5750566893e-01	3.6208890e-02
8.5759637188e-01	4.0000634e-02
8.5768707483e-01	4.4727845e-02
8.5777777778e-01	4.9000461e-02
8.5786848073e-01	5.1091747e-02
8.5795918367e-01	5.3870205e-02
8.5804988662e-01	5.6808695e-02
8.5814058957e-01	5.9042032e-02
8.5823129252e-01	6.0528421e-02
8.5832199546e-01	6.2726840e-02
8.5841269841e-01	6.5033285e-02
8.5850340136e-01	6.6923814e-02
8.5859410431e-01	6.7646553e-02
8.5868480726e-01	6.8672635e-02
8.5877551020e-01	6.9704107e-02
8.5886621315e-01	7.0102227e-02
8.5895691610e-01	6.9585613e-02
8.5904761905e-01	6.9908008e-02
8.5913832200e-01	6.8870308e-02
8.5922902494e-01	6.7786717e-02
8.5931972789e-01	6.5125472e-02
8.5941043084e-01	6.3846569e-02
8.5950113379e-01	6.1478627e-02
8.5959183673e-01	5.8286450e-02
8.5968253968e-01	5.7922453e-02
8.5977324263e-01	5.5048541e-02
8.5986394558e-01	5.1137152e-02
8.5995464853e-01	4.9745633e-02
8.6004535147e-01	4.7177870e-02
8.6013605442e-01	4.3766885e-02
8.6022675737e-01	3.9255624e-02
8.6031746032e-01	3.5974872e-02
8.6040816327e-01	3.3201926e-02
8.6049886621e-01	3.2181982e-02
8.6058956916e-01	2.9214112e-02
8.6068027211e-01	2.5426112e-02
8.6077097506e-01	2.3030525e-02
8.6086167800e-01	2.1273691e-02
8.6095238095e-01	1.7343465e-02
8.6104308390e-01	1.5222978e-02
8.6113378685e-01	1.3357338e-02
8.6122448980e-01	1.0759081e-02
8.6131519274e-01	7.5748157e-03
8.6140589569e-01	6.6447718e-03
8.6149659864e-01	4.3853354e-03
8.6158730159e-01	1.4849265e-03
8.6167800454e-01	-6.3076646e-05
8.6176870748e-01	-1.3320070e-03
8.6185941043e-01	-2.2146702e-03
8.6195011338e-01	-3.8455072e-03
8.6204081633e-01	-4.9708458e-03
8.6213151927e-01	-5.1742791e-03
8.6222222222e-01	-7.7371071e-03
8.6231292517e-01	-7.4274046e-03
8.6240362812e-01	-7.6556060e-03
8.6249433107e-01	-7.2212927e-03
8.6258503401e-01	-6.4782930e-03
8.6267573696e-01	-8.0167140e-03
8.6276643991e-01	-8.3686150e-03
8.6285714286e-01	-7.8180374e-03
8.6294784580e-01	-6.2373617e-03
8.6303854875e-01	-6.1695349e-03
8.6312925170e-01	-6.1805356e-03
8.6321995465e-01	-4.7773264e-03
8.6331065760e-01	-4.1252787e-03
8.6340136054e-01	-5.6987684e-03
8.6349206349e-01	-7.2647354e-03
8.6358276644e-01	-8.6464007e-03
8.6367346939e-01	-9.6455570e-03
8.6376417234e-01	-8.3579390e-03
8.6385487528e-01	-7.5606998e-03
8.6394557823e-01	-9.1510059e-03
8.6403628118e-01	-1.0945815e-02
8.6412698413e-01	-1.1196803e-02
8.6421768707e-01	-1.3919977e-02
8.6430839002e-01	-1.5418949e-02
8.6439909297e-01	-1.8726354e-02
8.6448979592e-01	-1.9751750e-02
8.6458049887e-01	-2.3174773e-02
8.6467120181e-01	-2.5772629e-02
8.6476190476e-01	-2.7917791e-02
8.6485260771e-01	-3.1549224e-02
8.6494331066e-01	-3.4545026e-02
8.6503401361e-01	-3.7143452e-02
8.6512471655e-01	-4.0270375e-02
8.6521541950e-01	-4.2171084e-02
8.6530612245e-01	-4.5023725e-02
8.6539682540e-01	-4.9388352e-02
8.6548752834e-01	-5.3404918e-02
8.6557823129e-01	-5.6154990e-02
8.6566893424e-01	-5.8403537e-02
8.6575963719e-01	-6.1615602e-02
8.6585034014e-01	-6.4850464e-02
8.6594104308e-01	-6.8191918e-02
8.6603174603e-01	-7.0746408e-02
8.6612244898e-01	-7.2597434e-02
8.6621315193e-01	-7.4593358e-02
8.6630385488e-01	-7.5482443e-02
8.6639455782e-01	-7.7669052e-02
8.6648526077e-01	-7.9615249e-02
8.6657596372e-01	-8.0704548e-02
8.6666666667e-01	-8.1883565e-02
8.6675736961e-01	-8.2324208e-02
8.6684807256e-01	-8.1014368e-02
8.6693877551e-01	-8.0796019e-02
8.6702947846e-01	-8.0452243e-02
8.6712018141e-01	-7.9594097e-02
8.6721088435e-01	-7.7874989e-02
8.6730158730e-01	-7.6449492e-02
8.6739229025e-01	-7.5360984e-02
8.6748299320e-01	-7.3709003e-02
8.6757369615e-01	-7.2269160e-02
8.6766439909e-01	-7.1146637e-02
8.6775510204e-01	-6.9161156e-02
8.6784580499e-01	-6.6182257e-02
8.6793650794e-01	-6.4294782e-02
8.6802721088e-01	-6.2092394e-02
8.6811791383e-01	-6.0683672e-02
8.6820861678e-01	-5.8664050e-02
8.6829931973e-01	-5.6189680e-02
8.6839002268e-01	-5.4256766e-02
8.6848072562e-01	-5.1799250e-02
8.6857142857e-01	-4.8655102e-02
8.6866213152e-01	-4.6778808e-02
8.6875283447e-01	-4.4116211e-02
8.6884353741e-01	-4.1411489e-02
8.6893424036e-01	-3.8697203e-02
8.6902494331e-01	-3.6919338e-02
8.6911564626e-01	-3.4524508e-02
8.6920634921e-01	-3.1639661e-02
8.6929705215e-01	-2.8561319e-02
8.6938775510e-01	-2.5306987e-02
8.6947845805e-01	-2.3017027e-02
8.6956916100e-01	-3.3968273e-02
8.6965986395e-01	-2.1130567e-02
8.6975056689e-01	-1.4377668e-02
8.6984126984e-01	-1.1383405e-02
8.6993197279e-01	-9.4903462e-03
8.7002267574e-01	-8.2014235e-03
8.7011337868e-01	-5.3941571e-03
8.7020408163e-01	-6.9961863e-04
8.7029478458e-01	3.6099705e-03
8.7038548753e-01	5.0041966e-03
8.7047619048e-01	8.2814646e-03
8.7056689342e-01	1.1510574e-02
8.7065759637e-01	1.4726831e-02
8.7074829932e-01	1.7652772e-02
8.7083900227e-01	1.9650910e-02
8.7092970522e-01	2.4055070e-02
8.7102040816e-01	2.6782230e-02
8.7111111111e-01	2.7614526e-02
8.7120181406e-01	3.0755641e-02
8.7129251701e-01	3.4416608e-02
8.7138321995e-01	3.6457807e-02
8.7147392290e-01	3.7032764e-02
8.7156462585e-01	3.8441352e-02
8.7165532880e-01	4.0714491e-02
8.7174603175e-01	4.2186510e-02
8.7183673469e-01	4.3794150e-02
8.7192743764e-01	4.3586883e-02
8.7201814059e-01	4.6016694e-02
8.7210884354e-01	4.6300818e-02
8.7219954649e-01	4.7374850e-02
8.7229024943e-01	4.8785286e-02
8.7238095238e-01	4.8772713e-02
8.7247165533e-01	4.7905639e-02
8.7256235828e-01	4.6628070e-02
8.7265306122e-01	4.7066923e-02
8.7274376417e-01	4.8028047e-02
8.7283446712e-01	4.6154968e-02
8.7292517007e-01	4.3583670e-02
8.7301587302e-01	4.0509024e-02
8.7310657596e-01	3.7506163e-02
8.7319727891e-01	3.5502834e-02
8.7328798186e-01	3.2363909e-02
8.7337868481e-01	2.9308076e-02
8.7346938776e-01	2.4207629e-02
8.7356009070e-01	2.0348185e-02
8.7365079365e-01	1.3713050e-02
8.7374149660e-01	1.1245770e-02
8.7383219955e-01	5.0126432e-03
8.7392290249e-01	5.1323629e-04
8.7401360544e-01	-1.0375370e-03
8.7410430839e-01	-6.0641861e-03
8.7419501134e-01	-8.3721014e-03
8.7428571429e-01	-8.1391644e-03
8.7437641723e-01	-1.0768272e-02
8.7446712018e-01	-1.1333415e-02
8.7455782313e-01	-9.4484388e-03
8.7464852608e-01	-9.7417255e-03
8.7473922902e-01	-6.6620866e-03
8.7482993197e-01	-3.8587842e-03
8.7492063492e-01	-9.4829067e-04
8.7501133787e-01	2.1386556e-03
8.7510204082e-01	7.2996660e-03
8.7519274376e-01	1.1134049e-02
8.7528344671e-01	1.6092685e-02
8.7537414966e-01	1.9452437e-02
8.7546485261e-01	2.5236768e-02
8.7555555556e-01	3.0348590e-02
8.7564625850e-01	3.3109021e-02
8.7573696145e-01	3.7367706e-02
8.7582766440e-01	4.1543309e-02
8.7591836735e-01	4.6314220e-02
8.7600907029e-01	4.8347589e-02
8.7609977324e-01	5.1056676e-02
8.7619047619e-01	5.3640093e-02
8.7628117914e-01	5.6472456e-02
8.7637188209e-01	5.8675358e-02
8.7646258503e-01	6.0211951e-02
8.7655328798e-01	6.2968150e-02
8.7664399093e-01	6.5496824e-02
8.7673469388e-01	6.6979985e-02
8.7682539683e-01	6.7324405e-02
8.7691609977e-01	6.8542347e-02
8.7700680272e-01	6.8007684e-02
8.7709750567e-01	6.8757926e-02
8.7718820862e-01	6.8582779e-02
8.7727891156e-01	6.8128087e-02
8.7736961451e-01	6.4811067e-02
8.7746031746e-01	6.3715314e-02
8.7755102041e-01	6.2599967e-02
8.7764172336e-01	6.0150220e-02
8.7773242630e-01	5.9007448e-02
8.7782312925e-01	5.7842772e-02
8.7791383220e-01	5.5495185e-02
8.7800453515e-01	5.1267878e-02
8.7809523810e-01	5.0430276e-02
8.7818594104e-01	4.7169440e-02
8.7827664399e-01	4.4790923e-02
8.7836734694e-01	4.3089473e-02
8.7845804989e-01	3.9705521e-02
8.7854875283e-01	3.6428460e-02
8.7863945578e-01	3.4141062e-02
8.7873015873e-01	2.9962564e-02
8.7882086168e-01	2.7491650e-02
8.7891156463e-01	2.4409475e-02
8.7900226757e-01	2.2220593e-02
8.7909297052e-01	2.0998937e-02
8.7918367347e-01	1.8728860e-02
8.7927437642e-01	1.4785055e-02
8.7936507937e-01	1.4192359e-02
8.7945578231e-01	1.1004209e-02
8.7954648526e-01	8.0780024e-03
8.7963718821e-01	8.1534100e-03
8.7972789116e-01	7.4013971e-03
8.7981859410e-01	5.0768782e-03
8.7990929705e-01	3.0822400e-03
8.8000000000e-01	2.8156480e-03
8.8009070295e-01	1.4822677e-03
8.8018140590e-01	6.3311700e-05
8.8027210884e-01	-9.0524893e-04
8.8036281179e-01	-7.1573263e-04
8.8045351474e-01	-5.9660965e-04
8.8054421769e-01	-1.2997728e-03
8.8063492063e-01	-2.1751868e-03
8.8072562358e-01	-3.7413342e-03
8.8081632653e-01	-2.9131629e-03
8.8090702948e-01	-2.3159740e-03
8.8099773243e-01	-1.9851098e-03
8.8108843537e-01	-3.2836701e-03
8.8117913832e-01	-5.5918485e-04
8.8126984127e-01	-1.1055872e-03
8.8136054422e-01	-1.4558340e-03
8.8145124717e-01	-1.1347239e-03
8.8154195011e-01	-2.1392946e-03
8.8163265306e-01	-2.7275159e-03
8.8172335601e-01	-3.4285955e-03
8.8181405896e-01	-3.7309526e-03
8.8190476190e-01	-4.7633978e-03
8.8199546485e-01	-8.6282229e-03
8.8208616780e-01	-2.4445586e-02
8.8217687075e-01	-9.5140156e-03
8.8226757370e-01	-9.4731336e-03
8.8235827664e-01	-9.8393580e-03
8.8244897959e-01	-1.0426056e-02
8.8253968254e-01	-1.2241714e-02
8.8263038549e-01	-1.4268850e-02
8.8272108844e-01	-1.7399859e-02
8.8281179138e-01	-2.0299197e-02
8.8290249433e-01	-2.2463324e-02
8.8299319728e-01	-2.5135611e-02
8.8308390023e-01	-2.9390194e-02
8.8317460317e-01	-3.1798791e-02
8.8326530612e-01	-3.5086193e-02
8.8335600907e-01	-3.8998129e-02
8.8344671202e-01	-4.1943017e-02
8.8353741497e-01	-4.5735340e-02
8.8362811791e-01	-4.9710696e-02
8.8371882086e-01	-5.3088938e-02
8.8380952381e-01	-5.6091813e-02
8.8390022676e-01	-5.7737314e-02
8.8399092971e-01	-6.0211457e-02
8.8408163265e-01	-6.4212283e-02
8.8417233560e-01	-6.7885226e-02
8.8426303855e-01	-7.0744028e-02
8.8435374150e-01	-7.2246583e-02
8.8444444444e-01	-7.5130045e-02
8.8453514739e-01	-7.7108602e-02
8.8462585034e-01	-7.9902416e-02
8.8471655329e-01	-7.9341911e-02
8.8480725624e-01	-7.9971369e-02
8.8489795918e-01	-8.1683865e-02
8.8498866213e-01	-8.1413194e-02
8.8507936508e-01	-8.1929153e-02
8.8517006803e-01	-8.1265115e-02
8.8526077098e-01	-8.1782515e-02
8.8535147392e-01	-8.0986439e-02
8.8544217687e-01	-7.8903523e-02
8.8553287982e-01	-7.8254615e-02
8.8562358277e-01	-7.7728904e-02
8.8571428571e-01	-7.5071842e-02
8.8580498866e-01	-7.3218826e-02
8.8589569161e-01	-7.2796369e-02
8.8598639456e-01	-7.1170443e-02
8.8607709751e-01	-6.9096741e-02
8.8616780045e-01	-6.7186740e-02
8.8625850340e-01	-6.5462640e-02
8.8634920635e-01	-6.1462778e-02
8.8643990930e-01	-5.9658068e-02
8.8653061224e-01	-5.6535425e-02
8.8662131519e-01	-5.4553173e-02
8.8671201814e-01	-5.2536895e-02
8.8680272109e-01	-4.9474733e-02
8.8689342404e-01	-4.7170270e-02
8.8698412698e-01	-4.3870776e-02
8.8707482993e-01	-4.1648221e-02
8.8716553288e-01	-3.8512308e-02
8.8725623583e-01	-3.6491297e-02
8.8734693878e-01	-3.3503406e-02
8.8743764172e-01	-2.9862904e-02
8.8752834467e-01	-2.8851066e-02
8.8761904762e-01	-2.4938903e-02
8.8770975057e-01	-2.2454038e-02
8.8780045351e-01	-2.1116273e-02
8.8789115646e-01	-1.7835283e-02
8.8798185941e-01	-1.5601746e-02
8.8807256236e-01	-1.1234166e-02
8.8816326531e-01	-9.9122841e-03
8.8825396825e-01	-7.7696069e-03
8.8834467120e-01	-3.7026638e-03
8.8843537415e-01	-2.9573289e-04
8.8852607710e-01	3.7267930e-03
8.8861678005e-01	7.0484081e-03
8.8870748299e-01	9.6065735e-03
8.8879818594e-01	1.3612376e-02
8.8888888889e-01	1.5110654e-02
8.8897959184e-01	1.9297883e-02
8.8907029478e-01	2.3093799e-02
8.8916099773e-01	2.4410893e-02
8.8925170068e-01	2.8227628e-02
8.8934240363e-01	3.1482067e-02
8.8943310658e-01	3.2801096e-02
8.8952380952e-01	3.6093554e-02
8.8961451247e-01	3.8747044e-02
8.8970521542e-01	4.0756472e-02
8.8979591837e-01	4.0484244e-02
8.8988662132e-01	4.1824162e-02
8.8997732426e-01	4.4121229e-02
8.9006802721e-01	4.6130804e-02
8.9015873016e-01	4.7983689e-02
8.9024943311e-01	4.7943387e-02
8.9034013605e-01	5.0042595e-02
8.9043083900e-01	4.9504565e-02
8.9052154195e-01	5.0239838e-02
8.9061224490e-01	5.0953329e-02
8.9070294785e-01	5.1915245e-02
8.9079365079e-01	5.0030499e-02
8.9088435374e-01	5.0041196e-02
8.9097505669e-01	5.0156629e-02
8.9106575964e-01	4.7423056e-02
8.9115646259e-01	4.5855521e-02
8.9124716553e-01	4.3201253e-02
8.9133786848e-01	3.7612845e-02
8.9142857143e-01	3.5913836e-02
8.9151927438e-01	3.1935303e-02
8.9160997732e-01	2.7121115e-02
8.9170068027e-01	2.2829250e-02
8.9179138322e-01	1.7211046e-02
8.9188208617e-01	1.2087242e-02
8.9197278912e-01	8.4794214e-03
8.9206349206e-01	4.2073462e-03
8.9215419501e-01	-1.9003960e-04
8.9224489796e-01	-3.7381201e-03
8.9233560091e-01	-4.9497562e-03
8.9242630385e-01	-6.7477022e-03
8.9251700680e-01	-1.0475253e-02
8.9260770975e-01	-8.9230607e-03
8.9269841270e-01	-7.0805632e-03
8.9278911565e-01	-7.1071728e-03
8.9287981859e-01	-5.5026643e-03
8.9297052154e-01	-3.6168793e-03
8.9306122449e-01	9.9377597e-04
8.9315192744e-01	3.6393400e-03
8.9324263039e-01	7.0434218e-03
8.9333333333e-01	1.1169748e-02
8.9342403628e-01	1.5683090e-02
8.9351473923e-01	2.1144746e-02
8.9360544218e-01	2.4220794e-02
8.9369614512e-01	2.8463723e-02
8.9378684807e-01	3.2691233e-02
8.9387755102e-01	3.5044223e-02
8.9396825397e-01	3.7735174e-02
8.9405895692e-01	4.4384402e-02
8.9414965986e-01	4.6757361e-02
8.9424036281e-01	4.9633720e-02
8.9433106576e-01	5.2227048e-02
8.9442176871e-01	5.6171767e-02
8.9451247166e-01	5.3242789e-02
8.9460317460e-01	4.7801858e-02
8.9469387755e-01	5.9842650e-02
8.9478458050e-01	6.0889481e-02
8.9487528345e-01	6.4152367e-02
8.9496598639e-01	6.4375921e-02
8.9505668934e-01	6.5655713e-02
8.9514739229e-01	6.5801948e-02
8.9523809524e-01	6.5111084e-02
8.9532879819e-01	6.5680715e-02
8.9541950113e-01	6.4613405e-02
8.9551020408e-01	6.4435301e-02
8.9560090703e-01	6.2930442e-02
8.9569160998e-01	6.0140818e-02
8.9578231293e-01	5.7400562e-02
8.9587301587e-01	5.6740744e-02
8.9596371882e-01	5.5724916e-02
8.9605442177e-01	5.3918471e-02
8.9614512472e-01	4.9443537e-02
8.9623582766e-01	4.6890703e-02
8.9632653061e-01	4.3947418e-02
8.9641723356e-01	4.1371051e-02
8.9650793651e-01	3.9968464e-02
8.9659863946e-01	3.5118736e-02
8.9668934240e-01	3.3342080e-02
8.9678004535e-01	3.0867413e-02
8.9687074830e-01	2.7430313e-02
8.9696145125e-01	2.6603505e-02
8.9705215420e-01	2.2522384e-02
8.9714285714e-01	2.0587702e-02
8.9723356009e-01	1.7892372e-02
8.9732426304e-01	1.3916072e-02
8.9741496599e-01	1.1764241e-02
8.9750566893e-01	1.0743879e-02
8.9759637188e-01	8.7444170e-03
8.9768707483e-01	6.0447864e-03
8.9777777778e-01	5.0791420e-03
8.9786848073e-01	2.9344043e-03
8.9795918367e-01	2.0895176e-03
8.9804988662e-01	5.8682052e-04
8.9814058957e-01	-2.2286562e-06
8.9823129252e-01	-6.7557825e-04
8.9832199546e-01	-1.9353207e-03
8.9841269841e-01	-3.0538592e-03
8.9850340136e-01	-3.2634349e-03
8.9859410431e-01	-5.8703594e-03
8.9868480726e-01	-4.1480062e-03
8.9877551020e-01	-4.5770480e-03
8.9886621315e-01	-6.2158416e-03
8.9895691610e-01	-4.4771411e-03
8.9904761905e-01	-3.9910117e-03
8.9913832200e-01	-3.2451197e-03
8.9922902494e-01	-3.3053604e-03
8.9931972789e-01	-2.6552605e-03
8.9941043084e-01	-2.0141209e-03
8.9950113379e-01	-1.9629430e-03
8.9959183673e-01	-2.2029702e-03
8.9968253968e-01	-3.7564592e-04
8.9977324263e-01	-9.5797302e-04
8.9986394558e-01	4.3066447e-05
8.9995464853e-01	-6.7192590e-04
9.0004535147e-01	-1.7209639e-03
9.0013605442e-01	-1.9768019e-03
9.0022675737e-01	-3.0687762e-03
9.0031746032e-01	-4.3862285e-03
9.0040816327e-01	-5.5335366e-03
9.0049886621e-01	-5.9543366e-03
9.0058956916e-01	-7.8962404e-03
9.0068027211e-01	-9.1823002e-03
9.0077097506e-01	-1.0638360e-02
9.0086167800e-01	-1.2780695e-02
9.0095238095e-01	-1.6193413e-02
9.0104308390e-01	-1.8212911e-02
9.0113378685e-01	-2.1065602e-02
9.0122448980e-01	-2.2840204e-02
9.0131519274e-01	-2.5813645e-02
9.0140589569e-01	-3.0878416e-02
9.0149659864e-01	-3.2705100e-02
9.0158730159e-01	-3.6960223e-02
9.0167800454e-01	-4.1468394e-02
9.0176870748e-01	-4.3836552e-02
9.0185941043e-01	-4.4677607e-02
9.0195011338e-01	-4.9653687e-02
9.0204081633e-01	-5.2746732e-02
9.0213151927e-01	-5.6410367e-02
9.0222222222e-01	-6.0360003e-02
9.0231292517e-01	-6.1515954e-02
9.0240362812e-01	-6.5009066e-02
9.0249433107e-01	-6.7529393e-02
9.0258503401e-01	-7.0889389e-02
9.0267573696e-01	-7.3236048e-02
9.0276643991e-01	-7.5368709e-02
9.0285714286e-01	-7.7375543e-02
9.0294784580e-01	-7.7903577e-02
9.0303854875e-01	-7.7644904e-02
9.0312925170e-01	-7.8018131e-02
9.0321995465e-01	-7.8711370e-02
9.0331065760e-01	-7.8729770e-02
9.0340136054e-01	-7.9668724e-02
9.0349206349e-01	-7.8768965e-02
9.0358276644e-01	-7.7520398e-02
9.0367346939e-01	-7.7694398e-02
9.0376417234e-01	-7.5176230e-02
9.0385487528e-01	-7.2991346e-02
9.0394557823e-01	-7.0190371e-02
9.0403628118e-01	-6.9145528e-02
9.0412698413e-01	-6.7442385e-02
9.0421768707e-01	-6.7369670e-02
9.0430839002e-01	-6.4281242e-02
9.0439909297e-01	-6.2088226e-02
9.0448979592e-01	-6.0644927e-02
9.0458049887e-01	-5.7031174e-02
9.0467120181e-01	-5.4425009e-02
9.0476190476e-01	-5.3613039e-02
9.0485260771e-01	-5.0979695e-02
9.0494331066e-01	-5.0037567e-02
9.0503401361e-01	-4.7545167e-02
9.0512471655e-01	-4.3003041e-02
9.0521541950e-01	-3.9729810e-02
9.0530612245e-01	-3.8661905e-02
9.0539682540e-01	-3.6978394e-02
9.0548752834e-01	-3.5107058e-02
9.0557823129e-01	-3.2234926e-02
9.0566893424e-01	-2.9026943e-02
9.0575963719e-01	-2.8287875e-02
9.0585034014e-01	-2.6517435e-02
9.0594104308e-01	-2.4935498e-02
9.0603174603e-01	-2.0483198e-02
9.0612244898e-01	-1.8241323e-02
9.0621315193e-01	-1.5662075e-02
9.0630385488e-01	-1.1184703e-02
9.0639455782e-01	-9.6897736e-03
9.0648526077e-01	-7.1267428e-03
9.0657596372e-01	-4.2692645e-03
9.0666666667e-01	5.7119566e-04
9.0675736961e-01	3.8623597e-03
9.0684807256e-01	4.5800768e-03
9.0693877551e-01	9.5987148e-03
9.0702947846e-01	3.9190539e-03
9.0712018141e-01	1.9113646e-03
9.0721088435e-01	2.1500042e-02
9.0730158730e-01	2.1653531e-02
9.0739229025e-01	2.4627272e-02
9.0748299320e-01	2.7115826e-02
9.0757369615e-01	2.9060327e-02
9.0766439909e-01	3.1517799e-02
9.0775510204e-01	3.3667112e-02
9.0784580499e-01	3.6577906e-02
9.0793650794e-01	3.6869336e-02
9.0802721088e-01	4.0950086e-02
9.0811791383e-01	4.1287769e-02
9.0820861678e-01	4.2305662e-02
9.0829931973e-01	4.4455660e-02
9.0839002268e-01	4.5059654e-02
9.0848072562e-01	4.7499681e-02
9.0857142857e-01	4.8399251e-02
9.0866213152e-01	4.7214482e-02
9.0875283447e-01	4.7953593e-02
9.0884353741e-01	4.8125126e-02
9.0893424036e-01	4.6288167e-02
9.0902494331e-01	4.7511914e-02
9.0911564626e-01	4.7554053e-02
9.0920634921e-01	4.3979854e-02
9.0929705215e-01	4.2075711e-02
9.0938775510e-01	3.9447296e-02
9.0947845805e-01	3.6938249e-02
9.0956916100e-01	3.3652305e-02
9.0965986395e-01	2.8116045e-02
9.0975056689e-01	2.4744628e-02
9.0984126984e-01	2.2146860e-02
9.0993197279e-01	1.7056629e-02
9.1002267574e-01	1.1834381e-02
9.1011337868e-01	7.5316670e-03
9.1020408163e-01	2.4580936e-03
9.1029478458e-01	-1.4935776e-03
9.1038548753e-01	-4.1108680e-03
9.1047619048e-01	-6.5676376e-03
9.1056689342e-01	-7.6191493e-03
9.1065759637e-01	-9.5063590e-03
9.1074829932e-01	-9.5589582e-03
9.1083900227e-01	-9.1659560e-03
9.1092970522e-01	-8.6957105e-03
9.1102040816e-01	-5.9086003e-03
9.1111111111e-01	-2.6572822e-03
9.1120181406e-01	4.3261592e-04
9.1129251701e-01	3.0538227e-03
9.1138321995e-01	7.4410794e-03
9.1147392290e-01	1.0737575e-02
9.1156462585e-01	1.6287083e-02
9.1165532880e-01	2.0999624e-02
9.1174603175e-01	2.5300385e-02
9.1183673469e-01	2.8742665e-02
9.1192743764e-01	3.3297835e-02
9.1201814059e-01	3.7444950e-02
9.1210884354e-01	4.0829125e-02
9.1219954649e-01	4.4553283e-02
9.1229024943e-01	4.7809116e-02
9.1238095238e-01	4.9995487e-02
9.1247165533e-01	5.3898454e-02
9.1256235828e-01	5.6863531e-02
9.1265306122e-01	5.9535985e-02
9.1274376417e-01	5.9759695e-02
9.1283446712e-01	6.1994211e-02
9.1292517007e-01	6.3877419e-02
9.1301587302e-01	6.5801116e-02
9.1310657596e-01	6.7800582e-02
9.1319727891e-01	6.6606984e-02
9.1328798186e-01	6.8730164e-02
9.1337868481e-01	6.8508493e-02
9.1346938776e-01	6.8756098e-02
9.1356009070e-01	6.8123607e-02
9.1365079365e-01	6.6184115e-02
9.1374149660e-01	6.5825686e-02
9.1383219955e-01	6.3740280e-02
9.1392290249e-01	6.1526780e-02
9.1401360544e-01	5.9648599e-02
9.1410430839e-01	5.8769488e-02
9.1419501134e-01	5.6648379e-02
9.1428571429e-01	5.2232841e-02
9.1437641723e-01	5.0179918e-02
9.1446712018e-01	4.7946883e-02
9.1455782313e-01	4.5064962e-02
9.1464852608e-01	4.1546021e-02
9.1473922902e-01	3.9451445e-02
9.1482993197e-01	3.6251909e-02
9.1492063492e-01	3.3990470e-02
9.1501133787e-01	2.9425105e-02
9.1510204082e-01	2.6098909e-02
9.1519274376e-01	2.5357929e-02
9.1528344671e-01	2.2273774e-02
9.1537414966e-01	1.8507377e-02
9.1546485261e-01	1.4325630e-02
9.1555555556e-01	1.3561754e-02
9.1564625850e-01	1.0502205e-02
9.1573696145e-01	9.5840066e-03
9.1582766440e-01	7.3987431e-03
9.1591836735e-01	5.1138773e-03
9.1600907029e-01	2.5357596e-03
9.1609977324e-01	1.5871732e-03
9.1619047619e-01	-7.3899453e-04
9.1628117914e-01	-3.1812957e-04
9.1637188209e-01	-9.5302953e-04
9.1646258503e-01	-1.9472544e-03
9.1655328798e-01	-2.6926223e-03
9.1664399093e-01	-3.7146267e-03
9.1673469388e-01	-3.1460898e-03
9.1682539683e-01	-2.7203162e-03
9.1691609977e-01	-4.1533593e-03
9.1700680272e-01	-3.7934907e-03
9.1709750567e-01	-3.5863043e-03
9.1718820862e-01	-3.1943708e-03
9.1727891156e-01	-4.3220306e-03
9.1736961451e-01	-2.8180942e-03
9.1746031746e-01	-2.1053177e-03
9.1755102041e-01	-6.5493328e-04
9.1764172336e-01	-8.5711726e-04
9.1773242630e-01	3.5489229e-04
9.1782312925e-01	-1.0400264e-03
9.1791383220e-01	3.8542380e-04
9.1800453515e-01	-3.1800399e-05
9.1809523810e-01	-1.5588563e-03
9.1818594104e-01	-2.9067430e-03
9.1827664399e-01	-2.2154770e-03
9.1836734694e-01	-3.9636910e-03
9.1845804989e-01	-5.3744028e-03
9.1854875283e-01	-6.3614670e-03
9.1863945578e-01	-7.3923216e-03
9.1873015873e-01	-8.3322016e-03
9.1882086168e-01	-9.9036619e-03
9.1891156463e-01	-1.2939266e-02
9.1900226757e-01	-1.4805439e-02
9.1909297052e-01	-1.6690017e-02
9.1918367347e-01	-1.8113932e-02
9.1927437642e-01	-2.2267476e-02
9.1936507937e-01	-2.3664817e-02
9.1945578231e-01	-2.5461972e-02
9.1954648526e-01	-3.9162039e-02
9.1963718821e-01	-3.9717199e-02
9.1972789116e-01	-3.4290885e-02
9.1981859410e-01	-4.0414904e-02
9.1990929705e-01	-4.2908130e-02
9.2000000000e-01	-4.6326886e-02
9.2009070295e-01	-4.9648177e-02
9.2018140590e-01	-5.3349884e-02
9.2027210884e-01	-5.6608904e-02
9.2036281179e-01	-5.8927483e-02
9.2045351474e-01	-6.2728806e-02
9.2054421769e-01	-6.5555931e-02
9.2063492063e-01	-6.7344059e-02
9.2072562358e-01	-7.0695109e-02
9.2081632653e-01	-7.2675815e-02
9.2090702948e-01	-7.2190900e-02
9.2099773243e-01	-7.4672979e-02
9.2108843537e-01	-7.8040438e-02
9.2117913832e-01	-7.7127258e-02
9.2126984127e-01	-7.8268649e-02
9.2136054422e-01	-7.8139807e-02
9.2145124717e-01	-7.8356615e-02
9.2154195011e-01	-7.8074053e-02
9.2163265306e-01	-7.7951432e-02
9.2172335601e-01	-7.7216111e-02
9.2181405896e-01	-7.5372913e-02
9.2190476190e-01	-7.4634704e-02
9.2199546485e-01	-7.3656420e-02
9.2208616780e-01	-7.0621665e-02
9.2217687075e-01	-6.9617201e-02
9.2226757370e-01	-6.8626592e-02
9.2235827664e-01	-6.8053709e-02
9.2244897959e-01	-6.3283538e-02
9.2253968254e-01	-6.1621102e-02
9.2263038549e-01	-6.1324553e-02
9.2272108844e-01	-5.9680975e-02
9.2281179138e-01	-5.7062952e-02
9.2290249433e-01	-5.4995917e-02
9.2299319728e-01	-5.3329196e-02
9.2308390023e-01	-4.9915928e-02
9.2317460317e-01	-4.9064491e-02
9.2326530612e-01	-4.7644501e-02
9.2335600907e-01	-4.5533464e-02
9.2344671202e-01	-4.2589155e-02
9.2353741497e-01	-4.0108306e-02
9.2362811791e-01	-3.6880999e-02
9.2371882086e-01	-3.4941885e-02
9.2380952381e-01	-3.2270371e-02
9.2390022676e-01	-3.0454718e-02
9.2399092971e-01	-2.6992225e-02
9.2408163265e-01	-2.3835846e-02
9.2417233560e-01	-2.2410947e-02
9.2426303855e-01	-1.9925516e-02
9.2435374150e-01	-1.6561611e-02
9.2444444444e-01	-1.3466183e-02
9.2453514739e-01	-1.0753046e-02
9.2462585034e-01	-7.6039640e-03
9.2471655329e-01	-4.3509596e-03
9.2480725624e-01	-1.9921103e-03
9.2489795918e-01	1.3506512e-03
9.2498866213e-01	4.5315522e-03
9.2507936508e-01	7.6674166e-03
9.2517006803e-01	9.7132105e-03
9.2526077098e-01	1.3492519e-02
9.2535147392e-01	1.5266115e-02
9.2544217687e-01	1.8393700e-02
9.2553287982e-01	2.1805800e-02
9.2562358277e-01	2.4709943e-02
9.2571428571e-01	2.8223282e-02
9.2580498866e-01	2.8896300e-02
9.2589569161e-01	3.1584785e-02
9.2598639456e-01	3.5502624e-02
9.2607709751e-01	3.6280161e-02
9.2616780045e-01	3.8109295e-02
9.2625850340e-01	3.8913401e-02
9.2634920635e-01	4.0557390e-02
9.2643990930e-01	4.2303768e-02
9.2653061224e-01	4.4781087e-02
9.2662131519e-01	4.5644330e-02
9.2671201814e-01	4.4948867e-02
9.2680272109e-01	4.6848659e-02
9.2689342404e-01	4.7433473e-02
9.2698412698e-01	4.5064815e-02
9.2707482993e-01	4.5963437e-02
9.2716553288e-01	4.4732574e-02
9.2725623583e-01	4.2744714e-02
9.2734693878e-01	4.1576499e-02
9.2743764172e-01	3.9785195e-02
9.2752834467e-01	3.8149578e-02
9.2761904762e-01	3.6100881e-02
9.2770975057e-01	3.1939846e-02
9.2780045351e-01	2.7447237e-02
9.2789115646e-01	2.3397404e-02
9.2798185941e-01	1.8844248e-02
9.2807256236e-01	1.5143328e-02
9.2816326531e-01	1.0691570e-02
9.2825396825e-01	6.2021759e-03
9.2834467120e-01	1.8354599e-03
9.2843537415e-01	-3.3027536e-03
9.2852607710e-01	-6.0938707e-03
9.2861678005e-01	-8.5353334e-03
9.2870748299e-01	-9.4438585e-03
9.2879818594e-01	-1.0444417e-02
9.2888888889e-01	-1.1122386e-02
9.2897959184e-01	-1.0549568e-02
9.2907029478e-01	-8.9535255e-03
9.2916099773e-01	-5.4618861e-03
9.2925170068e-01	-3.3783671e-03
9.2934240363e-01	-1.6070335e-03
9.2943310658e-01	2.1151372e-03
9.2952380952e-01	6.7376878e-03
9.2961451247e-01	1.1132688e-02
9.2970521542e-01	1.6521562e-02
9.2979591837e-01	2.0546877e-02
9.2988662132e-01	2.3352045e-02
9.2997732426e-01	2.7675297e-02
9.3006802721e-01	3.1764460e-02
9.3015873016e-01	3.7415328e-02
9.3024943311e-01	4.0787502e-02
9.3034013605e-01	4.4652095e-02
9.3043083900e-01	4.8642026e-02
9.3052154195e-01	5.1344476e-02
9.3061224490e-01	5.3738454e-02
9.3070294785e-01	5.6390275e-02
9.3079365079e-01	5.7401175e-02
9.3088435374e-01	6.0996829e-02
9.3097505669e-01	6.3409715e-02
9.3106575964e-01	6.2886306e-02
9.3115646259e-01	6.5497925e-02
9.3124716553e-01	6.5668903e-02
9.3133786848e-01	6.8288540e-02
9.3142857143e-01	6.8602397e-02
9.3151927438e-01	6.9635935e-02
9.3160997732e-01	6.8981714e-02
9.3170068027e-01	6.8722121e-02
9.3179138322e-01	6.7748536e-02
9.3188208617e-01	6.8506371e-02
9.3197278912e-01	6.7012200e-02
9.3206349206e-01	4.5378338e-02
9.3215419501e-01	5.4392283e-02
9.3224489796e-01	6.3003495e-02
9.3233560091e-01	5.7812709e-02
9.3242630385e-01	5.5979568e-02
9.3251700680e-01	5.3303946e-02
9.3260770975e-01	4.9607553e-02
9.3269841270e-01	4.5454552e-02
9.3278911565e-01	4.2702906e-02
9.3287981859e-01	3.9974580e-02
9.3297052154e-01	3.6517701e-02
9.3306122449e-01	3.5551529e-02
9.3315192744e-01	3.2946993e-02
9.3324263039e-01	2.7272136e-02
9.3333333333e-01	2.6195065e-02
9.3342403628e-01	2.2335937e-02
9.3351473923e-01	1.9554226e-02
9.3360544218e-01	1.6385094e-02
9.3369614512e-01	1.4815050e-02
9.3378684807e-01	1.2843736e-02
9.3387755102e-01	1.1393853e-02
9.3396825397e-01	8.3641124e-03
9.3405895692e-01	5.7313896e-03
9.3414965986e-01	4.4393236e-03
9.3424036281e-01	3.2241164e-03
9.3433106576e-01	2.2355867e-03
9.3442176871e-01	8.0306697e-04
9.3451247166e-01	-3.3986463e-04
9.3460317460e-01	3.9372460e-04
9.3469387755e-01	-7.1250668e-04
9.3478458050e-01	-1.0739114e-03
9.3487528345e-01	-3.3014352e-03
9.3496598639e-01	-2.6582229e-03
9.3505668934e-01	-3.2306135e-03
9.3514739229e-01	-2.9485637e-03
9.3523809524e-01	-2.1479479e-03
9.3532879819e-01	-2.8303139e-03
9.3541950113e-01	-1.1838091e-03
9.3551020408e-01	-3.6536554e-04
9.3560090703e-01	-1.6971905e-04
9.3569160998e-01	1.2792280e-04
9.3578231293e-01	3.9459862e-04
9.3587301587e-01	-7.5757339e-04
9.3596371882e-01	5.3806057e-04
9.3605442177e-01	-1.4400111e-04
9.3614512472e-01	-1.0641048e-03
9.3623582766e-01	-1.1587796e-03
9.3632653061e-01	-1.3796665e-03
9.3641723356e-01	-1.2509909e-03
9.3650793651e-01	-3.1547106e-03
9.3659863946e-01	-4.1653197e-03
9.3668934240e-01	-4.3227351e-03
9.3678004535e-01	-4.7332884e-03
9.3687074830e-01	-6.3350189e-03
9.3696145125e-01	-1.0402937e-02
9.3705215420e-01	-1.0580646e-02
9.3714285714e-01	-1.0459304e-02
9.3723356009e-01	-1.2614470e-02
9.3732426304e-01	-1.6148386e-02
9.3741496599e-01	-1.9337678e-02
9.3750566893e-01	-2.0636289e-02
9.3759637188e-01	-2.4941446e-02
9.3768707483e-01	-2.9656330e-02
9.3777777778e-01	-3.1529647e-02
9.3786848073e-01	-3.4694004e-02
9.3795918367e-01	-3.6868144e-02
9.3804988662e-01	-4.1786144e-02
9.3814058957e-01	-4.4628190e-02
9.3823129252e-01	-4.7150757e-02
9.3832199546e-01	-5.0628538e-02
9.3841269841e-01	-5.3003805e-02
9.3850340136e-01	-5.5678670e-02
9.3859410431e-01	-6.1161510e-02
9.3868480726e-01	-6.2983777e-02
9.3877551020e-01	-6.4815019e-02
9.3886621315e-01	-6.6940760e-02
9.3895691610e-01	-7.0197087e-02
9.3904761905e-01	-7.2001446e-02
9.3913832200e-01	-7.3699140e-02
9.3922902494e-01	-7.4945102e-02
9.3931972789e-01	-7.5489216e-02
9.3941043084e-01	-7.5741412e-02
9.3950113379e-01	-7.7353862e-02
9.3959183673e-01	-7.7909832e-02
9.3968253968e-01	-7.4926261e-02
9.3977324263e-01	-7.5540258e-02
9.3986394558e-01	-7.5033115e-02
9.3995464853e-01	-7.4337887e-02
9.4004535147e-01	-7.4207348e-02
9.4013605442e-01	-7.1908592e-02
9.4022675737e-01	-7.0886271e-02
9.4031746032e-01	-6.9647691e-02
9.4040816327e-01	-6.8245745e-02
9.4049886621e-01	-6.5898301e-02
9.4058956916e-01	-6.5731596e-02
9.4068027211e-01	-6.5427098e-02
9.4077097506e-01	-6.1995660e-02
9.4086167800e-01	-5.9312926e-02
9.4095238095e-01	-5.7440014e-02
9.4104308390e-01	-5.5906048e-02
9.4113378685e-01	-5.3886985e-02
9.4122448980e-01	-5.2982238e-02
9.4131519274e-01	-4.9858289e-02
9.4140589569e-01	-4.6583377e-02
9.4149659864e-01	-4.5186597e-02
9.4158730159e-01	-4.2931491e-02
9.4167800454e-01	-4.0223764e-02
9.4176870748e-01	-3.8045478e-02
9.4185941043e-01	-3.6163065e-02
9.4195011338e-01	-3.2595398e-02
9.4204081633e-01	-2.8546059e-02
9.4213151927e-01	-2.6872534e-02
9.4222222222e-01	-2.5508136e-02
9.4231292517e-01	-2.2555344e-02
9.4240362812e-01	-2.0125620e-02
9.4249433107e-01	-1.8014841e-02
9.4258503401e-01	-1.4697587e-02
9.4267573696e-01	-1.1527097e-02
9.4276643991e-01	-8.3728487e-03
9.4285714286e-01	-5.4253188e-03
9.4294784580e-01	-2.3712370e-03
9.4303854875e-01	7.5073437e-04
9.4312925170e-01	3.9386606e-03
9.4321995465e-01	6.2490727e-03
9.4331065760e-01	1.0081781e-02
9.4340136054e-01	1.2605792e-02
9.4349206349e-01	1.4005090e-02
9.4358276644e-01	1.7263241e-02
9.4367346939e-01	1.9968008e-02
9.4376417234e-01	2.2800896e-02
9.4385487528e-01	2.5499433e-02
9.4394557823e-01	2.8416375e-02
9.4403628118e-01	3.0590638e-02
9.4412698413e-01	3.1554491e-02
9.4421768707e-01	3.2454006e-02
9.4430839002e-01	3.4400307e-02
9.4439909297e-01	3.7200578e-02
9.4448979592e-01	3.6764265e-02
9.4458049887e-01	1.9274300e-02
9.4467120181e-01	3.6781206e-02
9.4476190476e-01	4.3341338e-02
9.4485260771e-01	4.2204547e-02
9.4494331066e-01	4.3215559e-02
9.4503401361e-01	4.4405367e-02
9.4512471655e-01	4.2641794e-02
9.4521541950e-01	4.2444719e-02
9.4530612245e-01	4.3035741e-02
9.4539682540e-01	4.0512849e-02
9.4548752834e-01	3.8665100e-02
9.4557823129e-01	3.8151719e-02
9.4566893424e-01	3.4666774e-02
9.4575963719e-01	3.1711386e-02
9.4585034014e-01	2.6920482e-02
9.4594104308e-01	2.1928898e-02
9.4603174603e-01	1.7602523e-02
9.4612244898e-01	1.4642525e-02
9.4621315193e-01	1.0354615e-02
9.4630385488e-01	5.5315804e-03
9.4639455782e-01	1.2752067e-03
9.4648526077e-01	-3.6848837e-03
9.4657596372e-01	-6.7614789e-03
9.4666666667e-01	-1.0083502e-02
9.4675736961e-01	-1.2680646e-02
9.4684807256e-01	-1.4037795e-02
9.4693877551e-01	-1.4658903e-02
9.4702947846e-01	-1.4379189e-02
9.4712018141e-01	-1.4346841e-02
9.4721088435e-01	-1.2390936e-02
9.4730158730e-01	-1.2181249e-02
9.4739229025e-01	-7.0013243e-03
9.4748299320e-01	-4.7023757e-03
9.4757369615e-01	-1.2691054e-03
9.4766439909e-01	2.4988836e-03
9.4775510204e-01	8.0562034e-03
9.4784580499e-01	1.2706742e-02
9.4793650794e-01	1.6413008e-02
9.4802721088e-01	1.9624932e-02
9.4811791383e-01	2.3479035e-02
9.4820861678e-01	2.7438193e-02
9.4829931973e-01	3.1118882e-02
9.4839002268e-01	3.7437640e-02
9.4848072562e-01	4.2721843e-02
9.4857142857e-01	4.4479798e-02
9.4866213152e-01	4.6403781e-02
9.4875283447e-01	4.8873174e-02
9.4884353741e-01	5.3486089e-02
9.4893424036e-01	5.6586686e-02
9.4902494331e-01	5.9621207e-02
9.4911564626e-01	6.0020969e-02
9.4920634921e-01	6.2650184e-02
9.4929705215e-01	6.5479895e-02
9.4938775510e-01	6.5716759e-02
9.4947845805e-01	6.6196411e-02
9.4956916100e-01	6.8885739e-02
9.4965986395e-01	6.8699529e-02
9.4975056689e-01	6.7801665e-02
9.4984126984e-01	6.7498314e-02
9.4993197279e-01	6.6038963e-02
9.5002267574e-01	6.4248369e-02
9.5011337868e-01	6.3747318e-02
9.5020408163e-01	6.3023828e-02
9.5029478458e-01	6.2306273e-02
9.5038548753e-01	5.9988384e-02
9.5047619048e-01	5.7581767e-02
9.5056689342e-01	5.5865171e-02
9.5065759637e-01	5.2089332e-02
9.5074829932e-01	4.9054144e-02
9.5083900227e-01	4.8414624e-02
9.5092970522e-01	4.5974257e-02
9.5102040816e-01	4.2574692e-02
9.5111111111e-01	3.8821133e-02
9.5120181406e-01	3.6521584e-02
9.5129251701e-01	3.3215095e-02
9.5138321995e-01	3.0628973e-02
9.5147392290e-01	2.7635233e-02
9.5156462585e-01	2.4024200e-02
9.5165532880e-01	2.2324309e-02
9.5174603175e-01	2.0264149e-02
9.5183673469e-01	1.7913041e-02
9.5192743764e-01	1.4559954e-02
9.5201814059e-01	1.2258147e-02
9.5210884354e-01	1.1090929e-02
9.5219954649e-01	9.3771660e-03
9.5229024943e-01	8.8241867e-03
9.5238095238e-01	6.7510321e-03
9.5247165533e-01	6.7095071e-03
9.5256235828e-01	4.1737536e-03
9.5265306122e-01	3.8798964e-03
9.5274376417e-01	3.4291121e-03
9.5283446712e-01	1.1927177e-03
9.5292517007e-01	1.4395926e-03
9.5301587302e-01	2.9650286e-03
9.5310657596e-01	2.4302408e-04
9.5319727891e-01	1.7833237e-03
9.5328798186e-01	2.3623112e-03
9.5337868481e-01	1.4157820e-03
9.5346938776e-01	1.1105174e-03
9.5356009070e-01	1.5610077e-03
9.5365079365e-01	2.6114741e-03
9.5374149660e-01	2.9872269e-03
9.5383219955e-01	3.6305800e-03
9.5392290249e-01	2.8433259e-03
9.5401360544e-01	3.6528529e-03
9.5410430839e-01	4.5256518e-03
9.5419501134e-01	4.3696226e-03
9.5428571429e-01	3.7784197e-03
9.5437641723e-01	1.5205096e-03
9.5446712018e-01	2.3583893e-03
9.5455782313e-01	3.3431951e-03
9.5464852608e-01	2.5757043e-03
9.5473922902e-01	3.2519599e-04
9.5482993197e-01	-7.8361368e-05
9.5492063492e-01	-2.0374230e-03
9.5501133787e-01	-4.2452928e-03
9.5510204082e-01	-4.1556924e-03
9.5519274376e-01	-6.8649195e-03
9.5528344671e-01	-9.3283565e-03
9.5537414966e-01	-1.0686970e-02
9.5546485261e-01	-1.4423535e-02
9.5555555556e-01	-1.6179352e-02
9.5564625850e-01	-1.8793634e-02
9.5573696145e-01	-2.2262418e-02
9.5582766440e-01	-2.4550365e-02
9.5591836735e-01	-2.9094558e-02
9.5600907029e-01	-3.1833625e-02
9.5609977324e-01	-3.5613926e-02
9.5619047619e-01	-3.8734968e-02
9.5628117914e-01	-4.2153055e-02
9.5637188209e-01	-4.6567874e-02
9.5646258503e-01	-4.8702434e-02
9.5655328798e-01	-5.2912639e-02
9.5664399093e-01	-5.5847235e-02
9.5673469388e-01	-5.9081683e-02
9.5682539683e-01	-6.2060204e-02
9.5691609977e-01	-6.4448760e-02
9.5700680272e-01	-7.2381391e-02
9.5709750567e-01	-8.9830141e-02
9.5718820862e-01	-7.2640435e-02
9.5727891156e-01	-7.3258822e-02
9.5736961451e-01	-7.5653700e-02
9.5746031746e-01	-7.6461827e-02
9.5755102041e-01	-7.7338993e-02
9.5764172336e-01	-7.7693410e-02
9.5773242630e-01	-8.0982168e-02
