0.0000000000e+00	1.6923020e-02
9.0702947846e-05	2.8917390e-02
1.8140589569e-04	2.8532772e-02
2.7210884354e-04	4.4082082e-02
3.6281179138e-04	4.3228532e-02
4.5351473923e-04	3.2176918e-02
5.4421768707e-04	2.7494688e-02
6.3492063492e-04	2.8092132e-02
7.2562358277e-04	4.2083079e-02
8.1632653061e-04	4.5503250e-02
9.0702947846e-04	5.7492715e-02
9.9773242630e-04	6.5045803e-02
1.0884353741e-03	6.3059822e-02
1.1791383220e-03	5.8803718e-02
1.2698412698e-03	4.6536340e-02
1.3605442177e-03	5.0373130e-02
1.4512471655e-03	5.4406754e-02
1.5419501134e-03	5.4999783e-02
1.6326530612e-03	6.2245731e-02
1.7233560091e-03	4.9838501e-02
1.8140589569e-03	3.6625247e-02
1.9047619048e-03	3.3179929e-02
1.9954648526e-03	2.3687703e-02
2.0861678005e-03	1.4803891e-02
2.1768707483e-03	2.0409281e-02
2.2675736961e-03	3.6264067e-02
2.3582766440e-03	4.5962352e-02
2.4489795918e-03	3.6636133e-02
2.5396825397e-03	3.6096096e-02
2.6303854875e-03	3.7994785e-02
2.7210884354e-03	1.9396113e-02
2.8117913832e-03	1.1399835e-02
2.9024943311e-03	2.9665158e-03
2.9931972789e-03	-3.8015879e-03
3.0839002268e-03	-1.9763650e-03
3.1746031746e-03	-4.3785287e-03
3.2653061224e-03	-1.0415136e-02
3.3560090703e-03	-2.1315251e-02
3.4467120181e-03	-2.5367674e-02
3.5374149660e-03	-2.4947086e-02
3.6281179138e-03	-2.3476959e-02
3.7188208617e-03	-2.4488036e-02
3.8095238095e-03	-7.4047546e-03
3.9002267574e-03	1.5431251e-02
3.9909297052e-03	2.7555615e-02
4.0816326531e-03	4.8073410e-02
4.1723356009e-03	5.9395720e-02
4.2630385488e-03	7.4923395e-02
4.3537414966e-03	9.1394030e-02
4.4444444444e-03	1.1825983e-01
4.5351473923e-03	1.4544818e-01
4.6258503401e-03	1.8412240e-01
4.7165532880e-03	2.2773545e-01
4.8072562358e-03	2.7521516e-01
4.8979591837e-03	3.0326882e-01
4.9886621315e-03	3.2861077e-01
5.0793650794e-03	3.4814119e-01
5.1700680272e-03	3.5615298e-01
5.2607709751e-03	3.5861217e-01
5.3514739229e-03	3.6595283e-01
5.4421768707e-03	3.7712435e-01
5.5328798186e-03	3.7874040e-01
5.6235827664e-03	3.6313698e-01
5.7142857143e-03	3.6222806e-01
5.8049886621e-03	3.7498285e-01
5.8956916100e-03	3.9617144e-01
5.9863945578e-03	4.0207327e-01
6.0770975057e-03	3.4993742e-01
6.1678004535e-03	2.2107545e-01
6.2585034014e-03	2.5987617e-02
6.3492063492e-03	-1.8556151e-01
6.4399092971e-03	-3.3676377e-01
6.5306122449e-03	-4.1466506e-01
6.6213151927e-03	-4.2738320e-01
6.7120181406e-03	-4.1861331e-01
6.8027210884e-03	-3.8432152e-01
6.8934240363e-03	-3.2689379e-01
6.9841269841e-03	-3.2162487e-01
7.0748299320e-03	-1.1743325e-01
7.1655328798e-03	1.0014502e-02
7.2562358277e-03	6.9246351e-02
7.3469387755e-03	1.1103342e-01
7.4376417234e-03	1.4078218e-01
7.5283446712e-03	1.6751122e-01
7.6190476190e-03	2.0671193e-01
7.7097505669e-03	2.4256787e-01
7.8004535147e-03	2.5221233e-01
7.8911564626e-03	2.5037765e-01
7.9818594104e-03	2.2411850e-01
8.0725623583e-03	1.6430554e-01
8.1632653061e-03	1.1340956e-01
8.2539682540e-03	6.4905443e-02
8.3446712018e-03	2.5978293e-02
8.4353741497e-03	2.6589949e-03
8.5260770975e-03	6.4227322e-03
8.6167800454e-03	3.8592299e-03
8.7074829932e-03	-6.7651772e-03
8.7981859410e-03	-9.3518430e-03
8.8888888889e-03	-3.8444008e-02
8.9795918367e-03	-6.7871475e-02
9.0702947846e-03	-9.7555178e-02
9.1609977324e-03	-1.0781151e-01
9.2517006803e-03	-1.0967260e-01
9.3424036281e-03	-9.4904185e-02
9.4331065760e-03	-8.7641072e-02
9.5238095238e-03	-9.4983550e-02
9.6145124717e-03	-1.0105593e-01
9.7052154195e-03	-1.0744750e-01
9.7959183673e-03	-1.0598941e-01
9.8866213152e-03	-7.7166130e-02
9.9773242630e-03	-5.5631833e-02
1.0068027211e-02	-5.1890546e-02
1.0158730159e-02	-5.5508223e-02
1.0249433107e-02	-6.7757379e-02
1.0340136054e-02	-8.2510505e-02
1.0430839002e-02	-1.0895698e-01
1.0521541950e-02	-1.4497394e-01
1.0612244898e-02	-1.7710413e-01
1.0702947846e-02	-2.0849546e-01
1.0793650794e-02	-2.3996954e-01
1.0884353741e-02	-2.5531717e-01
1.0975056689e-02	-2.7209429e-01
1.1065759637e-02	-2.9816853e-01
1.1156462585e-02	-3.2080054e-01
1.1247165533e-02	-3.3916462e-01
1.1337868481e-02	-3.3302226e-01
1.1428571429e-02	-3.0438429e-01
1.1519274376e-02	-2.5429995e-01
1.1609977324e-02	-2.0802857e-01
1.1700680272e-02	-1.6627957e-01
1.1791383220e-02	-1.1844553e-01
1.1882086168e-02	-8.4867515e-02
1.1972789116e-02	-5.8019567e-02
1.2063492063e-02	-3.7606917e-02
1.2154195011e-02	-2.8355332e-02
1.2244897959e-02	-3.6376625e-02
1.2335600907e-02	-5.7428607e-02
1.2426303855e-02	-9.3232965e-02
1.2517006803e-02	-1.4543925e-01
1.2607709751e-02	-2.0137701e-01
1.2698412698e-02	-2.4636752e-01
1.2789115646e-02	-2.9020556e-01
1.2879818594e-02	-3.4208193e-01
1.2970521542e-02	-3.8119373e-01
1.3061224490e-02	-4.1531655e-01
1.3151927438e-02	-4.4498158e-01
1.3242630385e-02	-4.6212171e-01
1.3333333333e-02	-4.5980236e-01
1.3424036281e-02	-4.5965756e-01
1.3514739229e-02	-4.4002092e-01
1.3605442177e-02	-4.4571177e-01
1.3696145125e-02	-4.4511066e-01
1.3786848073e-02	-4.4466875e-01
1.3877551020e-02	-4.5031522e-01
1.3968253968e-02	-4.5638201e-01
1.4058956916e-02	-4.4283186e-01
1.4149659864e-02	-4.2673274e-01
1.4240362812e-02	-3.9721353e-01
1.4331065760e-02	-3.6978928e-01
1.4421768707e-02	-3.3272654e-01
1.4512471655e-02	-2.9563676e-01
1.4603174603e-02	-2.5328071e-01
1.4693877551e-02	-2.1972496e-01
1.4784580499e-02	-1.8197891e-01
1.4875283447e-02	-1.4431825e-01
1.4965986395e-02	-1.2286919e-01
1.5056689342e-02	-1.1676973e-01
1.5147392290e-02	-1.2337370e-01
1.5238095238e-02	-1.4872291e-01
1.5328798186e-02	-1.6640705e-01
1.5419501134e-02	-1.7925537e-01
1.5510204082e-02	-1.8379553e-01
1.5600907029e-02	-1.9209129e-01
1.5691609977e-02	-1.8904465e-01
1.5782312925e-02	-1.7046370e-01
1.5873015873e-02	-1.6048729e-01
1.5963718821e-02	-1.3305421e-01
1.6054421769e-02	-1.0976642e-01
1.6145124717e-02	-8.5653278e-02
1.6235827664e-02	-6.8516980e-02
1.6326530612e-02	-7.7118276e-02
1.6417233560e-02	-7.6653258e-02
1.6507936508e-02	-6.4476467e-02
1.6598639456e-02	-6.9194487e-02
1.6689342404e-02	-7.2737456e-02
1.6780045351e-02	-7.8446313e-02
1.6870748299e-02	-1.0928773e-01
1.6961451247e-02	-1.5599406e-01
1.7052154195e-02	-2.1867075e-01
1.7142857143e-02	-2.9889684e-01
1.7233560091e-02	-3.8244351e-01
1.7324263039e-02	-4.5657708e-01
1.7414965986e-02	-5.2600227e-01
1.7505668934e-02	-5.9031428e-01
1.7596371882e-02	-6.2018024e-01
1.7687074830e-02	-6.1997256e-01
1.7777777778e-02	-6.1055028e-01
1.7868480726e-02	-5.8540097e-01
1.7959183673e-02	-5.3751506e-01
1.8049886621e-02	-4.7989202e-01
1.8140589569e-02	-4.2173526e-01
1.8231292517e-02	-3.5945457e-01
1.8321995465e-02	-3.0307611e-01
1.8412698413e-02	-2.3817134e-01
1.8503401361e-02	-1.7067384e-01
1.8594104308e-02	-1.1536028e-01
1.8684807256e-02	-5.1222228e-02
1.8775510204e-02	7.9638703e-03
1.8866213152e-02	4.3649524e-02
1.8956916100e-02	7.7365132e-02
1.9047619048e-02	1.0331644e-01
1.9138321995e-02	1.3616361e-01
1.9229024943e-02	1.6688385e-01
1.9319727891e-02	2.1991218e-01
1.9410430839e-02	2.6127590e-01
1.9501133787e-02	2.4964234e-01
1.9591836735e-02	3.4256611e-01
1.9682539683e-02	3.6075899e-01
1.9773242630e-02	3.4971022e-01
1.9863945578e-02	3.1774792e-01
1.9954648526e-02	2.8423734e-01
2.0045351474e-02	2.2993098e-01
2.0136054422e-02	1.8591224e-01
2.0226757370e-02	1.5673473e-01
2.0317460317e-02	1.4202739e-01
2.0408163265e-02	1.6239639e-01
2.0498866213e-02	1.8916221e-01
2.0589569161e-02	2.2785991e-01
2.0680272109e-02	2.6926265e-01
2.0770975057e-02	3.0884242e-01
2.0861678005e-02	3.4090359e-01
2.0952380952e-02	3.7010769e-01
2.1043083900e-02	4.0037494e-01
2.1133786848e-02	4.0263268e-01
2.1224489796e-02	4.0112091e-01
2.1315192744e-02	3.9614481e-01
2.1405895692e-02	3.7573542e-01
2.1496598639e-02	3.6339483e-01
2.1587301587e-02	3.6101040e-01
2.1678004535e-02	3.6063130e-01
2.1768707483e-02	3.5818136e-01
2.1859410431e-02	3.7477427e-01
2.1950113379e-02	3.8990046e-01
2.2040816327e-02	3.9961754e-01
2.2131519274e-02	4.1129232e-01
2.2222222222e-02	4.0656963e-01
2.2312925170e-02	3.8373116e-01
2.2403628118e-02	3.5907428e-01
2.2494331066e-02	3.2551756e-01
2.2585034014e-02	2.9579930e-01
2.2675736961e-02	2.8347018e-01
2.2766439909e-02	2.7535316e-01
2.2857142857e-02	2.7493640e-01
2.2947845805e-02	2.9096600e-01
2.3038548753e-02	3.3101985e-01
2.3129251701e-02	3.7743692e-01
2.3219954649e-02	4.2956648e-01
2.3310657596e-02	5.0685063e-01
2.3401360544e-02	5.7269833e-01
2.3492063492e-02	6.3831683e-01
2.3582766440e-02	6.9151532e-01
2.3673469388e-02	7.3142634e-01
2.3764172336e-02	7.5771984e-01
2.3854875283e-02	7.7677628e-01
2.3945578231e-02	7.9689811e-01
2.4036281179e-02	8.0929663e-01
2.4126984127e-02	8.0913248e-01
2.4217687075e-02	8.0423004e-01
2.4308390023e-02	7.7814146e-01
2.4399092971e-02	7.4376765e-01
2.4489795918e-02	7.0050562e-01
2.4580498866e-02	6.5090121e-01
2.4671201814e-02	5.9915764e-01
2.4761904762e-02	5.5308917e-01
2.4852607710e-02	5.0862987e-01
2.4943310658e-02	4.5716153e-01
2.5034013605e-02	4.0161411e-01
2.5124716553e-02	3.4835010e-01
2.5215419501e-02	2.9604910e-01
2.5306122449e-02	2.7369514e-01
2.5396825397e-02	2.5134492e-01
2.5487528345e-02	2.4249734e-01
2.5578231293e-02	2.5824470e-01
2.5668934240e-02	2.6186267e-01
2.5759637188e-02	2.5499687e-01
2.5850340136e-02	2.4787950e-01
2.5941043084e-02	2.3245201e-01
2.6031746032e-02	2.0735352e-01
2.6122448980e-02	1.8678452e-01
2.6213151927e-02	1.8383322e-01
2.6303854875e-02	1.7859727e-01
2.6394557823e-02	1.6110933e-01
2.6485260771e-02	1.4915983e-01
2.6575963719e-02	1.4443392e-01
2.6666666667e-02	1.2912078e-01
2.6757369615e-02	1.2006509e-01
2.6848072562e-02	1.0584810e-01
2.6938775510e-02	9.2669251e-02
2.7029478458e-02	7.1594347e-02
2.7120181406e-02	5.0212266e-02
2.7210884354e-02	2.2995274e-02
2.7301587302e-02	-9.6350452e-03
2.7392290249e-02	-3.5959785e-02
2.7482993197e-02	-6.8833308e-02
2.7573696145e-02	-9.9464549e-02
2.7664399093e-02	-1.3049815e-01
2.7755102041e-02	-1.6683616e-01
2.7845804989e-02	-2.0220129e-01
2.7936507937e-02	-2.3381088e-01
2.8027210884e-02	-2.6761662e-01
2.8117913832e-02	-2.9061193e-01
2.8208616780e-02	-3.1541379e-01
2.8299319728e-02	-3.2868835e-01
2.8390022676e-02	-3.2810033e-01
2.8480725624e-02	-3.2303980e-01
2.8571428571e-02	-3.0908049e-01
2.8662131519e-02	-2.9732900e-01
2.8752834467e-02	-2.7442822e-01
2.8843537415e-02	-2.5160190e-01
2.8934240363e-02	-2.2513231e-01
2.9024943311e-02	-1.9958868e-01
2.9115646259e-02	-1.6004901e-01
2.9206349206e-02	-1.4113815e-01
2.9297052154e-02	-1.0967274e-01
2.9387755102e-02	-8.8869019e-02
2.9478458050e-02	-8.0047389e-02
2.9569160998e-02	-6.8853033e-02
2.9659863946e-02	-6.9557920e-02
2.9750566893e-02	-8.0202168e-02
2.9841269841e-02	-1.0307663e-01
2.9931972789e-02	-1.2664163e-01
3.0022675737e-02	-1.5760406e-01
3.0113378685e-02	-2.0014444e-01
3.0204081633e-02	-2.5200703e-01
3.0294784580e-02	-3.0471604e-01
3.0385487528e-02	-3.5123517e-01
3.0476190476e-02	-4.0429759e-01
3.0566893424e-02	-4.5865573e-01
3.0657596372e-02	-5.0354348e-01
3.0748299320e-02	-5.3786186e-01
3.0839002268e-02	-5.7130625e-01
3.0929705215e-02	-5.9856936e-01
3.1020408163e-02	-6.0793931e-01
3.1111111111e-02	-6.2212027e-01
3.1201814059e-02	-6.1913591e-01
3.1292517007e-02	-6.1751561e-01
3.1383219955e-02	-6.0923119e-01
3.1473922902e-02	-5.8959796e-01
3.1564625850e-02	-5.7770417e-01
3.1655328798e-02	-5.6451716e-01
3.1746031746e-02	-5.5498616e-01
3.1836734694e-02	-5.3721544e-01
3.1927437642e-02	-5.5306428e-01
3.2018140590e-02	-5.8443810e-01
3.2108843537e-02	-4.9292751e-01
3.2199546485e-02	-4.6874218e-01
3.2290249433e-02	-4.6145716e-01
3.2380952381e-02	-4.4513776e-01
3.2471655329e-02	-4.3778259e-01
3.2562358277e-02	-4.2549797e-01
3.2653061224e-02	-4.2351646e-01
3.2743764172e-02	-4.1888891e-01
3.2834467120e-02	-4.0959745e-01
3.2925170068e-02	-4.0113229e-01
3.3015873016e-02	-3.9122421e-01
3.3106575964e-02	-3.6969759e-01
3.3197278912e-02	-3.7102929e-01
3.3287981859e-02	-3.6968279e-01
3.3378684807e-02	-3.5744623e-01
3.3469387755e-02	-3.5054404e-01
3.3560090703e-02	-3.2976967e-01
3.3650793651e-02	-2.9818500e-01
3.3741496599e-02	-2.6329403e-01
3.3832199546e-02	-2.2013663e-01
3.3922902494e-02	-1.6339745e-01
3.4013605442e-02	-9.8469000e-02
3.4104308390e-02	-2.2648673e-02
3.4195011338e-02	4.6997246e-02
3.4285714286e-02	1.1018354e-01
3.4376417234e-02	1.5188456e-01
3.4467120181e-02	1.7140410e-01
3.4557823129e-02	1.9431339e-01
3.4648526077e-02	1.7237992e-01
3.4739229025e-02	1.3024290e-01
3.4829931973e-02	7.4861186e-02
3.4920634921e-02	9.8042965e-03
3.5011337868e-02	-6.1927525e-02
3.5102040816e-02	-1.4160139e-01
3.5192743764e-02	-2.2874412e-01
3.5283446712e-02	-3.0348005e-01
3.5374149660e-02	-3.7062143e-01
3.5464852608e-02	-4.2121219e-01
3.5555555556e-02	-4.6175657e-01
3.5646258503e-02	-4.9002931e-01
3.5736961451e-02	-5.0399578e-01
3.5827664399e-02	-5.0736853e-01
3.5918367347e-02	-4.9999565e-01
3.6009070295e-02	-4.7214066e-01
3.6099773243e-02	-4.4301697e-01
3.6190476190e-02	-4.0338330e-01
3.6281179138e-02	-3.5568775e-01
3.6371882086e-02	-3.0873001e-01
3.6462585034e-02	-2.5430529e-01
3.6553287982e-02	-1.8842891e-01
3.6643990930e-02	-1.3174312e-01
3.6734693878e-02	-6.2968917e-02
3.6825396825e-02	-6.9591679e-03
3.6916099773e-02	3.7813300e-02
3.7006802721e-02	8.1295485e-02
3.7097505669e-02	1.2532644e-01
3.7188208617e-02	1.5559762e-01
3.7278911565e-02	1.8140020e-01
3.7369614512e-02	2.0452366e-01
3.7460317460e-02	2.2641061e-01
3.7551020408e-02	2.4023984e-01
3.7641723356e-02	2.4766173e-01
3.7732426304e-02	2.4247058e-01
3.7823129252e-02	2.3843431e-01
3.7913832200e-02	2.3768234e-01
3.8004535147e-02	2.3570683e-01
3.8095238095e-02	2.4499833e-01
3.8185941043e-02	2.5515619e-01
3.8276643991e-02	2.6645980e-01
3.8367346939e-02	2.9120664e-01
3.8458049887e-02	3.1812363e-01
3.8548752834e-02	3.3641097e-01
3.8639455782e-02	3.5876648e-01
3.8730158730e-02	3.9163444e-01
3.8820861678e-02	4.0464836e-01
3.8911564626e-02	4.1453486e-01
3.9002267574e-02	4.3395049e-01
3.9092970522e-02	4.5731844e-01
3.9183673469e-02	4.6471694e-01
3.9274376417e-02	4.6457817e-01
3.9365079365e-02	4.6241680e-01
3.9455782313e-02	4.6330588e-01
3.9546485261e-02	4.6784791e-01
3.9637188209e-02	4.6514738e-01
3.9727891156e-02	4.5640228e-01
3.9818594104e-02	4.3451733e-01
3.9909297052e-02	4.1164768e-01
4.0000000000e-02	3.9214213e-01
4.0090702948e-02	3.4137250e-01
4.0181405896e-02	2.9288614e-01
4.0272108844e-02	2.4026610e-01
4.0362811791e-02	1.9672759e-01
4.0453514739e-02	1.5994759e-01
4.0544217687e-02	1.3770946e-01
4.0634920635e-02	1.1418030e-01
4.0725623583e-02	1.0955494e-01
4.0816326531e-02	1.1835729e-01
4.0907029478e-02	1.4105391e-01
4.0997732426e-02	1.7906595e-01
4.1088435374e-02	2.2804906e-01
4.1179138322e-02	2.9023197e-01
4.1269841270e-02	3.4876925e-01
4.1360544218e-02	4.1036316e-01
4.1451247166e-02	4.6833789e-01
4.1541950113e-02	5.1747113e-01
4.1632653061e-02	5.6889971e-01
4.1723356009e-02	6.1416207e-01
4.1814058957e-02	6.4993266e-01
4.1904761905e-02	6.7669594e-01
4.1995464853e-02	7.0351274e-01
4.2086167800e-02	7.2099361e-01
4.2176870748e-02	7.2521196e-01
4.2267573696e-02	7.4425115e-01
4.2358276644e-02	7.5818468e-01
4.2448979592e-02	7.5551919e-01
4.2539682540e-02	7.4601186e-01
4.2630385488e-02	7.2450357e-01
4.2721088435e-02	7.0162083e-01
4.2811791383e-02	6.5438452e-01
4.2902494331e-02	6.1906755e-01
4.2993197279e-02	5.8240731e-01
4.3083900227e-02	5.4560530e-01
4.3174603175e-02	5.1758254e-01
4.3265306122e-02	4.9442847e-01
4.3356009070e-02	4.8037591e-01
4.3446712018e-02	4.6135296e-01
4.3537414966e-02	4.6244243e-01
4.3628117914e-02	4.5614923e-01
4.3718820862e-02	4.4776058e-01
4.3809523810e-02	4.3473979e-01
4.3900226757e-02	4.2470798e-01
4.3990929705e-02	4.1395781e-01
4.4081632653e-02	3.9921532e-01
4.4172335601e-02	3.8906685e-01
4.4263038549e-02	3.7301191e-01
4.4353741497e-02	3.4828094e-01
4.4444444444e-02	2.8529691e-01
4.4535147392e-02	2.4169463e-01
4.4625850340e-02	2.5739671e-01
4.4716553288e-02	2.0953501e-01
4.4807256236e-02	1.7990482e-01
4.4897959184e-02	1.3833636e-01
4.4988662132e-02	8.0176162e-02
4.5079365079e-02	4.3251988e-02
4.5170068027e-02	4.9016273e-03
4.5260770975e-02	-5.9547186e-02
4.5351473923e-02	-1.0333232e-01
4.5442176871e-02	-1.4095007e-01
4.5532879819e-02	-1.7659309e-01
4.5623582766e-02	-2.1696615e-01
4.5714285714e-02	-2.4097353e-01
4.5804988662e-02	-2.5508719e-01
4.5895691610e-02	-2.7289387e-01
4.5986394558e-02	-2.7377414e-01
4.6077097506e-02	-2.7237540e-01
4.6167800454e-02	-2.7424383e-01
4.6258503401e-02	-2.6959883e-01
4.6349206349e-02	-2.5516578e-01
4.6439909297e-02	-2.4291918e-01
4.6530612245e-02	-2.2268879e-01
4.6621315193e-02	-2.0218147e-01
4.6712018141e-02	-1.7953081e-01
4.6802721088e-02	-1.6014627e-01
4.6893424036e-02	-1.3213489e-01
4.6984126984e-02	-1.0251673e-01
4.7074829932e-02	-8.9363131e-02
4.7165532880e-02	-7.4003988e-02
4.7256235828e-02	-5.2047877e-02
4.7346938776e-02	-4.6473073e-02
4.7437641723e-02	-4.3637611e-02
4.7528344671e-02	-4.8862440e-02
4.7619047619e-02	-6.2232249e-02
4.7709750567e-02	-8.7668758e-02
4.7800453515e-02	-1.1339446e-01
4.7891156463e-02	-1.4241783e-01
4.7981859410e-02	-1.8414211e-01
4.8072562358e-02	-2.3273568e-01
4.8163265306e-02	-2.7569209e-01
4.8253968254e-02	-3.2344473e-01
4.8344671202e-02	-3.6016083e-01
4.8435374150e-02	-4.0197538e-01
4.8526077098e-02	-4.4066923e-01
4.8616780045e-02	-4.8485065e-01
4.8707482993e-02	-5.2484496e-01
4.8798185941e-02	-5.4662896e-01
4.8888888889e-02	-5.7748960e-01
4.8979591837e-02	-5.9729132e-01
4.9070294785e-02	-6.0812445e-01
4.9160997732e-02	-6.2082468e-01
4.9251700680e-02	-6.3407232e-01
4.9342403628e-02	-6.4237986e-01
4.9433106576e-02	-6.5125004e-01
4.9523809524e-02	-6.6084476e-01
4.9614512472e-02	-6.6660063e-01
4.9705215420e-02	-6.7577719e-01
4.9795918367e-02	-6.8962523e-01
4.9886621315e-02	-7.0179075e-01
4.9977324263e-02	-7.0604177e-01
5.0068027211e-02	-7.0537527e-01
5.0158730159e-02	-7.0525080e-01
5.0249433107e-02	-7.0324544e-01
5.0340136054e-02	-6.9052297e-01
5.0430839002e-02	-6.7244230e-01
5.0521541950e-02	-6.5304605e-01
5.0612244898e-02	-6.3640879e-01
5.0702947846e-02	-6.1553631e-01
5.0793650794e-02	-5.8991302e-01
5.0884353741e-02	-5.7549387e-01
5.0975056689e-02	-5.5500051e-01
5.1065759637e-02	-5.2612730e-01
5.1156462585e-02	-4.9878822e-01
5.1247165533e-02	-4.6879619e-01
5.1337868481e-02	-4.2143003e-01
5.1428571429e-02	-3.7536112e-01
5.1519274376e-02	-3.3309154e-01
5.1609977324e-02	-2.7168607e-01
5.1700680272e-02	-2.0131714e-01
5.1791383220e-02	-1.3384388e-01
5.1882086168e-02	-7.7940638e-02
5.1972789116e-02	-1.6504928e-02
5.2063492063e-02	2.8731379e-02
5.2154195011e-02	6.4035477e-02
5.2244897959e-02	9.4047593e-02
5.2335600907e-02	1.0752507e-01
5.2426303855e-02	9.9470491e-02
5.2517006803e-02	8.3694601e-02
5.2607709751e-02	5.6227462e-02
5.2698412698e-02	1.3425643e-02
5.2789115646e-02	-3.3066178e-02
5.2879818594e-02	-8.2639614e-02
5.2970521542e-02	-1.4068539e-01
5.3061224490e-02	-1.9659682e-01
5.3151927438e-02	-2.4202615e-01
5.3242630385e-02	-3.0514722e-01
5.3333333333e-02	-3.5008972e-01
5.3424036281e-02	-3.8588529e-01
5.3514739229e-02	-4.0875573e-01
5.3605442177e-02	-4.3605135e-01
5.3696145125e-02	-4.4944193e-01
5.3786848073e-02	-4.5881708e-01
5.3877551020e-02	-4.5728741e-01
5.3968253968e-02	-4.4039288e-01
5.4058956916e-02	-4.2534551e-01
5.4149659864e-02	-3.9801733e-01
5.4240362812e-02	-3.5147896e-01
5.4331065760e-02	-3.0604120e-01
5.4421768707e-02	-2.5065705e-01
5.4512471655e-02	-2.0204472e-01
5.4603174603e-02	-1.6070388e-01
5.4693877551e-02	-1.2295097e-01
5.4784580499e-02	-7.2386525e-02
5.4875283447e-02	-3.7132474e-02
5.4965986395e-02	-1.0979500e-02
5.5056689342e-02	2.8281898e-02
5.5147392290e-02	5.5207974e-02
5.5238095238e-02	7.2819431e-02
5.5328798186e-02	9.4525403e-02
5.5419501134e-02	1.1429535e-01
5.5510204082e-02	1.3910428e-01
5.5600907029e-02	1.6535077e-01
5.5691609977e-02	2.0195903e-01
5.5782312925e-02	2.3143634e-01
5.5873015873e-02	2.5918884e-01
5.5963718821e-02	3.0266403e-01
5.6054421769e-02	3.4262804e-01
5.6145124717e-02	3.9595757e-01
5.6235827664e-02	4.1038448e-01
5.6326530612e-02	4.3917556e-01
5.6417233560e-02	4.6793726e-01
5.6507936508e-02	4.8489641e-01
5.6598639456e-02	4.9608762e-01
5.6689342404e-02	4.8622735e-01
5.6780045351e-02	4.8583645e-01
5.6870748299e-02	4.9340681e-01
5.6961451247e-02	3.8631736e-01
5.7052154195e-02	3.8972412e-01
5.7142857143e-02	4.3834253e-01
5.7233560091e-02	4.0789040e-01
5.7324263039e-02	3.7929187e-01
5.7414965986e-02	3.5744316e-01
5.7505668934e-02	3.1875533e-01
5.7596371882e-02	2.9071122e-01
5.7687074830e-02	2.7026886e-01
5.7777777778e-02	2.5484901e-01
5.7868480726e-02	2.4362942e-01
5.7959183673e-02	2.2057170e-01
5.8049886621e-02	2.0991072e-01
5.8140589569e-02	1.9753997e-01
5.8231292517e-02	1.9658840e-01
5.8321995465e-02	1.9291683e-01
5.8412698413e-02	1.8025609e-01
5.8503401361e-02	1.7438529e-01
5.8594104308e-02	1.8109792e-01
5.8684807256e-02	1.9024663e-01
5.8775510204e-02	2.1515787e-01
5.8866213152e-02	2.3479590e-01
5.8956916100e-02	2.6131271e-01
5.9047619048e-02	2.9471860e-01
5.9138321995e-02	3.3258370e-01
5.9229024943e-02	3.5176565e-01
5.9319727891e-02	3.8053706e-01
5.9410430839e-02	3.9667639e-01
5.9501133787e-02	4.1249670e-01
5.9591836735e-02	4.5532744e-01
5.9682539683e-02	4.8839461e-01
5.9773242630e-02	5.0207383e-01
5.9863945578e-02	5.2068905e-01
5.9954648526e-02	5.5800756e-01
6.0045351474e-02	5.8093637e-01
6.0136054422e-02	6.1164713e-01
6.0226757370e-02	6.3858902e-01
6.0317460317e-02	6.6165023e-01
6.0408163265e-02	6.8938363e-01
6.0498866213e-02	7.0565620e-01
6.0589569161e-02	7.1163335e-01
6.0680272109e-02	6.9894491e-01
6.0770975057e-02	6.8918493e-01
6.0861678005e-02	6.7031757e-01
6.0952380952e-02	6.4575860e-01
6.1043083900e-02	6.1096457e-01
6.1133786848e-02	5.9382421e-01
6.1224489796e-02	5.6534220e-01
6.1315192744e-02	5.3474620e-01
6.1405895692e-02	5.0774224e-01
6.1496598639e-02	4.8990958e-01
6.1587301587e-02	4.6991516e-01
6.1678004535e-02	4.4565982e-01
6.1768707483e-02	4.1468367e-01
6.1859410431e-02	3.9661133e-01
6.1950113379e-02	3.7452136e-01
6.2040816327e-02	3.4658720e-01
6.2131519274e-02	3.1347209e-01
6.2222222222e-02	2.7830480e-01
6.2312925170e-02	2.5826569e-01
6.2403628118e-02	2.2757959e-01
6.2494331066e-02	1.9158583e-01
6.2585034014e-02	1.6840607e-01
6.2675736961e-02	1.3929889e-01
6.2766439909e-02	1.1320473e-01
6.2857142857e-02	8.7570588e-02
6.2947845805e-02	6.3142520e-02
6.3038548753e-02	3.8640170e-02
6.3129251701e-02	2.7167051e-02
6.3219954649e-02	2.2116554e-03
6.3310657596e-02	-1.4689438e-02
6.3401360544e-02	-2.5503351e-02
6.3492063492e-02	-3.8595381e-02
6.3582766440e-02	-4.6593975e-02
6.3673469388e-02	-6.5105186e-02
6.3764172336e-02	-7.0891953e-02
6.3854875283e-02	-7.5274989e-02
6.3945578231e-02	-8.7952459e-02
6.4036281179e-02	-9.8481184e-02
6.4126984127e-02	-9.9119672e-02
6.4217687075e-02	-1.0650778e-01
6.4308390023e-02	-1.0820674e-01
6.4399092971e-02	-1.1297281e-01
6.4489795918e-02	-1.0873222e-01
6.4580498866e-02	-9.8567119e-02
6.4671201814e-02	-8.4478831e-02
6.4761904762e-02	-7.1430076e-02
6.4852607710e-02	-4.6316126e-02
6.4943310658e-02	-1.6192601e-02
6.5034013605e-02	1.4072216e-02
6.5124716553e-02	2.8529549e-02
6.5215419501e-02	4.7436260e-02
6.5306122449e-02	6.1574971e-02
6.5396825397e-02	6.9853156e-02
6.5487528345e-02	6.9609295e-02
6.5578231293e-02	6.1153143e-02
6.5668934240e-02	4.2363493e-02
6.5759637188e-02	5.8871109e-03
6.5850340136e-02	-2.5050108e-02
6.5941043084e-02	-6.0575823e-02
6.6031746032e-02	-1.0528841e-01
6.6122448980e-02	-1.5292656e-01
6.6213151927e-02	-1.9932795e-01
6.6303854875e-02	-2.4307161e-01
6.6394557823e-02	-2.9693502e-01
6.6485260771e-02	-3.3987255e-01
6.6575963719e-02	-3.7636964e-01
6.6666666667e-02	-4.2142139e-01
6.6757369615e-02	-4.5580547e-01
6.6848072562e-02	-4.9370874e-01
6.6938775510e-02	-5.2607223e-01
6.7029478458e-02	-5.5933515e-01
6.7120181406e-02	-5.7918299e-01
6.7210884354e-02	-6.0898651e-01
6.7301587302e-02	-6.4120637e-01
6.7392290249e-02	-6.6741292e-01
6.7482993197e-02	-6.8212942e-01
6.7573696145e-02	-7.0272873e-01
6.7664399093e-02	-7.0618276e-01
6.7755102041e-02	-7.2649201e-01
6.7845804989e-02	-7.2993983e-01
6.7936507937e-02	-7.3528359e-01
6.8027210884e-02	-7.5515681e-01
6.8117913832e-02	-7.4317162e-01
6.8208616780e-02	-7.3782237e-01
6.8299319728e-02	-7.3292358e-01
6.8390022676e-02	-7.1466311e-01
6.8480725624e-02	-6.9891725e-01
6.8571428571e-02	-6.8457605e-01
6.8662131519e-02	-6.6668634e-01
6.8752834467e-02	-6.2913764e-01
6.8843537415e-02	-5.9048848e-01
6.8934240363e-02	-5.5795557e-01
6.9024943311e-02	-5.3593606e-01
6.9115646259e-02	-4.9945525e-01
6.9206349206e-02	-4.6121257e-01
6.9297052154e-02	-4.3252349e-01
6.9387755102e-02	-3.8153236e-01
6.9478458050e-02	-4.4104546e-01
6.9569160998e-02	-3.4577661e-01
6.9659863946e-02	-2.5921869e-01
6.9750566893e-02	-2.3533034e-01
6.9841269841e-02	-1.9926271e-01
6.9931972789e-02	-1.7561670e-01
7.0022675737e-02	-1.5711196e-01
7.0113378685e-02	-1.4578637e-01
7.0204081633e-02	-1.3510027e-01
7.0294784580e-02	-1.3387806e-01
7.0385487528e-02	-1.3950235e-01
7.0476190476e-02	-1.5128459e-01
7.0566893424e-02	-1.7388182e-01
7.0657596372e-02	-1.9380280e-01
7.0748299320e-02	-2.1424524e-01
7.0839002268e-02	-2.3719117e-01
7.0929705215e-02	-2.6425780e-01
7.1020408163e-02	-2.9747769e-01
7.1111111111e-02	-3.2989209e-01
7.1201814059e-02	-3.5894056e-01
7.1292517007e-02	-3.8206033e-01
7.1383219955e-02	-4.1559193e-01
7.1473922902e-02	-4.3496146e-01
7.1564625850e-02	-4.4504072e-01
7.1655328798e-02	-4.5336574e-01
7.1746031746e-02	-4.5637147e-01
7.1836734694e-02	-4.5960478e-01
7.1927437642e-02	-4.4561080e-01
7.2018140590e-02	-4.2406706e-01
7.2108843537e-02	-3.9768315e-01
7.2199546485e-02	-3.6406748e-01
7.2290249433e-02	-3.3108571e-01
7.2380952381e-02	-2.9344598e-01
7.2471655329e-02	-2.7064283e-01
7.2562358277e-02	-2.3283428e-01
7.2653061224e-02	-1.9305003e-01
7.2743764172e-02	-1.6717587e-01
7.2834467120e-02	-1.3938498e-01
7.2925170068e-02	-1.1127754e-01
7.3015873016e-02	-7.9138206e-02
7.3106575964e-02	-4.6045505e-02
7.3197278912e-02	2.4094262e-03
7.3287981859e-02	4.3202257e-02
7.3378684807e-02	8.6899073e-02
7.3469387755e-02	1.4156377e-01
7.3560090703e-02	2.0125939e-01
7.3650793651e-02	2.5598494e-01
7.3741496599e-02	3.1083084e-01
7.3832199546e-02	3.6919221e-01
7.3922902494e-02	4.1567261e-01
7.4013605442e-02	4.4098859e-01
7.4104308390e-02	4.7324198e-01
7.4195011338e-02	5.0121809e-01
7.4285714286e-02	5.0770417e-01
7.4376417234e-02	5.1531558e-01
7.4467120181e-02	5.1495292e-01
7.4557823129e-02	5.1024259e-01
7.4648526077e-02	4.9364880e-01
7.4739229025e-02	4.8087416e-01
7.4829931973e-02	4.6064772e-01
7.4920634921e-02	4.2257043e-01
7.5011337868e-02	4.0491987e-01
7.5102040816e-02	3.9454526e-01
7.5192743764e-02	3.6027144e-01
7.5283446712e-02	3.3055368e-01
7.5374149660e-02	3.0593788e-01
7.5464852608e-02	2.9749508e-01
7.5555555556e-02	2.8067274e-01
7.5646258503e-02	2.7335514e-01
7.5736961451e-02	2.7454259e-01
7.5827664399e-02	2.7396527e-01
7.5918367347e-02	2.7225240e-01
7.6009070295e-02	2.8200450e-01
7.6099773243e-02	2.8952148e-01
7.6190476190e-02	2.8869657e-01
7.6281179138e-02	2.9438975e-01
7.6371882086e-02	2.8440413e-01
7.6462585034e-02	2.7812567e-01
7.6553287982e-02	2.6874814e-01
7.6643990930e-02	2.5671959e-01
7.6734693878e-02	2.4673747e-01
7.6825396825e-02	2.3431671e-01
7.6916099773e-02	2.2508315e-01
7.7006802721e-02	2.2316045e-01
7.7097505669e-02	2.2607577e-01
7.7188208617e-02	2.2316172e-01
7.7278911565e-02	2.2612678e-01
7.7369614512e-02	2.4777975e-01
7.7460317460e-02	2.7149323e-01
7.7551020408e-02	2.9221254e-01
7.7641723356e-02	3.2602667e-01
7.7732426304e-02	3.6874420e-01
7.7823129252e-02	4.0497648e-01
7.7913832200e-02	4.5293353e-01
7.8004535147e-02	4.9021161e-01
7.8095238095e-02	5.4504637e-01
7.8185941043e-02	6.0533119e-01
7.8276643991e-02	6.4627822e-01
7.8367346939e-02	6.7863489e-01
7.8458049887e-02	7.0797020e-01
7.8548752834e-02	7.2587157e-01
7.8639455782e-02	7.3794386e-01
7.8730158730e-02	7.2490238e-01
7.8820861678e-02	6.9732696e-01
7.8911564626e-02	6.7113154e-01
7.9002267574e-02	6.3919992e-01
7.9092970522e-02	6.0573225e-01
7.9183673469e-02	5.5953325e-01
7.9274376417e-02	5.2545824e-01
7.9365079365e-02	4.8072366e-01
7.9455782313e-02	4.2984487e-01
7.9546485261e-02	4.0139071e-01
7.9637188209e-02	3.7655478e-01
7.9727891156e-02	3.3602702e-01
7.9818594104e-02	3.0765880e-01
7.9909297052e-02	2.8755407e-01
8.0000000000e-02	2.6518210e-01
8.0090702948e-02	2.4182058e-01
8.0181405896e-02	2.3323769e-01
8.0272108844e-02	2.1756090e-01
8.0362811791e-02	2.0593292e-01
8.0453514739e-02	2.0617122e-01
8.0544217687e-02	2.1050196e-01
8.0634920635e-02	2.1402948e-01
8.0725623583e-02	2.1351606e-01
8.0816326531e-02	2.0395779e-01
8.0907029478e-02	1.9528535e-01
8.0997732426e-02	1.9812102e-01
8.1088435374e-02	1.8371419e-01
8.1179138322e-02	1.6719871e-01
8.1269841270e-02	1.4611654e-01
8.1360544218e-02	1.2430921e-01
8.1451247166e-02	9.1346242e-02
8.1541950113e-02	6.2648538e-02
8.1632653061e-02	3.3221340e-02
8.1723356009e-02	-5.9325002e-03
8.1814058957e-02	-1.9838093e-02
8.1904761905e-02	-5.1824388e-02
8.1995464853e-02	-1.6185063e-01
8.2086167800e-02	-1.0664961e-01
8.2176870748e-02	-9.3916370e-02
8.2267573696e-02	-1.0043168e-01
8.2358276644e-02	-9.8118117e-02
8.2448979592e-02	-8.6555951e-02
8.2539682540e-02	-7.6295087e-02
8.2630385488e-02	-6.1034478e-02
8.2721088435e-02	-3.7448490e-02
8.2811791383e-02	-2.1995716e-02
8.2902494331e-02	7.2633623e-03
8.2993197279e-02	3.2770165e-02
8.3083900227e-02	5.8547238e-02
8.3174603175e-02	7.0346330e-02
8.3265306122e-02	8.8600344e-02
8.3356009070e-02	1.0724350e-01
8.3446712018e-02	1.0186923e-01
8.3537414966e-02	8.9599805e-02
8.3628117914e-02	7.3944762e-02
8.3718820862e-02	5.3165837e-02
8.3809523810e-02	1.3811075e-02
8.3900226757e-02	-2.7033257e-02
8.3990929705e-02	-6.3117641e-02
8.4081632653e-02	-1.1196079e-01
8.4172335601e-02	-1.5676825e-01
8.4263038549e-02	-2.1364466e-01
8.4353741497e-02	-2.6771340e-01
8.4444444444e-02	-3.1132700e-01
8.4535147392e-02	-3.5631743e-01
8.4625850340e-02	-4.0731801e-01
8.4716553288e-02	-4.5088591e-01
8.4807256236e-02	-4.8367897e-01
8.4897959184e-02	-5.2119010e-01
8.4988662132e-02	-5.6286222e-01
8.5079365079e-02	-5.8842733e-01
8.5170068027e-02	-6.2117267e-01
8.5260770975e-02	-6.5056764e-01
8.5351473923e-02	-6.6918266e-01
8.5442176871e-02	-6.9084005e-01
8.5532879819e-02	-7.0438026e-01
8.5623582766e-02	-7.1739877e-01
8.5714285714e-02	-7.3076297e-01
8.5804988662e-02	-7.5268598e-01
8.5895691610e-02	-7.6195888e-01
8.5986394558e-02	-7.7137774e-01
8.6077097506e-02	-7.8039737e-01
8.6167800454e-02	-7.7701413e-01
8.6258503401e-02	-7.7923710e-01
8.6349206349e-02	-7.7512786e-01
8.6439909297e-02	-7.6644881e-01
8.6530612245e-02	-7.4558958e-01
8.6621315193e-02	-7.3023493e-01
8.6712018141e-02	-7.1136456e-01
8.6802721088e-02	-6.8599378e-01
8.6893424036e-02	-6.6299353e-01
8.6984126984e-02	-6.3372127e-01
8.7074829932e-02	-5.9849422e-01
8.7165532880e-02	-5.7101921e-01
8.7256235828e-02	-5.4290093e-01
8.7346938776e-02	-5.2381530e-01
8.7437641723e-02	-4.9576206e-01
8.7528344671e-02	-4.5761918e-01
8.7619047619e-02	-4.2575980e-01
8.7709750567e-02	-3.9318690e-01
8.7800453515e-02	-3.5742716e-01
8.7891156463e-02	-3.3159990e-01
8.7981859410e-02	-3.1424958e-01
8.8072562358e-02	-2.9317265e-01
8.8163265306e-02	-2.7524360e-01
8.8253968254e-02	-2.5769691e-01
8.8344671202e-02	-2.6104353e-01
8.8435374150e-02	-2.5249386e-01
8.8526077098e-02	-2.5827220e-01
8.8616780045e-02	-2.5928348e-01
8.8707482993e-02	-2.7220336e-01
8.8798185941e-02	-2.9408823e-01
8.8888888889e-02	-3.0343597e-01
8.8979591837e-02	-3.1987837e-01
8.9070294785e-02	-3.4204901e-01
8.9160997732e-02	-3.6123398e-01
8.9251700680e-02	-3.7336580e-01
8.9342403628e-02	-3.8190899e-01
8.9433106576e-02	-3.9447476e-01
8.9523809524e-02	-3.9435704e-01
8.9614512472e-02	-4.0458746e-01
8.9705215420e-02	-4.0021620e-01
8.9795918367e-02	-3.9649137e-01
8.9886621315e-02	-3.7739003e-01
8.9977324263e-02	-3.5105822e-01
9.0068027211e-02	-3.3209227e-01
9.0158730159e-02	-3.0408222e-01
9.0249433107e-02	-2.8462571e-01
9.0340136054e-02	-2.5318132e-01
9.0430839002e-02	-2.1675205e-01
9.0521541950e-02	-1.7880009e-01
9.0612244898e-02	-1.4216048e-01
9.0702947846e-02	-1.0552193e-01
9.0793650794e-02	-7.3916531e-02
9.0884353741e-02	-3.5848972e-02
9.0975056689e-02	-4.2001643e-03
9.1065759637e-02	2.5832309e-02
9.1156462585e-02	7.6370619e-02
9.1247165533e-02	1.2335102e-01
9.1337868481e-02	1.6047668e-01
9.1428571429e-02	1.9868131e-01
9.1519274376e-02	2.3970895e-01
9.1609977324e-02	2.7614363e-01
9.1700680272e-02	3.1861931e-01
9.1791383220e-02	3.5958995e-01
9.1882086168e-02	3.7719465e-01
9.1972789116e-02	4.0442107e-01
9.2063492063e-02	4.2584032e-01
9.2154195011e-02	4.3786597e-01
9.2244897959e-02	4.4987933e-01
9.2335600907e-02	4.5637770e-01
9.2426303855e-02	4.6358083e-01
9.2517006803e-02	4.6099554e-01
9.2607709751e-02	4.6273615e-01
9.2698412698e-02	4.5577374e-01
9.2789115646e-02	4.6486422e-01
9.2879818594e-02	4.5399823e-01
9.2970521542e-02	4.4431137e-01
9.3061224490e-02	4.3072439e-01
9.3151927438e-02	4.3572187e-01
9.3242630385e-02	4.1815477e-01
9.3333333333e-02	4.0516873e-01
9.3424036281e-02	3.9946878e-01
9.3514739229e-02	3.8296529e-01
9.3605442177e-02	3.7223072e-01
9.3696145125e-02	3.6091275e-01
9.3786848073e-02	3.5769994e-01
9.3877551020e-02	3.5198360e-01
9.3968253968e-02	3.4843777e-01
9.4058956916e-02	3.3936236e-01
9.4149659864e-02	3.2347715e-01
9.4240362812e-02	3.1722676e-01
9.4331065760e-02	3.1162835e-01
9.4421768707e-02	2.6260446e-01
9.4512471655e-02	1.5784425e-01
9.4603174603e-02	2.3221737e-01
9.4693877551e-02	2.1818843e-01
9.4784580499e-02	1.9393578e-01
9.4875283447e-02	1.7567158e-01
9.4965986395e-02	1.6434728e-01
9.5056689342e-02	1.5782146e-01
9.5147392290e-02	1.6459400e-01
9.5238095238e-02	1.6716362e-01
9.5328798186e-02	1.8579501e-01
9.5419501134e-02	2.0371311e-01
9.5510204082e-02	2.3291689e-01
9.5600907029e-02	2.5918553e-01
9.5691609977e-02	2.8589682e-01
9.5782312925e-02	3.2401562e-01
9.5873015873e-02	3.5782769e-01
9.5963718821e-02	3.9326515e-01
9.6054421769e-02	4.3509640e-01
9.6145124717e-02	4.7778509e-01
9.6235827664e-02	4.9865579e-01
9.6326530612e-02	5.3478202e-01
9.6417233560e-02	5.6518017e-01
9.6507936508e-02	5.8408245e-01
9.6598639456e-02	5.9034836e-01
9.6689342404e-02	5.9066627e-01
9.6780045351e-02	5.7971020e-01
9.6870748299e-02	5.5478513e-01
9.6961451247e-02	5.2625037e-01
9.7052154195e-02	4.9814230e-01
9.7142857143e-02	4.7084562e-01
9.7233560091e-02	4.3396327e-01
9.7324263039e-02	4.0401077e-01
9.7414965986e-02	3.8241645e-01
9.7505668934e-02	3.6857384e-01
9.7596371882e-02	3.4962720e-01
9.7687074830e-02	3.3193075e-01
9.7777777778e-02	3.2915986e-01
9.7868480726e-02	3.2531368e-01
9.7959183673e-02	3.2964464e-01
9.8049886621e-02	3.2970722e-01
9.8140589569e-02	3.2554699e-01
9.8231292517e-02	3.3411669e-01
9.8321995465e-02	3.3459412e-01
9.8412698413e-02	3.2963581e-01
9.8503401361e-02	3.3680783e-01
9.8594104308e-02	3.3723814e-01
9.8684807256e-02	3.2758253e-01
9.8775510204e-02	3.1078592e-01
9.8866213152e-02	2.9381465e-01
9.8956916100e-02	2.8376067e-01
9.9047619048e-02	2.6379509e-01
9.9138321995e-02	2.3971445e-01
9.9229024943e-02	2.0904869e-01
9.9319727891e-02	1.7545605e-01
9.9410430839e-02	1.5014585e-01
9.9501133787e-02	1.1433399e-01
9.9591836735e-02	7.5086918e-02
9.9682539683e-02	4.8842568e-02
9.9773242630e-02	3.2330356e-02
9.9863945578e-02	8.4126024e-03
9.9954648526e-02	3.8729753e-04
1.0004535147e-01	-7.4716722e-03
1.0013605442e-01	-1.1229509e-02
1.0022675737e-01	-1.7060326e-02
1.0031746032e-01	-1.8284728e-02
1.0040816327e-01	-6.4209918e-03
1.0049886621e-01	-5.8154601e-03
1.0058956916e-01	-1.2527852e-03
1.0068027211e-01	8.9050552e-03
1.0077097506e-01	1.8331803e-02
1.0086167800e-01	3.1175218e-02
1.0095238095e-01	4.7251229e-02
1.0104308390e-01	6.4372716e-02
1.0113378685e-01	7.9242055e-02
1.0122448980e-01	8.4863914e-02
1.0131519274e-01	9.9839681e-02
1.0140589569e-01	1.0242697e-01
1.0149659864e-01	1.0010668e-01
1.0158730159e-01	9.2439149e-02
1.0167800454e-01	8.3978909e-02
1.0176870748e-01	7.3289103e-02
1.0185941043e-01	4.9735026e-02
1.0195011338e-01	2.4665407e-02
1.0204081633e-01	-1.4641242e-02
1.0213151927e-01	-4.0775853e-02
1.0222222222e-01	-7.9195968e-02
1.0231292517e-01	-1.1765276e-01
1.0240362812e-01	-1.4979364e-01
1.0249433107e-01	-1.9192108e-01
1.0258503401e-01	-2.2643140e-01
1.0267573696e-01	-2.7072688e-01
1.0276643991e-01	-3.0290500e-01
1.0285714286e-01	-3.4146516e-01
1.0294784580e-01	-3.8148032e-01
1.0303854875e-01	-4.2671106e-01
1.0312925170e-01	-4.5791151e-01
1.0321995465e-01	-5.0516499e-01
1.0331065760e-01	-5.6360513e-01
1.0340136054e-01	-6.0737999e-01
1.0349206349e-01	-6.4180928e-01
1.0358276644e-01	-6.7967502e-01
1.0367346939e-01	-7.2267008e-01
1.0376417234e-01	-7.6565536e-01
1.0385487528e-01	-7.9965821e-01
1.0394557823e-01	-8.2440091e-01
1.0403628118e-01	-8.5192855e-01
1.0412698413e-01	-8.6652330e-01
1.0421768707e-01	-8.6704239e-01
1.0430839002e-01	-8.7184375e-01
1.0439909297e-01	-8.6574571e-01
1.0448979592e-01	-8.5415856e-01
1.0458049887e-01	-8.3830232e-01
1.0467120181e-01	-8.1233427e-01
1.0476190476e-01	-7.8508717e-01
1.0485260771e-01	-7.5113856e-01
1.0494331066e-01	-7.2557134e-01
1.0503401361e-01	-7.0465834e-01
1.0512471655e-01	-6.8126660e-01
1.0521541950e-01	-6.5267944e-01
1.0530612245e-01	-6.3930119e-01
1.0539682540e-01	-6.1191314e-01
1.0548752834e-01	-5.9259157e-01
1.0557823129e-01	-5.6573434e-01
1.0566893424e-01	-5.5893068e-01
1.0575963719e-01	-5.4299924e-01
1.0585034014e-01	-5.1397061e-01
1.0594104308e-01	-4.9719026e-01
1.0603174603e-01	-4.8440977e-01
1.0612244898e-01	-4.6244676e-01
1.0621315193e-01	-4.4219150e-01
1.0630385488e-01	-4.2095422e-01
1.0639455782e-01	-4.0807913e-01
1.0648526077e-01	-3.9409941e-01
1.0657596372e-01	-3.7841472e-01
1.0666666667e-01	-3.6486335e-01
1.0675736961e-01	-3.5646057e-01
1.0684807256e-01	-3.3311623e-01
1.0693877551e-01	-3.6050340e-01
1.0702947846e-01	-4.0111285e-01
1.0712018141e-01	-3.0345333e-01
1.0721088435e-01	-3.0285483e-01
1.0730158730e-01	-2.9758554e-01
1.0739229025e-01	-2.9550040e-01
1.0748299320e-01	-2.9442521e-01
1.0757369615e-01	-2.8979273e-01
1.0766439909e-01	-2.9362652e-01
1.0775510204e-01	-2.9493587e-01
1.0784580499e-01	-2.9804583e-01
1.0793650794e-01	-2.9071090e-01
1.0802721088e-01	-2.7958111e-01
1.0811791383e-01	-2.7678803e-01
1.0820861678e-01	-2.7331176e-01
1.0829931973e-01	-2.5844463e-01
1.0839002268e-01	-2.4157383e-01
1.0848072562e-01	-2.2213848e-01
1.0857142857e-01	-2.0298793e-01
1.0866213152e-01	-1.7363606e-01
1.0875283447e-01	-1.3383946e-01
1.0884353741e-01	-1.0556535e-01
1.0893424036e-01	-6.8448601e-02
1.0902494331e-01	-2.3036847e-02
1.0911564626e-01	2.4858249e-02
1.0920634921e-01	6.6660624e-02
1.0929705215e-01	1.1579108e-01
1.0938775510e-01	1.6777216e-01
1.0947845805e-01	2.1168964e-01
1.0956916100e-01	2.6709949e-01
1.0965986395e-01	3.0403532e-01
1.0975056689e-01	3.5112788e-01
1.0984126984e-01	3.9482564e-01
1.0993197279e-01	4.3037115e-01
1.1002267574e-01	4.6012693e-01
1.1011337868e-01	5.0312093e-01
1.1020408163e-01	5.1638387e-01
1.1029478458e-01	5.2807090e-01
1.1038548753e-01	5.4055637e-01
1.1047619048e-01	5.5133918e-01
1.1056689342e-01	5.6142600e-01
1.1065759637e-01	5.5926945e-01
1.1074829932e-01	5.5756391e-01
1.1083900227e-01	5.5786252e-01
1.1092970522e-01	5.4870725e-01
1.1102040816e-01	5.3509075e-01
1.1111111111e-01	5.3786829e-01
1.1120181406e-01	5.2187758e-01
1.1129251701e-01	5.1300371e-01
1.1138321995e-01	5.1340218e-01
1.1147392290e-01	5.0453390e-01
1.1156462585e-01	4.9542149e-01
1.1165532880e-01	4.8953640e-01
1.1174603175e-01	4.7755725e-01
1.1183673469e-01	4.6918588e-01
1.1192743764e-01	4.7490936e-01
1.1201814059e-01	4.6053491e-01
1.1210884354e-01	4.3996606e-01
1.1219954649e-01	4.2870675e-01
1.1229024943e-01	4.0852309e-01
1.1238095238e-01	3.7911985e-01
1.1247165533e-01	3.3817273e-01
1.1256235828e-01	3.0193754e-01
1.1265306122e-01	2.7008490e-01
1.1274376417e-01	2.3308179e-01
1.1283446712e-01	1.9870594e-01
1.1292517007e-01	1.8023103e-01
1.1301587302e-01	1.5457103e-01
1.1310657596e-01	1.4700278e-01
1.1319727891e-01	1.3837776e-01
1.1328798186e-01	1.4281818e-01
1.1337868481e-01	1.4622383e-01
1.1346938776e-01	1.5909166e-01
1.1356009070e-01	1.7948362e-01
1.1365079365e-01	1.9222818e-01
1.1374149660e-01	2.2780339e-01
1.1383219955e-01	2.5402092e-01
1.1392290249e-01	2.9034331e-01
1.1401360544e-01	3.1936090e-01
1.1410430839e-01	3.5520874e-01
1.1419501134e-01	3.8943205e-01
1.1428571429e-01	4.2084601e-01
1.1437641723e-01	4.4723044e-01
1.1446712018e-01	4.6144416e-01
1.1455782313e-01	4.8663584e-01
1.1464852608e-01	4.9429896e-01
1.1473922902e-01	4.9500519e-01
1.1482993197e-01	4.9014239e-01
1.1492063492e-01	4.7058150e-01
1.1501133787e-01	4.5042819e-01
1.1510204082e-01	4.3254734e-01
1.1519274376e-01	4.0387992e-01
1.1528344671e-01	3.9164516e-01
1.1537414966e-01	3.8290873e-01
1.1546485261e-01	3.6362892e-01
1.1555555556e-01	3.4619058e-01
1.1564625850e-01	3.4302027e-01
1.1573696145e-01	3.4085784e-01
1.1582766440e-01	3.4052978e-01
1.1591836735e-01	3.4208743e-01
1.1600907029e-01	3.4672270e-01
1.1609977324e-01	3.6093103e-01
1.1619047619e-01	3.7017222e-01
1.1628117914e-01	3.7046693e-01
1.1637188209e-01	3.6468464e-01
1.1646258503e-01	3.6466201e-01
1.1655328798e-01	3.6488601e-01
1.1664399093e-01	3.6006189e-01
1.1673469388e-01	3.4793434e-01
1.1682539683e-01	3.3050668e-01
1.1691609977e-01	3.0643562e-01
1.1700680272e-01	2.7886738e-01
1.1709750567e-01	2.5401630e-01
1.1718820862e-01	2.1999787e-01
1.1727891156e-01	1.9005170e-01
1.1736961451e-01	1.5680666e-01
1.1746031746e-01	1.2131252e-01
1.1755102041e-01	8.6629353e-02
1.1764172336e-01	6.1403303e-02
1.1773242630e-01	2.2868490e-02
1.1782312925e-01	1.2310927e-02
1.1791383220e-01	1.1687034e-03
1.1800453515e-01	-1.9320256e-02
1.1809523810e-01	-1.8854717e-02
1.1818594104e-01	-1.2427575e-02
1.1827664399e-01	-1.0233480e-02
1.1836734694e-01	-1.4074070e-02
1.1845804989e-01	1.2459922e-03
1.1854875283e-01	1.4271707e-02
1.1863945578e-01	2.3015367e-02
1.1873015873e-01	3.9432149e-02
1.1882086168e-01	6.4491671e-02
1.1891156463e-01	8.0621547e-02
1.1900226757e-01	8.7972095e-02
1.1909297052e-01	1.0731973e-01
1.1918367347e-01	1.2818860e-01
1.1927437642e-01	1.2672811e-01
1.1936507937e-01	1.4735230e-01
1.1945578231e-01	8.4742654e-02
1.1954648526e-01	7.0170292e-02
1.1963718821e-01	1.4644107e-01
1.1972789116e-01	1.2787926e-01
1.1981859410e-01	1.1495777e-01
1.1990929705e-01	9.2865445e-02
1.2000000000e-01	6.5420737e-02
1.2009070295e-01	4.3502310e-02
1.2018140590e-01	1.9606977e-02
1.2027210884e-01	-9.8543634e-03
1.2036281179e-01	-3.9464152e-02
1.2045351474e-01	-7.8542351e-02
1.2054421769e-01	-1.1977825e-01
1.2063492063e-01	-1.6093875e-01
1.2072562358e-01	-1.9856855e-01
1.2081632653e-01	-2.3834987e-01
1.2090702948e-01	-2.8113949e-01
1.2099773243e-01	-3.4196493e-01
1.2108843537e-01	-3.9169695e-01
1.2117913832e-01	-4.4588214e-01
1.2126984127e-01	-4.9404183e-01
1.2136054422e-01	-5.5067899e-01
1.2145124717e-01	-6.0796721e-01
1.2154195011e-01	-6.5759418e-01
1.2163265306e-01	-7.1062890e-01
1.2172335601e-01	-7.6217571e-01
1.2181405896e-01	-7.9180214e-01
1.2190476190e-01	-8.3252741e-01
1.2199546485e-01	-8.5982747e-01
1.2208616780e-01	-8.7797779e-01
1.2217687075e-01	-8.9684517e-01
1.2226757370e-01	-9.0613445e-01
1.2235827664e-01	-9.0180993e-01
1.2244897959e-01	-8.8795985e-01
1.2253968254e-01	-8.8727468e-01
1.2263038549e-01	-8.6193990e-01
1.2272108844e-01	-8.4554578e-01
1.2281179138e-01	-8.2622156e-01
1.2290249433e-01	-8.0053820e-01
1.2299319728e-01	-7.8395029e-01
1.2308390023e-01	-7.6551984e-01
1.2317460317e-01	-7.4830816e-01
1.2326530612e-01	-7.3678436e-01
1.2335600907e-01	-7.2888974e-01
1.2344671202e-01	-7.1853662e-01
1.2353741497e-01	-7.0734445e-01
1.2362811791e-01	-6.8964305e-01
1.2371882086e-01	-6.7686133e-01
1.2380952381e-01	-6.6783150e-01
1.2390022676e-01	-6.4329571e-01
1.2399092971e-01	-6.2256999e-01
1.2408163265e-01	-6.0252857e-01
1.2417233560e-01	-5.7575902e-01
1.2426303855e-01	-5.6507817e-01
1.2435374150e-01	-5.2951103e-01
1.2444444444e-01	-5.1555842e-01
1.2453514739e-01	-4.9509004e-01
1.2462585034e-01	-4.6865709e-01
1.2471655329e-01	-4.5140490e-01
1.2480725624e-01	-4.3145921e-01
1.2489795918e-01	-4.1735019e-01
1.2498866213e-01	-3.9679682e-01
1.2507936508e-01	-3.8042002e-01
1.2517006803e-01	-3.5886234e-01
1.2526077098e-01	-3.6224881e-01
1.2535147392e-01	-3.4854781e-01
1.2544217687e-01	-3.5076176e-01
1.2553287982e-01	-3.5196494e-01
1.2562358277e-01	-3.5416024e-01
1.2571428571e-01	-3.4948459e-01
1.2580498866e-01	-3.5731722e-01
1.2589569161e-01	-3.5274249e-01
1.2598639456e-01	-3.5107264e-01
1.2607709751e-01	-3.5007900e-01
1.2616780045e-01	-3.4302850e-01
1.2625850340e-01	-3.2798107e-01
1.2634920635e-01	-3.0890065e-01
1.2643990930e-01	-2.8755636e-01
1.2653061224e-01	-2.5507158e-01
1.2662131519e-01	-2.2862842e-01
1.2671201814e-01	-1.8971191e-01
1.2680272109e-01	-1.4208954e-01
1.2689342404e-01	-1.0811879e-01
1.2698412698e-01	-6.2897952e-02
1.2707482993e-01	-8.9058192e-03
1.2716553288e-01	4.4024527e-02
1.2725623583e-01	9.9675675e-02
1.2734693878e-01	1.4754711e-01
1.2743764172e-01	1.8766403e-01
1.2752834467e-01	2.4235246e-01
1.2761904762e-01	2.9329110e-01
1.2770975057e-01	3.3007322e-01
1.2780045351e-01	3.7565500e-01
1.2789115646e-01	4.1377216e-01
1.2798185941e-01	4.4433365e-01
1.2807256236e-01	4.7419312e-01
1.2816326531e-01	5.0784761e-01
1.2825396825e-01	5.2319245e-01
1.2834467120e-01	5.4506365e-01
1.2843537415e-01	5.6773807e-01
1.2852607710e-01	5.7853834e-01
1.2861678005e-01	5.8823314e-01
1.2870748299e-01	6.0218303e-01
1.2879818594e-01	5.9941756e-01
1.2888888889e-01	6.0739178e-01
1.2897959184e-01	6.1486272e-01
1.2907029478e-01	6.2113653e-01
1.2916099773e-01	6.3410462e-01
1.2925170068e-01	6.2789041e-01
1.2934240363e-01	6.1257632e-01
1.2943310658e-01	6.1342815e-01
1.2952380952e-01	6.1010176e-01
1.2961451247e-01	6.1136090e-01
1.2970521542e-01	6.0547609e-01
1.2979591837e-01	5.9443010e-01
1.2988662132e-01	5.7282208e-01
1.2997732426e-01	5.6192919e-01
1.3006802721e-01	5.4168800e-01
1.3015873016e-01	5.1845642e-01
1.3024943311e-01	4.9921001e-01
1.3034013605e-01	4.5775117e-01
1.3043083900e-01	4.2573536e-01
1.3052154195e-01	3.9381486e-01
1.3061224490e-01	3.5233542e-01
1.3070294785e-01	3.1844148e-01
1.3079365079e-01	2.8836031e-01
1.3088435374e-01	2.6215688e-01
1.3097505669e-01	2.2880879e-01
1.3106575964e-01	2.1530882e-01
1.3115646259e-01	1.9811356e-01
1.3124716553e-01	1.9787158e-01
1.3133786848e-01	1.9835406e-01
1.3142857143e-01	2.0333848e-01
1.3151927438e-01	2.1515129e-01
1.3160997732e-01	2.2694720e-01
1.3170068027e-01	2.4115333e-01
1.3179138322e-01	2.6354021e-01
1.3188208617e-01	2.9232035e-01
1.3197278912e-01	2.1790462e-01
1.3206349206e-01	2.7571438e-01
1.3215419501e-01	3.6281621e-01
1.3224489796e-01	3.7802010e-01
1.3233560091e-01	3.9243480e-01
1.3242630385e-01	4.0833445e-01
1.3251700680e-01	4.2718993e-01
1.3260770975e-01	4.3931569e-01
1.3269841270e-01	4.3479280e-01
1.3278911565e-01	4.3146805e-01
1.3287981859e-01	4.1887515e-01
1.3297052154e-01	4.0260605e-01
1.3306122449e-01	3.9685804e-01
1.3315192744e-01	3.9108830e-01
1.3324263039e-01	3.6457120e-01
1.3333333333e-01	3.5230676e-01
1.3342403628e-01	3.4284683e-01
1.3351473923e-01	3.3835988e-01
1.3360544218e-01	3.3138799e-01
1.3369614512e-01	3.4439590e-01
1.3378684807e-01	3.3570693e-01
1.3387755102e-01	3.3769563e-01
1.3396825397e-01	3.4579382e-01
1.3405895692e-01	3.4494671e-01
1.3414965986e-01	3.5229547e-01
1.3424036281e-01	3.5515669e-01
1.3433106576e-01	3.4811952e-01
1.3442176871e-01	3.4566717e-01
1.3451247166e-01	3.4185245e-01
1.3460317460e-01	3.3592432e-01
1.3469387755e-01	3.1859827e-01
1.3478458050e-01	3.0813773e-01
1.3487528345e-01	2.9168291e-01
1.3496598639e-01	2.5836252e-01
1.3505668934e-01	2.4207326e-01
1.3514739229e-01	2.1909878e-01
1.3523809524e-01	1.8251598e-01
1.3532879819e-01	1.6279481e-01
1.3541950113e-01	1.3248428e-01
1.3551020408e-01	1.1306932e-01
1.3560090703e-01	8.3726323e-02
1.3569160998e-01	6.7820204e-02
1.3578231293e-01	4.4566869e-02
1.3587301587e-01	3.4527847e-02
1.3596371882e-01	2.1472318e-02
1.3605442177e-01	1.9892524e-02
1.3614512472e-01	1.8543584e-02
1.3623582766e-01	1.7111226e-02
1.3632653061e-01	2.6448901e-02
1.3641723356e-01	3.5262587e-02
1.3650793651e-01	3.7799618e-02
1.3659863946e-01	4.4487515e-02
1.3668934240e-01	5.4221842e-02
1.3678004535e-01	6.7238317e-02
1.3687074830e-01	8.3201915e-02
1.3696145125e-01	9.9819612e-02
1.3705215420e-01	1.1462730e-01
1.3714285714e-01	1.2964151e-01
1.3723356009e-01	1.3854849e-01
1.3732426304e-01	1.5052942e-01
1.3741496599e-01	1.6410672e-01
1.3750566893e-01	1.6358255e-01
1.3759637188e-01	1.7074355e-01
1.3768707483e-01	1.6152948e-01
1.3777777778e-01	1.6300189e-01
1.3786848073e-01	1.5912877e-01
1.3795918367e-01	1.4715222e-01
1.3804988662e-01	1.2695180e-01
1.3814058957e-01	1.0977209e-01
1.3823129252e-01	9.3470856e-02
1.3832199546e-01	5.7193008e-02
1.3841269841e-01	2.4869498e-02
1.3850340136e-01	-2.8492548e-03
1.3859410431e-01	-3.9918128e-02
1.3868480726e-01	-8.2671574e-02
1.3877551020e-01	-1.2675978e-01
1.3886621315e-01	-1.7307453e-01
1.3895691610e-01	-2.2143295e-01
1.3904761905e-01	-2.6977386e-01
1.3913832200e-01	-3.2240826e-01
1.3922902494e-01	-3.8596057e-01
1.3931972789e-01	-4.4252197e-01
1.3941043084e-01	-4.9799653e-01
1.3950113379e-01	-5.5473283e-01
1.3959183673e-01	-6.0684431e-01
1.3968253968e-01	-6.4998693e-01
1.3977324263e-01	-6.9388823e-01
1.3986394558e-01	-7.3535075e-01
1.3995464853e-01	-7.6656335e-01
1.4004535147e-01	-7.9854254e-01
1.4013605442e-01	-8.2061647e-01
1.4022675737e-01	-8.2916205e-01
1.4031746032e-01	-8.4390075e-01
1.4040816327e-01	-8.4156902e-01
1.4049886621e-01	-8.3803644e-01
1.4058956916e-01	-8.3446518e-01
1.4068027211e-01	-8.3363337e-01
1.4077097506e-01	-8.2233391e-01
1.4086167800e-01	-8.0914368e-01
1.4095238095e-01	-8.0146347e-01
1.4104308390e-01	-7.9724545e-01
1.4113378685e-01	-7.8020040e-01
1.4122448980e-01	-7.7778889e-01
1.4131519274e-01	-7.7058997e-01
1.4140589569e-01	-7.6165267e-01
1.4149659864e-01	-7.5557984e-01
1.4158730159e-01	-7.4415011e-01
1.4167800454e-01	-7.3263347e-01
1.4176870748e-01	-7.1757619e-01
1.4185941043e-01	-6.9207554e-01
1.4195011338e-01	-6.7570636e-01
1.4204081633e-01	-6.5754085e-01
1.4213151927e-01	-6.3890647e-01
1.4222222222e-01	-6.2071132e-01
1.4231292517e-01	-5.9348146e-01
1.4240362812e-01	-5.6610046e-01
1.4249433107e-01	-5.4499568e-01
1.4258503401e-01	-5.2517344e-01
1.4267573696e-01	-5.0916612e-01
1.4276643991e-01	-4.8356685e-01
1.4285714286e-01	-4.6405664e-01
1.4294784580e-01	-4.4574169e-01
1.4303854875e-01	-4.4308126e-01
1.4312925170e-01	-4.3594112e-01
1.4321995465e-01	-4.2957547e-01
1.4331065760e-01	-4.2622336e-01
1.4340136054e-01	-4.2914936e-01
1.4349206349e-01	-4.3131006e-01
1.4358276644e-01	-4.3240358e-01
1.4367346939e-01	-4.3209630e-01
1.4376417234e-01	-4.4046468e-01
1.4385487528e-01	-4.3416814e-01
1.4394557823e-01	-4.2744784e-01
1.4403628118e-01	-4.1456354e-01
1.4412698413e-01	-4.1091466e-01
1.4421768707e-01	-3.9772845e-01
1.4430839002e-01	-3.6548170e-01
1.4439909297e-01	-3.3713478e-01
1.4448979592e-01	-3.9000134e-01
1.4458049887e-01	-3.0094652e-01
1.4467120181e-01	-2.2928592e-01
1.4476190476e-01	-2.0004379e-01
1.4485260771e-01	-1.6091964e-01
1.4494331066e-01	-1.0987224e-01
1.4503401361e-01	-7.1560347e-02
1.4512471655e-01	-2.7029001e-02
1.4521541950e-01	2.2850788e-02
1.4530612245e-01	6.5282870e-02
1.4539682540e-01	1.1595629e-01
1.4548752834e-01	1.6382009e-01
1.4557823129e-01	2.0964767e-01
1.4566893424e-01	2.5044853e-01
1.4575963719e-01	2.9875503e-01
1.4585034014e-01	3.2971181e-01
1.4594104308e-01	3.7703826e-01
1.4603174603e-01	4.1141142e-01
1.4612244898e-01	4.3926907e-01
1.4621315193e-01	4.6911571e-01
1.4630385488e-01	5.0613214e-01
1.4639455782e-01	5.2188715e-01
1.4648526077e-01	5.5145093e-01
1.4657596372e-01	5.7556102e-01
1.4666666667e-01	5.8740156e-01
1.4675736961e-01	5.9618039e-01
1.4684807256e-01	6.1611762e-01
1.4693877551e-01	6.2622739e-01
1.4702947846e-01	6.2274349e-01
1.4712018141e-01	6.3408719e-01
1.4721088435e-01	6.2845120e-01
1.4730158730e-01	6.3310061e-01
1.4739229025e-01	6.2714728e-01
1.4748299320e-01	6.2248746e-01
1.4757369615e-01	6.2504327e-01
1.4766439909e-01	6.0809857e-01
1.4775510204e-01	5.9796335e-01
1.4784580499e-01	5.8878547e-01
1.4793650794e-01	5.7632009e-01
1.4802721088e-01	5.5635051e-01
1.4811791383e-01	5.3442435e-01
1.4820861678e-01	5.2312464e-01
1.4829931973e-01	4.9582774e-01
1.4839002268e-01	4.7033668e-01
1.4848072562e-01	4.3173232e-01
1.4857142857e-01	4.0432287e-01
1.4866213152e-01	3.8476522e-01
1.4875283447e-01	3.4595366e-01
1.4884353741e-01	3.1639013e-01
1.4893424036e-01	2.9229171e-01
1.4902494331e-01	2.6820235e-01
1.4911564626e-01	2.5721970e-01
1.4920634921e-01	2.4403764e-01
1.4929705215e-01	2.4261002e-01
1.4938775510e-01	2.3827835e-01
1.4947845805e-01	2.3645572e-01
1.4956916100e-01	2.4060375e-01
1.4965986395e-01	2.4970442e-01
1.4975056689e-01	2.6124856e-01
1.4984126984e-01	2.6776304e-01
1.4993197279e-01	2.7981292e-01
1.5002267574e-01	2.9645564e-01
1.5011337868e-01	3.1090807e-01
1.5020408163e-01	3.2491772e-01
1.5029478458e-01	3.5592324e-01
1.5038548753e-01	3.7349284e-01
1.5047619048e-01	3.9726377e-01
1.5056689342e-01	4.0943402e-01
1.5065759637e-01	4.2117501e-01
1.5074829932e-01	4.2861055e-01
1.5083900227e-01	4.2969829e-01
1.5092970522e-01	4.2730583e-01
1.5102040816e-01	4.1243927e-01
1.5111111111e-01	4.1447486e-01
1.5120181406e-01	4.0462568e-01
1.5129251701e-01	3.9204048e-01
1.5138321995e-01	3.7133834e-01
1.5147392290e-01	3.6705605e-01
1.5156462585e-01	3.5978397e-01
1.5165532880e-01	3.4923561e-01
1.5174603175e-01	3.4087622e-01
1.5183673469e-01	3.3591811e-01
1.5192743764e-01	3.2919645e-01
1.5201814059e-01	3.2954093e-01
1.5210884354e-01	3.2611182e-01
1.5219954649e-01	3.0729592e-01
1.5229024943e-01	3.0274710e-01
1.5238095238e-01	3.0403298e-01
1.5247165533e-01	2.9327384e-01
1.5256235828e-01	2.9457464e-01
1.5265306122e-01	3.0037294e-01
1.5274376417e-01	2.8471781e-01
1.5283446712e-01	2.7600412e-01
1.5292517007e-01	2.6346675e-01
1.5301587302e-01	2.4789631e-01
1.5310657596e-01	2.3254212e-01
1.5319727891e-01	2.0794696e-01
1.5328798186e-01	1.8542357e-01
1.5337868481e-01	1.6105240e-01
1.5346938776e-01	1.4195852e-01
1.5356009070e-01	1.2382914e-01
1.5365079365e-01	1.0203218e-01
1.5374149660e-01	7.8975213e-02
1.5383219955e-01	7.0080253e-02
1.5392290249e-01	5.8017292e-02
1.5401360544e-01	5.4814028e-02
1.5410430839e-01	4.7820089e-02
1.5419501134e-01	5.0183308e-02
1.5428571429e-01	4.9191982e-02
1.5437641723e-01	4.3107313e-02
1.5446712018e-01	4.6718259e-02
1.5455782313e-01	5.7998566e-02
1.5464852608e-01	7.0549195e-02
1.5473922902e-01	7.6023828e-02
1.5482993197e-01	8.0402005e-02
1.5492063492e-01	9.9191706e-02
1.5501133787e-01	1.0555871e-01
1.5510204082e-01	1.1263853e-01
1.5519274376e-01	1.3275368e-01
1.5528344671e-01	1.4637270e-01
1.5537414966e-01	1.4748927e-01
1.5546485261e-01	1.5311449e-01
1.5555555556e-01	1.6574679e-01
1.5564625850e-01	1.6554219e-01
1.5573696145e-01	1.6967861e-01
1.5582766440e-01	1.7539675e-01
1.5591836735e-01	1.6555767e-01
1.5600907029e-01	1.4566968e-01
1.5609977324e-01	1.2625173e-01
1.5619047619e-01	1.0915989e-01
1.5628117914e-01	7.9434917e-02
1.5637188209e-01	4.2135019e-02
1.5646258503e-01	5.6614123e-03
1.5655328798e-01	-2.7836569e-02
1.5664399093e-01	-6.6468199e-02
1.5673469388e-01	-1.1174858e-01
1.5682539683e-01	-1.5921697e-01
1.5691609977e-01	-2.1679166e-01
1.5700680272e-01	-3.4325569e-01
1.5709750567e-01	-3.3338228e-01
1.5718820862e-01	-3.6960437e-01
1.5727891156e-01	-4.3530325e-01
1.5736961451e-01	-4.8330275e-01
1.5746031746e-01	-5.2750323e-01
1.5755102041e-01	-5.6687239e-01
1.5764172336e-01	-6.1636528e-01
1.5773242630e-01	-6.6248538e-01
1.5782312925e-01	-6.9512720e-01
1.5791383220e-01	-7.3256262e-01
1.5800453515e-01	-7.6120495e-01
1.5809523810e-01	-7.8979999e-01
1.5818594104e-01	-7.9874130e-01
1.5827664399e-01	-8.1494522e-01
1.5836734694e-01	-8.2269666e-01
1.5845804989e-01	-8.3152018e-01
1.5854875283e-01	-8.3109967e-01
1.5863945578e-01	-8.2776485e-01
1.5873015873e-01	-8.2134561e-01
1.5882086168e-01	-8.2142506e-01
1.5891156463e-01	-8.0993512e-01
1.5900226757e-01	-8.0646746e-01
1.5909297052e-01	-7.9325405e-01
1.5918367347e-01	-7.8797603e-01
1.5927437642e-01	-7.7854058e-01
1.5936507937e-01	-7.7903874e-01
1.5945578231e-01	-7.6645026e-01
1.5954648526e-01	-7.4795138e-01
1.5963718821e-01	-7.4445487e-01
1.5972789116e-01	-7.3303593e-01
1.5981859410e-01	-7.0404349e-01
1.5990929705e-01	-6.8221216e-01
1.6000000000e-01	-6.6565895e-01
1.6009070295e-01	-6.4278591e-01
1.6018140590e-01	-6.2362874e-01
1.6027210884e-01	-6.0453832e-01
1.6036281179e-01	-5.8142350e-01
1.6045351474e-01	-5.5924547e-01
1.6054421769e-01	-5.4105490e-01
1.6063492063e-01	-5.2974344e-01
1.6072562358e-01	-5.0137218e-01
1.6081632653e-01	-4.8645800e-01
1.6090702948e-01	-4.7682857e-01
1.6099773243e-01	-4.5573224e-01
1.6108843537e-01	-4.4471720e-01
1.6117913832e-01	-4.3610439e-01
1.6126984127e-01	-4.2570477e-01
1.6136054422e-01	-4.2593041e-01
1.6145124717e-01	-4.2387321e-01
1.6154195011e-01	-4.1867428e-01
1.6163265306e-01	-4.1384967e-01
1.6172335601e-01	-4.0845020e-01
1.6181405896e-01	-4.0865951e-01
1.6190476190e-01	-3.9467005e-01
1.6199546485e-01	-3.8425561e-01
1.6208616780e-01	-3.7749013e-01
1.6217687075e-01	-3.5663341e-01
1.6226757370e-01	-3.4063658e-01
1.6235827664e-01	-3.1521541e-01
1.6244897959e-01	-2.9228415e-01
1.6253968254e-01	-2.5809862e-01
1.6263038549e-01	-2.2454850e-01
1.6272108844e-01	-1.8883793e-01
1.6281179138e-01	-1.4129082e-01
1.6290249433e-01	-9.9594000e-02
1.6299319728e-01	-5.4767821e-02
1.6308390023e-01	-7.9322529e-03
1.6317460317e-01	3.0700630e-02
1.6326530612e-01	8.2370868e-02
1.6335600907e-01	1.2336014e-01
1.6344671202e-01	1.6311171e-01
1.6353741497e-01	1.9850824e-01
1.6362811791e-01	2.5280043e-01
1.6371882086e-01	2.8236211e-01
1.6380952381e-01	3.1780666e-01
1.6390022676e-01	3.6152972e-01
1.6399092971e-01	3.9188442e-01
1.6408163265e-01	4.2306963e-01
1.6417233560e-01	4.5534416e-01
1.6426303855e-01	4.8779620e-01
1.6435374150e-01	5.1925807e-01
1.6444444444e-01	5.4353860e-01
1.6453514739e-01	5.6413506e-01
1.6462585034e-01	5.7054614e-01
1.6471655329e-01	5.9039890e-01
1.6480725624e-01	6.1633994e-01
1.6489795918e-01	6.2202326e-01
1.6498866213e-01	6.2349611e-01
1.6507936508e-01	6.2656231e-01
1.6517006803e-01	6.3020099e-01
1.6526077098e-01	6.2230484e-01
1.6535147392e-01	6.2864827e-01
1.6544217687e-01	6.2003829e-01
1.6553287982e-01	6.1052095e-01
1.6562358277e-01	6.0650903e-01
1.6571428571e-01	5.9467103e-01
1.6580498866e-01	5.8362256e-01
1.6589569161e-01	5.8439600e-01
1.6598639456e-01	5.7085887e-01
1.6607709751e-01	5.4716323e-01
1.6616780045e-01	5.3220100e-01
1.6625850340e-01	5.1235659e-01
1.6634920635e-01	4.8791789e-01
1.6643990930e-01	4.6470402e-01
1.6653061224e-01	4.3293321e-01
1.6662131519e-01	4.0634283e-01
1.6671201814e-01	3.8217786e-01
1.6680272109e-01	3.4640973e-01
1.6689342404e-01	3.1949519e-01
1.6698412698e-01	3.0360063e-01
1.6707482993e-01	2.8759524e-01
1.6716553288e-01	2.6954845e-01
1.6725623583e-01	2.5029306e-01
1.6734693878e-01	2.4195697e-01
1.6743764172e-01	2.3663501e-01
1.6752834467e-01	2.2862414e-01
1.6761904762e-01	2.2899001e-01
1.6770975057e-01	2.3484667e-01
1.6780045351e-01	2.4195479e-01
1.6789115646e-01	2.4895075e-01
1.6798185941e-01	2.5886703e-01
1.6807256236e-01	2.6992838e-01
1.6816326531e-01	2.8936063e-01
1.6825396825e-01	3.0597243e-01
1.6834467120e-01	3.2812159e-01
1.6843537415e-01	3.4487663e-01
1.6852607710e-01	3.6077604e-01
1.6861678005e-01	3.7624924e-01
1.6870748299e-01	3.8931781e-01
1.6879818594e-01	4.0057360e-01
1.6888888889e-01	4.0296255e-01
1.6897959184e-01	3.9998095e-01
1.6907029478e-01	3.9691993e-01
1.6916099773e-01	3.8436794e-01
1.6925170068e-01	3.6627984e-01
1.6934240363e-01	3.6664149e-01
1.6943310658e-01	3.2456045e-01
1.6952380952e-01	2.4429107e-01
1.6961451247e-01	3.3224622e-01
1.6970521542e-01	3.2301983e-01
1.6979591837e-01	3.1636968e-01
1.6988662132e-01	3.1307634e-01
1.6997732426e-01	3.0365033e-01
1.7006802721e-01	2.9644160e-01
1.7015873016e-01	2.9237346e-01
1.7024943311e-01	2.9322099e-01
1.7034013605e-01	2.9473613e-01
1.7043083900e-01	3.0183264e-01
1.7052154195e-01	3.0001193e-01
1.7061224490e-01	2.9548541e-01
1.7070294785e-01	2.9675271e-01
1.7079365079e-01	2.9136610e-01
1.7088435374e-01	2.8833941e-01
1.7097505669e-01	2.8226973e-01
1.7106575964e-01	2.7282885e-01
1.7115646259e-01	2.5587329e-01
1.7124716553e-01	2.4160085e-01
1.7133786848e-01	2.2307123e-01
1.7142857143e-01	2.0316710e-01
1.7151927438e-01	1.8777182e-01
1.7160997732e-01	1.6443795e-01
1.7170068027e-01	1.4049085e-01
1.7179138322e-01	1.1976472e-01
1.7188208617e-01	9.4306251e-02
1.7197278912e-01	7.6784713e-02
1.7206349206e-01	6.3401229e-02
1.7215419501e-01	5.6211435e-02
1.7224489796e-01	4.7150358e-02
1.7233560091e-01	3.9664163e-02
1.7242630385e-01	4.4417242e-02
1.7251700680e-01	4.1278948e-02
1.7260770975e-01	4.6466816e-02
1.7269841270e-01	5.1238866e-02
1.7278911565e-01	5.0808088e-02
1.7287981859e-01	6.3150652e-02
1.7297052154e-01	7.3130665e-02
1.7306122449e-01	8.4342189e-02
1.7315192744e-01	9.1634267e-02
1.7324263039e-01	9.8018610e-02
1.7333333333e-01	1.0908995e-01
1.7342403628e-01	1.2622274e-01
1.7351473923e-01	1.3458718e-01
1.7360544218e-01	1.3240203e-01
1.7369614512e-01	1.3178287e-01
1.7378684807e-01	1.3807467e-01
1.7387755102e-01	1.3066545e-01
1.7396825397e-01	1.2233050e-01
1.7405895692e-01	1.0226575e-01
1.7414965986e-01	8.3251282e-02
1.7424036281e-01	6.7036326e-02
1.7433106576e-01	4.1313493e-02
1.7442176871e-01	1.1463272e-03
1.7451247166e-01	-2.8220562e-02
1.7460317460e-01	-6.6448942e-02
1.7469387755e-01	-1.0106053e-01
1.7478458050e-01	-1.4328095e-01
1.7487528345e-01	-1.8610858e-01
1.7496598639e-01	-2.2905565e-01
1.7505668934e-01	-2.7555263e-01
1.7514739229e-01	-3.1345753e-01
1.7523809524e-01	-3.6865592e-01
1.7532879819e-01	-4.1274901e-01
1.7541950113e-01	-4.6200858e-01
1.7551020408e-01	-4.9813211e-01
1.7560090703e-01	-5.3829548e-01
1.7569160998e-01	-5.7462546e-01
1.7578231293e-01	-6.1898592e-01
1.7587301587e-01	-6.5527296e-01
1.7596371882e-01	-6.8150835e-01
1.7605442177e-01	-7.0464743e-01
1.7614512472e-01	-7.2580600e-01
1.7623582766e-01	-7.5320556e-01
1.7632653061e-01	-7.6929786e-01
1.7641723356e-01	-7.8703517e-01
1.7650793651e-01	-7.9744607e-01
1.7659863946e-01	-7.9935945e-01
1.7668934240e-01	-8.0268043e-01
1.7678004535e-01	-8.0664764e-01
1.7687074830e-01	-8.1146400e-01
1.7696145125e-01	-8.1692330e-01
1.7705215420e-01	-8.2018838e-01
1.7714285714e-01	-8.1045531e-01
1.7723356009e-01	-8.1347448e-01
1.7732426304e-01	-8.1038092e-01
1.7741496599e-01	-8.0720920e-01
1.7750566893e-01	-8.0601092e-01
1.7759637188e-01	-7.8585049e-01
1.7768707483e-01	-7.7234489e-01
1.7777777778e-01	-7.5672002e-01
1.7786848073e-01	-7.5130119e-01
1.7795918367e-01	-7.3346336e-01
1.7804988662e-01	-7.0468630e-01
1.7814058957e-01	-6.9204487e-01
1.7823129252e-01	-6.7269459e-01
1.7832199546e-01	-6.4460962e-01
1.7841269841e-01	-6.2640361e-01
1.7850340136e-01	-6.1016768e-01
1.7859410431e-01	-5.9231939e-01
1.7868480726e-01	-5.7094939e-01
1.7877551020e-01	-5.5435632e-01
1.7886621315e-01	-5.3966001e-01
1.7895691610e-01	-5.2319599e-01
1.7904761905e-01	-4.9912798e-01
1.7913832200e-01	-4.7705136e-01
1.7922902494e-01	-4.6365057e-01
1.7931972789e-01	-4.4619919e-01
1.7941043084e-01	-4.3707233e-01
1.7950113379e-01	-4.3134636e-01
1.7959183673e-01	-4.1776084e-01
1.7968253968e-01	-4.0327155e-01
1.7977324263e-01	-3.9532604e-01
1.7986394558e-01	-3.7605550e-01
1.7995464853e-01	-3.5701384e-01
1.8004535147e-01	-3.3549661e-01
1.8013605442e-01	-3.2576847e-01
1.8022675737e-01	-3.0163178e-01
1.8031746032e-01	-2.6957242e-01
1.8040816327e-01	-2.4288513e-01
1.8049886621e-01	-2.1035922e-01
1.8058956916e-01	-1.8028484e-01
1.8068027211e-01	-1.4997892e-01
1.8077097506e-01	-1.2109510e-01
1.8086167800e-01	-8.6134460e-02
1.8095238095e-01	-5.4790483e-02
1.8104308390e-01	-1.9141146e-02
1.8113378685e-01	1.8473847e-02
1.8122448980e-01	5.5978700e-02
1.8131519274e-01	9.9816464e-02
1.8140589569e-01	1.3008581e-01
1.8149659864e-01	1.6428550e-01
1.8158730159e-01	1.9962860e-01
1.8167800454e-01	2.3938491e-01
1.8176870748e-01	2.7009225e-01
1.8185941043e-01	3.0757437e-01
1.8195011338e-01	3.1070361e-01
1.8204081633e-01	3.2693298e-01
1.8213151927e-01	4.1460043e-01
1.8222222222e-01	4.3097580e-01
1.8231292517e-01	4.6709573e-01
1.8240362812e-01	5.0039626e-01
1.8249433107e-01	5.1170992e-01
1.8258503401e-01	5.3982813e-01
1.8267573696e-01	5.5790824e-01
1.8276643991e-01	5.6409760e-01
1.8285714286e-01	5.7981870e-01
1.8294784580e-01	5.8547559e-01
1.8303854875e-01	5.8468666e-01
1.8312925170e-01	6.0293357e-01
1.8321995465e-01	6.0367377e-01
1.8331065760e-01	6.0405622e-01
1.8340136054e-01	5.9782070e-01
1.8349206349e-01	5.9738599e-01
1.8358276644e-01	5.8666092e-01
1.8367346939e-01	5.7650898e-01
1.8376417234e-01	5.8763533e-01
1.8385487528e-01	5.7707055e-01
1.8394557823e-01	5.6667898e-01
1.8403628118e-01	5.5694292e-01
1.8412698413e-01	5.4463459e-01
1.8421768707e-01	5.2683919e-01
1.8430839002e-01	5.1629261e-01
1.8439909297e-01	5.0500826e-01
1.8448979592e-01	4.8756897e-01
1.8458049887e-01	4.6511736e-01
1.8467120181e-01	4.4585064e-01
1.8476190476e-01	4.2384749e-01
1.8485260771e-01	4.0742337e-01
1.8494331066e-01	3.8580383e-01
1.8503401361e-01	3.6786944e-01
1.8512471655e-01	3.5281187e-01
1.8521541950e-01	3.4128957e-01
1.8530612245e-01	3.2574371e-01
1.8539682540e-01	3.0641826e-01
1.8548752834e-01	2.9391683e-01
1.8557823129e-01	2.9550858e-01
1.8566893424e-01	2.9053482e-01
1.8575963719e-01	2.7504806e-01
1.8585034014e-01	2.7906396e-01
1.8594104308e-01	2.8580382e-01
1.8603174603e-01	2.8895658e-01
1.8612244898e-01	2.9528341e-01
1.8621315193e-01	2.9789301e-01
1.8630385488e-01	3.1952473e-01
1.8639455782e-01	3.4282348e-01
1.8648526077e-01	3.5507017e-01
1.8657596372e-01	3.7292193e-01
1.8666666667e-01	3.8919004e-01
1.8675736961e-01	4.0410271e-01
1.8684807256e-01	4.0267458e-01
1.8693877551e-01	4.0237596e-01
1.8702947846e-01	4.0108569e-01
1.8712018141e-01	3.9577701e-01
1.8721088435e-01	3.8244258e-01
1.8730158730e-01	3.7135650e-01
1.8739229025e-01	3.4591886e-01
1.8748299320e-01	3.4209228e-01
1.8757369615e-01	3.2183920e-01
1.8766439909e-01	3.0005451e-01
1.8775510204e-01	2.9390449e-01
1.8784580499e-01	2.9154724e-01
1.8793650794e-01	2.9382444e-01
1.8802721088e-01	2.9060262e-01
1.8811791383e-01	2.8893995e-01
1.8820861678e-01	2.8652944e-01
1.8829931973e-01	2.8870763e-01
1.8839002268e-01	2.9098208e-01
1.8848072562e-01	2.9189300e-01
1.8857142857e-01	2.9621099e-01
1.8866213152e-01	2.9776576e-01
1.8875283447e-01	3.0577891e-01
1.8884353741e-01	3.0625930e-01
1.8893424036e-01	3.0106045e-01
1.8902494331e-01	2.8913590e-01
1.8911564626e-01	2.8782373e-01
1.8920634921e-01	2.7961399e-01
1.8929705215e-01	2.6749778e-01
1.8938775510e-01	2.5397419e-01
1.8947845805e-01	2.3194583e-01
1.8956916100e-01	2.0319721e-01
1.8965986395e-01	1.8669982e-01
1.8975056689e-01	1.6015167e-01
1.8984126984e-01	1.4083079e-01
1.8993197279e-01	1.1921442e-01
1.9002267574e-01	9.7060551e-02
1.9011337868e-01	8.8140475e-02
1.9020408163e-01	7.5192577e-02
1.9029478458e-01	6.4096575e-02
1.9038548753e-01	4.8730302e-02
1.9047619048e-01	4.4922008e-02
1.9056689342e-01	4.5873822e-02
1.9065759637e-01	4.2725842e-02
1.9074829932e-01	4.7497937e-02
1.9083900227e-01	5.1707165e-02
1.9092970522e-01	5.3972535e-02
1.9102040816e-01	5.6941798e-02
1.9111111111e-01	6.6626798e-02
1.9120181406e-01	6.7922143e-02
1.9129251701e-01	7.5959327e-02
1.9138321995e-01	7.7639001e-02
1.9147392290e-01	8.0591675e-02
1.9156462585e-01	8.8406480e-02
1.9165532880e-01	9.1059822e-02
1.9174603175e-01	9.3960669e-02
1.9183673469e-01	9.2293786e-02
1.9192743764e-01	8.3630008e-02
1.9201814059e-01	6.6573659e-02
1.9210884354e-01	4.6415452e-02
1.9219954649e-01	3.1094373e-02
1.9229024943e-01	6.7224356e-03
1.9238095238e-01	-2.6126883e-02
1.9247165533e-01	-5.4221560e-02
1.9256235828e-01	-8.2659712e-02
1.9265306122e-01	-1.1692628e-01
1.9274376417e-01	-1.4943480e-01
1.9283446712e-01	-1.8501179e-01
1.9292517007e-01	-2.1679917e-01
1.9301587302e-01	-2.6830727e-01
1.9310657596e-01	-3.0087832e-01
1.9319727891e-01	-3.3212529e-01
1.9328798186e-01	-3.7794115e-01
1.9337868481e-01	-4.0855944e-01
1.9346938776e-01	-4.4375100e-01
1.9356009070e-01	-4.8157998e-01
1.9365079365e-01	-5.1692758e-01
1.9374149660e-01	-5.5110883e-01
1.9383219955e-01	-5.8312440e-01
1.9392290249e-01	-6.2339379e-01
1.9401360544e-01	-6.4252365e-01
1.9410430839e-01	-6.6637039e-01
1.9419501134e-01	-6.9036146e-01
1.9428571429e-01	-7.1004292e-01
1.9437641723e-01	-7.1685277e-01
1.9446712018e-01	-8.0987949e-01
1.9455782313e-01	-8.2452597e-01
1.9464852608e-01	-7.5956451e-01
1.9473922902e-01	-7.7491460e-01
1.9482993197e-01	-7.8441757e-01
1.9492063492e-01	-7.9104513e-01
1.9501133787e-01	-7.9569810e-01
1.9510204082e-01	-7.9666573e-01
1.9519274376e-01	-7.9400748e-01
1.9528344671e-01	-7.9833431e-01
1.9537414966e-01	-7.9647077e-01
1.9546485261e-01	-8.0316736e-01
1.9555555556e-01	-7.9550355e-01
1.9564625850e-01	-7.8618678e-01
1.9573696145e-01	-7.7569605e-01
1.9582766440e-01	-7.7217975e-01
1.9591836735e-01	-7.6488769e-01
1.9600907029e-01	-7.5215765e-01
1.9609977324e-01	-7.4256009e-01
1.9619047619e-01	-7.2877767e-01
1.9628117914e-01	-7.0488663e-01
1.9637188209e-01	-6.9329256e-01
1.9646258503e-01	-6.7238091e-01
1.9655328798e-01	-6.5914899e-01
1.9664399093e-01	-6.4032170e-01
1.9673469388e-01	-6.2729103e-01
1.9682539683e-01	-6.0288852e-01
1.9691609977e-01	-5.7510089e-01
1.9700680272e-01	-5.5945296e-01
1.9709750567e-01	-5.3639938e-01
1.9718820862e-01	-5.0957946e-01
1.9727891156e-01	-5.0251690e-01
1.9736961451e-01	-4.8229074e-01
1.9746031746e-01	-4.5991410e-01
1.9755102041e-01	-4.4681381e-01
1.9764172336e-01	-4.3255596e-01
1.9773242630e-01	-4.1658008e-01
1.9782312925e-01	-3.9408223e-01
1.9791383220e-01	-3.7929524e-01
1.9800453515e-01	-3.6277643e-01
1.9809523810e-01	-3.4584521e-01
1.9818594104e-01	-3.1875657e-01
1.9827664399e-01	-2.9026275e-01
1.9836734694e-01	-2.5704240e-01
1.9845804989e-01	-2.3590408e-01
1.9854875283e-01	-2.0107331e-01
1.9863945578e-01	-1.6279937e-01
1.9873015873e-01	-1.3935929e-01
1.9882086168e-01	-1.0713555e-01
1.9891156463e-01	-7.4681576e-02
1.9900226757e-01	-4.2262225e-02
1.9909297052e-01	-4.9367305e-04
1.9918367347e-01	3.2208279e-02
1.9927437642e-01	6.5059648e-02
1.9936507937e-01	9.9150307e-02
1.9945578231e-01	1.2688166e-01
1.9954648526e-01	1.5756775e-01
1.9963718821e-01	1.9285006e-01
1.9972789116e-01	2.2901175e-01
1.9981859410e-01	2.6691290e-01
1.9990929705e-01	2.9845584e-01
2.0000000000e-01	3.2408588e-01
2.0009070295e-01	3.5237370e-01
2.0018140590e-01	3.8459554e-01
2.0027210884e-01	4.1354454e-01
2.0036281179e-01	4.3793263e-01
2.0045351474e-01	4.7178097e-01
2.0054421769e-01	4.9259364e-01
2.0063492063e-01	5.1086840e-01
2.0072562358e-01	5.1795465e-01
2.0081632653e-01	5.2986740e-01
2.0090702948e-01	5.4320796e-01
2.0099773243e-01	5.5052134e-01
2.0108843537e-01	5.5953815e-01
2.0117913832e-01	5.6125452e-01
2.0126984127e-01	5.6388282e-01
2.0136054422e-01	5.7503104e-01
2.0145124717e-01	5.7703520e-01
2.0154195011e-01	5.7613575e-01
2.0163265306e-01	5.7392736e-01
2.0172335601e-01	5.7891625e-01
2.0181405896e-01	5.8029537e-01
2.0190476190e-01	5.8791222e-01
2.0199546485e-01	5.8467969e-01
2.0208616780e-01	5.7590759e-01
2.0217687075e-01	5.7358343e-01
2.0226757370e-01	5.6308559e-01
2.0235827664e-01	5.5588448e-01
2.0244897959e-01	5.4955513e-01
2.0253968254e-01	5.3251650e-01
2.0263038549e-01	5.1417176e-01
2.0272108844e-01	4.9700821e-01
2.0281179138e-01	4.7762709e-01
2.0290249433e-01	4.5422047e-01
2.0299319728e-01	4.2775289e-01
2.0308390023e-01	4.0879949e-01
2.0317460317e-01	4.0504965e-01
2.0326530612e-01	4.0822196e-01
2.0335600907e-01	3.8280653e-01
2.0344671202e-01	3.5406271e-01
2.0353741497e-01	3.3966170e-01
2.0362811791e-01	3.3273541e-01
2.0371882086e-01	3.2947067e-01
2.0380952381e-01	3.2112901e-01
2.0390022676e-01	3.2024652e-01
2.0399092971e-01	3.2050801e-01
2.0408163265e-01	3.1874959e-01
2.0417233560e-01	3.2236342e-01
2.0426303855e-01	3.2909568e-01
2.0435374150e-01	3.4100472e-01
2.0444444444e-01	3.4624492e-01
2.0453514739e-01	3.4789188e-01
2.0462585034e-01	3.6890338e-01
2.0471655329e-01	3.7912503e-01
2.0480725624e-01	3.7609993e-01
2.0489795918e-01	3.6896599e-01
2.0498866213e-01	3.7061151e-01
2.0507936508e-01	3.5995279e-01
2.0517006803e-01	3.4932245e-01
2.0526077098e-01	3.3393508e-01
2.0535147392e-01	3.2274416e-01
2.0544217687e-01	3.1188507e-01
2.0553287982e-01	3.0148054e-01
2.0562358277e-01	2.8571376e-01
2.0571428571e-01	2.8945291e-01
2.0580498866e-01	2.8604788e-01
2.0589569161e-01	2.7446251e-01
2.0598639456e-01	2.7261809e-01
2.0607709751e-01	2.7299253e-01
2.0616780045e-01	2.7109553e-01
2.0625850340e-01	2.6769846e-01
2.0634920635e-01	2.8155337e-01
2.0643990930e-01	2.9285103e-01
2.0653061224e-01	2.9513265e-01
2.0662131519e-01	2.9478116e-01
2.0671201814e-01	3.0912208e-01
2.0680272109e-01	3.0508742e-01
2.0689342404e-01	3.0898744e-01
2.0698412698e-01	2.1806981e-01
2.0707482993e-01	2.5922872e-01
2.0716553288e-01	3.1569508e-01
2.0725623583e-01	2.7985829e-01
2.0734693878e-01	2.6675826e-01
2.0743764172e-01	2.4852278e-01
2.0752834467e-01	2.2378082e-01
2.0761904762e-01	1.9950251e-01
2.0770975057e-01	1.6492362e-01
2.0780045351e-01	1.4344036e-01
2.0789115646e-01	1.2686707e-01
2.0798185941e-01	1.0200883e-01
2.0807256236e-01	7.2815768e-02
2.0816326531e-01	6.0185356e-02
2.0825396825e-01	4.5914387e-02
2.0834467120e-01	3.6484671e-02
2.0843537415e-01	2.7466342e-02
2.0852607710e-01	2.2364379e-02
2.0861678005e-01	2.7326450e-02
2.0870748299e-01	2.3487447e-02
2.0879818594e-01	2.0130765e-02
2.0888888889e-01	3.2711603e-02
2.0897959184e-01	3.5809203e-02
2.0907029478e-01	4.1037623e-02
2.0916099773e-01	4.7817226e-02
2.0925170068e-01	4.7948934e-02
2.0934240363e-01	6.1660419e-02
2.0943310658e-01	6.1244900e-02
2.0952380952e-01	5.9798198e-02
2.0961451247e-01	7.1906187e-02
2.0970521542e-01	6.7869653e-02
2.0979591837e-01	6.2886601e-02
2.0988662132e-01	6.1615009e-02
2.0997732426e-01	4.8337975e-02
2.1006802721e-01	4.0138886e-02
2.1015873016e-01	3.0328778e-02
2.1024943311e-01	9.4982982e-03
2.1034013605e-01	-7.4256970e-03
2.1043083900e-01	-3.4547520e-02
2.1052154195e-01	-5.7933133e-02
2.1061224490e-01	-7.2165988e-02
2.1070294785e-01	-1.0035569e-01
2.1079365079e-01	-1.2530739e-01
2.1088435374e-01	-1.5066253e-01
2.1097505669e-01	-1.7875825e-01
2.1106575964e-01	-2.1042689e-01
2.1115646259e-01	-2.4163517e-01
2.1124716553e-01	-2.8034627e-01
2.1133786848e-01	-3.1034025e-01
2.1142857143e-01	-3.4006141e-01
2.1151927438e-01	-3.7298266e-01
2.1160997732e-01	-4.1222223e-01
2.1170068027e-01	-4.4438929e-01
2.1179138322e-01	-4.8013295e-01
2.1188208617e-01	-5.0412506e-01
2.1197278912e-01	-5.4381151e-01
2.1206349206e-01	-5.7935545e-01
2.1215419501e-01	-6.0144246e-01
2.1224489796e-01	-6.2559725e-01
2.1233560091e-01	-6.4408466e-01
2.1242630385e-01	-6.6690732e-01
2.1251700680e-01	-6.9158610e-01
2.1260770975e-01	-7.0689291e-01
2.1269841270e-01	-7.1932793e-01
2.1278911565e-01	-7.2753314e-01
2.1287981859e-01	-7.3466996e-01
2.1297052154e-01	-7.4414916e-01
2.1306122449e-01	-7.5435547e-01
2.1315192744e-01	-7.6247729e-01
2.1324263039e-01	-7.6811058e-01
2.1333333333e-01	-7.6397711e-01
2.1342403628e-01	-7.7068702e-01
2.1351473923e-01	-7.7170785e-01
2.1360544218e-01	-7.7118303e-01
2.1369614512e-01	-7.7328986e-01
2.1378684807e-01	-7.7164970e-01
2.1387755102e-01	-7.6151076e-01
2.1396825397e-01	-7.4827999e-01
2.1405895692e-01	-7.4917310e-01
2.1414965986e-01	-7.3595721e-01
2.1424036281e-01	-7.2453620e-01
2.1433106576e-01	-7.1765883e-01
2.1442176871e-01	-7.0205898e-01
2.1451247166e-01	-6.8622088e-01
2.1460317460e-01	-6.6953132e-01
2.1469387755e-01	-6.5759494e-01
2.1478458050e-01	-6.3403907e-01
2.1487528345e-01	-6.1430811e-01
2.1496598639e-01	-5.9849293e-01
2.1505668934e-01	-5.7327596e-01
2.1514739229e-01	-5.4148063e-01
2.1523809524e-01	-5.2126746e-01
2.1532879819e-01	-4.9872302e-01
2.1541950113e-01	-4.7443446e-01
2.1551020408e-01	-4.5093732e-01
2.1560090703e-01	-4.3272485e-01
2.1569160998e-01	-4.2093584e-01
2.1578231293e-01	-3.9879462e-01
2.1587301587e-01	-3.8039245e-01
2.1596371882e-01	-3.6356396e-01
2.1605442177e-01	-3.4987421e-01
2.1614512472e-01	-3.2376964e-01
2.1623582766e-01	-3.1027981e-01
2.1632653061e-01	-2.9148302e-01
2.1641723356e-01	-2.7630307e-01
2.1650793651e-01	-2.5274181e-01
2.1659863946e-01	-2.2030847e-01
2.1668934240e-01	-1.8424974e-01
2.1678004535e-01	-1.6623365e-01
2.1687074830e-01	-1.3654574e-01
2.1696145125e-01	-1.1607231e-01
2.1705215420e-01	-8.2097272e-02
2.1714285714e-01	-4.5811224e-02
2.1723356009e-01	-2.7737890e-02
2.1732426304e-01	6.9539848e-03
2.1741496599e-01	4.4154662e-02
2.1750566893e-01	6.9076769e-02
2.1759637188e-01	1.0041422e-01
2.1768707483e-01	1.3732441e-01
2.1777777778e-01	1.6848301e-01
2.1786848073e-01	1.9953200e-01
2.1795918367e-01	2.3773992e-01
2.1804988662e-01	2.6773254e-01
2.1814058957e-01	2.9270112e-01
2.1823129252e-01	3.2552445e-01
2.1832199546e-01	3.5503641e-01
2.1841269841e-01	3.8652331e-01
2.1850340136e-01	4.1366977e-01
2.1859410431e-01	4.4516770e-01
2.1868480726e-01	4.5651792e-01
2.1877551020e-01	4.6783866e-01
2.1886621315e-01	4.9307543e-01
2.1895691610e-01	5.0364783e-01
2.1904761905e-01	5.1013061e-01
2.1913832200e-01	5.2257334e-01
2.1922902494e-01	5.2981005e-01
2.1931972789e-01	5.3341781e-01
2.1941043084e-01	5.4182518e-01
2.1950113379e-01	4.6529208e-01
2.1959183673e-01	5.4297450e-01
2.1968253968e-01	5.7315313e-01
2.1977324263e-01	5.7127637e-01
2.1986394558e-01	5.8102189e-01
2.1995464853e-01	5.7716421e-01
2.2004535147e-01	5.8029322e-01
2.2013605442e-01	5.8589078e-01
2.2022675737e-01	5.7741492e-01
2.2031746032e-01	5.6957355e-01
2.2040816327e-01	5.5623692e-01
2.2049886621e-01	5.4514812e-01
2.2058956916e-01	5.3101650e-01
2.2068027211e-01	5.2125352e-01
2.2077097506e-01	5.0660436e-01
2.2086167800e-01	4.8540901e-01
2.2095238095e-01	4.7068830e-01
2.2104308390e-01	4.4350218e-01
2.2113378685e-01	4.3110404e-01
2.2122448980e-01	4.0869154e-01
2.2131519274e-01	4.0601094e-01
2.2140589569e-01	3.8247849e-01
2.2149659864e-01	3.6261612e-01
2.2158730159e-01	3.5362644e-01
2.2167800454e-01	3.4244569e-01
2.2176870748e-01	3.3271854e-01
2.2185941043e-01	3.1092617e-01
2.2195011338e-01	3.0809038e-01
2.2204081633e-01	3.0405110e-01
2.2213151927e-01	3.1357384e-01
2.2222222222e-01	3.1793091e-01
2.2231292517e-01	3.2357064e-01
2.2240362812e-01	3.3277147e-01
2.2249433107e-01	3.3716645e-01
2.2258503401e-01	3.5631911e-01
2.2267573696e-01	3.7012302e-01
2.2276643991e-01	3.7847240e-01
2.2285714286e-01	3.8433534e-01
2.2294784580e-01	3.8390905e-01
2.2303854875e-01	3.8431717e-01
2.2312925170e-01	3.8052419e-01
2.2321995465e-01	3.6450717e-01
2.2331065760e-01	3.5069694e-01
2.2340136054e-01	3.4421251e-01
2.2349206349e-01	3.3184001e-01
2.2358276644e-01	3.2784864e-01
2.2367346939e-01	3.1508790e-01
2.2376417234e-01	3.1235286e-01
2.2385487528e-01	3.0747749e-01
2.2394557823e-01	3.0568351e-01
2.2403628118e-01	3.0052742e-01
2.2412698413e-01	2.9924301e-01
2.2421768707e-01	3.0177101e-01
2.2430839002e-01	3.0299945e-01
2.2439909297e-01	3.1469388e-01
2.2448979592e-01	3.2563950e-01
2.2458049887e-01	3.2692699e-01
2.2467120181e-01	3.3271175e-01
2.2476190476e-01	3.3218287e-01
2.2485260771e-01	3.3333170e-01
2.2494331066e-01	3.3314103e-01
2.2503401361e-01	3.2356059e-01
2.2512471655e-01	3.1038713e-01
2.2521541950e-01	3.0337847e-01
2.2530612245e-01	2.9032521e-01
2.2539682540e-01	2.6721770e-01
2.2548752834e-01	2.3057192e-01
2.2557823129e-01	2.1814868e-01
2.2566893424e-01	1.9186983e-01
2.2575963719e-01	1.7220720e-01
2.2585034014e-01	1.4664260e-01
2.2594104308e-01	1.1586013e-01
2.2603174603e-01	8.2035046e-02
2.2612244898e-01	6.4585591e-02
2.2621315193e-01	5.2221034e-02
2.2630385488e-01	3.4654437e-02
2.2639455782e-01	1.6997322e-02
2.2648526077e-01	1.5056336e-02
2.2657596372e-01	4.6671057e-03
2.2666666667e-01	6.9489770e-03
2.2675736961e-01	8.0317025e-03
2.2684807256e-01	2.6655914e-03
2.2693877551e-01	1.8856582e-03
2.2702947846e-01	1.2198792e-02
2.2712018141e-01	1.1338030e-02
2.2721088435e-01	2.0106964e-02
2.2730158730e-01	2.7037106e-02
2.2739229025e-01	3.5090926e-02
2.2748299320e-01	3.4238663e-02
2.2757369615e-01	3.6299494e-02
2.2766439909e-01	4.1435175e-02
2.2775510204e-01	3.9813185e-02
2.2784580499e-01	3.7490036e-02
2.2793650794e-01	3.3649681e-02
2.2802721088e-01	1.6757967e-02
2.2811791383e-01	1.8430004e-02
2.2820861678e-01	-4.1491993e-03
2.2829931973e-01	-1.6635451e-02
2.2839002268e-01	-3.7163826e-02
2.2848072562e-01	-6.0785047e-02
2.2857142857e-01	-8.0085402e-02
2.2866213152e-01	-9.9398519e-02
2.2875283447e-01	-1.2642863e-01
2.2884353741e-01	-1.5283899e-01
2.2893424036e-01	-1.8351813e-01
2.2902494331e-01	-1.9792387e-01
2.2911564626e-01	-2.3219829e-01
2.2920634921e-01	-2.6647102e-01
2.2929705215e-01	-2.9619695e-01
2.2938775510e-01	-3.2610401e-01
2.2947845805e-01	-3.6116637e-01
2.2956916100e-01	-3.9700368e-01
2.2965986395e-01	-4.2806788e-01
2.2975056689e-01	-4.5120310e-01
2.2984126984e-01	-4.8845335e-01
2.2993197279e-01	-5.2526485e-01
2.3002267574e-01	-5.5182549e-01
2.3011337868e-01	-5.8208169e-01
2.3020408163e-01	-6.0366575e-01
2.3029478458e-01	-6.2583622e-01
2.3038548753e-01	-6.5599183e-01
2.3047619048e-01	-6.8098331e-01
2.3056689342e-01	-6.9044367e-01
2.3065759637e-01	-7.0916111e-01
2.3074829932e-01	-7.2657181e-01
2.3083900227e-01	-7.3597985e-01
2.3092970522e-01	-7.4911464e-01
2.3102040816e-01	-7.6034155e-01
2.3111111111e-01	-7.5929781e-01
2.3120181406e-01	-7.6587859e-01
2.3129251701e-01	-7.7328021e-01
2.3138321995e-01	-7.7491385e-01
2.3147392290e-01	-7.7483786e-01
2.3156462585e-01	-7.8313480e-01
2.3165532880e-01	-7.8957858e-01
2.3174603175e-01	-7.8138978e-01
2.3183673469e-01	-7.6309090e-01
2.3192743764e-01	-7.7594516e-01
2.3201814059e-01	-8.6248142e-01
2.3210884354e-01	-7.5771896e-01
2.3219954649e-01	-7.2757556e-01
2.3229024943e-01	-7.1920506e-01
2.3238095238e-01	-7.0045764e-01
2.3247165533e-01	-6.9426780e-01
2.3256235828e-01	-6.7761749e-01
2.3265306122e-01	-6.5598544e-01
2.3274376417e-01	-6.3346953e-01
2.3283446712e-01	-6.1044209e-01
2.3292517007e-01	-5.9075014e-01
2.3301587302e-01	-5.5718340e-01
2.3310657596e-01	-5.3459939e-01
2.3319727891e-01	-5.1412979e-01
2.3328798186e-01	-4.8661978e-01
2.3337868481e-01	-4.6003764e-01
2.3346938776e-01	-4.3522773e-01
2.3356009070e-01	-4.1538240e-01
2.3365079365e-01	-3.8805715e-01
2.3374149660e-01	-3.7264865e-01
2.3383219955e-01	-3.5042612e-01
2.3392290249e-01	-3.3327940e-01
2.3401360544e-01	-3.1798073e-01
2.3410430839e-01	-2.9966314e-01
2.3419501134e-01	-2.8643775e-01
2.3428571429e-01	-2.5849164e-01
2.3437641723e-01	-2.4113783e-01
2.3446712018e-01	-2.2466346e-01
2.3455782313e-01	-1.9527774e-01
2.3464852608e-01	-1.7070178e-01
2.3473922902e-01	-1.4418068e-01
2.3482993197e-01	-1.2094618e-01
2.3492063492e-01	-9.1183243e-02
2.3501133787e-01	-6.4853037e-02
2.3510204082e-01	-3.9140978e-02
2.3519274376e-01	-1.3799890e-02
2.3528344671e-01	1.3463797e-02
2.3537414966e-01	3.5090331e-02
2.3546485261e-01	6.0992981e-02
2.3555555556e-01	9.4198375e-02
2.3564625850e-01	1.2180691e-01
2.3573696145e-01	1.4893118e-01
2.3582766440e-01	1.7625207e-01
2.3591836735e-01	2.1015479e-01
2.3600907029e-01	2.4192866e-01
2.3609977324e-01	2.6379666e-01
2.3619047619e-01	2.9408966e-01
2.3628117914e-01	3.2649558e-01
2.3637188209e-01	3.5063086e-01
2.3646258503e-01	3.7133149e-01
2.3655328798e-01	3.9234220e-01
2.3664399093e-01	4.1514597e-01
2.3673469388e-01	4.3993901e-01
2.3682539683e-01	4.4668480e-01
2.3691609977e-01	4.7189038e-01
2.3700680272e-01	4.8843293e-01
2.3709750567e-01	5.0364630e-01
2.3718820862e-01	5.1387009e-01
2.3727891156e-01	5.2208746e-01
2.3736961451e-01	5.3629009e-01
2.3746031746e-01	5.4535825e-01
2.3755102041e-01	5.5765671e-01
2.3764172336e-01	5.5269948e-01
2.3773242630e-01	5.6163596e-01
2.3782312925e-01	5.6742207e-01
2.3791383220e-01	5.7686938e-01
2.3800453515e-01	5.7432560e-01
2.3809523810e-01	5.7408241e-01
2.3818594104e-01	5.7220631e-01
2.3827664399e-01	5.6296560e-01
2.3836734694e-01	5.6429434e-01
2.3845804989e-01	5.5245891e-01
2.3854875283e-01	5.4293210e-01
2.3863945578e-01	5.2487057e-01
2.3873015873e-01	5.0938447e-01
2.3882086168e-01	4.9483692e-01
2.3891156463e-01	4.6645129e-01
2.3900226757e-01	4.4907818e-01
2.3909297052e-01	4.3167298e-01
2.3918367347e-01	4.1351304e-01
2.3927437642e-01	3.9507708e-01
2.3936507937e-01	3.7489189e-01
2.3945578231e-01	3.6015228e-01
2.3954648526e-01	3.4559776e-01
2.3963718821e-01	3.2645389e-01
2.3972789116e-01	3.1153045e-01
2.3981859410e-01	3.0904031e-01
2.3990929705e-01	2.9912899e-01
2.4000000000e-01	2.9034086e-01
2.4009070295e-01	2.8803500e-01
2.4018140590e-01	2.8649403e-01
2.4027210884e-01	2.8493436e-01
2.4036281179e-01	2.9158134e-01
2.4045351474e-01	2.9078403e-01
2.4054421769e-01	2.9016522e-01
2.4063492063e-01	2.8658379e-01
2.4072562358e-01	2.9968529e-01
2.4081632653e-01	3.1577692e-01
2.4090702948e-01	3.2259734e-01
2.4099773243e-01	3.2337677e-01
2.4108843537e-01	3.3234175e-01
2.4117913832e-01	3.3087853e-01
2.4126984127e-01	3.2721047e-01
2.4136054422e-01	3.1724220e-01
2.4145124717e-01	3.1358276e-01
2.4154195011e-01	3.1499978e-01
2.4163265306e-01	3.0955926e-01
2.4172335601e-01	3.0786515e-01
2.4181405896e-01	3.0028152e-01
2.4190476190e-01	3.0497011e-01
2.4199546485e-01	3.0861405e-01
2.4208616780e-01	3.1456639e-01
2.4217687075e-01	3.1975497e-01
2.4226757370e-01	3.1978602e-01
2.4235827664e-01	3.3469080e-01
2.4244897959e-01	3.3534244e-01
2.4253968254e-01	3.4300413e-01
2.4263038549e-01	3.5100232e-01
2.4272108844e-01	3.5765773e-01
2.4281179138e-01	3.5556316e-01
2.4290249433e-01	3.5460533e-01
2.4299319728e-01	3.5606412e-01
2.4308390023e-01	3.4583788e-01
2.4317460317e-01	3.3798283e-01
2.4326530612e-01	3.2621651e-01
2.4335600907e-01	3.0981015e-01
2.4344671202e-01	2.8830281e-01
2.4353741497e-01	2.6965531e-01
2.4362811791e-01	2.4487527e-01
2.4371882086e-01	2.1404146e-01
2.4380952381e-01	1.8530125e-01
2.4390022676e-01	1.6127201e-01
2.4399092971e-01	1.3805133e-01
2.4408163265e-01	9.8687809e-02
2.4417233560e-01	8.5887700e-02
2.4426303855e-01	7.1894910e-02
2.4435374150e-01	6.1040094e-02
2.4444444444e-01	8.5020996e-03
2.4453514739e-01	-6.7510523e-02
2.4462585034e-01	2.3479357e-02
2.4471655329e-01	1.7220521e-02
2.4480725624e-01	1.2450400e-02
2.4489795918e-01	9.1061751e-03
2.4498866213e-01	7.3641498e-03
2.4507936508e-01	2.3727567e-03
2.4517006803e-01	9.0532435e-03
2.4526077098e-01	7.7695887e-03
2.4535147392e-01	8.8786120e-03
2.4544217687e-01	7.8864425e-03
2.4553287982e-01	1.0793342e-03
2.4562358277e-01	-3.6965142e-03
2.4571428571e-01	-2.5976409e-03
2.4580498866e-01	5.3945727e-03
2.4589569161e-01	3.9555097e-03
2.4598639456e-01	-1.6666262e-03
2.4607709751e-01	-3.0711701e-03
2.4616780045e-01	-1.2198395e-02
2.4625850340e-01	-2.7261268e-02
2.4634920635e-01	-4.0025201e-02
2.4643990930e-01	-5.9693776e-02
2.4653061224e-01	-7.5015793e-02
2.4662131519e-01	-8.8717335e-02
2.4671201814e-01	-1.1251825e-01
2.4680272109e-01	-1.3058418e-01
2.4689342404e-01	-1.5077077e-01
2.4698412698e-01	-1.7961299e-01
2.4707482993e-01	-1.9977027e-01
2.4716553288e-01	-2.1885953e-01
2.4725623583e-01	-2.5547724e-01
2.4734693878e-01	-2.8143716e-01
2.4743764172e-01	-3.0879208e-01
2.4752834467e-01	-3.4450808e-01
2.4761904762e-01	-3.6912426e-01
2.4770975057e-01	-3.9555075e-01
2.4780045351e-01	-4.3858050e-01
2.4789115646e-01	-4.7919519e-01
2.4798185941e-01	-5.0680999e-01
2.4807256236e-01	-5.4304462e-01
2.4816326531e-01	-5.7124307e-01
2.4825396825e-01	-5.9876491e-01
2.4834467120e-01	-6.2714745e-01
2.4843537415e-01	-6.4834399e-01
2.4852607710e-01	-6.6669118e-01
2.4861678005e-01	-6.9285433e-01
2.4870748299e-01	-7.1629296e-01
2.4879818594e-01	-7.3664075e-01
2.4888888889e-01	-7.4498806e-01
2.4897959184e-01	-7.5117314e-01
2.4907029478e-01	-7.5288426e-01
2.4916099773e-01	-7.6131978e-01
2.4925170068e-01	-7.6880945e-01
2.4934240363e-01	-7.7728913e-01
2.4943310658e-01	-7.8678892e-01
2.4952380952e-01	-7.9019823e-01
2.4961451247e-01	-7.9857387e-01
2.4970521542e-01	-8.0538499e-01
2.4979591837e-01	-7.9571145e-01
2.4988662132e-01	-7.8991601e-01
2.4997732426e-01	-7.8352278e-01
2.5006802721e-01	-7.7464886e-01
2.5015873016e-01	-7.6579143e-01
2.5024943311e-01	-7.5816188e-01
2.5034013605e-01	-7.3871645e-01
2.5043083900e-01	-7.3243644e-01
2.5052154195e-01	-7.0727564e-01
2.5061224490e-01	-6.8558387e-01
2.5070294785e-01	-6.6545611e-01
2.5079365079e-01	-6.4308843e-01
2.5088435374e-01	-6.1457006e-01
2.5097505669e-01	-5.9114372e-01
2.5106575964e-01	-5.6702439e-01
2.5115646259e-01	-5.2580958e-01
2.5124716553e-01	-5.0148888e-01
2.5133786848e-01	-4.7248112e-01
2.5142857143e-01	-4.3961792e-01
2.5151927438e-01	-4.0469806e-01
2.5160997732e-01	-3.7785952e-01
2.5170068027e-01	-3.6114824e-01
2.5179138322e-01	-3.4631951e-01
2.5188208617e-01	-3.2243153e-01
2.5197278912e-01	-2.9626927e-01
2.5206349206e-01	-2.8161926e-01
2.5215419501e-01	-2.6358974e-01
2.5224489796e-01	-2.4072790e-01
2.5233560091e-01	-2.2204885e-01
2.5242630385e-01	-2.0591463e-01
2.5251700680e-01	-1.7700834e-01
2.5260770975e-01	-1.6166652e-01
2.5269841270e-01	-1.4493816e-01
2.5278911565e-01	-1.1631409e-01
2.5287981859e-01	-9.3992677e-02
2.5297052154e-01	-6.7251486e-02
2.5306122449e-01	-4.4407856e-02
2.5315192744e-01	-1.8146751e-02
2.5324263039e-01	2.5385004e-03
2.5333333333e-01	3.2039774e-02
2.5342403628e-01	5.8124120e-02
2.5351473923e-01	8.4804883e-02
2.5360544218e-01	1.0471676e-01
2.5369614512e-01	1.2993873e-01
2.5378684807e-01	1.5851663e-01
2.5387755102e-01	1.8435735e-01
2.5396825397e-01	2.0318626e-01
2.5405895692e-01	2.3334353e-01
2.5414965986e-01	2.6347494e-01
2.5424036281e-01	2.8723748e-01
2.5433106576e-01	3.1678676e-01
2.5442176871e-01	3.4827678e-01
2.5451247166e-01	3.6462213e-01
2.5460317460e-01	3.8801343e-01
2.5469387755e-01	4.1045857e-01
2.5478458050e-01	4.3522633e-01
2.5487528345e-01	4.4964662e-01
2.5496598639e-01	4.6716651e-01
2.5505668934e-01	4.8055868e-01
2.5514739229e-01	5.1213428e-01
2.5523809524e-01	5.1739051e-01
2.5532879819e-01	5.1329156e-01
2.5541950113e-01	5.2510655e-01
2.5551020408e-01	5.3575528e-01
2.5560090703e-01	5.3679924e-01
2.5569160998e-01	5.4087090e-01
2.5578231293e-01	5.4407005e-01
2.5587301587e-01	5.4848661e-01
2.5596371882e-01	5.5418779e-01
2.5605442177e-01	5.5618986e-01
2.5614512472e-01	5.6570657e-01
2.5623582766e-01	5.6307767e-01
2.5632653061e-01	5.5269545e-01
2.5641723356e-01	5.4613297e-01
2.5650793651e-01	5.3370660e-01
2.5659863946e-01	5.2091255e-01
2.5668934240e-01	5.1482196e-01
2.5678004535e-01	5.0190654e-01
2.5687074830e-01	4.8510969e-01
2.5696145125e-01	4.2947325e-01
2.5705215420e-01	3.9607764e-01
2.5714285714e-01	4.3982864e-01
2.5723356009e-01	4.1491059e-01
2.5732426304e-01	4.0021985e-01
2.5741496599e-01	3.8889794e-01
2.5750566893e-01	3.6773233e-01
2.5759637188e-01	3.5463228e-01
2.5768707483e-01	3.3476026e-01
2.5777777778e-01	3.1813579e-01
2.5786848073e-01	3.0048732e-01
2.5795918367e-01	2.9106047e-01
2.5804988662e-01	2.9368074e-01
2.5814058957e-01	2.8708157e-01
2.5823129252e-01	2.7783316e-01
2.5832199546e-01	2.7418207e-01
2.5841269841e-01	2.6750082e-01
2.5850340136e-01	2.7675537e-01
2.5859410431e-01	2.9155796e-01
2.5868480726e-01	2.9066637e-01
2.5877551020e-01	2.8886282e-01
2.5886621315e-01	3.0590710e-01
2.5895691610e-01	3.1375361e-01
2.5904761905e-01	3.1092723e-01
2.5913832200e-01	3.2196774e-01
2.5922902494e-01	3.2341642e-01
2.5931972789e-01	3.2318073e-01
2.5941043084e-01	3.3074220e-01
2.5950113379e-01	3.2447580e-01
2.5959183673e-01	3.2656031e-01
2.5968253968e-01	3.2483627e-01
2.5977324263e-01	3.2113125e-01
2.5986394558e-01	3.2097053e-01
2.5995464853e-01	3.2295265e-01
2.6004535147e-01	3.2900357e-01
2.6013605442e-01	3.3791649e-01
2.6022675737e-01	3.3954296e-01
2.6031746032e-01	3.4133090e-01
2.6040816327e-01	3.4803255e-01
2.6049886621e-01	3.5638892e-01
2.6058956916e-01	3.6152935e-01
2.6068027211e-01	3.6582472e-01
2.6077097506e-01	3.6871043e-01
2.6086167800e-01	3.7097465e-01
2.6095238095e-01	3.7220833e-01
2.6104308390e-01	3.6810297e-01
2.6113378685e-01	3.6177776e-01
2.6122448980e-01	3.5148772e-01
2.6131519274e-01	3.4459599e-01
2.6140589569e-01	3.2815868e-01
2.6149659864e-01	3.1354853e-01
2.6158730159e-01	2.9323533e-01
2.6167800454e-01	2.6927708e-01
2.6176870748e-01	2.4801766e-01
2.6185941043e-01	2.1862628e-01
2.6195011338e-01	1.9993574e-01
2.6204081633e-01	1.6726363e-01
2.6213151927e-01	1.4710657e-01
2.6222222222e-01	1.2564287e-01
2.6231292517e-01	1.1205287e-01
2.6240362812e-01	8.9206495e-02
2.6249433107e-01	7.6738850e-02
2.6258503401e-01	6.2359828e-02
2.6267573696e-01	5.4385172e-02
2.6276643991e-01	4.7998246e-02
2.6285714286e-01	4.4602161e-02
2.6294784580e-01	3.9730121e-02
2.6303854875e-01	2.8865662e-02
2.6312925170e-01	2.2443526e-02
2.6321995465e-01	1.9656982e-02
2.6331065760e-01	2.0810619e-02
2.6340136054e-01	1.9418319e-02
2.6349206349e-01	2.1976749e-02
2.6358276644e-01	1.7524037e-02
2.6367346939e-01	1.5734114e-02
2.6376417234e-01	1.3775603e-02
2.6385487528e-01	4.9816463e-03
2.6394557823e-01	-2.4132641e-03
2.6403628118e-01	-2.4569197e-04
2.6412698413e-01	-9.7058871e-03
2.6421768707e-01	-2.1087009e-02
2.6430839002e-01	-3.3974094e-02
2.6439909297e-01	-4.7091411e-02
2.6448979592e-01	-6.6347976e-02
2.6458049887e-01	-8.4574395e-02
2.6467120181e-01	-9.6436542e-02
2.6476190476e-01	-1.1666289e-01
2.6485260771e-01	-1.4674343e-01
2.6494331066e-01	-1.7140471e-01
2.6503401361e-01	-1.9409928e-01
2.6512471655e-01	-2.1527039e-01
2.6521541950e-01	-2.4212511e-01
2.6530612245e-01	-2.7123822e-01
2.6539682540e-01	-2.9668199e-01
2.6548752834e-01	-3.2436481e-01
2.6557823129e-01	-3.6005178e-01
2.6566893424e-01	-3.9289250e-01
2.6575963719e-01	-4.2193000e-01
2.6585034014e-01	-4.5093425e-01
2.6594104308e-01	-4.8327500e-01
2.6603174603e-01	-5.2038790e-01
2.6612244898e-01	-5.4778797e-01
2.6621315193e-01	-5.6640331e-01
2.6630385488e-01	-6.0077866e-01
2.6639455782e-01	-6.3091989e-01
2.6648526077e-01	-6.4881412e-01
2.6657596372e-01	-6.7028303e-01
2.6666666667e-01	-6.8820020e-01
2.6675736961e-01	-7.0880401e-01
2.6684807256e-01	-7.2505231e-01
2.6693877551e-01	-7.3402263e-01
2.6702947846e-01	-7.5615002e-01
2.6712018141e-01	-7.5721536e-01
2.6721088435e-01	-7.6336524e-01
2.6730158730e-01	-7.7077156e-01
2.6739229025e-01	-7.8351374e-01
2.6748299320e-01	-7.9262916e-01
2.6757369615e-01	-7.9118977e-01
2.6766439909e-01	-8.0127337e-01
2.6775510204e-01	-8.0281070e-01
2.6784580499e-01	-7.9573501e-01
2.6793650794e-01	-7.9459518e-01
2.6802721088e-01	-7.9979471e-01
2.6811791383e-01	-7.9043392e-01
2.6820861678e-01	-7.7502857e-01
2.6829931973e-01	-7.7167129e-01
2.6839002268e-01	-7.5521434e-01
2.6848072562e-01	-7.3747510e-01
2.6857142857e-01	-7.2805577e-01
2.6866213152e-01	-7.0525661e-01
2.6875283447e-01	-6.8776996e-01
2.6884353741e-01	-6.7280677e-01
2.6893424036e-01	-6.4353821e-01
2.6902494331e-01	-6.1733457e-01
2.6911564626e-01	-5.8675904e-01
2.6920634921e-01	-5.5929724e-01
2.6929705215e-01	-5.3348485e-01
2.6938775510e-01	-4.9097249e-01
2.6947845805e-01	-5.1975475e-01
2.6956916100e-01	-4.8748998e-01
2.6965986395e-01	-4.0267113e-01
2.6975056689e-01	-3.9260373e-01
2.6984126984e-01	-3.7331866e-01
2.6993197279e-01	-3.4911741e-01
2.7002267574e-01	-3.1914991e-01
2.7011337868e-01	-2.8885527e-01
2.7020408163e-01	-2.7867920e-01
2.7029478458e-01	-2.4729694e-01
2.7038548753e-01	-2.2118052e-01
2.7047619048e-01	-1.9943855e-01
2.7056689342e-01	-1.7526518e-01
2.7065759637e-01	-1.4493417e-01
2.7074829932e-01	-1.2416641e-01
2.7083900227e-01	-1.0865879e-01
2.7092970522e-01	-7.4899280e-02
2.7102040816e-01	-5.0369645e-02
2.7111111111e-01	-2.8530979e-02
2.7120181406e-01	-2.6890887e-04
2.7129251701e-01	1.9872515e-02
2.7138321995e-01	4.3631608e-02
2.7147392290e-01	6.8939409e-02
2.7156462585e-01	8.7016892e-02
2.7165532880e-01	1.1070253e-01
2.7174603175e-01	1.4558188e-01
2.7183673469e-01	1.7172370e-01
2.7192743764e-01	1.8507686e-01
2.7201814059e-01	2.1132725e-01
2.7210884354e-01	2.4572814e-01
2.7219954649e-01	2.8471213e-01
2.7229024943e-01	3.0110039e-01
2.7238095238e-01	3.2162957e-01
2.7247165533e-01	3.4527640e-01
2.7256235828e-01	3.7034806e-01
2.7265306122e-01	4.0139369e-01
2.7274376417e-01	4.2361203e-01
2.7283446712e-01	4.5089150e-01
2.7292517007e-01	4.6469370e-01
2.7301587302e-01	4.7856078e-01
2.7310657596e-01	4.9761119e-01
2.7319727891e-01	5.0815124e-01
2.7328798186e-01	5.1469586e-01
2.7337868481e-01	5.1958875e-01
2.7346938776e-01	5.2646009e-01
2.7356009070e-01	5.3829217e-01
2.7365079365e-01	5.3550947e-01
2.7374149660e-01	5.4838984e-01
2.7383219955e-01	5.4725915e-01
2.7392290249e-01	5.4565273e-01
2.7401360544e-01	5.5282368e-01
2.7410430839e-01	5.4706226e-01
2.7419501134e-01	5.5014371e-01
2.7428571429e-01	5.5304425e-01
2.7437641723e-01	5.4913586e-01
2.7446712018e-01	5.3651060e-01
2.7455782313e-01	5.2670225e-01
2.7464852608e-01	5.1647979e-01
2.7473922902e-01	5.1419889e-01
2.7482993197e-01	5.0679493e-01
2.7492063492e-01	4.8669786e-01
2.7501133787e-01	4.7571380e-01
2.7510204082e-01	4.5633641e-01
2.7519274376e-01	4.4246399e-01
2.7528344671e-01	4.2991272e-01
2.7537414966e-01	4.0823894e-01
2.7546485261e-01	3.9685282e-01
2.7555555556e-01	3.8547638e-01
2.7564625850e-01	3.6873959e-01
2.7573696145e-01	3.4508115e-01
2.7582766440e-01	3.2916951e-01
2.7591836735e-01	3.1215019e-01
2.7600907029e-01	3.0662838e-01
2.7609977324e-01	2.9907607e-01
2.7619047619e-01	2.8540635e-01
2.7628117914e-01	2.7120699e-01
2.7637188209e-01	2.6376966e-01
2.7646258503e-01	2.5949065e-01
2.7655328798e-01	2.6221780e-01
2.7664399093e-01	2.5874517e-01
2.7673469388e-01	2.6528356e-01
2.7682539683e-01	2.6953152e-01
2.7691609977e-01	2.8259936e-01
2.7700680272e-01	2.8827839e-01
2.7709750567e-01	2.9198172e-01
2.7718820862e-01	2.9178848e-01
2.7727891156e-01	2.9179418e-01
2.7736961451e-01	2.9878142e-01
2.7746031746e-01	2.9702219e-01
2.7755102041e-01	2.9785556e-01
2.7764172336e-01	2.9603442e-01
2.7773242630e-01	2.9671130e-01
2.7782312925e-01	2.9841057e-01
2.7791383220e-01	3.1085097e-01
2.7800453515e-01	3.1612757e-01
2.7809523810e-01	3.1458824e-01
2.7818594104e-01	3.1753573e-01
2.7827664399e-01	3.2848262e-01
2.7836734694e-01	3.2709272e-01
2.7845804989e-01	3.2364536e-01
2.7854875283e-01	3.3064826e-01
2.7863945578e-01	3.3662264e-01
2.7873015873e-01	3.3833730e-01
2.7882086168e-01	3.4462967e-01
2.7891156463e-01	3.5723822e-01
2.7900226757e-01	3.4682622e-01
2.7909297052e-01	3.4760721e-01
2.7918367347e-01	3.4242717e-01
2.7927437642e-01	3.2694082e-01
2.7936507937e-01	3.1963260e-01
2.7945578231e-01	3.0954334e-01
2.7954648526e-01	2.9630030e-01
2.7963718821e-01	2.8482036e-01
2.7972789116e-01	2.5589563e-01
2.7981859410e-01	2.3125225e-01
2.7990929705e-01	2.0922796e-01
2.8000000000e-01	1.9052170e-01
2.8009070295e-01	1.6732766e-01
2.8018140590e-01	1.4763894e-01
2.8027210884e-01	1.1983208e-01
2.8036281179e-01	1.0474006e-01
2.8045351474e-01	9.3119399e-02
2.8054421769e-01	7.7930940e-02
2.8063492063e-01	6.0754721e-02
2.8072562358e-01	5.3068626e-02
2.8081632653e-01	5.0398710e-02
2.8090702948e-01	3.1734862e-02
2.8099773243e-01	2.5530749e-02
2.8108843537e-01	1.9456177e-02
2.8117913832e-01	1.0428394e-02
2.8126984127e-01	6.1546003e-03
2.8136054422e-01	5.8283210e-03
2.8145124717e-01	4.4688326e-03
2.8154195011e-01	5.5910776e-03
2.8163265306e-01	1.1018974e-03
2.8172335601e-01	2.2681218e-03
2.8181405896e-01	-8.6339558e-04
2.8190476190e-01	9.5298120e-03
2.8199546485e-01	-8.6448175e-02
2.8208616780e-01	-4.9156849e-02
2.8217687075e-01	1.8310784e-03
2.8226757370e-01	-1.0599250e-02
2.8235827664e-01	-2.8383016e-02
2.8244897959e-01	-3.4520689e-02
2.8253968254e-01	-4.9012196e-02
2.8263038549e-01	-7.2391555e-02
2.8272108844e-01	-9.5996286e-02
2.8281179138e-01	-1.0868371e-01
2.8290249433e-01	-1.3585803e-01
2.8299319728e-01	-1.5572741e-01
2.8308390023e-01	-1.6722672e-01
2.8317460317e-01	-1.8696757e-01
2.8326530612e-01	-2.2027570e-01
2.8335600907e-01	-2.3904641e-01
2.8344671202e-01	-2.6531260e-01
2.8353741497e-01	-2.9656140e-01
2.8362811791e-01	-3.2288132e-01
2.8371882086e-01	-3.4977997e-01
2.8380952381e-01	-3.7172797e-01
2.8390022676e-01	-4.1736673e-01
2.8399092971e-01	-4.4173679e-01
2.8408163265e-01	-4.6834159e-01
2.8417233560e-01	-5.0287035e-01
2.8426303855e-01	-5.3248397e-01
2.8435374150e-01	-5.5656388e-01
2.8444444444e-01	-5.7849301e-01
2.8453514739e-01	-6.0320643e-01
2.8462585034e-01	-6.2205717e-01
2.8471655329e-01	-6.4242384e-01
2.8480725624e-01	-6.5640902e-01
2.8489795918e-01	-6.7383061e-01
2.8498866213e-01	-6.9412006e-01
2.8507936508e-01	-7.0823273e-01
2.8517006803e-01	-7.1592608e-01
2.8526077098e-01	-7.2585852e-01
2.8535147392e-01	-7.3291134e-01
2.8544217687e-01	-7.3870401e-01
2.8553287982e-01	-7.4638546e-01
2.8562358277e-01	-7.6236504e-01
2.8571428571e-01	-7.7190944e-01
2.8580498866e-01	-7.7990282e-01
2.8589569161e-01	-7.7254106e-01
2.8598639456e-01	-7.6313474e-01
2.8607709751e-01	-7.6344200e-01
2.8616780045e-01	-7.6874584e-01
2.8625850340e-01	-7.6068747e-01
2.8634920635e-01	-7.4894645e-01
2.8643990930e-01	-7.3569312e-01
2.8653061224e-01	-7.2887115e-01
2.8662131519e-01	-7.1150957e-01
2.8671201814e-01	-7.0230660e-01
2.8680272109e-01	-6.8767884e-01
2.8689342404e-01	-6.6725834e-01
2.8698412698e-01	-6.4258835e-01
2.8707482993e-01	-6.1420970e-01
2.8716553288e-01	-5.8606962e-01
2.8725623583e-01	-5.5912227e-01
2.8734693878e-01	-5.2918321e-01
2.8743764172e-01	-5.0039286e-01
2.8752834467e-01	-4.6651199e-01
2.8761904762e-01	-4.3579707e-01
2.8770975057e-01	-4.1514800e-01
2.8780045351e-01	-3.8307153e-01
2.8789115646e-01	-3.5989185e-01
2.8798185941e-01	-3.4107520e-01
2.8807256236e-01	-3.1423167e-01
2.8816326531e-01	-3.0125451e-01
2.8825396825e-01	-2.7865864e-01
2.8834467120e-01	-2.5281333e-01
2.8843537415e-01	-2.3260798e-01
2.8852607710e-01	-2.0846803e-01
2.8861678005e-01	-1.8765953e-01
2.8870748299e-01	-1.5959523e-01
2.8879818594e-01	-1.3642791e-01
2.8888888889e-01	-1.0985939e-01
2.8897959184e-01	-9.0686422e-02
2.8907029478e-01	-6.6785146e-02
2.8916099773e-01	-4.0380386e-02
2.8925170068e-01	-1.7918472e-02
2.8934240363e-01	6.5675305e-03
2.8943310658e-01	2.6854051e-02
2.8952380952e-01	4.0146551e-02
2.8961451247e-01	6.5437877e-02
2.8970521542e-01	8.6296440e-02
2.8979591837e-01	1.0931954e-01
2.8988662132e-01	1.3598197e-01
2.8997732426e-01	1.5689243e-01
2.9006802721e-01	1.8441039e-01
2.9015873016e-01	2.0836786e-01
2.9024943311e-01	2.3355131e-01
2.9034013605e-01	2.6680994e-01
2.9043083900e-01	2.9780027e-01
2.9052154195e-01	3.1409277e-01
2.9061224490e-01	3.3991568e-01
2.9070294785e-01	3.5472309e-01
2.9079365079e-01	3.9059121e-01
2.9088435374e-01	4.0924341e-01
2.9097505669e-01	4.2310563e-01
2.9106575964e-01	4.3779603e-01
2.9115646259e-01	4.5736176e-01
2.9124716553e-01	4.6725823e-01
2.9133786848e-01	4.7513689e-01
2.9142857143e-01	4.8993211e-01
2.9151927438e-01	5.0002581e-01
2.9160997732e-01	5.0533832e-01
2.9170068027e-01	5.1141702e-01
2.9179138322e-01	5.1746111e-01
2.9188208617e-01	5.1530725e-01
2.9197278912e-01	5.1806738e-01
2.9206349206e-01	5.1952824e-01
2.9215419501e-01	5.1930064e-01
2.9224489796e-01	5.1782649e-01
2.9233560091e-01	5.2081832e-01
2.9242630385e-01	5.2201115e-01
2.9251700680e-01	5.2221662e-01
2.9260770975e-01	5.1515241e-01
2.9269841270e-01	5.1481238e-01
2.9278911565e-01	5.0469416e-01
2.9287981859e-01	4.8955416e-01
2.9297052154e-01	4.8165315e-01
2.9306122449e-01	4.7124298e-01
2.9315192744e-01	4.6227352e-01
2.9324263039e-01	4.3965324e-01
2.9333333333e-01	4.3044908e-01
2.9342403628e-01	4.1405759e-01
2.9351473923e-01	4.0483223e-01
2.9360544218e-01	3.9492397e-01
2.9369614512e-01	3.7060330e-01
2.9378684807e-01	3.4970497e-01
2.9387755102e-01	3.3089895e-01
2.9396825397e-01	3.2649791e-01
2.9405895692e-01	3.0390951e-01
2.9414965986e-01	2.9026915e-01
2.9424036281e-01	2.9073780e-01
2.9433106576e-01	2.7211268e-01
2.9442176871e-01	2.6288228e-01
2.9451247166e-01	1.6352359e-01
2.9460317460e-01	2.4489602e-01
2.9469387755e-01	2.6851254e-01
2.9478458050e-01	2.6300013e-01
2.9487528345e-01	2.7964522e-01
2.9496598639e-01	2.7816510e-01
2.9505668934e-01	2.8688629e-01
2.9514739229e-01	2.8818855e-01
2.9523809524e-01	2.9731430e-01
2.9532879819e-01	3.0691681e-01
2.9541950113e-01	3.1367297e-01
2.9551020408e-01	3.1215317e-01
2.9560090703e-01	3.1284142e-01
2.9569160998e-01	3.1931636e-01
2.9578231293e-01	3.2259715e-01
2.9587301587e-01	3.2839881e-01
2.9596371882e-01	3.3081286e-01
2.9605442177e-01	3.4264505e-01
2.9614512472e-01	3.4555065e-01
2.9623582766e-01	3.3918356e-01
2.9632653061e-01	3.3854545e-01
2.9641723356e-01	3.4055808e-01
2.9650793651e-01	3.4004558e-01
2.9659863946e-01	3.4698254e-01
2.9668934240e-01	3.5479051e-01
2.9678004535e-01	3.5350573e-01
2.9687074830e-01	3.5253828e-01
2.9696145125e-01	3.5149189e-01
2.9705215420e-01	3.5083809e-01
2.9714285714e-01	3.5675661e-01
2.9723356009e-01	3.4887066e-01
2.9732426304e-01	3.3799064e-01
2.9741496599e-01	3.3265682e-01
2.9750566893e-01	3.2191050e-01
2.9759637188e-01	3.0146392e-01
2.9768707483e-01	2.9083805e-01
2.9777777778e-01	2.7954863e-01
2.9786848073e-01	2.5007861e-01
2.9795918367e-01	2.2244105e-01
2.9804988662e-01	1.9859191e-01
2.9814058957e-01	1.7357603e-01
2.9823129252e-01	1.5019648e-01
2.9832199546e-01	1.2792731e-01
2.9841269841e-01	1.1541943e-01
2.9850340136e-01	1.0361790e-01
2.9859410431e-01	8.9942827e-02
2.9868480726e-01	7.3702805e-02
2.9877551020e-01	5.8994559e-02
2.9886621315e-01	5.0749734e-02
2.9895691610e-01	3.6600790e-02
2.9904761905e-01	2.8377064e-02
2.9913832200e-01	1.5600225e-02
2.9922902494e-01	8.1689458e-03
2.9931972789e-01	3.4910535e-03
2.9941043084e-01	-1.0606488e-02
2.9950113379e-01	-7.4110370e-03
2.9959183673e-01	-8.6057421e-03
2.9968253968e-01	-7.7231260e-03
2.9977324263e-01	-1.8145790e-02
2.9986394558e-01	-1.5459182e-02
2.9995464853e-01	-2.3130482e-02
3.0004535147e-01	-3.5648742e-02
3.0013605442e-01	-3.7812550e-02
3.0022675737e-01	-3.3650104e-02
3.0031746032e-01	-4.2801368e-02
3.0040816327e-01	-6.1825426e-02
3.0049886621e-01	-7.5489277e-02
3.0058956916e-01	-8.5382939e-02
3.0068027211e-01	-1.0294754e-01
3.0077097506e-01	-1.2253173e-01
3.0086167800e-01	-1.4085244e-01
3.0095238095e-01	-1.5000686e-01
3.0104308390e-01	-1.8352507e-01
3.0113378685e-01	-2.0707946e-01
3.0122448980e-01	-2.2489608e-01
3.0131519274e-01	-2.3834996e-01
3.0140589569e-01	-2.6423794e-01
3.0149659864e-01	-2.8798779e-01
3.0158730159e-01	-3.1526780e-01
3.0167800454e-01	-3.3615033e-01
3.0176870748e-01	-3.5974201e-01
3.0185941043e-01	-3.8790603e-01
3.0195011338e-01	-4.1356634e-01
3.0204081633e-01	-4.4073524e-01
3.0213151927e-01	-4.7043262e-01
3.0222222222e-01	-5.0045215e-01
3.0231292517e-01	-5.3267375e-01
3.0240362812e-01	-5.5114602e-01
3.0249433107e-01	-5.6845708e-01
3.0258503401e-01	-5.9552674e-01
3.0267573696e-01	-6.0602679e-01
3.0276643991e-01	-6.2839908e-01
3.0285714286e-01	-6.5393700e-01
3.0294784580e-01	-6.6544646e-01
3.0303854875e-01	-6.7310243e-01
3.0312925170e-01	-6.8909861e-01
3.0321995465e-01	-6.9733727e-01
3.0331065760e-01	-7.1146678e-01
3.0340136054e-01	-7.1973470e-01
3.0349206349e-01	-7.3358339e-01
3.0358276644e-01	-7.4215598e-01
3.0367346939e-01	-7.3870506e-01
3.0376417234e-01	-7.5475348e-01
3.0385487528e-01	-7.6417690e-01
3.0394557823e-01	-7.6376051e-01
3.0403628118e-01	-7.6295292e-01
3.0412698413e-01	-7.6438136e-01
3.0421768707e-01	-7.6182450e-01
3.0430839002e-01	-7.5022244e-01
3.0439909297e-01	-7.2906702e-01
3.0448979592e-01	-7.2421848e-01
3.0458049887e-01	-7.1045660e-01
3.0467120181e-01	-7.0002371e-01
3.0476190476e-01	-6.8688665e-01
3.0485260771e-01	-6.6052452e-01
3.0494331066e-01	-6.4497889e-01
3.0503401361e-01	-6.2579710e-01
3.0512471655e-01	-6.0197855e-01
3.0521541950e-01	-5.7459263e-01
3.0530612245e-01	-5.4586930e-01
3.0539682540e-01	-5.0764979e-01
3.0548752834e-01	-4.6967567e-01
3.0557823129e-01	-4.3943367e-01
3.0566893424e-01	-4.1052582e-01
3.0575963719e-01	-3.8835172e-01
3.0585034014e-01	-3.5796612e-01
3.0594104308e-01	-3.2767758e-01
3.0603174603e-01	-3.0632492e-01
3.0612244898e-01	-2.7567882e-01
3.0621315193e-01	-2.5831330e-01
3.0630385488e-01	-2.3387384e-01
3.0639455782e-01	-2.0566932e-01
3.0648526077e-01	-1.8568604e-01
3.0657596372e-01	-1.6111702e-01
3.0666666667e-01	-1.4399630e-01
3.0675736961e-01	-1.2300709e-01
3.0684807256e-01	-9.1943433e-02
3.0693877551e-01	-9.4585481e-02
3.0702947846e-01	-1.2958094e-01
3.0712018141e-01	-3.0933778e-02
3.0721088435e-01	-1.2366254e-03
3.0730158730e-01	7.0670423e-03
3.0739229025e-01	2.3881836e-02
3.0748299320e-01	4.8232122e-02
3.0757369615e-01	6.3903298e-02
3.0766439909e-01	8.2066246e-02
3.0775510204e-01	1.0359391e-01
3.0784580499e-01	1.2873521e-01
3.0793650794e-01	1.4975218e-01
3.0802721088e-01	1.6785583e-01
3.0811791383e-01	1.9115638e-01
3.0820861678e-01	2.1731309e-01
3.0829931973e-01	2.4367708e-01
3.0839002268e-01	2.6634367e-01
3.0848072562e-01	2.8691218e-01
3.0857142857e-01	3.1002058e-01
3.0866213152e-01	3.3482322e-01
3.0875283447e-01	3.6407072e-01
3.0884353741e-01	3.9288696e-01
3.0893424036e-01	4.1162608e-01
3.0902494331e-01	4.2424944e-01
3.0911564626e-01	4.4025852e-01
3.0920634921e-01	4.4739699e-01
3.0929705215e-01	4.5595293e-01
3.0938775510e-01	4.6522762e-01
3.0947845805e-01	4.6937947e-01
3.0956916100e-01	4.7480778e-01
3.0965986395e-01	4.8565544e-01
3.0975056689e-01	4.9434221e-01
3.0984126984e-01	4.9742707e-01
3.0993197279e-01	4.9891786e-01
3.1002267574e-01	5.0614958e-01
3.1011337868e-01	5.0469484e-01
3.1020408163e-01	5.0912199e-01
3.1029478458e-01	5.0983920e-01
3.1038548753e-01	5.1458701e-01
3.1047619048e-01	5.1649803e-01
3.1056689342e-01	5.0575974e-01
3.1065759637e-01	4.9916191e-01
3.1074829932e-01	4.9798336e-01
3.1083900227e-01	4.9152784e-01
3.1092970522e-01	4.8104095e-01
3.1102040816e-01	4.7625707e-01
3.1111111111e-01	4.5927260e-01
3.1120181406e-01	4.5669286e-01
3.1129251701e-01	4.3540416e-01
3.1138321995e-01	4.1480010e-01
3.1147392290e-01	4.0785726e-01
3.1156462585e-01	4.0169757e-01
3.1165532880e-01	3.8536564e-01
3.1174603175e-01	3.6746102e-01
3.1183673469e-01	3.4793529e-01
3.1192743764e-01	3.3660518e-01
3.1201814059e-01	3.0858222e-01
3.1210884354e-01	2.9217546e-01
3.1219954649e-01	2.8424036e-01
3.1229024943e-01	2.7540887e-01
3.1238095238e-01	2.6368573e-01
3.1247165533e-01	2.4073147e-01
3.1256235828e-01	2.3212048e-01
3.1265306122e-01	2.2522604e-01
3.1274376417e-01	2.2421957e-01
3.1283446712e-01	2.3255986e-01
3.1292517007e-01	2.3520661e-01
3.1301587302e-01	2.4039466e-01
3.1310657596e-01	2.5668351e-01
3.1319727891e-01	2.6831628e-01
3.1328798186e-01	2.7909627e-01
3.1337868481e-01	2.7499423e-01
3.1346938776e-01	2.8649027e-01
3.1356009070e-01	2.9718608e-01
3.1365079365e-01	2.9517861e-01
3.1374149660e-01	3.0949538e-01
3.1383219955e-01	3.2173128e-01
3.1392290249e-01	3.2457498e-01
3.1401360544e-01	3.2877717e-01
3.1410430839e-01	3.3001888e-01
3.1419501134e-01	3.3454406e-01
3.1428571429e-01	3.3789166e-01
3.1437641723e-01	3.4463601e-01
3.1446712018e-01	3.4739643e-01
3.1455782313e-01	3.5131196e-01
3.1464852608e-01	3.5576387e-01
3.1473922902e-01	3.5696898e-01
3.1482993197e-01	3.5818776e-01
3.1492063492e-01	3.5560976e-01
3.1501133787e-01	3.6635558e-01
3.1510204082e-01	3.7405905e-01
3.1519274376e-01	3.7168009e-01
3.1528344671e-01	3.7064103e-01
3.1537414966e-01	3.6502267e-01
3.1546485261e-01	3.5336924e-01
3.1555555556e-01	3.4466199e-01
3.1564625850e-01	3.3387361e-01
3.1573696145e-01	3.1775717e-01
3.1582766440e-01	3.0175068e-01
3.1591836735e-01	2.8464295e-01
3.1600907029e-01	2.5549609e-01
3.1609977324e-01	2.3203136e-01
3.1619047619e-01	2.1003432e-01
3.1628117914e-01	1.8469141e-01
3.1637188209e-01	1.5387371e-01
3.1646258503e-01	1.3083118e-01
3.1655328798e-01	1.1431668e-01
3.1664399093e-01	9.6776963e-02
3.1673469388e-01	7.8124133e-02
3.1682539683e-01	7.0761667e-02
3.1691609977e-01	4.7685381e-02
3.1700680272e-01	3.2988756e-02
3.1709750567e-01	2.6042065e-02
3.1718820862e-01	2.2666378e-02
3.1727891156e-01	-4.1432123e-04
3.1736961451e-01	-2.8933308e-03
3.1746031746e-01	-1.3757747e-02
3.1755102041e-01	-2.4614947e-02
3.1764172336e-01	-2.3182739e-02
3.1773242630e-01	-2.7816736e-02
3.1782312925e-01	-3.2747932e-02
3.1791383220e-01	-3.7962326e-02
3.1800453515e-01	-3.9113860e-02
3.1809523810e-01	-4.1633984e-02
3.1818594104e-01	-4.9798255e-02
3.1827664399e-01	-5.0764494e-02
3.1836734694e-01	-5.8034098e-02
3.1845804989e-01	-7.4216029e-02
3.1854875283e-01	-8.1101975e-02
3.1863945578e-01	-8.8441959e-02
3.1873015873e-01	-1.1051659e-01
3.1882086168e-01	-1.2480922e-01
3.1891156463e-01	-1.4196521e-01
3.1900226757e-01	-1.5998586e-01
3.1909297052e-01	-1.7797826e-01
3.1918367347e-01	-1.8814400e-01
3.1927437642e-01	-2.0749677e-01
3.1936507937e-01	-2.2091462e-01
3.1945578231e-01	-2.9224372e-01
3.1954648526e-01	-3.7336624e-01
3.1963718821e-01	-2.9419161e-01
3.1972789116e-01	-3.2616943e-01
3.1981859410e-01	-3.5360836e-01
3.1990929705e-01	-3.7669109e-01
3.2000000000e-01	-4.0193320e-01
3.2009070295e-01	-4.3180403e-01
3.2018140590e-01	-4.5428743e-01
3.2027210884e-01	-4.9396122e-01
3.2036281179e-01	-5.2141642e-01
3.2045351474e-01	-5.3811589e-01
3.2054421769e-01	-5.5503333e-01
3.2063492063e-01	-5.8044858e-01
3.2072562358e-01	-6.0332086e-01
3.2081632653e-01	-6.1933168e-01
3.2090702948e-01	-6.3802733e-01
3.2099773243e-01	-6.4863731e-01
3.2108843537e-01	-6.6736152e-01
3.2117913832e-01	-6.8617763e-01
3.2126984127e-01	-6.9292458e-01
3.2136054422e-01	-7.0385187e-01
3.2145124717e-01	-7.2082376e-01
3.2154195011e-01	-7.2525145e-01
3.2163265306e-01	-7.3748958e-01
3.2172335601e-01	-7.4010685e-01
3.2181405896e-01	-7.4282805e-01
3.2190476190e-01	-7.5308090e-01
3.2199546485e-01	-7.5717756e-01
3.2208616780e-01	-7.6239508e-01
3.2217687075e-01	-7.6209360e-01
3.2226757370e-01	-7.5159155e-01
3.2235827664e-01	-7.4875814e-01
3.2244897959e-01	-7.4654772e-01
3.2253968254e-01	-7.3038602e-01
3.2263038549e-01	-7.2623214e-01
3.2272108844e-01	-7.0695978e-01
3.2281179138e-01	-6.8490076e-01
3.2290249433e-01	-6.5885589e-01
3.2299319728e-01	-6.4963116e-01
3.2308390023e-01	-6.2167681e-01
3.2317460317e-01	-5.8328985e-01
3.2326530612e-01	-5.6752655e-01
3.2335600907e-01	-5.2962252e-01
3.2344671202e-01	-4.9930384e-01
3.2353741497e-01	-4.7166692e-01
3.2362811791e-01	-4.3547572e-01
3.2371882086e-01	-4.0402641e-01
3.2380952381e-01	-3.7510513e-01
3.2390022676e-01	-3.5188746e-01
3.2399092971e-01	-3.2492413e-01
3.2408163265e-01	-2.8173632e-01
3.2417233560e-01	-2.5937463e-01
3.2426303855e-01	-2.4255531e-01
3.2435374150e-01	-2.1494950e-01
3.2444444444e-01	-1.8904422e-01
3.2453514739e-01	-1.6665499e-01
3.2462585034e-01	-1.4123382e-01
3.2471655329e-01	-1.2576058e-01
3.2480725624e-01	-9.7274858e-02
3.2489795918e-01	-7.2232887e-02
3.2498866213e-01	-5.6785252e-02
3.2507936508e-01	-4.3716943e-02
3.2517006803e-01	-2.1063450e-02
3.2526077098e-01	-6.1372185e-03
3.2535147392e-01	1.6867342e-02
3.2544217687e-01	3.1513228e-02
3.2553287982e-01	5.2236649e-02
3.2562358277e-01	7.3258373e-02
3.2571428571e-01	8.1615169e-02
3.2580498866e-01	9.9240230e-02
3.2589569161e-01	1.2183475e-01
3.2598639456e-01	1.4160622e-01
3.2607709751e-01	1.6022021e-01
3.2616780045e-01	1.7971493e-01
3.2625850340e-01	2.0177866e-01
3.2634920635e-01	2.2141904e-01
3.2643990930e-01	2.4780648e-01
3.2653061224e-01	2.7370692e-01
3.2662131519e-01	2.9708836e-01
3.2671201814e-01	3.1492795e-01
3.2680272109e-01	3.3976559e-01
3.2689342404e-01	3.5989799e-01
3.2698412698e-01	3.8551288e-01
3.2707482993e-01	4.0611311e-01
3.2716553288e-01	4.0846180e-01
3.2725623583e-01	4.2302552e-01
3.2734693878e-01	4.3266253e-01
3.2743764172e-01	4.5156188e-01
3.2752834467e-01	4.6027188e-01
3.2761904762e-01	4.7135992e-01
3.2770975057e-01	4.6954001e-01
3.2780045351e-01	4.7555178e-01
3.2789115646e-01	4.8121738e-01
3.2798185941e-01	4.8275466e-01
3.2807256236e-01	4.8231068e-01
3.2816326531e-01	4.8725168e-01
3.2825396825e-01	4.9371823e-01
3.2834467120e-01	4.9817040e-01
3.2843537415e-01	5.1085867e-01
3.2852607710e-01	5.0565687e-01
3.2861678005e-01	5.0287812e-01
3.2870748299e-01	4.9670452e-01
3.2879818594e-01	4.8497904e-01
3.2888888889e-01	4.8232249e-01
3.2897959184e-01	4.7641323e-01
3.2907029478e-01	4.6925243e-01
3.2916099773e-01	4.6146707e-01
3.2925170068e-01	4.4274848e-01
3.2934240363e-01	4.2583773e-01
3.2943310658e-01	4.2082264e-01
3.2952380952e-01	4.0669927e-01
3.2961451247e-01	3.9713856e-01
3.2970521542e-01	3.7925364e-01
3.2979591837e-01	3.5232513e-01
3.2988662132e-01	3.3455311e-01
3.2997732426e-01	3.1224451e-01
3.3006802721e-01	2.8402482e-01
3.3015873016e-01	2.6829524e-01
3.3024943311e-01	2.5456177e-01
3.3034013605e-01	2.4169024e-01
3.3043083900e-01	2.2497755e-01
3.3052154195e-01	2.1273822e-01
3.3061224490e-01	2.0721053e-01
3.3070294785e-01	1.9520183e-01
3.3079365079e-01	1.9193214e-01
3.3088435374e-01	1.8517056e-01
3.3097505669e-01	1.9382875e-01
3.3106575964e-01	2.0331011e-01
3.3115646259e-01	2.1952600e-01
3.3124716553e-01	2.2153033e-01
3.3133786848e-01	2.3014277e-01
3.3142857143e-01	2.4771659e-01
3.3151927438e-01	2.6356740e-01
3.3160997732e-01	2.6379217e-01
3.3170068027e-01	2.7229805e-01
3.3179138322e-01	2.8441319e-01
3.3188208617e-01	3.0190902e-01
3.3197278912e-01	2.4691379e-01
3.3206349206e-01	2.2937557e-01
3.3215419501e-01	3.2348098e-01
3.3224489796e-01	3.1470070e-01
3.3233560091e-01	3.2946987e-01
3.3242630385e-01	3.3348770e-01
3.3251700680e-01	3.3448514e-01
3.3260770975e-01	3.4032302e-01
3.3269841270e-01	3.3674759e-01
3.3278911565e-01	3.3974907e-01
3.3287981859e-01	3.4257085e-01
3.3297052154e-01	3.5595157e-01
3.3306122449e-01	3.6237492e-01
3.3315192744e-01	3.5536113e-01
3.3324263039e-01	3.5455848e-01
3.3333333333e-01	3.5685959e-01
3.3342403628e-01	3.6211496e-01
3.3351473923e-01	3.5776433e-01
3.3360544218e-01	3.4718607e-01
3.3369614512e-01	3.4035711e-01
3.3378684807e-01	3.2496146e-01
3.3387755102e-01	3.0242293e-01
3.3396825397e-01	2.8972792e-01
3.3405895692e-01	2.6385102e-01
3.3414965986e-01	2.4483342e-01
3.3424036281e-01	2.1770130e-01
3.3433106576e-01	1.9400502e-01
3.3442176871e-01	1.7784701e-01
3.3451247166e-01	1.5864361e-01
3.3460317460e-01	1.3984282e-01
3.3469387755e-01	1.2217418e-01
3.3478458050e-01	9.8175377e-02
3.3487528345e-01	8.3942198e-02
3.3496598639e-01	7.0219479e-02
3.3505668934e-01	4.5387412e-02
3.3514739229e-01	4.8740768e-02
3.3523809524e-01	3.7296178e-02
3.3532879819e-01	2.4560530e-02
3.3541950113e-01	8.4146551e-03
3.3551020408e-01	3.3326319e-03
3.3560090703e-01	-7.0833119e-03
3.3569160998e-01	-7.0388645e-03
3.3578231293e-01	-7.5210026e-03
3.3587301587e-01	-2.0781944e-02
3.3596371882e-01	-2.4739108e-02
3.3605442177e-01	-2.7883207e-02
3.3614512472e-01	-3.0455494e-02
3.3623582766e-01	-4.0542463e-02
3.3632653061e-01	-4.7858744e-02
3.3641723356e-01	-5.5349761e-02
3.3650793651e-01	-5.5120756e-02
3.3659863946e-01	-6.6496589e-02
3.3668934240e-01	-8.4627097e-02
3.3678004535e-01	-9.2508893e-02
3.3687074830e-01	-1.0859953e-01
3.3696145125e-01	-1.2720854e-01
3.3705215420e-01	-1.5204182e-01
3.3714285714e-01	-1.6657651e-01
3.3723356009e-01	-1.8938528e-01
3.3732426304e-01	-2.1023719e-01
3.3741496599e-01	-2.2940199e-01
3.3750566893e-01	-2.4958659e-01
3.3759637188e-01	-2.6463156e-01
3.3768707483e-01	-2.9296011e-01
3.3777777778e-01	-3.1397640e-01
3.3786848073e-01	-3.4839045e-01
3.3795918367e-01	-3.7260245e-01
3.3804988662e-01	-3.9132310e-01
3.3814058957e-01	-4.1277537e-01
3.3823129252e-01	-4.4105113e-01
3.3832199546e-01	-4.7185552e-01
3.3841269841e-01	-4.8533518e-01
3.3850340136e-01	-5.1331043e-01
3.3859410431e-01	-5.4689528e-01
3.3868480726e-01	-5.6500083e-01
3.3877551020e-01	-5.9287704e-01
3.3886621315e-01	-6.0564252e-01
3.3895691610e-01	-6.2090233e-01
3.3904761905e-01	-6.4296474e-01
3.3913832200e-01	-6.5023464e-01
3.3922902494e-01	-6.6783132e-01
3.3931972789e-01	-6.8864014e-01
3.3941043084e-01	-6.9692726e-01
3.3950113379e-01	-7.0172527e-01
3.3959183673e-01	-7.1049759e-01
3.3968253968e-01	-7.2518883e-01
3.3977324263e-01	-7.2994949e-01
3.3986394558e-01	-7.4120227e-01
3.3995464853e-01	-7.4755739e-01
3.4004535147e-01	-7.5464795e-01
3.4013605442e-01	-7.6236756e-01
3.4022675737e-01	-7.6315804e-01
3.4031746032e-01	-7.6565693e-01
3.4040816327e-01	-7.5995349e-01
3.4049886621e-01	-7.5578535e-01
3.4058956916e-01	-7.4721534e-01
3.4068027211e-01	-7.3857610e-01
3.4077097506e-01	-7.4103246e-01
3.4086167800e-01	-7.2951457e-01
3.4095238095e-01	-7.0705569e-01
3.4104308390e-01	-6.8268220e-01
3.4113378685e-01	-6.5918020e-01
3.4122448980e-01	-6.3852991e-01
3.4131519274e-01	-6.1500180e-01
3.4140589569e-01	-5.8112160e-01
3.4149659864e-01	-5.4248706e-01
3.4158730159e-01	-5.0963696e-01
3.4167800454e-01	-4.7800926e-01
3.4176870748e-01	-4.4823688e-01
3.4185941043e-01	-4.0407842e-01
3.4195011338e-01	-3.7430262e-01
3.4204081633e-01	-3.4710500e-01
3.4213151927e-01	-3.0594918e-01
3.4222222222e-01	-2.7772786e-01
3.4231292517e-01	-2.5462839e-01
3.4240362812e-01	-2.2684620e-01
3.4249433107e-01	-1.9471097e-01
3.4258503401e-01	-1.7128145e-01
3.4267573696e-01	-1.5004236e-01
3.4276643991e-01	-1.3274673e-01
3.4285714286e-01	-1.1068852e-01
3.4294784580e-01	-8.9260758e-02
3.4303854875e-01	-6.0780168e-02
3.4312925170e-01	-3.8207052e-02
3.4321995465e-01	-2.5045565e-02
3.4331065760e-01	-6.9546464e-03
3.4340136054e-01	2.1941404e-02
3.4349206349e-01	3.7554778e-02
3.4358276644e-01	5.4301726e-02
3.4367346939e-01	6.4838292e-02
3.4376417234e-01	8.7742002e-02
3.4385487528e-01	1.0833644e-01
3.4394557823e-01	1.2398076e-01
3.4403628118e-01	1.4253367e-01
3.4412698413e-01	1.6330845e-01
3.4421768707e-01	1.9696529e-01
3.4430839002e-01	2.1278745e-01
3.4439909297e-01	2.4207771e-01
3.4448979592e-01	1.9246106e-01
3.4458049887e-01	2.3138005e-01
3.4467120181e-01	3.1005166e-01
3.4476190476e-01	3.2415271e-01
3.4485260771e-01	3.5123968e-01
3.4494331066e-01	3.7554605e-01
3.4503401361e-01	3.9645306e-01
3.4512471655e-01	4.1277679e-01
3.4521541950e-01	4.2253098e-01
3.4530612245e-01	4.4112673e-01
3.4539682540e-01	4.4941985e-01
3.4548752834e-01	4.5611849e-01
3.4557823129e-01	4.7517045e-01
3.4566893424e-01	4.8713237e-01
3.4575963719e-01	4.8709514e-01
3.4585034014e-01	4.8973387e-01
3.4594104308e-01	4.9233371e-01
3.4603174603e-01	4.8919900e-01
3.4612244898e-01	4.9474288e-01
3.4621315193e-01	4.9648125e-01
3.4630385488e-01	5.0942837e-01
3.4639455782e-01	5.1454603e-01
3.4648526077e-01	5.1288100e-01
3.4657596372e-01	5.1810459e-01
3.4666666667e-01	5.1093540e-01
3.4675736961e-01	5.0738907e-01
3.4684807256e-01	5.0177951e-01
3.4693877551e-01	4.9271856e-01
3.4702947846e-01	4.8690169e-01
3.4712018141e-01	4.8066485e-01
3.4721088435e-01	4.7035464e-01
3.4730158730e-01	4.5912842e-01
3.4739229025e-01	4.3665548e-01
3.4748299320e-01	4.1736042e-01
3.4757369615e-01	4.1351621e-01
3.4766439909e-01	4.0388912e-01
3.4775510204e-01	3.8790389e-01
3.4784580499e-01	3.6989340e-01
3.4793650794e-01	3.4736810e-01
3.4802721088e-01	3.2174196e-01
3.4811791383e-01	3.0421610e-01
3.4820861678e-01	2.8721983e-01
3.4829931973e-01	2.6440046e-01
3.4839002268e-01	2.4446195e-01
3.4848072562e-01	2.2183931e-01
3.4857142857e-01	2.0633788e-01
3.4866213152e-01	1.9334218e-01
3.4875283447e-01	1.8186737e-01
3.4884353741e-01	1.7958115e-01
3.4893424036e-01	1.7660171e-01
3.4902494331e-01	1.7552125e-01
3.4911564626e-01	1.8272329e-01
3.4920634921e-01	1.9272892e-01
3.4929705215e-01	2.0278833e-01
3.4938775510e-01	2.0953385e-01
3.4947845805e-01	2.2031386e-01
3.4956916100e-01	2.3961992e-01
3.4965986395e-01	2.4947760e-01
3.4975056689e-01	2.6684244e-01
3.4984126984e-01	2.7899241e-01
3.4993197279e-01	2.8399913e-01
3.5002267574e-01	2.8535398e-01
3.5011337868e-01	2.8866628e-01
3.5020408163e-01	2.9648739e-01
3.5029478458e-01	3.0152869e-01
3.5038548753e-01	3.1056133e-01
3.5047619048e-01	3.0191256e-01
3.5056689342e-01	3.0089007e-01
3.5065759637e-01	3.1602694e-01
3.5074829932e-01	3.1440684e-01
3.5083900227e-01	3.1281944e-01
3.5092970522e-01	3.2484303e-01
3.5102040816e-01	3.2594636e-01
3.5111111111e-01	3.3097711e-01
3.5120181406e-01	3.3625922e-01
3.5129251701e-01	3.3550286e-01
3.5138321995e-01	3.4135189e-01
3.5147392290e-01	3.3982323e-01
3.5156462585e-01	3.3518156e-01
3.5165532880e-01	3.2785764e-01
3.5174603175e-01	3.3060570e-01
3.5183673469e-01	3.1319787e-01
3.5192743764e-01	3.0169746e-01
3.5201814059e-01	2.8230511e-01
3.5210884354e-01	2.6327884e-01
3.5219954649e-01	2.5036566e-01
3.5229024943e-01	2.3090093e-01
3.5238095238e-01	2.0638682e-01
3.5247165533e-01	1.8584671e-01
3.5256235828e-01	1.6328263e-01
3.5265306122e-01	1.4237738e-01
3.5274376417e-01	1.2386975e-01
3.5283446712e-01	1.0655310e-01
3.5292517007e-01	8.9174587e-02
3.5301587302e-01	7.2199885e-02
3.5310657596e-01	5.6037230e-02
3.5319727891e-01	4.8281272e-02
3.5328798186e-01	3.6091285e-02
3.5337868481e-01	1.9729993e-02
3.5346938776e-01	2.3734082e-03
3.5356009070e-01	-7.8055277e-03
3.5365079365e-01	-1.1703878e-02
3.5374149660e-01	-1.5725312e-02
3.5383219955e-01	-2.1932274e-02
3.5392290249e-01	-3.1247643e-02
3.5401360544e-01	-3.3685234e-02
3.5410430839e-01	-3.2209562e-02
3.5419501134e-01	-3.6177029e-02
3.5428571429e-01	-3.8959960e-02
3.5437641723e-01	-4.0795894e-02
3.5446712018e-01	-4.3277348e-02
3.5455782313e-01	-5.2987957e-02
3.5464852608e-01	-6.5146243e-02
3.5473922902e-01	-6.3183271e-02
3.5482993197e-01	-7.9822796e-02
3.5492063492e-01	-9.4260185e-02
3.5501133787e-01	-1.1166585e-01
3.5510204082e-01	-1.2388091e-01
3.5519274376e-01	-1.3814263e-01
3.5528344671e-01	-1.5364081e-01
3.5537414966e-01	-1.6856843e-01
3.5546485261e-01	-1.9098550e-01
3.5555555556e-01	-2.0808588e-01
3.5564625850e-01	-2.2618972e-01
3.5573696145e-01	-2.5664272e-01
3.5582766440e-01	-2.8223284e-01
3.5591836735e-01	-2.9763595e-01
3.5600907029e-01	-3.3042092e-01
3.5609977324e-01	-3.5676761e-01
3.5619047619e-01	-3.8116533e-01
3.5628117914e-01	-4.0419952e-01
3.5637188209e-01	-4.2753593e-01
3.5646258503e-01	-4.4828985e-01
3.5655328798e-01	-4.7080747e-01
3.5664399093e-01	-4.9355774e-01
3.5673469388e-01	-5.1671966e-01
3.5682539683e-01	-5.4165115e-01
3.5691609977e-01	-5.5422993e-01
3.5700680272e-01	-6.5031376e-01
3.5709750567e-01	-6.1505981e-01
3.5718820862e-01	-5.8985952e-01
3.5727891156e-01	-6.1730592e-01
3.5736961451e-01	-6.3162605e-01
3.5746031746e-01	-6.4693031e-01
3.5755102041e-01	-6.5645203e-01
3.5764172336e-01	-6.7165476e-01
3.5773242630e-01	-6.7991863e-01
3.5782312925e-01	-6.8376646e-01
3.5791383220e-01	-7.0289066e-01
3.5800453515e-01	-7.1263389e-01
3.5809523810e-01	-7.1759306e-01
3.5818594104e-01	-7.1895455e-01
3.5827664399e-01	-7.2597244e-01
3.5836734694e-01	-7.2962988e-01
3.5845804989e-01	-7.2406908e-01
3.5854875283e-01	-7.2701234e-01
3.5863945578e-01	-7.1891813e-01
3.5873015873e-01	-7.1171880e-01
3.5882086168e-01	-6.9771051e-01
3.5891156463e-01	-6.8987885e-01
3.5900226757e-01	-6.7350775e-01
3.5909297052e-01	-6.5150339e-01
3.5918367347e-01	-6.3577178e-01
3.5927437642e-01	-6.2005928e-01
3.5936507937e-01	-5.9186417e-01
3.5945578231e-01	-5.6388797e-01
3.5954648526e-01	-5.3257140e-01
3.5963718821e-01	-4.9794997e-01
3.5972789116e-01	-4.6726841e-01
3.5981859410e-01	-4.4101697e-01
3.5990929705e-01	-4.0488773e-01
3.6000000000e-01	-3.8128314e-01
3.6009070295e-01	-3.4657276e-01
3.6018140590e-01	-3.0821230e-01
3.6027210884e-01	-2.9304265e-01
3.6036281179e-01	-2.6339962e-01
3.6045351474e-01	-2.3542106e-01
3.6054421769e-01	-2.1454317e-01
3.6063492063e-01	-1.9266680e-01
3.6072562358e-01	-1.7176254e-01
3.6081632653e-01	-1.5216765e-01
3.6090702948e-01	-1.3243136e-01
3.6099773243e-01	-1.0483601e-01
3.6108843537e-01	-9.0779407e-02
3.6117913832e-01	-7.0658973e-02
3.6126984127e-01	-5.5729130e-02
3.6136054422e-01	-3.3831089e-02
3.6145124717e-01	-1.4076710e-02
3.6154195011e-01	1.0154614e-03
3.6163265306e-01	2.8520426e-02
3.6172335601e-01	4.2260002e-02
3.6181405896e-01	4.5561820e-02
3.6190476190e-01	6.9992868e-02
3.6199546485e-01	9.2895104e-02
3.6208616780e-01	1.1243103e-01
3.6217687075e-01	1.3815425e-01
3.6226757370e-01	1.5399084e-01
3.6235827664e-01	1.7476437e-01
3.6244897959e-01	1.9482121e-01
3.6253968254e-01	2.2367172e-01
3.6263038549e-01	2.4353543e-01
3.6272108844e-01	2.7016770e-01
3.6281179138e-01	2.9306165e-01
3.6290249433e-01	3.0460667e-01
3.6299319728e-01	3.2435547e-01
3.6308390023e-01	3.5224003e-01
3.6317460317e-01	3.7879584e-01
3.6326530612e-01	3.8996258e-01
3.6335600907e-01	4.0143162e-01
3.6344671202e-01	4.0690897e-01
3.6353741497e-01	4.0425841e-01
3.6362811791e-01	4.1918715e-01
3.6371882086e-01	4.2899120e-01
3.6380952381e-01	4.3122212e-01
3.6390022676e-01	4.4507923e-01
3.6399092971e-01	4.5763295e-01
3.6408163265e-01	4.5552257e-01
3.6417233560e-01	4.6051074e-01
3.6426303855e-01	4.6717778e-01
3.6435374150e-01	4.6803796e-01
3.6444444444e-01	4.6563595e-01
3.6453514739e-01	4.7309027e-01
3.6462585034e-01	4.6706382e-01
3.6471655329e-01	4.6949725e-01
3.6480725624e-01	4.7228766e-01
3.6489795918e-01	4.7094316e-01
3.6498866213e-01	4.6536942e-01
3.6507936508e-01	4.6081704e-01
3.6517006803e-01	4.5364878e-01
3.6526077098e-01	4.4490700e-01
3.6535147392e-01	4.4466831e-01
3.6544217687e-01	4.3218431e-01
3.6553287982e-01	4.2235177e-01
3.6562358277e-01	4.0458798e-01
3.6571428571e-01	4.0429080e-01
3.6580498866e-01	3.9738086e-01
3.6589569161e-01	3.7338550e-01
3.6598639456e-01	3.5592158e-01
3.6607709751e-01	3.3666031e-01
3.6616780045e-01	3.1567717e-01
3.6625850340e-01	2.8685576e-01
3.6634920635e-01	2.6890269e-01
3.6643990930e-01	2.5871225e-01
3.6653061224e-01	2.3406040e-01
3.6662131519e-01	2.0557751e-01
3.6671201814e-01	1.9212008e-01
3.6680272109e-01	1.8129727e-01
3.6689342404e-01	1.8031551e-01
3.6698412698e-01	1.7674523e-01
3.6707482993e-01	1.8267317e-01
3.6716553288e-01	1.8959143e-01
3.6725623583e-01	1.9904875e-01
3.6734693878e-01	2.0180478e-01
3.6743764172e-01	2.1265947e-01
3.6752834467e-01	2.3099059e-01
3.6761904762e-01	2.5154174e-01
3.6770975057e-01	2.5890719e-01
3.6780045351e-01	2.7301294e-01
3.6789115646e-01	2.8256191e-01
3.6798185941e-01	2.9018027e-01
3.6807256236e-01	2.9280066e-01
3.6816326531e-01	2.9703884e-01
3.6825396825e-01	3.1177064e-01
3.6834467120e-01	3.2159546e-01
3.6843537415e-01	3.1786274e-01
3.6852607710e-01	3.2267284e-01
3.6861678005e-01	3.2483572e-01
3.6870748299e-01	3.2185891e-01
3.6879818594e-01	3.2361075e-01
3.6888888889e-01	3.2813577e-01
3.6897959184e-01	3.3240760e-01
3.6907029478e-01	3.3249695e-01
3.6916099773e-01	3.4334312e-01
3.6925170068e-01	3.3362417e-01
3.6934240363e-01	3.4409271e-01
3.6943310658e-01	3.4503325e-01
3.6952380952e-01	2.6827528e-01
3.6961451247e-01	3.2125052e-01
3.6970521542e-01	3.4129851e-01
3.6979591837e-01	3.2482581e-01
3.6988662132e-01	3.2137777e-01
3.6997732426e-01	3.1773305e-01
3.7006802721e-01	3.0493615e-01
3.7015873016e-01	2.8202176e-01
3.7024943311e-01	2.5873017e-01
3.7034013605e-01	2.4054219e-01
3.7043083900e-01	2.1214112e-01
3.7052154195e-01	1.8640185e-01
3.7061224490e-01	1.6897357e-01
3.7070294785e-01	1.4629720e-01
3.7079365079e-01	1.2405628e-01
3.7088435374e-01	1.0846661e-01
3.7097505669e-01	8.3372671e-02
3.7106575964e-01	6.7915292e-02
3.7115646259e-01	6.2046307e-02
3.7124716553e-01	3.8024077e-02
3.7133786848e-01	2.0183209e-02
3.7142857143e-01	1.2883312e-02
3.7151927438e-01	-9.1556411e-04
3.7160997732e-01	-1.5107286e-02
3.7170068027e-01	-2.5740761e-02
3.7179138322e-01	-3.1808722e-02
3.7188208617e-01	-3.9914658e-02
3.7197278912e-01	-4.6667223e-02
3.7206349206e-01	-4.9074448e-02
3.7215419501e-01	-4.7150713e-02
3.7224489796e-01	-5.8387873e-02
3.7233560091e-01	-6.0718392e-02
3.7242630385e-01	-5.4268546e-02
3.7251700680e-01	-6.9824613e-02
3.7260770975e-01	-7.1879554e-02
3.7269841270e-01	-8.0734311e-02
3.7278911565e-01	-8.8730098e-02
3.7287981859e-01	-1.0441573e-01
3.7297052154e-01	-1.1750829e-01
3.7306122449e-01	-1.2267754e-01
3.7315192744e-01	-1.2918759e-01
3.7324263039e-01	-1.5153605e-01
3.7333333333e-01	-1.6406846e-01
3.7342403628e-01	-1.8292833e-01
3.7351473923e-01	-1.9255435e-01
3.7360544218e-01	-2.1733033e-01
3.7369614512e-01	-2.3399140e-01
3.7378684807e-01	-2.5312358e-01
3.7387755102e-01	-2.7020298e-01
3.7396825397e-01	-2.9829029e-01
3.7405895692e-01	-3.2116213e-01
3.7414965986e-01	-3.2982380e-01
3.7424036281e-01	-3.6605019e-01
3.7433106576e-01	-3.8933307e-01
3.7442176871e-01	-4.1417331e-01
3.7451247166e-01	-4.4159140e-01
3.7460317460e-01	-4.5730694e-01
3.7469387755e-01	-4.8081802e-01
3.7478458050e-01	-5.0677957e-01
3.7487528345e-01	-5.1583508e-01
3.7496598639e-01	-5.3269273e-01
3.7505668934e-01	-5.4423699e-01
3.7514739229e-01	-5.5736492e-01
3.7523809524e-01	-5.7497020e-01
3.7532879819e-01	-5.8755612e-01
3.7541950113e-01	-5.9968013e-01
3.7551020408e-01	-6.0754373e-01
3.7560090703e-01	-6.2124898e-01
3.7569160998e-01	-6.3531478e-01
3.7578231293e-01	-6.4941917e-01
3.7587301587e-01	-6.6088791e-01
3.7596371882e-01	-6.7631791e-01
3.7605442177e-01	-6.8118016e-01
3.7614512472e-01	-6.8949140e-01
3.7623582766e-01	-6.9720426e-01
3.7632653061e-01	-6.9690514e-01
3.7641723356e-01	-7.0393694e-01
3.7650793651e-01	-7.0579348e-01
3.7659863946e-01	-7.0638769e-01
3.7668934240e-01	-6.9823714e-01
3.7678004535e-01	-6.8906294e-01
3.7687074830e-01	-6.8412865e-01
3.7696145125e-01	-6.7306316e-01
3.7705215420e-01	-6.6115744e-01
3.7714285714e-01	-6.4341142e-01
3.7723356009e-01	-6.2309028e-01
3.7732426304e-01	-5.9691159e-01
3.7741496599e-01	-5.7387052e-01
3.7750566893e-01	-5.5134836e-01
3.7759637188e-01	-5.2221359e-01
3.7768707483e-01	-4.8869618e-01
3.7777777778e-01	-4.6258420e-01
3.7786848073e-01	-4.2776999e-01
3.7795918367e-01	-3.9614868e-01
3.7804988662e-01	-3.7108224e-01
3.7814058957e-01	-3.3684093e-01
3.7823129252e-01	-3.0407012e-01
3.7832199546e-01	-2.7904013e-01
3.7841269841e-01	-2.5287677e-01
3.7850340136e-01	-2.2201559e-01
3.7859410431e-01	-2.0072983e-01
3.7868480726e-01	-1.7948716e-01
3.7877551020e-01	-1.6023144e-01
3.7886621315e-01	-1.3524075e-01
3.7895691610e-01	-1.1686428e-01
3.7904761905e-01	-1.0224143e-01
3.7913832200e-01	-7.7703085e-02
3.7922902494e-01	-5.7802095e-02
3.7931972789e-01	-3.8720758e-02
3.7941043084e-01	-2.1788221e-02
3.7950113379e-01	-5.4397431e-03
3.7959183673e-01	1.4139657e-02
3.7968253968e-01	3.0372920e-02
3.7977324263e-01	4.3608754e-02
3.7986394558e-01	5.7605876e-02
3.7995464853e-01	7.2241998e-02
3.8004535147e-01	8.8035577e-02
3.8013605442e-01	1.1294712e-01
3.8022675737e-01	1.3231331e-01
3.8031746032e-01	1.4103589e-01
3.8040816327e-01	1.6212024e-01
3.8049886621e-01	1.8619538e-01
3.8058956916e-01	2.0400494e-01
3.8068027211e-01	2.2076123e-01
3.8077097506e-01	2.4458324e-01
3.8086167800e-01	2.7239898e-01
3.8095238095e-01	2.8951756e-01
3.8104308390e-01	3.0513647e-01
3.8113378685e-01	3.3017255e-01
3.8122448980e-01	3.4591999e-01
3.8131519274e-01	3.6505274e-01
3.8140589569e-01	3.7409404e-01
3.8149659864e-01	3.7958814e-01
3.8158730159e-01	3.9019220e-01
3.8167800454e-01	3.9477294e-01
3.8176870748e-01	4.0585891e-01
3.8185941043e-01	4.1285222e-01
3.8195011338e-01	3.9290019e-01
3.8204081633e-01	3.4188159e-01
3.8213151927e-01	4.1940551e-01
3.8222222222e-01	4.2546626e-01
3.8231292517e-01	4.3403716e-01
3.8240362812e-01	4.3423523e-01
3.8249433107e-01	4.3948591e-01
3.8258503401e-01	4.4532473e-01
3.8267573696e-01	4.5058312e-01
3.8276643991e-01	4.5787549e-01
3.8285714286e-01	4.5915760e-01
3.8294784580e-01	4.6369921e-01
3.8303854875e-01	4.6157449e-01
3.8312925170e-01	4.5812928e-01
3.8321995465e-01	4.5355753e-01
3.8331065760e-01	4.4930888e-01
3.8340136054e-01	4.4280369e-01
3.8349206349e-01	4.2688283e-01
3.8358276644e-01	4.1669395e-01
3.8367346939e-01	4.1107095e-01
3.8376417234e-01	4.0065979e-01
3.8385487528e-01	3.8090077e-01
3.8394557823e-01	3.6345694e-01
3.8403628118e-01	3.4838019e-01
3.8412698413e-01	3.2951378e-01
3.8421768707e-01	3.0819885e-01
3.8430839002e-01	2.8324550e-01
3.8439909297e-01	2.5674161e-01
3.8448979592e-01	2.4340871e-01
3.8458049887e-01	2.2679547e-01
3.8467120181e-01	2.0151590e-01
3.8476190476e-01	1.8191175e-01
3.8485260771e-01	1.6290111e-01
3.8494331066e-01	1.5864109e-01
3.8503401361e-01	1.5634589e-01
3.8512471655e-01	1.6875264e-01
3.8521541950e-01	1.6962355e-01
3.8530612245e-01	1.7982636e-01
3.8539682540e-01	1.8710368e-01
3.8548752834e-01	1.9346802e-01
3.8557823129e-01	2.1121630e-01
3.8566893424e-01	2.2665452e-01
3.8575963719e-01	2.3855068e-01
3.8585034014e-01	2.5819743e-01
3.8594104308e-01	2.7602860e-01
3.8603174603e-01	2.8508070e-01
3.8612244898e-01	2.8729124e-01
3.8621315193e-01	2.9748205e-01
3.8630385488e-01	2.9786116e-01
3.8639455782e-01	3.0677064e-01
3.8648526077e-01	3.0914557e-01
3.8657596372e-01	3.2299119e-01
3.8666666667e-01	3.2623785e-01
3.8675736961e-01	3.3083283e-01
3.8684807256e-01	3.3140835e-01
3.8693877551e-01	3.2830187e-01
3.8702947846e-01	3.2989569e-01
3.8712018141e-01	3.3513065e-01
3.8721088435e-01	3.4478287e-01
3.8730158730e-01	3.5326543e-01
3.8739229025e-01	3.6052059e-01
3.8748299320e-01	3.6266879e-01
3.8757369615e-01	3.5850137e-01
3.8766439909e-01	3.5715807e-01
3.8775510204e-01	3.5311728e-01
3.8784580499e-01	3.4087631e-01
3.8793650794e-01	3.4572800e-01
3.8802721088e-01	3.3107985e-01
3.8811791383e-01	3.1449135e-01
3.8820861678e-01	2.9659624e-01
3.8829931973e-01	2.8632814e-01
3.8839002268e-01	2.5949714e-01
3.8848072562e-01	2.2499765e-01
3.8857142857e-01	2.0375996e-01
3.8866213152e-01	1.8155689e-01
3.8875283447e-01	1.6131763e-01
3.8884353741e-01	1.3976302e-01
3.8893424036e-01	1.2531346e-01
3.8902494331e-01	9.7696700e-02
3.8911564626e-01	8.4185228e-02
3.8920634921e-01	6.7459733e-02
3.8929705215e-01	4.4925529e-02
3.8938775510e-01	3.4525755e-02
3.8947845805e-01	2.1196409e-02
3.8956916100e-01	7.3483427e-04
3.8965986395e-01	-1.7246269e-02
3.8975056689e-01	-2.1800571e-02
3.8984126984e-01	-2.7286158e-02
3.8993197279e-01	-3.7486621e-02
3.9002267574e-01	-4.6979987e-02
3.9011337868e-01	-5.5089493e-02
3.9020408163e-01	-6.2002196e-02
3.9029478458e-01	-6.5818643e-02
3.9038548753e-01	-6.8602702e-02
3.9047619048e-01	-6.3754613e-02
3.9056689342e-01	-6.3245470e-02
3.9065759637e-01	-6.3441699e-02
3.9074829932e-01	-7.5885519e-02
3.9083900227e-01	-8.8654149e-02
3.9092970522e-01	-9.8832216e-02
3.9102040816e-01	-1.1100427e-01
3.9111111111e-01	-1.1513680e-01
3.9120181406e-01	-1.3626598e-01
3.9129251701e-01	-1.5420222e-01
3.9138321995e-01	-1.6045965e-01
3.9147392290e-01	-1.7554614e-01
3.9156462585e-01	-1.9426316e-01
3.9165532880e-01	-2.1041351e-01
3.9174603175e-01	-2.3169514e-01
3.9183673469e-01	-2.5076890e-01
3.9192743764e-01	-2.6483782e-01
3.9201814059e-01	-2.8544540e-01
3.9210884354e-01	-3.0820657e-01
3.9219954649e-01	-3.2665099e-01
3.9229024943e-01	-3.4588478e-01
3.9238095238e-01	-3.7198087e-01
3.9247165533e-01	-3.8701655e-01
3.9256235828e-01	-4.1365763e-01
3.9265306122e-01	-4.3789470e-01
3.9274376417e-01	-4.5201340e-01
3.9283446712e-01	-4.7140655e-01
3.9292517007e-01	-4.8633500e-01
3.9301587302e-01	-5.0310696e-01
3.9310657596e-01	-5.1569535e-01
3.9319727891e-01	-5.3142183e-01
3.9328798186e-01	-5.4456050e-01
3.9337868481e-01	-5.5991234e-01
3.9346938776e-01	-5.8526652e-01
3.9356009070e-01	-5.9349617e-01
3.9365079365e-01	-6.0103440e-01
3.9374149660e-01	-6.0768597e-01
3.9383219955e-01	-6.2427888e-01
3.9392290249e-01	-6.3057428e-01
3.9401360544e-01	-6.5133193e-01
3.9410430839e-01	-6.6514777e-01
3.9419501134e-01	-6.7458593e-01
3.9428571429e-01	-6.8389291e-01
3.9437641723e-01	-6.7735965e-01
3.9446712018e-01	-7.3522561e-01
3.9455782313e-01	-7.7751075e-01
3.9464852608e-01	-6.8561333e-01
3.9473922902e-01	-6.8993340e-01
3.9482993197e-01	-6.7861286e-01
3.9492063492e-01	-6.7417894e-01
3.9501133787e-01	-6.6198061e-01
3.9510204082e-01	-6.4724326e-01
3.9519274376e-01	-6.4266347e-01
3.9528344671e-01	-6.1975552e-01
3.9537414966e-01	-5.9509048e-01
3.9546485261e-01	-5.7215479e-01
3.9555555556e-01	-5.4320562e-01
3.9564625850e-01	-5.0715869e-01
3.9573696145e-01	-4.8028986e-01
3.9582766440e-01	-4.5647660e-01
3.9591836735e-01	-4.1681322e-01
3.9600907029e-01	-3.8456406e-01
3.9609977324e-01	-3.5485915e-01
3.9619047619e-01	-3.2007696e-01
3.9628117914e-01	-2.9689638e-01
3.9637188209e-01	-2.6654242e-01
3.9646258503e-01	-2.4370232e-01
3.9655328798e-01	-2.1837108e-01
3.9664399093e-01	-1.9220217e-01
3.9673469388e-01	-1.7522217e-01
3.9682539683e-01	-1.4771893e-01
3.9691609977e-01	-1.3338305e-01
3.9700680272e-01	-1.1882543e-01
3.9709750567e-01	-9.6670660e-02
3.9718820862e-01	-7.8504818e-02
3.9727891156e-01	-5.4113333e-02
3.9736961451e-01	-3.5856727e-02
3.9746031746e-01	-1.8309235e-02
3.9755102041e-01	-3.9619374e-03
3.9764172336e-01	1.0540120e-02
3.9773242630e-01	2.6076200e-02
3.9782312925e-01	3.8629767e-02
3.9791383220e-01	5.9782237e-02
3.9800453515e-01	7.3905512e-02
3.9809523810e-01	8.4024678e-02
3.9818594104e-01	9.9753367e-02
3.9827664399e-01	1.2285931e-01
3.9836734694e-01	1.3826530e-01
3.9845804989e-01	1.4965873e-01
3.9854875283e-01	1.7440424e-01
3.9863945578e-01	1.9883928e-01
3.9873015873e-01	2.1193817e-01
3.9882086168e-01	2.2941507e-01
3.9891156463e-01	2.4518560e-01
3.9900226757e-01	2.6667155e-01
3.9909297052e-01	2.9122780e-01
3.9918367347e-01	3.0045493e-01
3.9927437642e-01	3.1118975e-01
3.9936507937e-01	3.4015912e-01
3.9945578231e-01	3.5648944e-01
3.9954648526e-01	3.7085004e-01
3.9963718821e-01	3.7543419e-01
3.9972789116e-01	3.7939787e-01
3.9981859410e-01	3.8624362e-01
3.9990929705e-01	3.9382938e-01
4.0000000000e-01	4.0548885e-01
4.0009070295e-01	4.0374164e-01
4.0018140590e-01	4.0298779e-01
4.0027210884e-01	4.0661048e-01
4.0036281179e-01	4.1468944e-01
4.0045351474e-01	4.0738062e-01
4.0054421769e-01	4.1360088e-01
4.0063492063e-01	4.2489157e-01
4.0072562358e-01	4.3902859e-01
4.0081632653e-01	4.3621435e-01
4.0090702948e-01	4.3935663e-01
4.0099773243e-01	4.4022548e-01
4.0108843537e-01	4.3436815e-01
4.0117913832e-01	4.3573598e-01
4.0126984127e-01	4.3459930e-01
4.0136054422e-01	4.3817268e-01
4.0145124717e-01	4.2001209e-01
4.0154195011e-01	4.0890693e-01
4.0163265306e-01	4.0311467e-01
4.0172335601e-01	4.0429445e-01
4.0181405896e-01	3.8908070e-01
4.0190476190e-01	3.6687758e-01
4.0199546485e-01	3.4617464e-01
4.0208616780e-01	3.3102577e-01
4.0217687075e-01	3.1617527e-01
4.0226757370e-01	2.9671352e-01
4.0235827664e-01	2.8164665e-01
4.0244897959e-01	2.5754847e-01
4.0253968254e-01	2.3523677e-01
4.0263038549e-01	2.1443926e-01
4.0272108844e-01	1.9204682e-01
4.0281179138e-01	1.8659581e-01
4.0290249433e-01	1.7007684e-01
4.0299319728e-01	1.6101399e-01
4.0308390023e-01	1.5768106e-01
4.0317460317e-01	1.4870278e-01
4.0326530612e-01	1.5596520e-01
4.0335600907e-01	1.6148420e-01
4.0344671202e-01	1.7116957e-01
4.0353741497e-01	1.8287657e-01
4.0362811791e-01	1.9660838e-01
4.0371882086e-01	2.0905924e-01
4.0380952381e-01	2.2313040e-01
4.0390022676e-01	2.3778067e-01
4.0399092971e-01	2.4689255e-01
4.0408163265e-01	2.6125243e-01
4.0417233560e-01	2.7765842e-01
4.0426303855e-01	2.8893428e-01
4.0435374150e-01	2.9385676e-01
4.0444444444e-01	3.0300392e-01
4.0453514739e-01	3.1556521e-01
4.0462585034e-01	3.1562189e-01
4.0471655329e-01	3.1884784e-01
4.0480725624e-01	3.2572433e-01
4.0489795918e-01	3.2980415e-01
4.0498866213e-01	3.3566779e-01
4.0507936508e-01	3.3991746e-01
4.0517006803e-01	3.3978420e-01
4.0526077098e-01	3.3735746e-01
4.0535147392e-01	3.5323775e-01
4.0544217687e-01	3.6055579e-01
4.0553287982e-01	3.5988958e-01
4.0562358277e-01	3.6668995e-01
4.0571428571e-01	3.7150842e-01
4.0580498866e-01	3.6371485e-01
4.0589569161e-01	3.6235897e-01
4.0598639456e-01	3.5625185e-01
4.0607709751e-01	3.4729417e-01
4.0616780045e-01	3.3371198e-01
4.0625850340e-01	3.2201554e-01
4.0634920635e-01	2.9975210e-01
4.0643990930e-01	2.8168671e-01
4.0653061224e-01	2.6720183e-01
4.0662131519e-01	2.4986224e-01
4.0671201814e-01	2.3185966e-01
4.0680272109e-01	2.0184244e-01
4.0689342404e-01	1.8651917e-01
4.0698412698e-01	1.0087897e-01
4.0707482993e-01	7.3802200e-02
4.0716553288e-01	1.3437958e-01
4.0725623583e-01	1.0135333e-01
4.0734693878e-01	8.6990452e-02
4.0743764172e-01	7.0235147e-02
4.0752834467e-01	4.8103807e-02
4.0761904762e-01	3.1562489e-02
4.0770975057e-01	2.3862581e-02
4.0780045351e-01	6.5255264e-04
4.0789115646e-01	-6.3227246e-03
4.0798185941e-01	-1.2890296e-02
4.0807256236e-01	-2.5932492e-02
4.0816326531e-01	-3.6678975e-02
4.0825396825e-01	-3.9793443e-02
4.0834467120e-01	-3.8119306e-02
4.0843537415e-01	-4.7672063e-02
4.0852607710e-01	-5.4076484e-02
4.0861678005e-01	-6.4538861e-02
4.0870748299e-01	-5.9225110e-02
4.0879818594e-01	-6.6481835e-02
4.0888888889e-01	-7.9946100e-02
4.0897959184e-01	-8.3917104e-02
4.0907029478e-01	-1.0026258e-01
4.0916099773e-01	-1.1375558e-01
4.0925170068e-01	-1.3020869e-01
4.0934240363e-01	-1.4651824e-01
4.0943310658e-01	-1.5941808e-01
4.0952380952e-01	-1.7160180e-01
4.0961451247e-01	-1.9084020e-01
4.0970521542e-01	-2.0665594e-01
4.0979591837e-01	-2.2796993e-01
4.0988662132e-01	-2.4153957e-01
4.0997732426e-01	-2.6509632e-01
4.1006802721e-01	-2.8223798e-01
4.1015873016e-01	-2.9098666e-01
4.1024943311e-01	-3.0623949e-01
4.1034013605e-01	-3.3070671e-01
4.1043083900e-01	-3.4777322e-01
4.1052154195e-01	-3.6560110e-01
4.1061224490e-01	-3.8838311e-01
4.1070294785e-01	-4.0330587e-01
4.1079365079e-01	-4.2852060e-01
4.1088435374e-01	-4.4453337e-01
4.1097505669e-01	-4.6313366e-01
4.1106575964e-01	-4.8152883e-01
4.1115646259e-01	-4.9403657e-01
4.1124716553e-01	-5.0348604e-01
4.1133786848e-01	-5.1431269e-01
4.1142857143e-01	-5.2949053e-01
4.1151927438e-01	-5.5517595e-01
4.1160997732e-01	-5.6168224e-01
4.1170068027e-01	-5.6608590e-01
4.1179138322e-01	-5.9075098e-01
4.1188208617e-01	-6.0602398e-01
4.1197278912e-01	-6.2090602e-01
4.1206349206e-01	-6.3104622e-01
4.1215419501e-01	-6.4815178e-01
4.1224489796e-01	-6.6164379e-01
4.1233560091e-01	-6.7351579e-01
4.1242630385e-01	-6.7924186e-01
4.1251700680e-01	-6.8632802e-01
4.1260770975e-01	-7.0124171e-01
4.1269841270e-01	-7.0382660e-01
4.1278911565e-01	-7.0036327e-01
4.1287981859e-01	-6.9638691e-01
4.1297052154e-01	-6.9178744e-01
4.1306122449e-01	-6.8312593e-01
4.1315192744e-01	-6.6551574e-01
4.1324263039e-01	-6.6260009e-01
4.1333333333e-01	-6.5158815e-01
4.1342403628e-01	-6.2624169e-01
4.1351473923e-01	-6.0081829e-01
4.1360544218e-01	-5.8617282e-01
4.1369614512e-01	-5.5539599e-01
4.1378684807e-01	-5.2414863e-01
4.1387755102e-01	-4.8984052e-01
4.1396825397e-01	-4.6232761e-01
4.1405895692e-01	-4.3083497e-01
4.1414965986e-01	-3.9645924e-01
4.1424036281e-01	-3.7307686e-01
4.1433106576e-01	-3.3910994e-01
4.1442176871e-01	-3.1300030e-01
4.1451247166e-01	-2.8209717e-01
4.1460317460e-01	-2.5060165e-01
4.1469387755e-01	-2.3023599e-01
4.1478458050e-01	-2.0777862e-01
4.1487528345e-01	-1.8374726e-01
4.1496598639e-01	-1.6223976e-01
4.1505668934e-01	-1.3940016e-01
4.1514739229e-01	-1.2671676e-01
4.1523809524e-01	-1.0995620e-01
4.1532879819e-01	-9.2229622e-02
4.1541950113e-01	-6.3769203e-02
4.1551020408e-01	-4.2541164e-02
4.1560090703e-01	-2.5404870e-02
4.1569160998e-01	-7.9924253e-03
4.1578231293e-01	4.9767016e-03
4.1587301587e-01	2.3296629e-02
4.1596371882e-01	4.5853906e-02
4.1605442177e-01	5.8818181e-02
4.1614512472e-01	7.9286481e-02
4.1623582766e-01	1.0153899e-01
4.1632653061e-01	1.1623677e-01
4.1641723356e-01	1.2680120e-01
4.1650793651e-01	1.5856821e-01
4.1659863946e-01	1.7543469e-01
4.1668934240e-01	1.9927798e-01
4.1678004535e-01	2.1533502e-01
4.1687074830e-01	2.3215461e-01
4.1696145125e-01	2.4920277e-01
4.1705215420e-01	2.6785645e-01
4.1714285714e-01	2.9196772e-01
4.1723356009e-01	3.0049363e-01
4.1732426304e-01	3.0556721e-01
4.1741496599e-01	3.2312899e-01
4.1750566893e-01	3.3835488e-01
4.1759637188e-01	3.4172893e-01
4.1768707483e-01	3.4870543e-01
4.1777777778e-01	3.5901849e-01
4.1786848073e-01	3.7792805e-01
4.1795918367e-01	3.8753542e-01
4.1804988662e-01	3.8633179e-01
4.1814058957e-01	3.9391768e-01
4.1823129252e-01	4.0798997e-01
4.1832199546e-01	4.0784934e-01
4.1841269841e-01	4.0674129e-01
4.1850340136e-01	4.0806200e-01
4.1859410431e-01	4.1641298e-01
4.1868480726e-01	4.2044262e-01
4.1877551020e-01	4.2956794e-01
4.1886621315e-01	4.3320844e-01
4.1895691610e-01	4.3297666e-01
4.1904761905e-01	4.2878446e-01
4.1913832200e-01	4.3400327e-01
4.1922902494e-01	4.4257994e-01
4.1931972789e-01	4.2678418e-01
4.1941043084e-01	4.2831253e-01
4.1950113379e-01	3.5576285e-01
4.1959183673e-01	3.7648243e-01
4.1968253968e-01	4.1466527e-01
4.1977324263e-01	4.0323954e-01
4.1986394558e-01	3.9699371e-01
4.1995464853e-01	3.7663145e-01
4.2004535147e-01	3.6791459e-01
4.2013605442e-01	3.5737335e-01
4.2022675737e-01	3.3527943e-01
4.2031746032e-01	3.0706125e-01
4.2040816327e-01	2.9448371e-01
4.2049886621e-01	2.7504329e-01
4.2058956916e-01	2.5238503e-01
4.2068027211e-01	2.3229570e-01
4.2077097506e-01	2.1434396e-01
4.2086167800e-01	1.9397311e-01
4.2095238095e-01	1.8296686e-01
4.2104308390e-01	1.6908763e-01
4.2113378685e-01	1.5894287e-01
4.2122448980e-01	1.4839999e-01
4.2131519274e-01	1.5187236e-01
4.2140589569e-01	1.6356365e-01
4.2149659864e-01	1.6110972e-01
4.2158730159e-01	1.6896807e-01
4.2167800454e-01	1.7001505e-01
4.2176870748e-01	1.9274181e-01
4.2185941043e-01	2.0796963e-01
4.2195011338e-01	2.1787848e-01
4.2204081633e-01	2.2879210e-01
4.2213151927e-01	2.4479191e-01
4.2222222222e-01	2.5668709e-01
4.2231292517e-01	2.6269245e-01
4.2240362812e-01	2.8082678e-01
4.2249433107e-01	2.9129446e-01
4.2258503401e-01	2.8922856e-01
4.2267573696e-01	2.9133327e-01
4.2276643991e-01	2.9478410e-01
4.2285714286e-01	2.9578381e-01
4.2294784580e-01	3.0595520e-01
4.2303854875e-01	3.0962470e-01
4.2312925170e-01	3.1094940e-01
4.2321995465e-01	3.1628229e-01
4.2331065760e-01	3.2637739e-01
4.2340136054e-01	3.2948720e-01
4.2349206349e-01	3.3516092e-01
4.2358276644e-01	3.4734793e-01
4.2367346939e-01	3.4986723e-01
4.2376417234e-01	3.5089873e-01
4.2385487528e-01	3.5015157e-01
4.2394557823e-01	3.4481396e-01
4.2403628118e-01	3.4846182e-01
4.2412698413e-01	3.4312676e-01
4.2421768707e-01	3.2981067e-01
4.2430839002e-01	3.1360645e-01
4.2439909297e-01	2.9748521e-01
4.2448979592e-01	2.8077062e-01
4.2458049887e-01	2.6259811e-01
4.2467120181e-01	2.4033638e-01
4.2476190476e-01	2.1574642e-01
4.2485260771e-01	2.0121297e-01
4.2494331066e-01	1.8033830e-01
4.2503401361e-01	1.5191830e-01
4.2512471655e-01	1.4073674e-01
4.2521541950e-01	1.2240687e-01
4.2530612245e-01	1.0860535e-01
4.2539682540e-01	9.1511029e-02
4.2548752834e-01	6.4285111e-02
4.2557823129e-01	5.1867681e-02
4.2566893424e-01	3.9567496e-02
4.2575963719e-01	2.7098431e-02
4.2585034014e-01	1.7436232e-02
4.2594104308e-01	1.3727460e-02
4.2603174603e-01	1.5125914e-03
4.2612244898e-01	-1.4620120e-02
4.2621315193e-01	-1.2699300e-02
4.2630385488e-01	-2.1599512e-02
4.2639455782e-01	-2.9912150e-02
4.2648526077e-01	-3.0813038e-02
4.2657596372e-01	-3.0928233e-02
4.2666666667e-01	-3.2871559e-02
4.2675736961e-01	-3.1292806e-02
4.2684807256e-01	-4.1520477e-02
4.2693877551e-01	-5.1964453e-02
4.2702947846e-01	-6.5128245e-02
4.2712018141e-01	-7.0860339e-02
4.2721088435e-01	-8.6603599e-02
4.2730158730e-01	-1.0028346e-01
4.2739229025e-01	-1.1138222e-01
4.2748299320e-01	-1.1993860e-01
4.2757369615e-01	-1.3942892e-01
4.2766439909e-01	-1.5610529e-01
4.2775510204e-01	-1.5983023e-01
4.2784580499e-01	-1.8266005e-01
4.2793650794e-01	-1.9284494e-01
4.2802721088e-01	-2.0642136e-01
4.2811791383e-01	-2.2652171e-01
4.2820861678e-01	-2.3979033e-01
4.2829931973e-01	-2.6088676e-01
4.2839002268e-01	-2.7432992e-01
4.2848072562e-01	-2.9439543e-01
4.2857142857e-01	-3.1284019e-01
4.2866213152e-01	-3.3502405e-01
4.2875283447e-01	-3.5479809e-01
4.2884353741e-01	-3.6682965e-01
4.2893424036e-01	-3.8732869e-01
4.2902494331e-01	-4.0816554e-01
4.2911564626e-01	-4.2021252e-01
4.2920634921e-01	-4.4037987e-01
4.2929705215e-01	-4.5491846e-01
4.2938775510e-01	-4.6782774e-01
4.2947845805e-01	-4.9037065e-01
4.2956916100e-01	-4.9722157e-01
4.2965986395e-01	-5.0673819e-01
4.2975056689e-01	-5.2029432e-01
4.2984126984e-01	-5.3912389e-01
4.2993197279e-01	-5.5928090e-01
4.3002267574e-01	-5.6608149e-01
4.3011337868e-01	-5.7765323e-01
4.3020408163e-01	-5.9331003e-01
4.3029478458e-01	-6.1222423e-01
4.3038548753e-01	-6.1740928e-01
4.3047619048e-01	-6.3539599e-01
4.3056689342e-01	-6.4735340e-01
4.3065759637e-01	-6.5618698e-01
4.3074829932e-01	-6.5811088e-01
4.3083900227e-01	-6.6319171e-01
4.3092970522e-01	-6.6917606e-01
4.3102040816e-01	-6.6913831e-01
4.3111111111e-01	-6.6402562e-01
4.3120181406e-01	-6.5704876e-01
4.3129251701e-01	-6.4471865e-01
4.3138321995e-01	-6.3761092e-01
4.3147392290e-01	-6.2628636e-01
4.3156462585e-01	-6.0380529e-01
4.3165532880e-01	-5.7846087e-01
4.3174603175e-01	-5.5881982e-01
4.3183673469e-01	-5.3038468e-01
4.3192743764e-01	-5.0333531e-01
4.3201814059e-01	-5.5346929e-01
4.3210884354e-01	-4.7045356e-01
4.3219954649e-01	-4.1533222e-01
4.3229024943e-01	-3.8763913e-01
4.3238095238e-01	-3.6062885e-01
4.3247165533e-01	-3.3843485e-01
4.3256235828e-01	-3.1277369e-01
4.3265306122e-01	-2.8345695e-01
4.3274376417e-01	-2.6144381e-01
4.3283446712e-01	-2.4060007e-01
4.3292517007e-01	-2.1998462e-01
4.3301587302e-01	-1.9875072e-01
4.3310657596e-01	-1.8474451e-01
4.3319727891e-01	-1.5834674e-01
4.3328798186e-01	-1.4332344e-01
4.3337868481e-01	-1.3144494e-01
4.3346938776e-01	-1.0763414e-01
4.3356009070e-01	-9.6109386e-02
4.3365079365e-01	-7.8650851e-02
4.3374149660e-01	-5.2613480e-02
4.3383219955e-01	-3.5513243e-02
4.3392290249e-01	-2.0375985e-02
4.3401360544e-01	-9.5892832e-03
4.3410430839e-01	8.2478455e-03
4.3419501134e-01	3.4464678e-02
4.3428571429e-01	4.5255104e-02
4.3437641723e-01	6.9172094e-02
4.3446712018e-01	8.4434394e-02
4.3455782313e-01	1.0735817e-01
4.3464852608e-01	1.2484935e-01
4.3473922902e-01	1.3111064e-01
4.3482993197e-01	1.5189104e-01
4.3492063492e-01	1.7429733e-01
4.3501133787e-01	1.9132475e-01
4.3510204082e-01	2.1109608e-01
4.3519274376e-01	2.3129141e-01
4.3528344671e-01	2.4712239e-01
4.3537414966e-01	2.5360846e-01
4.3546485261e-01	2.7458472e-01
4.3555555556e-01	2.8945193e-01
4.3564625850e-01	2.9757430e-01
4.3573696145e-01	3.1028831e-01
4.3582766440e-01	3.2154753e-01
4.3591836735e-01	3.3066837e-01
4.3600907029e-01	3.4223704e-01
4.3609977324e-01	3.5352836e-01
4.3619047619e-01	3.6083179e-01
4.3628117914e-01	3.7832665e-01
4.3637188209e-01	3.8166208e-01
4.3646258503e-01	3.7563673e-01
4.3655328798e-01	3.8403293e-01
4.3664399093e-01	4.0689265e-01
4.3673469388e-01	4.0603889e-01
4.3682539683e-01	4.0541939e-01
4.3691609977e-01	4.1511838e-01
4.3700680272e-01	4.1555303e-01
4.3709750567e-01	4.1140884e-01
4.3718820862e-01	4.2756712e-01
4.3727891156e-01	4.1925710e-01
4.3736961451e-01	4.1327330e-01
4.3746031746e-01	4.1450106e-01
4.3755102041e-01	4.1596564e-01
4.3764172336e-01	4.0202427e-01
4.3773242630e-01	4.0471694e-01
4.3782312925e-01	4.0701670e-01
4.3791383220e-01	4.0386389e-01
4.3800453515e-01	3.8228113e-01
4.3809523810e-01	3.6217452e-01
4.3818594104e-01	3.5156954e-01
4.3827664399e-01	3.3167308e-01
4.3836734694e-01	3.1697589e-01
4.3845804989e-01	3.0386093e-01
4.3854875283e-01	2.8626526e-01
4.3863945578e-01	2.6989862e-01
4.3873015873e-01	2.5034156e-01
4.3882086168e-01	2.3232437e-01
4.3891156463e-01	2.1186202e-01
4.3900226757e-01	1.8888287e-01
4.3909297052e-01	1.7970126e-01
4.3918367347e-01	1.6458767e-01
4.3927437642e-01	1.4997354e-01
4.3936507937e-01	1.5453763e-01
4.3945578231e-01	1.5815723e-01
4.3954648526e-01	1.6236998e-01
4.3963718821e-01	1.7450422e-01
4.3972789116e-01	1.8983546e-01
4.3981859410e-01	1.9333102e-01
4.3990929705e-01	2.0419882e-01
4.4000000000e-01	2.2020815e-01
4.4009070295e-01	2.2960774e-01
4.4018140590e-01	2.4791239e-01
4.4027210884e-01	2.5156795e-01
4.4036281179e-01	2.6759736e-01
4.4045351474e-01	2.8327948e-01
4.4054421769e-01	2.8797309e-01
4.4063492063e-01	2.9068498e-01
4.4072562358e-01	2.9383650e-01
4.4081632653e-01	2.9739736e-01
4.4090702948e-01	3.0363542e-01
4.4099773243e-01	2.9592227e-01
4.4108843537e-01	3.0763725e-01
4.4117913832e-01	3.1228616e-01
4.4126984127e-01	3.1979323e-01
4.4136054422e-01	3.2496582e-01
4.4145124717e-01	3.3430008e-01
4.4154195011e-01	3.4514503e-01
4.4163265306e-01	3.5244160e-01
4.4172335601e-01	3.5005031e-01
4.4181405896e-01	3.5054384e-01
4.4190476190e-01	3.5206733e-01
4.4199546485e-01	3.5360211e-01
4.4208616780e-01	3.5203598e-01
4.4217687075e-01	3.5000392e-01
4.4226757370e-01	3.3152248e-01
4.4235827664e-01	3.2579562e-01
4.4244897959e-01	3.0773615e-01
4.4253968254e-01	2.9432769e-01
4.4263038549e-01	2.7567536e-01
4.4272108844e-01	2.5506336e-01
4.4281179138e-01	2.3384686e-01
4.4290249433e-01	2.1382353e-01
4.4299319728e-01	1.8925724e-01
4.4308390023e-01	1.7781309e-01
4.4317460317e-01	1.6038413e-01
4.4326530612e-01	1.3220414e-01
4.4335600907e-01	1.1537665e-01
4.4344671202e-01	9.9063745e-02
4.4353741497e-01	7.4767681e-02
4.4362811791e-01	6.3525172e-02
4.4371882086e-01	4.7586215e-02
4.4380952381e-01	3.2866891e-02
4.4390022676e-01	1.8365951e-02
4.4399092971e-01	2.2244189e-03
4.4408163265e-01	8.1335970e-04
4.4417233560e-01	-9.8180126e-03
4.4426303855e-01	-1.1617127e-02
4.4435374150e-01	-1.9681381e-02
4.4444444444e-01	-4.4308627e-02
4.4453514739e-01	-1.1890711e-01
4.4462585034e-01	-4.9680657e-02
4.4471655329e-01	-2.5577209e-02
4.4480725624e-01	-4.3610760e-02
4.4489795918e-01	-5.7477276e-02
4.4498866213e-01	-6.3371454e-02
4.4507936508e-01	-6.6582605e-02
4.4517006803e-01	-8.0321375e-02
4.4526077098e-01	-9.0898371e-02
4.4535147392e-01	-1.0081903e-01
4.4544217687e-01	-1.1609627e-01
4.4553287982e-01	-1.1740497e-01
4.4562358277e-01	-1.2998601e-01
4.4571428571e-01	-1.4371833e-01
4.4580498866e-01	-1.6233292e-01
4.4589569161e-01	-1.7355086e-01
4.4598639456e-01	-1.8736557e-01
4.4607709751e-01	-1.9613433e-01
4.4616780045e-01	-2.1757393e-01
4.4625850340e-01	-2.3039722e-01
4.4634920635e-01	-2.4453884e-01
4.4643990930e-01	-2.6619388e-01
4.4653061224e-01	-2.7685134e-01
4.4662131519e-01	-2.8839285e-01
4.4671201814e-01	-3.0982011e-01
4.4680272109e-01	-3.2679566e-01
4.4689342404e-01	-3.4328659e-01
4.4698412698e-01	-3.5494831e-01
4.4707482993e-01	-3.8090941e-01
4.4716553288e-01	-3.9240274e-01
4.4725623583e-01	-4.0535362e-01
4.4734693878e-01	-4.1816389e-01
4.4743764172e-01	-4.3035372e-01
4.4752834467e-01	-4.5132085e-01
4.4761904762e-01	-4.6342110e-01
4.4770975057e-01	-4.7374314e-01
4.4780045351e-01	-4.9575062e-01
4.4789115646e-01	-5.0648569e-01
4.4798185941e-01	-5.1971252e-01
4.4807256236e-01	-5.3475926e-01
4.4816326531e-01	-5.5105402e-01
4.4825396825e-01	-5.6597600e-01
4.4834467120e-01	-5.7996880e-01
4.4843537415e-01	-5.9584434e-01
4.4852607710e-01	-6.0166368e-01
4.4861678005e-01	-6.1690583e-01
4.4870748299e-01	-6.2831282e-01
4.4879818594e-01	-6.3795081e-01
4.4888888889e-01	-6.4740380e-01
4.4897959184e-01	-6.4113637e-01
4.4907029478e-01	-6.3833781e-01
4.4916099773e-01	-6.3683993e-01
4.4925170068e-01	-6.3427045e-01
4.4934240363e-01	-6.2989500e-01
4.4943310658e-01	-6.1493416e-01
4.4952380952e-01	-6.0582055e-01
4.4961451247e-01	-5.9263799e-01
4.4970521542e-01	-5.7676908e-01
4.4979591837e-01	-5.4758508e-01
4.4988662132e-01	-5.2563877e-01
4.4997732426e-01	-5.0289011e-01
4.5006802721e-01	-4.8235375e-01
4.5015873016e-01	-4.5157674e-01
4.5024943311e-01	-4.2426939e-01
4.5034013605e-01	-3.9818247e-01
4.5043083900e-01	-3.7263447e-01
4.5052154195e-01	-3.4340228e-01
4.5061224490e-01	-3.1606860e-01
4.5070294785e-01	-2.9663033e-01
4.5079365079e-01	-2.7741306e-01
4.5088435374e-01	-2.4538847e-01
4.5097505669e-01	-2.3222867e-01
4.5106575964e-01	-2.0855529e-01
4.5115646259e-01	-1.8372690e-01
4.5124716553e-01	-1.7080128e-01
4.5133786848e-01	-1.4722843e-01
4.5142857143e-01	-1.2963451e-01
4.5151927438e-01	-1.1880309e-01
4.5160997732e-01	-9.4263689e-02
4.5170068027e-01	-8.2795259e-02
4.5179138322e-01	-6.9769709e-02
4.5188208617e-01	-4.5173032e-02
4.5197278912e-01	-3.0213887e-02
4.5206349206e-01	-1.3794836e-02
4.5215419501e-01	-4.0823267e-06
4.5224489796e-01	1.2325194e-02
4.5233560091e-01	3.3690702e-02
4.5242630385e-01	4.7002444e-02
4.5251700680e-01	6.8037718e-02
4.5260770975e-01	7.7281283e-02
4.5269841270e-01	8.7843086e-02
4.5278911565e-01	1.0530447e-01
4.5287981859e-01	1.3136998e-01
4.5297052154e-01	1.4700724e-01
4.5306122449e-01	1.5909774e-01
4.5315192744e-01	1.7581045e-01
4.5324263039e-01	1.9780634e-01
4.5333333333e-01	2.2761420e-01
4.5342403628e-01	2.3207634e-01
4.5351473923e-01	2.4979508e-01
4.5360544218e-01	2.7648489e-01
4.5369614512e-01	2.8527406e-01
4.5378684807e-01	2.8715213e-01
4.5387755102e-01	2.9664694e-01
4.5396825397e-01	3.1624004e-01
4.5405895692e-01	3.2090828e-01
4.5414965986e-01	3.2843830e-01
4.5424036281e-01	3.4024341e-01
4.5433106576e-01	3.4687087e-01
4.5442176871e-01	3.5691581e-01
4.5451247166e-01	3.6959369e-01
4.5460317460e-01	3.7523060e-01
4.5469387755e-01	3.8662440e-01
4.5478458050e-01	3.9325639e-01
4.5487528345e-01	4.0385419e-01
4.5496598639e-01	4.0796200e-01
4.5505668934e-01	4.0796052e-01
4.5514739229e-01	4.0593431e-01
4.5523809524e-01	4.0805117e-01
4.5532879819e-01	4.0675227e-01
4.5541950113e-01	4.0691139e-01
4.5551020408e-01	4.0655327e-01
4.5560090703e-01	4.0639891e-01
4.5569160998e-01	4.0859975e-01
4.5578231293e-01	4.0178026e-01
4.5587301587e-01	3.8839808e-01
4.5596371882e-01	3.7774766e-01
4.5605442177e-01	3.7358104e-01
4.5614512472e-01	3.6389862e-01
4.5623582766e-01	3.4617828e-01
4.5632653061e-01	3.3038508e-01
4.5641723356e-01	3.1585567e-01
4.5650793651e-01	2.9223840e-01
4.5659863946e-01	2.7655599e-01
4.5668934240e-01	2.5334614e-01
4.5678004535e-01	2.3557889e-01
4.5687074830e-01	2.2941154e-01
4.5696145125e-01	1.8894999e-01
4.5705215420e-01	1.2555573e-01
4.5714285714e-01	1.7464150e-01
4.5723356009e-01	1.6113295e-01
4.5732426304e-01	1.4535491e-01
4.5741496599e-01	1.4526386e-01
4.5750566893e-01	1.3912251e-01
4.5759637188e-01	1.4180153e-01
4.5768707483e-01	1.5362378e-01
4.5777777778e-01	1.5733131e-01
4.5786848073e-01	1.6752111e-01
4.5795918367e-01	1.8644246e-01
4.5804988662e-01	1.9926265e-01
4.5814058957e-01	2.0730497e-01
4.5823129252e-01	2.2624298e-01
4.5832199546e-01	2.2840207e-01
4.5841269841e-01	2.4782607e-01
4.5850340136e-01	2.5839151e-01
4.5859410431e-01	2.6825471e-01
4.5868480726e-01	2.9132952e-01
4.5877551020e-01	2.9924380e-01
4.5886621315e-01	3.0214298e-01
4.5895691610e-01	3.0506250e-01
4.5904761905e-01	3.1075353e-01
4.5913832200e-01	3.1932086e-01
4.5922902494e-01	3.2428992e-01
4.5931972789e-01	3.2851423e-01
4.5941043084e-01	3.3421372e-01
4.5950113379e-01	3.3604140e-01
4.5959183673e-01	3.4133683e-01
4.5968253968e-01	3.4922118e-01
4.5977324263e-01	3.5168224e-01
4.5986394558e-01	3.5453141e-01
4.5995464853e-01	3.6211731e-01
4.6004535147e-01	3.5489339e-01
4.6013605442e-01	3.4754963e-01
4.6022675737e-01	3.5273360e-01
4.6031746032e-01	3.3933500e-01
4.6040816327e-01	3.2471756e-01
4.6049886621e-01	3.2092421e-01
4.6058956916e-01	3.0156464e-01
4.6068027211e-01	2.8410056e-01
4.6077097506e-01	2.6539944e-01
4.6086167800e-01	2.4049521e-01
4.6095238095e-01	2.2208244e-01
4.6104308390e-01	1.9649977e-01
4.6113378685e-01	1.7289165e-01
4.6122448980e-01	1.4830488e-01
4.6131519274e-01	1.3052585e-01
4.6140589569e-01	1.1604428e-01
4.6149659864e-01	9.4744149e-02
4.6158730159e-01	8.2743642e-02
4.6167800454e-01	7.1082004e-02
4.6176870748e-01	5.2258993e-02
4.6185941043e-01	4.1783155e-02
4.6195011338e-01	3.6329262e-02
4.6204081633e-01	1.7880661e-02
4.6213151927e-01	4.5167029e-03
4.6222222222e-01	6.7561847e-04
4.6231292517e-01	-5.9477511e-03
4.6240362812e-01	-1.8958200e-02
4.6249433107e-01	-2.7102508e-02
4.6258503401e-01	-2.9773411e-02
4.6267573696e-01	-3.8844361e-02
4.6276643991e-01	-3.9659346e-02
4.6285714286e-01	-4.0844732e-02
4.6294784580e-01	-4.3549804e-02
4.6303854875e-01	-5.7010990e-02
4.6312925170e-01	-6.2367645e-02
4.6321995465e-01	-7.8399354e-02
4.6331065760e-01	-8.8032782e-02
4.6340136054e-01	-9.0348565e-02
4.6349206349e-01	-1.0254397e-01
4.6358276644e-01	-1.1856362e-01
4.6367346939e-01	-1.2388727e-01
4.6376417234e-01	-1.3658054e-01
4.6385487528e-01	-1.4669545e-01
4.6394557823e-01	-1.5701330e-01
4.6403628118e-01	-1.6926458e-01
4.6412698413e-01	-1.9009526e-01
4.6421768707e-01	-1.9966549e-01
4.6430839002e-01	-2.1045846e-01
4.6439909297e-01	-2.1964563e-01
4.6448979592e-01	-2.3675534e-01
4.6458049887e-01	-2.5510451e-01
4.6467120181e-01	-2.7100890e-01
4.6476190476e-01	-2.8143492e-01
4.6485260771e-01	-2.9555179e-01
4.6494331066e-01	-3.1574317e-01
4.6503401361e-01	-3.3749749e-01
4.6512471655e-01	-3.5007526e-01
4.6521541950e-01	-3.6365289e-01
4.6530612245e-01	-3.7026905e-01
4.6539682540e-01	-3.9169382e-01
4.6548752834e-01	-4.0885527e-01
4.6557823129e-01	-4.1858666e-01
4.6566893424e-01	-4.4173632e-01
4.6575963719e-01	-4.5495672e-01
4.6585034014e-01	-4.6936875e-01
4.6594104308e-01	-4.8554750e-01
4.6603174603e-01	-4.8735754e-01
4.6612244898e-01	-5.0919204e-01
4.6621315193e-01	-5.2974746e-01
4.6630385488e-01	-5.3325408e-01
4.6639455782e-01	-5.5532247e-01
4.6648526077e-01	-5.7591829e-01
4.6657596372e-01	-5.8427272e-01
4.6666666667e-01	-5.9622640e-01
4.6675736961e-01	-6.1176680e-01
4.6684807256e-01	-6.2270232e-01
4.6693877551e-01	-6.2461785e-01
4.6702947846e-01	-6.2843648e-01
4.6712018141e-01	-6.3031451e-01
4.6721088435e-01	-6.2191338e-01
4.6730158730e-01	-6.2371653e-01
4.6739229025e-01	-6.2369579e-01
4.6748299320e-01	-6.1367263e-01
4.6757369615e-01	-6.0011052e-01
4.6766439909e-01	-5.8382345e-01
4.6775510204e-01	-5.7340811e-01
4.6784580499e-01	-5.6131580e-01
4.6793650794e-01	-5.3087465e-01
4.6802721088e-01	-5.0542217e-01
4.6811791383e-01	-4.8976298e-01
4.6820861678e-01	-4.6040952e-01
4.6829931973e-01	-4.3102212e-01
4.6839002268e-01	-4.1538556e-01
4.6848072562e-01	-3.8377322e-01
4.6857142857e-01	-3.6032027e-01
4.6866213152e-01	-3.3327387e-01
4.6875283447e-01	-3.0511128e-01
4.6884353741e-01	-2.8636933e-01
4.6893424036e-01	-2.6472211e-01
4.6902494331e-01	-2.4544762e-01
4.6911564626e-01	-2.2527607e-01
4.6920634921e-01	-1.9760147e-01
4.6929705215e-01	-1.8222835e-01
4.6938775510e-01	-1.5763628e-01
4.6947845805e-01	-1.9477471e-01
4.6956916100e-01	-2.0374421e-01
4.6965986395e-01	-1.0895992e-01
4.6975056689e-01	-9.6456609e-02
4.6984126984e-01	-7.8487554e-02
4.6993197279e-01	-5.8900146e-02
4.7002267574e-01	-4.1250043e-02
4.7011337868e-01	-2.7347734e-02
4.7020408163e-01	-1.4310418e-02
4.7029478458e-01	2.6588144e-03
4.7038548753e-01	1.3227834e-02
4.7047619048e-01	3.8143632e-02
4.7056689342e-01	5.0429237e-02
4.7065759637e-01	6.6489511e-02
4.7074829932e-01	8.1546164e-02
4.7083900227e-01	1.0529203e-01
4.7092970522e-01	1.1602360e-01
4.7102040816e-01	1.3482851e-01
4.7111111111e-01	1.5269780e-01
4.7120181406e-01	1.6882782e-01
4.7129251701e-01	1.8999299e-01
4.7138321995e-01	1.9707936e-01
4.7147392290e-01	2.0916403e-01
4.7156462585e-01	2.3574042e-01
4.7165532880e-01	2.5315467e-01
4.7174603175e-01	2.6549563e-01
4.7183673469e-01	2.7579797e-01
4.7192743764e-01	2.9457634e-01
4.7201814059e-01	3.0554112e-01
4.7210884354e-01	3.1576761e-01
4.7219954649e-01	3.2021095e-01
4.7229024943e-01	3.3201507e-01
4.7238095238e-01	3.3351760e-01
4.7247165533e-01	3.4309915e-01
4.7256235828e-01	3.5835999e-01
4.7265306122e-01	3.5509836e-01
4.7274376417e-01	3.6044145e-01
4.7283446712e-01	3.7796435e-01
4.7292517007e-01	3.8377079e-01
4.7301587302e-01	3.8800942e-01
4.7310657596e-01	3.9887604e-01
4.7319727891e-01	4.0663281e-01
4.7328798186e-01	4.0411052e-01
4.7337868481e-01	4.0761195e-01
4.7346938776e-01	4.0588702e-01
4.7356009070e-01	3.9354986e-01
4.7365079365e-01	3.9848800e-01
4.7374149660e-01	3.9807980e-01
4.7383219955e-01	3.8791173e-01
4.7392290249e-01	3.8065615e-01
4.7401360544e-01	3.7883744e-01
4.7410430839e-01	3.6645960e-01
4.7419501134e-01	3.5662400e-01
4.7428571429e-01	3.5366820e-01
4.7437641723e-01	3.3176422e-01
4.7446712018e-01	3.1492788e-01
4.7455782313e-01	3.0031924e-01
4.7464852608e-01	2.8612892e-01
4.7473922902e-01	2.6314981e-01
4.7482993197e-01	2.5218036e-01
4.7492063492e-01	2.3377733e-01
4.7501133787e-01	2.1126086e-01
4.7510204082e-01	1.9519259e-01
4.7519274376e-01	1.7953261e-01
4.7528344671e-01	1.5834692e-01
4.7537414966e-01	1.4092492e-01
4.7546485261e-01	1.3858447e-01
4.7555555556e-01	1.3579520e-01
4.7564625850e-01	1.3606079e-01
4.7573696145e-01	1.3709895e-01
4.7582766440e-01	1.3840162e-01
4.7591836735e-01	1.5103785e-01
4.7600907029e-01	1.6138077e-01
4.7609977324e-01	1.7036207e-01
4.7619047619e-01	1.8482385e-01
4.7628117914e-01	2.0268476e-01
4.7637188209e-01	2.1679750e-01
4.7646258503e-01	2.3608629e-01
4.7655328798e-01	2.5084948e-01
4.7664399093e-01	2.6286419e-01
4.7673469388e-01	2.7351745e-01
4.7682539683e-01	2.8281864e-01
4.7691609977e-01	2.9666375e-01
4.7700680272e-01	2.9572519e-01
4.7709750567e-01	2.9488750e-01
4.7718820862e-01	3.0510780e-01
4.7727891156e-01	3.1996252e-01
4.7736961451e-01	3.2352510e-01
4.7746031746e-01	3.3377231e-01
4.7755102041e-01	3.3148922e-01
4.7764172336e-01	3.3969074e-01
4.7773242630e-01	3.5105768e-01
4.7782312925e-01	3.5897374e-01
4.7791383220e-01	3.6197289e-01
4.7800453515e-01	3.6817063e-01
4.7809523810e-01	3.6986784e-01
4.7818594104e-01	3.7496154e-01
4.7827664399e-01	3.6812544e-01
4.7836734694e-01	3.6897465e-01
4.7845804989e-01	3.6526721e-01
4.7854875283e-01	3.3003039e-01
4.7863945578e-01	3.1950789e-01
4.7873015873e-01	3.0341327e-01
4.7882086168e-01	2.9162794e-01
4.7891156463e-01	2.7187518e-01
4.7900226757e-01	2.5419603e-01
4.7909297052e-01	2.4300038e-01
4.7918367347e-01	2.2408472e-01
4.7927437642e-01	1.9679024e-01
4.7936507937e-01	1.7237363e-01
4.7945578231e-01	1.5195904e-01
4.7954648526e-01	1.4124325e-01
4.7963718821e-01	1.2968378e-01
4.7972789116e-01	1.0574227e-01
4.7981859410e-01	8.6899895e-02
4.7990929705e-01	7.6541041e-02
4.8000000000e-01	6.4567888e-02
4.8009070295e-01	5.8639206e-02
4.8018140590e-01	4.5610382e-02
4.8027210884e-01	2.9460371e-02
4.8036281179e-01	1.4608743e-02
4.8045351474e-01	8.3435990e-03
4.8054421769e-01	2.2744850e-03
4.8063492063e-01	-9.7142294e-03
4.8072562358e-01	-2.0597499e-02
4.8081632653e-01	-2.0191322e-02
4.8090702948e-01	-3.0273244e-02
4.8099773243e-01	-3.8547548e-02
4.8108843537e-01	-4.3401037e-02
4.8117913832e-01	-4.8010130e-02
4.8126984127e-01	-5.7461178e-02
4.8136054422e-01	-7.9451884e-02
4.8145124717e-01	-8.7336507e-02
4.8154195011e-01	-9.5583583e-02
4.8163265306e-01	-1.0757853e-01
4.8172335601e-01	-1.2214412e-01
4.8181405896e-01	-1.2984151e-01
4.8190476190e-01	-1.3243183e-01
4.8199546485e-01	-1.9025246e-01
4.8208616780e-01	-1.9925253e-01
4.8217687075e-01	-1.5872939e-01
4.8226757370e-01	-1.8031092e-01
4.8235827664e-01	-1.8893898e-01
4.8244897959e-01	-2.0120547e-01
4.8253968254e-01	-2.1463897e-01
4.8263038549e-01	-2.3336203e-01
4.8272108844e-01	-2.4618721e-01
4.8281179138e-01	-2.6280058e-01
4.8290249433e-01	-2.7379927e-01
4.8299319728e-01	-2.8591782e-01
4.8308390023e-01	-3.1164524e-01
4.8317460317e-01	-3.2719338e-01
4.8326530612e-01	-3.4597248e-01
4.8335600907e-01	-3.5141018e-01
4.8344671202e-01	-3.6819444e-01
4.8353741497e-01	-3.9414717e-01
4.8362811791e-01	-4.1086151e-01
4.8371882086e-01	-4.1670747e-01
4.8380952381e-01	-4.2849044e-01
4.8390022676e-01	-4.5348471e-01
4.8399092971e-01	-4.6308047e-01
4.8408163265e-01	-4.8045257e-01
4.8417233560e-01	-4.9895797e-01
4.8426303855e-01	-5.1678670e-01
4.8435374150e-01	-5.4016709e-01
4.8444444444e-01	-5.4775916e-01
4.8453514739e-01	-5.6546103e-01
4.8462585034e-01	-5.8125737e-01
4.8471655329e-01	-5.9884305e-01
4.8480725624e-01	-6.1579596e-01
4.8489795918e-01	-6.2579675e-01
4.8498866213e-01	-6.3243499e-01
4.8507936508e-01	-6.4335107e-01
4.8517006803e-01	-6.4321307e-01
4.8526077098e-01	-6.4607055e-01
4.8535147392e-01	-6.5189262e-01
4.8544217687e-01	-6.4735732e-01
4.8553287982e-01	-6.3906217e-01
4.8562358277e-01	-6.3443751e-01
4.8571428571e-01	-6.3356429e-01
4.8580498866e-01	-6.1894440e-01
4.8589569161e-01	-5.9692887e-01
4.8598639456e-01	-5.8265395e-01
4.8607709751e-01	-5.5818377e-01
4.8616780045e-01	-5.4704850e-01
4.8625850340e-01	-5.2426179e-01
4.8634920635e-01	-4.8531251e-01
4.8643990930e-01	-4.6511129e-01
4.8653061224e-01	-4.4012407e-01
4.8662131519e-01	-4.1070091e-01
4.8671201814e-01	-3.8715512e-01
4.8680272109e-01	-3.5722497e-01
4.8689342404e-01	-3.3320599e-01
4.8698412698e-01	-3.1217849e-01
4.8707482993e-01	-2.8316632e-01
4.8716553288e-01	-2.6081231e-01
4.8725623583e-01	-2.4126762e-01
4.8734693878e-01	-2.2102342e-01
4.8743764172e-01	-1.9616572e-01
4.8752834467e-01	-1.7661937e-01
4.8761904762e-01	-1.6143900e-01
4.8770975057e-01	-1.3611537e-01
4.8780045351e-01	-1.1527422e-01
4.8789115646e-01	-1.0226458e-01
4.8798185941e-01	-8.4071832e-02
4.8807256236e-01	-6.2439637e-02
4.8816326531e-01	-4.2450118e-02
4.8825396825e-01	-2.1022992e-02
4.8834467120e-01	-1.2423092e-02
4.8843537415e-01	1.5827850e-03
4.8852607710e-01	1.9362388e-02
4.8861678005e-01	3.6274578e-02
4.8870748299e-01	5.0905891e-02
4.8879818594e-01	7.9138672e-02
4.8888888889e-01	8.5222000e-02
4.8897959184e-01	1.0481889e-01
4.8907029478e-01	1.3119036e-01
4.8916099773e-01	1.5052280e-01
4.8925170068e-01	1.6274283e-01
4.8934240363e-01	1.8637363e-01
4.8943310658e-01	2.0301512e-01
4.8952380952e-01	2.1420153e-01
4.8961451247e-01	2.3095748e-01
4.8970521542e-01	2.5114933e-01
4.8979591837e-01	2.6323473e-01
4.8988662132e-01	2.7659171e-01
4.8997732426e-01	2.8641801e-01
4.9006802721e-01	3.0122211e-01
4.9015873016e-01	3.1371565e-01
4.9024943311e-01	3.1849005e-01
4.9034013605e-01	3.2962711e-01
4.9043083900e-01	3.4311334e-01
4.9052154195e-01	3.5685402e-01
4.9061224490e-01	3.6479783e-01
4.9070294785e-01	3.7149542e-01
4.9079365079e-01	3.7976872e-01
4.9088435374e-01	3.8992802e-01
4.9097505669e-01	4.0149005e-01
4.9106575964e-01	4.0180045e-01
4.9115646259e-01	4.0526836e-01
4.9124716553e-01	4.0490049e-01
4.9133786848e-01	4.0583017e-01
4.9142857143e-01	4.0599792e-01
4.9151927438e-01	4.0301674e-01
4.9160997732e-01	4.0538250e-01
4.9170068027e-01	4.0730790e-01
4.9179138322e-01	4.0127572e-01
4.9188208617e-01	3.9473283e-01
4.9197278912e-01	3.9126825e-01
4.9206349206e-01	3.9298468e-01
4.9215419501e-01	3.8089521e-01
4.9224489796e-01	3.7591174e-01
4.9233560091e-01	3.6501942e-01
4.9242630385e-01	3.5288757e-01
4.9251700680e-01	3.3013150e-01
4.9260770975e-01	3.1226398e-01
4.9269841270e-01	3.0282469e-01
4.9278911565e-01	2.8599917e-01
4.9287981859e-01	2.5839904e-01
4.9297052154e-01	2.4237489e-01
4.9306122449e-01	2.2284257e-01
4.9315192744e-01	2.0045781e-01
4.9324263039e-01	1.8622587e-01
4.9333333333e-01	1.6461909e-01
4.9342403628e-01	1.3921643e-01
4.9351473923e-01	1.2422664e-01
4.9360544218e-01	1.2742886e-01
4.9369614512e-01	1.2142469e-01
4.9378684807e-01	1.0792373e-01
4.9387755102e-01	1.1069801e-01
4.9396825397e-01	1.2308371e-01
4.9405895692e-01	1.2976768e-01
4.9414965986e-01	1.3727465e-01
4.9424036281e-01	1.6055151e-01
4.9433106576e-01	1.6813184e-01
4.9442176871e-01	1.9091044e-01
4.9451247166e-01	1.0246505e-01
4.9460317460e-01	1.6134190e-01
4.9469387755e-01	2.3971592e-01
4.9478458050e-01	2.3612306e-01
4.9487528345e-01	2.5760059e-01
4.9496598639e-01	2.6661892e-01
4.9505668934e-01	2.7945946e-01
4.9514739229e-01	2.8929571e-01
4.9523809524e-01	2.8901960e-01
4.9532879819e-01	2.9909755e-01
4.9541950113e-01	3.0521536e-01
4.9551020408e-01	3.0495583e-01
4.9560090703e-01	3.1424555e-01
4.9569160998e-01	3.2742737e-01
4.9578231293e-01	3.3085310e-01
4.9587301587e-01	3.3260802e-01
4.9596371882e-01	3.4526548e-01
4.9605442177e-01	3.4614268e-01
4.9614512472e-01	3.5091602e-01
4.9623582766e-01	3.5498395e-01
4.9632653061e-01	3.5367723e-01
4.9641723356e-01	3.4895275e-01
4.9650793651e-01	3.4111372e-01
4.9659863946e-01	3.3366071e-01
4.9668934240e-01	3.2404762e-01
4.9678004535e-01	3.1044395e-01
4.9687074830e-01	2.9405021e-01
4.9696145125e-01	2.7763737e-01
4.9705215420e-01	2.6296704e-01
4.9714285714e-01	2.4321240e-01
4.9723356009e-01	2.2020510e-01
4.9732426304e-01	2.0844510e-01
4.9741496599e-01	1.8122458e-01
4.9750566893e-01	1.6512774e-01
4.9759637188e-01	1.5265371e-01
4.9768707483e-01	1.3796147e-01
4.9777777778e-01	1.2681517e-01
4.9786848073e-01	1.1087587e-01
4.9795918367e-01	1.0192842e-01
4.9804988662e-01	8.5380207e-02
4.9814058957e-01	6.4982607e-02
4.9823129252e-01	6.5148389e-02
4.9832199546e-01	4.9551074e-02
4.9841269841e-01	3.7638110e-02
4.9850340136e-01	3.3171497e-02
4.9859410431e-01	2.2115141e-02
4.9868480726e-01	1.9128527e-02
4.9877551020e-01	9.8280792e-03
4.9886621315e-01	-2.4042167e-03
4.9895691610e-01	-1.6585625e-02
4.9904761905e-01	-1.9141755e-02
4.9913832200e-01	-1.5624087e-02
4.9922902494e-01	-2.9361681e-02
4.9931972789e-01	-3.2917817e-02
4.9941043084e-01	-4.2535099e-02
4.9950113379e-01	-4.6547091e-02
4.9959183673e-01	-4.5014707e-02
4.9968253968e-01	-6.7784809e-02
4.9977324263e-01	-7.8823076e-02
4.9986394558e-01	-8.5490272e-02
4.9995464853e-01	-9.3335146e-02
5.0004535147e-01	-1.0517827e-01
5.0013605442e-01	-1.2301396e-01
5.0022675737e-01	-1.3440397e-01
5.0031746032e-01	-1.4177743e-01
5.0040816327e-01	-1.5883225e-01
5.0049886621e-01	-1.6671859e-01
5.0058956916e-01	-1.8316432e-01
5.0068027211e-01	-1.9072245e-01
5.0077097506e-01	-2.0074705e-01
5.0086167800e-01	-2.2588781e-01
5.0095238095e-01	-2.3518121e-01
5.0104308390e-01	-2.5071333e-01
5.0113378685e-01	-2.5680754e-01
5.0122448980e-01	-2.7318488e-01
5.0131519274e-01	-2.9300555e-01
5.0140589569e-01	-3.1408211e-01
5.0149659864e-01	-3.3483281e-01
5.0158730159e-01	-3.5161539e-01
5.0167800454e-01	-3.6720285e-01
5.0176870748e-01	-3.8068925e-01
5.0185941043e-01	-3.9288286e-01
5.0195011338e-01	-4.0774350e-01
5.0204081633e-01	-4.2977230e-01
5.0213151927e-01	-4.4303727e-01
5.0222222222e-01	-4.5890134e-01
5.0231292517e-01	-4.8232436e-01
5.0240362812e-01	-5.0044538e-01
5.0249433107e-01	-5.1142177e-01
5.0258503401e-01	-5.2784860e-01
5.0267573696e-01	-5.3809727e-01
5.0276643991e-01	-5.5587685e-01
5.0285714286e-01	-5.7343936e-01
5.0294784580e-01	-5.8143260e-01
5.0303854875e-01	-5.9159907e-01
5.0312925170e-01	-6.0414514e-01
5.0321995465e-01	-6.1491566e-01
5.0331065760e-01	-6.2465486e-01
5.0340136054e-01	-6.2785113e-01
5.0349206349e-01	-6.3100698e-01
5.0358276644e-01	-6.2628830e-01
5.0367346939e-01	-6.2676422e-01
5.0376417234e-01	-6.1932709e-01
5.0385487528e-01	-6.1126606e-01
5.0394557823e-01	-6.0005656e-01
5.0403628118e-01	-5.9334748e-01
5.0412698413e-01	-5.8098989e-01
5.0421768707e-01	-5.5314174e-01
5.0430839002e-01	-5.3545585e-01
5.0439909297e-01	-5.0872593e-01
5.0448979592e-01	-4.7828621e-01
5.0458049887e-01	-4.6795077e-01
5.0467120181e-01	-4.3783970e-01
5.0476190476e-01	-4.0928299e-01
5.0485260771e-01	-3.8370594e-01
5.0494331066e-01	-3.6566806e-01
5.0503401361e-01	-3.4019866e-01
5.0512471655e-01	-3.1691079e-01
5.0521541950e-01	-2.8912967e-01
5.0530612245e-01	-2.7417453e-01
5.0539682540e-01	-2.5571197e-01
5.0548752834e-01	-2.3559230e-01
5.0557823129e-01	-2.1508607e-01
5.0566893424e-01	-1.9538269e-01
5.0575963719e-01	-1.7917591e-01
5.0585034014e-01	-1.6385689e-01
5.0594104308e-01	-1.4166371e-01
5.0603174603e-01	-1.2437370e-01
5.0612244898e-01	-1.1367264e-01
5.0621315193e-01	-9.2492594e-02
5.0630385488e-01	-7.7597416e-02
5.0639455782e-01	-6.0375002e-02
5.0648526077e-01	-4.0647811e-02
5.0657596372e-01	-1.1968683e-02
5.0666666667e-01	-7.2314353e-03
5.0675736961e-01	7.2501177e-03
5.0684807256e-01	3.8188883e-02
5.0693877551e-01	5.2696251e-02
5.0702947846e-01	-1.0905983e-02
5.0712018141e-01	6.0472037e-02
5.0721088435e-01	1.1734455e-01
5.0730158730e-01	1.1943865e-01
5.0739229025e-01	1.2987079e-01
5.0748299320e-01	1.5483189e-01
5.0757369615e-01	1.7825858e-01
5.0766439909e-01	2.0052468e-01
5.0775510204e-01	2.0600762e-01
5.0784580499e-01	2.2130583e-01
5.0793650794e-01	2.4735138e-01
5.0802721088e-01	2.6716524e-01
5.0811791383e-01	2.7681530e-01
5.0820861678e-01	2.9815870e-01
5.0829931973e-01	3.0118084e-01
5.0839002268e-01	3.0974384e-01
5.0848072562e-01	3.2266666e-01
5.0857142857e-01	3.2122753e-01
5.0866213152e-01	3.3830044e-01
5.0875283447e-01	3.5239544e-01
5.0884353741e-01	3.5424229e-01
5.0893424036e-01	3.5362358e-01
5.0902494331e-01	3.6733501e-01
5.0911564626e-01	3.7839720e-01
5.0920634921e-01	3.7914958e-01
5.0929705215e-01	3.8169425e-01
5.0938775510e-01	3.8940485e-01
5.0947845805e-01	3.9256255e-01
5.0956916100e-01	4.0458211e-01
5.0965986395e-01	4.0309175e-01
5.0975056689e-01	3.9434178e-01
5.0984126984e-01	3.9851346e-01
5.0993197279e-01	3.9898362e-01
5.1002267574e-01	3.8451664e-01
5.1011337868e-01	3.8166483e-01
5.1020408163e-01	3.8620354e-01
5.1029478458e-01	3.6741549e-01
5.1038548753e-01	3.5963787e-01
5.1047619048e-01	3.5135546e-01
5.1056689342e-01	3.4358704e-01
5.1065759637e-01	3.2507144e-01
5.1074829932e-01	3.0881345e-01
5.1083900227e-01	2.9403728e-01
5.1092970522e-01	2.8387942e-01
5.1102040816e-01	2.5823550e-01
5.1111111111e-01	2.3640226e-01
5.1120181406e-01	2.1026834e-01
5.1129251701e-01	1.8971178e-01
5.1138321995e-01	1.7525146e-01
5.1147392290e-01	1.5708824e-01
5.1156462585e-01	1.4430424e-01
5.1165532880e-01	1.3664031e-01
5.1174603175e-01	1.2805506e-01
5.1183673469e-01	1.1888204e-01
5.1192743764e-01	1.1879704e-01
5.1201814059e-01	1.3197673e-01
5.1210884354e-01	1.3321074e-01
5.1219954649e-01	1.3563177e-01
5.1229024943e-01	1.4973311e-01
5.1238095238e-01	1.7011030e-01
5.1247165533e-01	1.8677310e-01
5.1256235828e-01	1.9940566e-01
5.1265306122e-01	2.1376273e-01
5.1274376417e-01	2.3273989e-01
5.1283446712e-01	2.4977638e-01
5.1292517007e-01	2.6553574e-01
5.1301587302e-01	2.7644419e-01
5.1310657596e-01	2.9058172e-01
5.1319727891e-01	2.9250824e-01
5.1328798186e-01	2.9915954e-01
5.1337868481e-01	3.0708072e-01
5.1346938776e-01	3.1356220e-01
5.1356009070e-01	3.1660068e-01
5.1365079365e-01	3.2464083e-01
5.1374149660e-01	3.3775410e-01
5.1383219955e-01	3.3294676e-01
5.1392290249e-01	3.4561665e-01
5.1401360544e-01	3.6032183e-01
5.1410430839e-01	3.5592971e-01
5.1419501134e-01	3.5488242e-01
5.1428571429e-01	3.5706838e-01
5.1437641723e-01	3.5953630e-01
5.1446712018e-01	3.5561303e-01
5.1455782313e-01	3.5024591e-01
5.1464852608e-01	3.4453614e-01
5.1473922902e-01	3.3861500e-01
5.1482993197e-01	3.2297532e-01
5.1492063492e-01	3.1004357e-01
5.1501133787e-01	2.9239105e-01
5.1510204082e-01	2.7710315e-01
5.1519274376e-01	2.5907981e-01
5.1528344671e-01	2.3501627e-01
5.1537414966e-01	2.2405273e-01
5.1546485261e-01	1.9829627e-01
5.1555555556e-01	1.7869697e-01
5.1564625850e-01	1.6879838e-01
5.1573696145e-01	1.5082741e-01
5.1582766440e-01	1.3258569e-01
5.1591836735e-01	1.2475375e-01
5.1600907029e-01	1.1374646e-01
5.1609977324e-01	9.4903603e-02
5.1619047619e-01	7.9603337e-02
5.1628117914e-01	7.3884409e-02
5.1637188209e-01	5.8756577e-02
5.1646258503e-01	4.5842722e-02
5.1655328798e-01	3.3576695e-02
5.1664399093e-01	2.4264272e-02
5.1673469388e-01	1.7318557e-02
5.1682539683e-01	1.5667327e-02
5.1691609977e-01	1.7717266e-04
5.1700680272e-01	-1.1362950e-02
5.1709750567e-01	-1.1628559e-02
5.1718820862e-01	-2.2474166e-02
5.1727891156e-01	-2.9015705e-02
5.1736961451e-01	-3.2888247e-02
5.1746031746e-01	-4.4239210e-02
5.1755102041e-01	-5.3370868e-02
5.1764172336e-01	-6.5165250e-02
5.1773242630e-01	-6.5981156e-02
5.1782312925e-01	-7.8758708e-02
5.1791383220e-01	-9.4612933e-02
5.1800453515e-01	-9.9375612e-02
5.1809523810e-01	-1.1130090e-01
5.1818594104e-01	-1.1956947e-01
5.1827664399e-01	-1.2498484e-01
5.1836734694e-01	-1.4239465e-01
5.1845804989e-01	-1.5005522e-01
5.1854875283e-01	-1.6095459e-01
5.1863945578e-01	-1.7174341e-01
5.1873015873e-01	-1.8427895e-01
5.1882086168e-01	-1.9313978e-01
5.1891156463e-01	-1.9739099e-01
5.1900226757e-01	-2.1070682e-01
5.1909297052e-01	-2.3558793e-01
5.1918367347e-01	-2.5213184e-01
5.1927437642e-01	-2.6750193e-01
5.1936507937e-01	-2.7601068e-01
5.1945578231e-01	-3.0088697e-01
5.1954648526e-01	-3.9483446e-01
5.1963718821e-01	-3.3486190e-01
5.1972789116e-01	-3.3627148e-01
5.1981859410e-01	-3.5315764e-01
5.1990929705e-01	-3.7460722e-01
5.2000000000e-01	-3.8547042e-01
5.2009070295e-01	-3.9690990e-01
5.2018140590e-01	-4.1684954e-01
5.2027210884e-01	-4.3189083e-01
5.2036281179e-01	-4.3983690e-01
5.2045351474e-01	-4.5971447e-01
5.2054421769e-01	-4.7711347e-01
5.2063492063e-01	-4.9239295e-01
5.2072562358e-01	-5.0740737e-01
5.2081632653e-01	-5.2513395e-01
5.2090702948e-01	-5.3383533e-01
5.2099773243e-01	-5.5502185e-01
5.2108843537e-01	-5.7013912e-01
5.2117913832e-01	-5.7530317e-01
5.2126984127e-01	-5.8509670e-01
5.2136054422e-01	-5.8724451e-01
5.2145124717e-01	-6.0184178e-01
5.2154195011e-01	-6.0929344e-01
5.2163265306e-01	-6.0257531e-01
5.2172335601e-01	-6.0453843e-01
5.2181405896e-01	-6.1527514e-01
5.2190476190e-01	-6.0549200e-01
5.2199546485e-01	-5.8861612e-01
5.2208616780e-01	-5.8340107e-01
5.2217687075e-01	-5.6144308e-01
5.2226757370e-01	-5.4147161e-01
5.2235827664e-01	-5.2011835e-01
5.2244897959e-01	-5.0260164e-01
5.2253968254e-01	-4.8910286e-01
5.2263038549e-01	-4.6236952e-01
5.2272108844e-01	-4.3704737e-01
5.2281179138e-01	-4.1719267e-01
5.2290249433e-01	-3.9487944e-01
5.2299319728e-01	-3.6113853e-01
5.2308390023e-01	-3.4032440e-01
5.2317460317e-01	-3.2238506e-01
5.2326530612e-01	-2.9720433e-01
5.2335600907e-01	-2.7547984e-01
5.2344671202e-01	-2.5030422e-01
5.2353741497e-01	-2.2991289e-01
5.2362811791e-01	-2.1456222e-01
5.2371882086e-01	-1.9335394e-01
5.2380952381e-01	-1.7668658e-01
5.2390022676e-01	-1.6601618e-01
5.2399092971e-01	-1.4778821e-01
5.2408163265e-01	-1.3951082e-01
5.2417233560e-01	-1.1627658e-01
5.2426303855e-01	-9.9304232e-02
5.2435374150e-01	-8.7534872e-02
5.2444444444e-01	-6.7460485e-02
5.2453514739e-01	-4.6867560e-02
5.2462585034e-01	-4.3042848e-02
5.2471655329e-01	-2.4056055e-02
5.2480725624e-01	-3.2001660e-03
5.2489795918e-01	3.2271012e-03
5.2498866213e-01	2.3633568e-02
5.2507936508e-01	4.4052228e-02
5.2517006803e-01	6.3437458e-02
5.2526077098e-01	8.0056937e-02
5.2535147392e-01	1.0219092e-01
5.2544217687e-01	1.1639015e-01
5.2553287982e-01	1.3368686e-01
5.2562358277e-01	1.5218176e-01
5.2571428571e-01	1.6076853e-01
5.2580498866e-01	1.8428057e-01
5.2589569161e-01	2.1097841e-01
5.2598639456e-01	2.1673837e-01
5.2607709751e-01	2.2727726e-01
5.2616780045e-01	2.4528799e-01
5.2625850340e-01	2.5774081e-01
5.2634920635e-01	2.7371220e-01
5.2643990930e-01	2.8808283e-01
5.2653061224e-01	2.9509999e-01
5.2662131519e-01	3.0158022e-01
5.2671201814e-01	3.1584000e-01
5.2680272109e-01	3.2792206e-01
5.2689342404e-01	3.3107610e-01
5.2698412698e-01	3.4023593e-01
5.2707482993e-01	3.4276613e-01
5.2716553288e-01	3.5235027e-01
5.2725623583e-01	3.5443223e-01
5.2734693878e-01	3.6518529e-01
5.2743764172e-01	3.7405417e-01
5.2752834467e-01	3.7959498e-01
5.2761904762e-01	3.7714315e-01
5.2770975057e-01	3.7450920e-01
5.2780045351e-01	3.7961129e-01
5.2789115646e-01	3.7500213e-01
5.2798185941e-01	3.7273888e-01
5.2807256236e-01	3.7366671e-01
5.2816326531e-01	3.7752570e-01
5.2825396825e-01	3.6170584e-01
5.2834467120e-01	3.6410140e-01
5.2843537415e-01	3.5361803e-01
5.2852607710e-01	3.3657366e-01
5.2861678005e-01	3.3427376e-01
5.2870748299e-01	3.2769730e-01
5.2879818594e-01	3.1102282e-01
5.2888888889e-01	2.9878621e-01
5.2897959184e-01	2.8650843e-01
5.2907029478e-01	2.6768379e-01
5.2916099773e-01	2.4122142e-01
5.2925170068e-01	2.1474856e-01
5.2934240363e-01	1.9821264e-01
5.2943310658e-01	1.8346860e-01
5.2952380952e-01	1.6317015e-01
5.2961451247e-01	1.4116639e-01
5.2970521542e-01	1.2275288e-01
5.2979591837e-01	1.1051987e-01
5.2988662132e-01	1.0549913e-01
5.2997732426e-01	1.0048759e-01
5.3006802721e-01	1.1573524e-01
5.3015873016e-01	1.2342624e-01
5.3024943311e-01	1.3215920e-01
5.3034013605e-01	1.4290278e-01
5.3043083900e-01	1.5864571e-01
5.3052154195e-01	1.7494992e-01
5.3061224490e-01	1.8638895e-01
5.3070294785e-01	2.0213778e-01
5.3079365079e-01	2.1544936e-01
5.3088435374e-01	2.4011544e-01
5.3097505669e-01	2.5829692e-01
5.3106575964e-01	2.6516569e-01
5.3115646259e-01	2.7815419e-01
5.3124716553e-01	2.9644193e-01
5.3133786848e-01	2.9941014e-01
5.3142857143e-01	3.0896572e-01
5.3151927438e-01	3.2059140e-01
5.3160997732e-01	3.3027577e-01
5.3170068027e-01	3.2918233e-01
5.3179138322e-01	3.4003056e-01
5.3188208617e-01	3.4821204e-01
5.3197278912e-01	3.1261191e-01
5.3206349206e-01	2.4626546e-01
5.3215419501e-01	3.4832325e-01
5.3224489796e-01	3.6181021e-01
5.3233560091e-01	3.5790903e-01
5.3242630385e-01	3.6554791e-01
5.3251700680e-01	3.6344303e-01
5.3260770975e-01	3.4788128e-01
5.3269841270e-01	3.5101785e-01
5.3278911565e-01	3.4819652e-01
5.3287981859e-01	3.2612244e-01
5.3297052154e-01	3.1828533e-01
5.3306122449e-01	3.0450823e-01
5.3315192744e-01	2.8596453e-01
5.3324263039e-01	2.7034887e-01
5.3333333333e-01	2.4876770e-01
5.3342403628e-01	2.3164508e-01
5.3351473923e-01	2.1024887e-01
5.3360544218e-01	1.8775308e-01
5.3369614512e-01	1.7562695e-01
5.3378684807e-01	1.5434799e-01
5.3387755102e-01	1.3517389e-01
5.3396825397e-01	1.1909764e-01
5.3405895692e-01	1.0444847e-01
5.3414965986e-01	9.5595474e-02
5.3424036281e-01	8.4713545e-02
5.3433106576e-01	7.5812977e-02
5.3442176871e-01	5.6627864e-02
5.3451247166e-01	3.9148420e-02
5.3460317460e-01	3.3318484e-02
5.3469387755e-01	2.8712933e-02
5.3478458050e-01	7.0951017e-03
5.3487528345e-01	-4.8960703e-03
5.3496598639e-01	-1.3920083e-02
5.3505668934e-01	-2.2026245e-02
5.3514739229e-01	-2.3385983e-02
5.3523809524e-01	-3.5192207e-02
5.3532879819e-01	-4.7052014e-02
5.3541950113e-01	-4.2823615e-02
5.3551020408e-01	-5.2362876e-02
5.3560090703e-01	-6.9509836e-02
5.3569160998e-01	-7.1980366e-02
5.3578231293e-01	-7.5617766e-02
5.3587301587e-01	-8.2722881e-02
5.3596371882e-01	-9.3504899e-02
5.3605442177e-01	-1.0936626e-01
5.3614512472e-01	-1.1516008e-01
5.3623582766e-01	-1.1873420e-01
5.3632653061e-01	-1.3268915e-01
5.3641723356e-01	-1.4567414e-01
5.3650793651e-01	-1.5126202e-01
5.3659863946e-01	-1.6283246e-01
5.3668934240e-01	-1.6896863e-01
5.3678004535e-01	-1.7764409e-01
5.3687074830e-01	-1.9448681e-01
5.3696145125e-01	-2.0397722e-01
5.3705215420e-01	-2.1693039e-01
5.3714285714e-01	-2.2539006e-01
5.3723356009e-01	-2.3656427e-01
5.3732426304e-01	-2.5350464e-01
5.3741496599e-01	-2.7020860e-01
5.3750566893e-01	-2.7877238e-01
5.3759637188e-01	-2.9158305e-01
5.3768707483e-01	-3.0801656e-01
5.3777777778e-01	-3.1735056e-01
5.3786848073e-01	-3.2848839e-01
5.3795918367e-01	-3.4700682e-01
5.3804988662e-01	-3.6012676e-01
5.3814058957e-01	-3.7133220e-01
5.3823129252e-01	-3.8363638e-01
5.3832199546e-01	-4.0300566e-01
5.3841269841e-01	-4.1351559e-01
5.3850340136e-01	-4.3009027e-01
5.3859410431e-01	-4.4788943e-01
5.3868480726e-01	-4.6260455e-01
5.3877551020e-01	-4.8067541e-01
5.3886621315e-01	-4.9588270e-01
5.3895691610e-01	-5.0735383e-01
5.3904761905e-01	-5.2536611e-01
5.3913832200e-01	-5.3802112e-01
5.3922902494e-01	-5.5739732e-01
5.3931972789e-01	-5.6326309e-01
5.3941043084e-01	-5.7165489e-01
5.3950113379e-01	-5.8135144e-01
5.3959183673e-01	-5.8639993e-01
5.3968253968e-01	-5.8445191e-01
5.3977324263e-01	-5.8916547e-01
5.3986394558e-01	-5.8626262e-01
5.3995464853e-01	-5.8229994e-01
5.4004535147e-01	-5.8319106e-01
5.4013605442e-01	-5.7862739e-01
5.4022675737e-01	-5.6105484e-01
5.4031746032e-01	-5.3879351e-01
5.4040816327e-01	-5.2587090e-01
5.4049886621e-01	-5.0772725e-01
5.4058956916e-01	-4.8371761e-01
5.4068027211e-01	-4.6105612e-01
5.4077097506e-01	-4.3376901e-01
5.4086167800e-01	-4.1310747e-01
5.4095238095e-01	-3.9384531e-01
5.4104308390e-01	-3.7064335e-01
5.4113378685e-01	-3.5186714e-01
5.4122448980e-01	-3.1903931e-01
5.4131519274e-01	-2.9948511e-01
5.4140589569e-01	-2.8528128e-01
5.4149659864e-01	-2.6385404e-01
5.4158730159e-01	-2.4355850e-01
5.4167800454e-01	-2.2813919e-01
5.4176870748e-01	-2.1097354e-01
5.4185941043e-01	-1.9239584e-01
5.4195011338e-01	-1.7583102e-01
5.4204081633e-01	-1.5571263e-01
5.4213151927e-01	-1.4234898e-01
5.4222222222e-01	-1.3198662e-01
5.4231292517e-01	-1.1519214e-01
5.4240362812e-01	-9.5784282e-02
5.4249433107e-01	-7.7150780e-02
5.4258503401e-01	-6.2519108e-02
5.4267573696e-01	-4.8828393e-02
5.4276643991e-01	-3.1545028e-02
5.4285714286e-01	-2.3070470e-02
5.4294784580e-01	-7.0836010e-03
5.4303854875e-01	1.5629763e-02
5.4312925170e-01	3.9027931e-02
5.4321995465e-01	5.2282995e-02
5.4331065760e-01	6.7181433e-02
5.4340136054e-01	8.3903368e-02
5.4349206349e-01	9.0054022e-02
5.4358276644e-01	1.0584195e-01
5.4367346939e-01	1.2820021e-01
5.4376417234e-01	1.4319640e-01
5.4385487528e-01	1.5685908e-01
5.4394557823e-01	1.7647236e-01
5.4403628118e-01	1.9311923e-01
5.4412698413e-01	2.1748803e-01
5.4421768707e-01	2.2571330e-01
5.4430839002e-01	2.3576754e-01
5.4439909297e-01	2.5877207e-01
5.4448979592e-01	2.2925586e-01
5.4458049887e-01	2.1822458e-01
5.4467120181e-01	2.9349989e-01
5.4476190476e-01	3.0117658e-01
5.4485260771e-01	3.0443385e-01
5.4494331066e-01	3.1280215e-01
5.4503401361e-01	3.1633734e-01
5.4512471655e-01	3.1645524e-01
5.4521541950e-01	3.2158267e-01
5.4530612245e-01	3.2925206e-01
5.4539682540e-01	3.3456449e-01
5.4548752834e-01	3.4587653e-01
5.4557823129e-01	3.5015597e-01
5.4566893424e-01	3.4727835e-01
5.4575963719e-01	3.5692909e-01
5.4585034014e-01	3.6139763e-01
5.4594104308e-01	3.5341610e-01
5.4603174603e-01	3.6298518e-01
5.4612244898e-01	3.5618300e-01
5.4621315193e-01	3.6217165e-01
5.4630385488e-01	3.6080617e-01
5.4639455782e-01	3.4524853e-01
5.4648526077e-01	3.5321055e-01
5.4657596372e-01	3.4836759e-01
5.4666666667e-01	3.3945819e-01
5.4675736961e-01	3.2694114e-01
5.4684807256e-01	3.0939452e-01
5.4693877551e-01	2.9503537e-01
5.4702947846e-01	2.8203167e-01
5.4712018141e-01	2.7501902e-01
5.4721088435e-01	2.5315195e-01
5.4730158730e-01	2.2409276e-01
5.4739229025e-01	2.0711285e-01
5.4748299320e-01	1.8672175e-01
5.4757369615e-01	1.6185892e-01
5.4766439909e-01	1.4779604e-01
5.4775510204e-01	1.2866229e-01
5.4784580499e-01	1.1640140e-01
5.4793650794e-01	1.1235686e-01
5.4802721088e-01	1.0095828e-01
5.4811791383e-01	9.4931825e-02
5.4820861678e-01	1.0355602e-01
5.4829931973e-01	1.1428747e-01
5.4839002268e-01	1.2429687e-01
5.4848072562e-01	1.3244941e-01
5.4857142857e-01	1.4865593e-01
5.4866213152e-01	1.7030057e-01
5.4875283447e-01	1.9173459e-01
5.4884353741e-01	2.0483142e-01
5.4893424036e-01	2.2315683e-01
5.4902494331e-01	2.5148761e-01
5.4911564626e-01	2.6165731e-01
5.4920634921e-01	2.7955553e-01
5.4929705215e-01	2.9314523e-01
5.4938775510e-01	3.0179051e-01
5.4947845805e-01	3.0587061e-01
5.4956916100e-01	3.2137106e-01
5.4965986395e-01	3.3132528e-01
5.4975056689e-01	3.3487709e-01
5.4984126984e-01	3.4599859e-01
5.4993197279e-01	3.5140984e-01
5.5002267574e-01	3.5869572e-01
5.5011337868e-01	3.6547441e-01
5.5020408163e-01	3.7019326e-01
5.5029478458e-01	3.7771003e-01
5.5038548753e-01	3.8083660e-01
5.5047619048e-01	3.8624548e-01
5.5056689342e-01	3.7434268e-01
5.5065759637e-01	3.7320242e-01
5.5074829932e-01	3.8255474e-01
5.5083900227e-01	3.6853611e-01
5.5092970522e-01	3.6354290e-01
5.5102040816e-01	3.5882151e-01
5.5111111111e-01	3.4722753e-01
5.5120181406e-01	3.2693583e-01
5.5129251701e-01	3.0754194e-01
5.5138321995e-01	2.8656477e-01
5.5147392290e-01	2.7991376e-01
5.5156462585e-01	2.6179034e-01
5.5165532880e-01	2.3445558e-01
5.5174603175e-01	2.1628574e-01
5.5183673469e-01	2.0518524e-01
5.5192743764e-01	1.9020709e-01
5.5201814059e-01	1.6695353e-01
5.5210884354e-01	1.4263166e-01
5.5219954649e-01	1.2904712e-01
5.5229024943e-01	1.1498742e-01
5.5238095238e-01	9.1292075e-02
5.5247165533e-01	7.5280981e-02
5.5256235828e-01	6.5437616e-02
5.5265306122e-01	4.6321217e-02
5.5274376417e-01	3.2811503e-02
5.5283446712e-01	2.2591153e-02
5.5292517007e-01	2.1384045e-02
5.5301587302e-01	4.8131148e-03
5.5310657596e-01	-1.1118052e-02
5.5319727891e-01	-1.1122563e-02
5.5328798186e-01	-1.6234749e-02
5.5337868481e-01	-3.1429160e-02
5.5346938776e-01	-4.4003304e-02
5.5356009070e-01	-5.2167155e-02
5.5365079365e-01	-5.6737279e-02
5.5374149660e-01	-6.3835941e-02
5.5383219955e-01	-7.0332992e-02
5.5392290249e-01	-8.2930504e-02
5.5401360544e-01	-9.5930101e-02
5.5410430839e-01	-1.0201581e-01
5.5419501134e-01	-1.0414478e-01
5.5428571429e-01	-1.1618701e-01
5.5437641723e-01	-1.2494644e-01
5.5446712018e-01	-1.3743242e-01
5.5455782313e-01	-1.5218968e-01
5.5464852608e-01	-1.5948292e-01
5.5473922902e-01	-1.6544987e-01
5.5482993197e-01	-1.7754445e-01
5.5492063492e-01	-1.8533592e-01
5.5501133787e-01	-1.9845092e-01
5.5510204082e-01	-2.0873891e-01
5.5519274376e-01	-2.2241131e-01
5.5528344671e-01	-2.3145311e-01
5.5537414966e-01	-2.3931129e-01
5.5546485261e-01	-2.5853547e-01
5.5555555556e-01	-2.7750261e-01
5.5564625850e-01	-2.8899521e-01
5.5573696145e-01	-2.9367665e-01
5.5582766440e-01	-3.0896869e-01
5.5591836735e-01	-3.2880902e-01
5.5600907029e-01	-3.4620773e-01
5.5609977324e-01	-3.5425999e-01
5.5619047619e-01	-3.7144723e-01
5.5628117914e-01	-3.8422221e-01
5.5637188209e-01	-3.9891858e-01
5.5646258503e-01	-4.1888664e-01
5.5655328798e-01	-4.3115293e-01
5.5664399093e-01	-4.4566650e-01
5.5673469388e-01	-4.6121496e-01
5.5682539683e-01	-4.8096512e-01
5.5691609977e-01	-4.8702621e-01
5.5700680272e-01	-5.8748862e-01
5.5709750567e-01	-5.8863940e-01
5.5718820862e-01	-5.2785585e-01
5.5727891156e-01	-5.5961093e-01
5.5736961451e-01	-5.7703740e-01
5.5746031746e-01	-5.7853209e-01
5.5755102041e-01	-5.9129860e-01
5.5764172336e-01	-6.0369956e-01
5.5773242630e-01	-6.0636579e-01
5.5782312925e-01	-6.1276604e-01
5.5791383220e-01	-6.1025262e-01
5.5800453515e-01	-6.2045676e-01
5.5809523810e-01	-6.1754216e-01
5.5818594104e-01	-6.0759274e-01
5.5827664399e-01	-5.8901944e-01
5.5836734694e-01	-5.7025690e-01
5.5845804989e-01	-5.5979239e-01
5.5854875283e-01	-5.4585964e-01
5.5863945578e-01	-5.2733512e-01
5.5873015873e-01	-5.0648517e-01
5.5882086168e-01	-4.8187686e-01
5.5891156463e-01	-4.5216768e-01
5.5900226757e-01	-4.2712201e-01
5.5909297052e-01	-4.0297619e-01
5.5918367347e-01	-3.7996345e-01
5.5927437642e-01	-3.5579843e-01
5.5936507937e-01	-3.2844862e-01
5.5945578231e-01	-3.0810957e-01
5.5954648526e-01	-2.8982972e-01
5.5963718821e-01	-2.6878441e-01
5.5972789116e-01	-2.4225732e-01
5.5981859410e-01	-2.2868885e-01
5.5990929705e-01	-2.1851533e-01
5.6000000000e-01	-2.0535973e-01
5.6009070295e-01	-1.7547313e-01
5.6018140590e-01	-1.6434346e-01
5.6027210884e-01	-1.4896298e-01
5.6036281179e-01	-1.2560842e-01
5.6045351474e-01	-1.1039739e-01
5.6054421769e-01	-9.3722817e-02
5.6063492063e-01	-8.3798323e-02
5.6072562358e-01	-5.9933785e-02
5.6081632653e-01	-4.2792156e-02
5.6090702948e-01	-2.4952482e-02
5.6099773243e-01	-1.2492853e-02
5.6108843537e-01	-2.7768831e-03
5.6117913832e-01	2.1743232e-02
5.6126984127e-01	4.8410114e-02
5.6136054422e-01	5.7026715e-02
5.6145124717e-01	7.2811568e-02
5.6154195011e-01	8.3753903e-02
5.6163265306e-01	1.0772423e-01
5.6172335601e-01	1.2291175e-01
5.6181405896e-01	1.3570842e-01
5.6190476190e-01	1.5863630e-01
5.6199546485e-01	1.7738490e-01
5.6208616780e-01	1.9741427e-01
5.6217687075e-01	2.1285095e-01
5.6226757370e-01	2.3294257e-01
5.6235827664e-01	2.4514812e-01
5.6244897959e-01	2.5396078e-01
5.6253968254e-01	2.6063155e-01
5.6263038549e-01	2.7102925e-01
5.6272108844e-01	2.8722349e-01
5.6281179138e-01	2.9054680e-01
5.6290249433e-01	2.9528735e-01
5.6299319728e-01	3.0398227e-01
5.6308390023e-01	3.1726404e-01
5.6317460317e-01	3.2882817e-01
5.6326530612e-01	3.2999387e-01
5.6335600907e-01	3.3741674e-01
5.6344671202e-01	3.4703420e-01
5.6353741497e-01	3.5074347e-01
5.6362811791e-01	3.4657488e-01
5.6371882086e-01	3.5452772e-01
5.6380952381e-01	3.6248446e-01
5.6390022676e-01	3.6338279e-01
5.6399092971e-01	3.6474091e-01
5.6408163265e-01	3.7051363e-01
5.6417233560e-01	3.7799849e-01
5.6426303855e-01	3.7435412e-01
5.6435374150e-01	3.6920686e-01
5.6444444444e-01	3.6597346e-01
5.6453514739e-01	3.6581244e-01
5.6462585034e-01	3.5567126e-01
5.6471655329e-01	3.4408016e-01
5.6480725624e-01	3.3313051e-01
5.6489795918e-01	3.2132068e-01
5.6498866213e-01	3.1100300e-01
5.6507936508e-01	2.9828567e-01
5.6517006803e-01	2.7703343e-01
5.6526077098e-01	2.4941267e-01
5.6535147392e-01	2.4010969e-01
5.6544217687e-01	2.1532975e-01
5.6553287982e-01	1.8863410e-01
5.6562358277e-01	1.6902754e-01
5.6571428571e-01	1.4671737e-01
5.6580498866e-01	1.2659418e-01
5.6589569161e-01	1.1529054e-01
5.6598639456e-01	1.0490158e-01
5.6607709751e-01	9.0313842e-02
5.6616780045e-01	8.4240179e-02
5.6625850340e-01	8.8279308e-02
5.6634920635e-01	9.4223083e-02
5.6643990930e-01	9.6727408e-02
5.6653061224e-01	1.0154280e-01
5.6662131519e-01	1.2252740e-01
5.6671201814e-01	1.4532594e-01
5.6680272109e-01	1.5249275e-01
5.6689342404e-01	1.8219375e-01
5.6698412698e-01	1.9464181e-01
5.6707482993e-01	2.0392956e-01
5.6716553288e-01	2.3291530e-01
5.6725623583e-01	2.5246740e-01
5.6734693878e-01	2.7280804e-01
5.6743764172e-01	2.9396396e-01
5.6752834467e-01	2.9117347e-01
5.6761904762e-01	2.8898856e-01
5.6770975057e-01	2.9765377e-01
5.6780045351e-01	3.0737138e-01
5.6789115646e-01	3.2064012e-01
5.6798185941e-01	3.3355385e-01
5.6807256236e-01	3.3333671e-01
5.6816326531e-01	3.4235176e-01
5.6825396825e-01	3.5593592e-01
5.6834467120e-01	3.5796661e-01
5.6843537415e-01	3.6337144e-01
5.6852607710e-01	3.5926843e-01
5.6861678005e-01	3.6493029e-01
5.6870748299e-01	3.6907520e-01
5.6879818594e-01	3.6918809e-01
5.6888888889e-01	3.6652885e-01
5.6897959184e-01	3.6043037e-01
5.6907029478e-01	3.4659216e-01
5.6916099773e-01	3.3370414e-01
5.6925170068e-01	3.2223413e-01
5.6934240363e-01	3.0754293e-01
5.6943310658e-01	3.1057753e-01
5.6952380952e-01	2.0785801e-01
5.6961451247e-01	2.3265214e-01
5.6970521542e-01	2.5927943e-01
5.6979591837e-01	2.2935119e-01
5.6988662132e-01	2.2252500e-01
5.6997732426e-01	2.0234337e-01
5.7006802721e-01	1.8673170e-01
5.7015873016e-01	1.7010522e-01
5.7024943311e-01	1.5005607e-01
5.7034013605e-01	1.3396921e-01
5.7043083900e-01	1.2125485e-01
5.7052154195e-01	1.0374228e-01
5.7061224490e-01	9.2741308e-02
5.7070294785e-01	7.6510421e-02
5.7079365079e-01	6.1592386e-02
5.7088435374e-01	5.0282270e-02
5.7097505669e-01	4.2803497e-02
5.7106575964e-01	3.3877783e-02
5.7115646259e-01	2.7056172e-02
5.7124716553e-01	7.0811785e-03
5.7133786848e-01	-5.2934021e-03
5.7142857143e-01	-5.5103496e-03
5.7151927438e-01	-1.5758285e-02
5.7160997732e-01	-2.3991870e-02
5.7170068027e-01	-3.2376098e-02
5.7179138322e-01	-3.9755320e-02
5.7188208617e-01	-4.7536825e-02
5.7197278912e-01	-5.2106468e-02
5.7206349206e-01	-6.0990428e-02
5.7215419501e-01	-7.6991113e-02
5.7224489796e-01	-7.8792962e-02
5.7233560091e-01	-9.0049140e-02
5.7242630385e-01	-1.1055669e-01
5.7251700680e-01	-1.1725959e-01
5.7260770975e-01	-1.1616909e-01
5.7269841270e-01	-1.2765819e-01
5.7278911565e-01	-1.4018599e-01
5.7287981859e-01	-1.5614305e-01
5.7297052154e-01	-1.6164629e-01
5.7306122449e-01	-1.7741090e-01
5.7315192744e-01	-1.8357055e-01
5.7324263039e-01	-1.9063199e-01
5.7333333333e-01	-2.0164164e-01
5.7342403628e-01	-2.2480760e-01
5.7351473923e-01	-2.3776155e-01
5.7360544218e-01	-2.4081370e-01
5.7369614512e-01	-2.5333202e-01
5.7378684807e-01	-2.6299314e-01
5.7387755102e-01	-2.8247344e-01
5.7396825397e-01	-2.9618916e-01
5.7405895692e-01	-2.9911335e-01
5.7414965986e-01	-3.1454164e-01
5.7424036281e-01	-3.2488085e-01
5.7433106576e-01	-3.4096590e-01
5.7442176871e-01	-3.6175178e-01
5.7451247166e-01	-3.6982077e-01
5.7460317460e-01	-3.8204308e-01
5.7469387755e-01	-3.9769943e-01
5.7478458050e-01	-4.2029591e-01
5.7487528345e-01	-4.3715825e-01
5.7496598639e-01	-4.5079986e-01
5.7505668934e-01	-4.7503081e-01
5.7514739229e-01	-4.8406515e-01
5.7523809524e-01	-4.9229650e-01
5.7532879819e-01	-5.2708466e-01
5.7541950113e-01	-5.3727384e-01
5.7551020408e-01	-5.4496345e-01
5.7560090703e-01	-5.6941842e-01
5.7569160998e-01	-5.7360306e-01
5.7578231293e-01	-5.8750873e-01
5.7587301587e-01	-6.0314399e-01
5.7596371882e-01	-6.0082194e-01
5.7605442177e-01	-5.9675759e-01
5.7614512472e-01	-6.0283679e-01
5.7623582766e-01	-5.9369942e-01
5.7632653061e-01	-5.8549988e-01
5.7641723356e-01	-5.7876411e-01
5.7650793651e-01	-5.6949086e-01
5.7659863946e-01	-5.5388648e-01
5.7668934240e-01	-5.4096059e-01
5.7678004535e-01	-5.2282884e-01
5.7687074830e-01	-4.9717487e-01
5.7696145125e-01	-4.7868406e-01
5.7705215420e-01	-4.5469976e-01
5.7714285714e-01	-4.3089427e-01
5.7723356009e-01	-4.1347920e-01
5.7732426304e-01	-3.8710630e-01
5.7741496599e-01	-3.6731731e-01
5.7750566893e-01	-3.4995142e-01
5.7759637188e-01	-3.2734667e-01
5.7768707483e-01	-3.1065411e-01
5.7777777778e-01	-2.9273304e-01
5.7786848073e-01	-2.7344501e-01
5.7795918367e-01	-2.5046366e-01
5.7804988662e-01	-2.3791024e-01
5.7814058957e-01	-2.1885274e-01
5.7823129252e-01	-2.0200886e-01
5.7832199546e-01	-1.8391596e-01
5.7841269841e-01	-1.7104151e-01
5.7850340136e-01	-1.5550313e-01
5.7859410431e-01	-1.3507800e-01
5.7868480726e-01	-1.1613763e-01
5.7877551020e-01	-1.0182055e-01
5.7886621315e-01	-8.8483768e-02
5.7895691610e-01	-7.1428694e-02
5.7904761905e-01	-5.4793459e-02
5.7913832200e-01	-3.3598049e-02
5.7922902494e-01	-1.6828320e-02
5.7931972789e-01	-3.5418246e-03
5.7941043084e-01	1.9454452e-02
5.7950113379e-01	3.2334070e-02
5.7959183673e-01	5.0312927e-02
5.7968253968e-01	7.0359363e-02
5.7977324263e-01	9.2400262e-02
5.7986394558e-01	1.0218973e-01
5.7995464853e-01	1.2305296e-01
5.8004535147e-01	1.4173449e-01
5.8013605442e-01	1.5297494e-01
5.8022675737e-01	1.7278891e-01
5.8031746032e-01	1.8974906e-01
5.8040816327e-01	2.0531041e-01
5.8049886621e-01	2.0827400e-01
5.8058956916e-01	2.3303698e-01
5.8068027211e-01	2.4045895e-01
5.8077097506e-01	2.4269031e-01
5.8086167800e-01	2.5726862e-01
5.8095238095e-01	2.7453632e-01
5.8104308390e-01	2.7900926e-01
5.8113378685e-01	2.8388085e-01
5.8122448980e-01	2.9634138e-01
5.8131519274e-01	3.0662901e-01
5.8140589569e-01	3.1027891e-01
5.8149659864e-01	3.1882874e-01
5.8158730159e-01	3.2745754e-01
5.8167800454e-01	3.2914480e-01
5.8176870748e-01	3.4510634e-01
5.8185941043e-01	3.5037527e-01
5.8195011338e-01	3.4800521e-01
5.8204081633e-01	2.8634800e-01
5.8213151927e-01	3.4033227e-01
5.8222222222e-01	3.6058694e-01
5.8231292517e-01	3.4876201e-01
5.8240362812e-01	3.5429694e-01
5.8249433107e-01	3.5580985e-01
5.8258503401e-01	3.4783431e-01
5.8267573696e-01	3.4206674e-01
5.8276643991e-01	3.3164068e-01
5.8285714286e-01	3.3002338e-01
5.8294784580e-01	3.3410321e-01
5.8303854875e-01	3.1889029e-01
5.8312925170e-01	2.9654649e-01
5.8321995465e-01	2.8428769e-01
5.8331065760e-01	2.6263052e-01
5.8340136054e-01	2.4863184e-01
5.8349206349e-01	2.2224629e-01
5.8358276644e-01	2.0180079e-01
5.8367346939e-01	1.8247439e-01
5.8376417234e-01	1.6303535e-01
5.8385487528e-01	1.3976213e-01
5.8394557823e-01	1.1422971e-01
5.8403628118e-01	1.0329779e-01
5.8412698413e-01	9.9042928e-02
5.8421768707e-01	8.9441067e-02
5.8430839002e-01	8.8821505e-02
5.8439909297e-01	9.1063636e-02
5.8448979592e-01	9.2662763e-02
5.8458049887e-01	1.0125348e-01
5.8467120181e-01	1.1391005e-01
5.8476190476e-01	1.3049706e-01
5.8485260771e-01	1.5216247e-01
5.8494331066e-01	1.6353531e-01
5.8503401361e-01	1.8694835e-01
5.8512471655e-01	2.1358903e-01
5.8521541950e-01	2.1812628e-01
5.8530612245e-01	2.3331835e-01
5.8539682540e-01	2.5487043e-01
5.8548752834e-01	2.7504312e-01
5.8557823129e-01	2.8628698e-01
5.8566893424e-01	2.9669770e-01
5.8575963719e-01	2.9483135e-01
5.8585034014e-01	3.0282982e-01
5.8594104308e-01	3.0905939e-01
5.8603174603e-01	3.1798758e-01
5.8612244898e-01	3.2580959e-01
5.8621315193e-01	3.2488784e-01
5.8630385488e-01	3.4493065e-01
5.8639455782e-01	3.4786758e-01
5.8648526077e-01	3.5451041e-01
5.8657596372e-01	3.6478292e-01
5.8666666667e-01	3.6424570e-01
5.8675736961e-01	3.5908094e-01
5.8684807256e-01	3.6680138e-01
5.8693877551e-01	3.6437787e-01
5.8702947846e-01	3.6314180e-01
5.8712018141e-01	3.5436599e-01
5.8721088435e-01	3.4225429e-01
5.8730158730e-01	3.3526149e-01
5.8739229025e-01	3.2599013e-01
5.8748299320e-01	3.1015647e-01
5.8757369615e-01	2.9716947e-01
5.8766439909e-01	2.8727833e-01
5.8775510204e-01	2.6402914e-01
5.8784580499e-01	2.4689888e-01
5.8793650794e-01	2.2339499e-01
5.8802721088e-01	2.0504097e-01
5.8811791383e-01	1.9271089e-01
5.8820861678e-01	1.7446059e-01
5.8829931973e-01	1.5296468e-01
5.8839002268e-01	1.4141075e-01
5.8848072562e-01	1.2247745e-01
5.8857142857e-01	1.0287526e-01
5.8866213152e-01	9.6262819e-02
5.8875283447e-01	7.5978812e-02
5.8884353741e-01	5.8740816e-02
5.8893424036e-01	4.0036458e-02
5.8902494331e-01	3.9310465e-02
5.8911564626e-01	2.8719833e-02
5.8920634921e-01	1.8000281e-02
5.8929705215e-01	2.1222600e-03
5.8938775510e-01	-1.2466787e-02
5.8947845805e-01	-1.4770394e-02
5.8956916100e-01	-2.0171073e-02
5.8965986395e-01	-2.6722308e-02
5.8975056689e-01	-3.0472771e-02
5.8984126984e-01	-4.2660348e-02
5.8993197279e-01	-5.3043611e-02
5.9002267574e-01	-5.6648346e-02
5.9011337868e-01	-6.3306635e-02
5.9020408163e-01	-6.7793591e-02
5.9029478458e-01	-7.1035865e-02
5.9038548753e-01	-9.4768677e-02
5.9047619048e-01	-1.0398508e-01
5.9056689342e-01	-1.1530326e-01
5.9065759637e-01	-1.1075819e-01
5.9074829932e-01	-1.3004988e-01
5.9083900227e-01	-1.3249567e-01
5.9092970522e-01	-1.3812505e-01
5.9102040816e-01	-1.5160707e-01
5.9111111111e-01	-1.5283941e-01
5.9120181406e-01	-1.6776279e-01
5.9129251701e-01	-1.7846062e-01
5.9138321995e-01	-1.8465409e-01
5.9147392290e-01	-1.9078839e-01
5.9156462585e-01	-2.0057380e-01
5.9165532880e-01	-2.1950278e-01
5.9174603175e-01	-2.2754230e-01
5.9183673469e-01	-2.3433885e-01
5.9192743764e-01	-2.4717580e-01
5.9201814059e-01	-2.6129712e-01
5.9210884354e-01	-2.7813651e-01
5.9219954649e-01	-2.8660159e-01
5.9229024943e-01	-3.0563134e-01
5.9238095238e-01	-3.1378097e-01
5.9247165533e-01	-3.3007924e-01
5.9256235828e-01	-3.4379914e-01
5.9265306122e-01	-3.5368976e-01
5.9274376417e-01	-3.7202515e-01
5.9283446712e-01	-3.9208072e-01
5.9292517007e-01	-3.9953674e-01
5.9301587302e-01	-4.1674343e-01
5.9310657596e-01	-4.3928198e-01
5.9319727891e-01	-4.5075066e-01
5.9328798186e-01	-4.7506201e-01
5.9337868481e-01	-4.9204444e-01
5.9346938776e-01	-5.0761395e-01
5.9356009070e-01	-5.2393219e-01
5.9365079365e-01	-5.3231371e-01
5.9374149660e-01	-5.4461025e-01
5.9383219955e-01	-5.6547747e-01
5.9392290249e-01	-5.7280532e-01
5.9401360544e-01	-5.7516229e-01
5.9410430839e-01	-5.7978793e-01
5.9419501134e-01	-5.8351788e-01
5.9428571429e-01	-5.8451377e-01
5.9437641723e-01	-5.7310559e-01
5.9446712018e-01	-5.8423510e-01
5.9455782313e-01	-6.5354677e-01
5.9464852608e-01	-5.5603209e-01
5.9473922902e-01	-5.2511126e-01
5.9482993197e-01	-5.1641453e-01
5.9492063492e-01	-5.0175340e-01
5.9501133787e-01	-4.8024380e-01
5.9510204082e-01	-4.5654765e-01
5.9519274376e-01	-4.3291922e-01
5.9528344671e-01	-4.1585618e-01
5.9537414966e-01	-3.9453180e-01
5.9546485261e-01	-3.7073329e-01
5.9555555556e-01	-3.5002249e-01
5.9564625850e-01	-3.3171103e-01
5.9573696145e-01	-3.1809707e-01
5.9582766440e-01	-2.9418137e-01
5.9591836735e-01	-2.8032236e-01
5.9600907029e-01	-2.5937121e-01
5.9609977324e-01	-2.4844976e-01
5.9619047619e-01	-2.2765720e-01
5.9628117914e-01	-2.1901204e-01
5.9637188209e-01	-2.0647384e-01
5.9646258503e-01	-1.8160752e-01
5.9655328798e-01	-1.7046419e-01
5.9664399093e-01	-1.5542991e-01
5.9673469388e-01	-1.4215314e-01
5.9682539683e-01	-1.1947360e-01
5.9691609977e-01	-9.6100244e-02
5.9700680272e-01	-8.7811604e-02
5.9709750567e-01	-7.1852077e-02
5.9718820862e-01	-5.4717175e-02
5.9727891156e-01	-4.5079429e-02
5.9736961451e-01	-2.3022969e-02
5.9746031746e-01	2.1423959e-03
5.9755102041e-01	1.5688429e-02
5.9764172336e-01	3.2132638e-02
5.9773242630e-01	4.1010805e-02
5.9782312925e-01	5.9111138e-02
5.9791383220e-01	7.8012319e-02
5.9800453515e-01	9.8502066e-02
5.9809523810e-01	1.2418393e-01
5.9818594104e-01	1.3867110e-01
5.9827664399e-01	1.4822378e-01
5.9836734694e-01	1.7419281e-01
5.9845804989e-01	1.9499548e-01
5.9854875283e-01	2.1324578e-01
5.9863945578e-01	2.3420097e-01
5.9873015873e-01	2.4532209e-01
5.9882086168e-01	2.5037180e-01
5.9891156463e-01	2.6140879e-01
5.9900226757e-01	2.8571397e-01
5.9909297052e-01	2.9780406e-01
5.9918367347e-01	2.9554029e-01
5.9927437642e-01	3.0656358e-01
5.9936507937e-01	3.1093810e-01
5.9945578231e-01	3.2216089e-01
5.9954648526e-01	3.2841001e-01
5.9963718821e-01	3.3195615e-01
5.9972789116e-01	3.3312326e-01
5.9981859410e-01	3.3423119e-01
5.9990929705e-01	3.2658468e-01
6.0000000000e-01	3.3685771e-01
6.0009070295e-01	3.4568100e-01
6.0018140590e-01	3.4048832e-01
6.0027210884e-01	3.4372148e-01
6.0036281179e-01	3.4386299e-01
6.0045351474e-01	3.4505843e-01
6.0054421769e-01	3.4475139e-01
6.0063492063e-01	3.4492320e-01
6.0072562358e-01	3.4087440e-01
6.0081632653e-01	3.4015503e-01
6.0090702948e-01	3.2058224e-01
6.0099773243e-01	3.1463608e-01
6.0108843537e-01	3.0097122e-01
6.0117913832e-01	2.9184275e-01
6.0126984127e-01	2.7972094e-01
6.0136054422e-01	2.6510649e-01
6.0145124717e-01	2.4696266e-01
6.0154195011e-01	2.2450952e-01
6.0163265306e-01	1.9735605e-01
6.0172335601e-01	1.8920598e-01
6.0181405896e-01	1.6786514e-01
6.0190476190e-01	1.4904104e-01
6.0199546485e-01	1.2744493e-01
6.0208616780e-01	1.1604491e-01
6.0217687075e-01	9.0306970e-02
6.0226757370e-01	7.5797395e-02
6.0235827664e-01	7.0776872e-02
6.0244897959e-01	6.7412380e-02
6.0253968254e-01	7.1229455e-02
6.0263038549e-01	7.5223542e-02
6.0272108844e-01	8.6930991e-02
6.0281179138e-01	1.0122066e-01
6.0290249433e-01	1.1510587e-01
6.0299319728e-01	1.4457669e-01
6.0308390023e-01	1.7192133e-01
6.0317460317e-01	1.8961957e-01
6.0326530612e-01	2.1293522e-01
6.0335600907e-01	2.3216005e-01
6.0344671202e-01	2.4525970e-01
6.0353741497e-01	2.6831545e-01
6.0362811791e-01	2.8520842e-01
6.0371882086e-01	2.9543652e-01
6.0380952381e-01	3.1163958e-01
6.0390022676e-01	3.2401126e-01
6.0399092971e-01	3.2057084e-01
6.0408163265e-01	3.3582731e-01
6.0417233560e-01	3.4329984e-01
6.0426303855e-01	3.4447357e-01
6.0435374150e-01	3.4563789e-01
6.0444444444e-01	3.4870925e-01
6.0453514739e-01	3.5151236e-01
6.0462585034e-01	3.5364023e-01
6.0471655329e-01	3.5865722e-01
6.0480725624e-01	3.7207622e-01
6.0489795918e-01	3.6830428e-01
6.0498866213e-01	3.6391928e-01
6.0507936508e-01	3.6024884e-01
6.0517006803e-01	3.5696746e-01
6.0526077098e-01	3.4418763e-01
6.0535147392e-01	3.2873699e-01
6.0544217687e-01	3.1682359e-01
6.0553287982e-01	3.0532934e-01
6.0562358277e-01	2.9293197e-01
6.0571428571e-01	2.8002520e-01
6.0580498866e-01	2.5731237e-01
6.0589569161e-01	2.3762120e-01
6.0598639456e-01	2.2905466e-01
6.0607709751e-01	2.0194735e-01
6.0616780045e-01	1.7815804e-01
6.0625850340e-01	1.6678008e-01
6.0634920635e-01	1.4573498e-01
6.0643990930e-01	1.2517236e-01
6.0653061224e-01	1.1028766e-01
6.0662131519e-01	9.2008819e-02
6.0671201814e-01	7.3373924e-02
6.0680272109e-01	5.6401640e-02
6.0689342404e-01	4.5291107e-02
6.0698412698e-01	-2.6939479e-03
6.0707482993e-01	-6.6596463e-02
6.0716553288e-01	1.3292282e-02
6.0725623583e-01	4.2089042e-03
6.0734693878e-01	-1.7597284e-02
6.0743764172e-01	-2.4981237e-02
6.0752834467e-01	-3.2658552e-02
6.0761904762e-01	-4.5784810e-02
6.0770975057e-01	-4.4915505e-02
6.0780045351e-01	-4.1270794e-02
6.0789115646e-01	-4.7116837e-02
6.0798185941e-01	-6.6260757e-02
6.0807256236e-01	-7.0863477e-02
6.0816326531e-01	-6.9122465e-02
6.0825396825e-01	-8.2037681e-02
6.0834467120e-01	-9.1594908e-02
6.0843537415e-01	-8.8154378e-02
6.0852607710e-01	-1.0235962e-01
6.0861678005e-01	-1.0736503e-01
6.0870748299e-01	-1.1774576e-01
6.0879818594e-01	-1.2169923e-01
6.0888888889e-01	-1.2013335e-01
6.0897959184e-01	-1.2993390e-01
6.0907029478e-01	-1.4424920e-01
6.0916099773e-01	-1.5613080e-01
6.0925170068e-01	-1.5839290e-01
6.0934240363e-01	-1.6241239e-01
6.0943310658e-01	-1.6581542e-01
6.0952380952e-01	-1.7103048e-01
6.0961451247e-01	-1.8518785e-01
6.0970521542e-01	-1.9356537e-01
6.0979591837e-01	-2.0716124e-01
6.0988662132e-01	-2.1759644e-01
6.0997732426e-01	-2.2581626e-01
6.1006802721e-01	-2.3907579e-01
6.1015873016e-01	-2.5845234e-01
6.1024943311e-01	-2.7003996e-01
6.1034013605e-01	-2.7476770e-01
6.1043083900e-01	-2.8363587e-01
6.1052154195e-01	-2.9672102e-01
6.1061224490e-01	-3.0642950e-01
6.1070294785e-01	-3.2792683e-01
6.1079365079e-01	-3.4199152e-01
6.1088435374e-01	-3.4916297e-01
6.1097505669e-01	-3.6853083e-01
6.1106575964e-01	-3.8867869e-01
6.1115646259e-01	-3.9836423e-01
6.1124716553e-01	-4.2561214e-01
6.1133786848e-01	-4.4141242e-01
6.1142857143e-01	-4.5459793e-01
6.1151927438e-01	-4.6726197e-01
6.1160997732e-01	-4.9137707e-01
6.1170068027e-01	-5.1039826e-01
6.1179138322e-01	-5.1397851e-01
6.1188208617e-01	-5.3951202e-01
6.1197278912e-01	-5.4930943e-01
6.1206349206e-01	-5.5342257e-01
6.1215419501e-01	-5.5269664e-01
6.1224489796e-01	-5.5437410e-01
6.1233560091e-01	-5.5626913e-01
6.1242630385e-01	-5.5820920e-01
6.1251700680e-01	-5.5159056e-01
6.1260770975e-01	-5.3308579e-01
6.1269841270e-01	-5.2743031e-01
6.1278911565e-01	-5.2027852e-01
6.1287981859e-01	-4.9989968e-01
6.1297052154e-01	-4.7791461e-01
6.1306122449e-01	-4.6410900e-01
6.1315192744e-01	-4.5295998e-01
6.1324263039e-01	-4.2879456e-01
6.1333333333e-01	-4.0512920e-01
6.1342403628e-01	-3.8415460e-01
6.1351473923e-01	-3.7874739e-01
6.1360544218e-01	-3.5788406e-01
6.1369614512e-01	-3.3169361e-01
6.1378684807e-01	-3.2119392e-01
6.1387755102e-01	-3.0078648e-01
6.1396825397e-01	-2.8685472e-01
6.1405895692e-01	-2.7787078e-01
6.1414965986e-01	-2.5978297e-01
6.1424036281e-01	-2.4342274e-01
6.1433106576e-01	-2.2525474e-01
6.1442176871e-01	-2.0728920e-01
6.1451247166e-01	-1.9149638e-01
6.1460317460e-01	-1.7607776e-01
6.1469387755e-01	-1.5685125e-01
6.1478458050e-01	-1.5038801e-01
6.1487528345e-01	-1.3215052e-01
6.1496598639e-01	-1.1193485e-01
6.1505668934e-01	-9.7214637e-02
6.1514739229e-01	-8.3939651e-02
6.1523809524e-01	-6.8120515e-02
6.1532879819e-01	-5.8646743e-02
6.1541950113e-01	-3.6902397e-02
6.1551020408e-01	-2.2252661e-02
6.1560090703e-01	-1.1519038e-02
6.1569160998e-01	9.0628700e-03
6.1578231293e-01	2.0311828e-02
6.1587301587e-01	3.1627918e-02
6.1596371882e-01	5.1905083e-02
6.1605442177e-01	6.9655976e-02
6.1614512472e-01	9.1736743e-02
6.1623582766e-01	1.0855666e-01
6.1632653061e-01	1.2119502e-01
6.1641723356e-01	1.2778519e-01
6.1650793651e-01	1.4395934e-01
6.1659863946e-01	1.6139018e-01
6.1668934240e-01	1.6712322e-01
6.1678004535e-01	1.8300475e-01
6.1687074830e-01	2.0393410e-01
6.1696145125e-01	2.1557707e-01
6.1705215420e-01	2.1993073e-01
6.1714285714e-01	2.4152468e-01
6.1723356009e-01	2.5115082e-01
6.1732426304e-01	2.6177817e-01
6.1741496599e-01	2.7639961e-01
6.1750566893e-01	2.9116864e-01
6.1759637188e-01	2.9801929e-01
6.1768707483e-01	2.9964800e-01
6.1777777778e-01	2.9755268e-01
6.1786848073e-01	3.1328268e-01
6.1795918367e-01	3.2222596e-01
6.1804988662e-01	3.3072763e-01
6.1814058957e-01	3.3492453e-01
6.1823129252e-01	3.3732653e-01
6.1832199546e-01	3.4404150e-01
6.1841269841e-01	3.3999442e-01
6.1850340136e-01	3.3708784e-01
6.1859410431e-01	3.4346602e-01
6.1868480726e-01	3.4593834e-01
6.1877551020e-01	3.5141409e-01
6.1886621315e-01	3.3922949e-01
6.1895691610e-01	3.3124052e-01
6.1904761905e-01	3.2522748e-01
6.1913832200e-01	3.1843932e-01
6.1922902494e-01	3.0954668e-01
6.1931972789e-01	2.9435902e-01
6.1941043084e-01	2.9202379e-01
6.1950113379e-01	2.2284378e-01
6.1959183673e-01	1.8373815e-01
6.1968253968e-01	2.3708573e-01
6.1977324263e-01	2.0708270e-01
6.1986394558e-01	1.8334616e-01
6.1995464853e-01	1.6547813e-01
6.2004535147e-01	1.3932871e-01
6.2013605442e-01	1.2055470e-01
6.2022675737e-01	1.0544467e-01
6.2031746032e-01	8.5129388e-02
6.2040816327e-01	8.3217408e-02
6.2049886621e-01	7.2339293e-02
6.2058956916e-01	6.8684678e-02
6.2068027211e-01	7.1091169e-02
6.2077097506e-01	7.9846844e-02
6.2086167800e-01	9.1984313e-02
6.2095238095e-01	1.0802621e-01
6.2104308390e-01	1.3225536e-01
6.2113378685e-01	1.5155544e-01
6.2122448980e-01	1.6702995e-01
6.2131519274e-01	1.9035195e-01
6.2140589569e-01	2.0298992e-01
6.2149659864e-01	2.2145776e-01
6.2158730159e-01	2.4302340e-01
6.2167800454e-01	2.5733798e-01
6.2176870748e-01	2.8405442e-01
6.2185941043e-01	2.9384786e-01
6.2195011338e-01	3.0195560e-01
6.2204081633e-01	3.1261091e-01
6.2213151927e-01	3.2846452e-01
6.2222222222e-01	3.3643385e-01
6.2231292517e-01	3.3449521e-01
6.2240362812e-01	3.4838990e-01
6.2249433107e-01	3.5556184e-01
6.2258503401e-01	3.6072988e-01
6.2267573696e-01	3.6888870e-01
6.2276643991e-01	3.7331823e-01
6.2285714286e-01	3.7988492e-01
6.2294784580e-01	3.8591439e-01
6.2303854875e-01	3.9162526e-01
6.2312925170e-01	3.8861715e-01
6.2321995465e-01	3.8467566e-01
6.2331065760e-01	3.7333086e-01
6.2340136054e-01	3.6783391e-01
6.2349206349e-01	3.6516656e-01
6.2358276644e-01	3.4689357e-01
6.2367346939e-01	3.3857703e-01
6.2376417234e-01	3.2226102e-01
6.2385487528e-01	3.0047889e-01
6.2394557823e-01	2.8597378e-01
6.2403628118e-01	2.6854172e-01
6.2412698413e-01	2.3931963e-01
6.2421768707e-01	2.1774702e-01
6.2430839002e-01	2.0790899e-01
6.2439909297e-01	1.9171674e-01
6.2448979592e-01	1.6483619e-01
6.2458049887e-01	1.4177368e-01
6.2467120181e-01	1.3306556e-01
6.2476190476e-01	1.1508265e-01
6.2485260771e-01	1.0127408e-01
6.2494331066e-01	8.8785550e-02
6.2503401361e-01	7.1622492e-02
6.2512471655e-01	5.4497935e-02
6.2521541950e-01	3.9662086e-02
6.2530612245e-01	3.1393675e-02
6.2539682540e-01	2.3065222e-02
6.2548752834e-01	5.8933955e-03
6.2557823129e-01	-8.1987802e-03
6.2566893424e-01	-1.4674058e-02
6.2575963719e-01	-1.5735292e-02
6.2585034014e-01	-2.3572183e-02
6.2594104308e-01	-3.3650724e-02
6.2603174603e-01	-4.2465032e-02
6.2612244898e-01	-5.3887526e-02
6.2621315193e-01	-5.7998431e-02
6.2630385488e-01	-6.6662334e-02
6.2639455782e-01	-8.5570312e-02
6.2648526077e-01	-9.3850186e-02
6.2657596372e-01	-1.0034950e-01
6.2666666667e-01	-1.0385549e-01
6.2675736961e-01	-1.1502343e-01
6.2684807256e-01	-1.1539993e-01
6.2693877551e-01	-1.2204939e-01
6.2702947846e-01	-1.3736266e-01
6.2712018141e-01	-1.4644424e-01
6.2721088435e-01	-1.5410709e-01
6.2730158730e-01	-1.6398719e-01
6.2739229025e-01	-1.7284623e-01
6.2748299320e-01	-1.8275855e-01
6.2757369615e-01	-1.8930220e-01
6.2766439909e-01	-1.9531170e-01
6.2775510204e-01	-1.9705374e-01
6.2784580499e-01	-2.0453071e-01
6.2793650794e-01	-2.1633421e-01
6.2802721088e-01	-2.2154840e-01
6.2811791383e-01	-2.3828393e-01
6.2820861678e-01	-2.4363139e-01
6.2829931973e-01	-2.4799377e-01
6.2839002268e-01	-2.6673655e-01
6.2848072562e-01	-2.7838312e-01
6.2857142857e-01	-2.9477387e-01
6.2866213152e-01	-2.9864008e-01
6.2875283447e-01	-3.0296817e-01
6.2884353741e-01	-3.2608773e-01
6.2893424036e-01	-3.3780920e-01
6.2902494331e-01	-3.5433268e-01
6.2911564626e-01	-3.7633371e-01
6.2920634921e-01	-3.8815012e-01
6.2929705215e-01	-4.1504546e-01
6.2938775510e-01	-4.3877831e-01
6.2947845805e-01	-4.4942279e-01
6.2956916100e-01	-4.7171522e-01
6.2965986395e-01	-4.8492814e-01
6.2975056689e-01	-4.9492224e-01
6.2984126984e-01	-5.1129577e-01
6.2993197279e-01	-5.2408151e-01
6.3002267574e-01	-5.3385945e-01
6.3011337868e-01	-5.4307744e-01
6.3020408163e-01	-5.5607032e-01
6.3029478458e-01	-5.6631987e-01
6.3038548753e-01	-5.7142198e-01
6.3047619048e-01	-5.7212389e-01
6.3056689342e-01	-5.6672131e-01
6.3065759637e-01	-5.6073874e-01
6.3074829932e-01	-5.5804125e-01
6.3083900227e-01	-5.4211444e-01
6.3092970522e-01	-5.3110192e-01
6.3102040816e-01	-5.1589523e-01
6.3111111111e-01	-5.0203412e-01
6.3120181406e-01	-4.8730789e-01
6.3129251701e-01	-4.6316367e-01
6.3138321995e-01	-4.3803762e-01
6.3147392290e-01	-4.2756940e-01
6.3156462585e-01	-4.0891738e-01
6.3165532880e-01	-3.8709848e-01
6.3174603175e-01	-3.7283160e-01
6.3183673469e-01	-3.5088932e-01
6.3192743764e-01	-3.2345384e-01
6.3201814059e-01	-3.7822533e-01
6.3210884354e-01	-3.5021316e-01
6.3219954649e-01	-2.7855340e-01
6.3229024943e-01	-2.6571868e-01
6.3238095238e-01	-2.5687067e-01
6.3247165533e-01	-2.3976893e-01
6.3256235828e-01	-2.1843545e-01
6.3265306122e-01	-2.0496617e-01
6.3274376417e-01	-1.8504889e-01
6.3283446712e-01	-1.6996057e-01
6.3292517007e-01	-1.5150078e-01
6.3301587302e-01	-1.3484350e-01
6.3310657596e-01	-1.1215859e-01
6.3319727891e-01	-9.1358744e-02
6.3328798186e-01	-7.7690084e-02
6.3337868481e-01	-6.0828925e-02
6.3346938776e-01	-3.7107112e-02
6.3356009070e-01	-2.4291034e-02
6.3365079365e-01	-8.0404103e-03
6.3374149660e-01	5.1074003e-03
6.3383219955e-01	1.9093226e-02
6.3392290249e-01	3.4994452e-02
6.3401360544e-01	5.2238587e-02
6.3410430839e-01	6.8222064e-02
6.3419501134e-01	8.3885124e-02
6.3428571429e-01	1.0169716e-01
6.3437641723e-01	1.1295466e-01
6.3446712018e-01	1.3149393e-01
6.3455782313e-01	1.4949037e-01
6.3464852608e-01	1.6394975e-01
6.3473922902e-01	1.7199133e-01
6.3482993197e-01	1.9393874e-01
6.3492063492e-01	2.1163405e-01
6.3501133787e-01	2.1573363e-01
6.3510204082e-01	2.3023850e-01
6.3519274376e-01	2.4094343e-01
6.3528344671e-01	2.5193811e-01
6.3537414966e-01	2.7528821e-01
6.3546485261e-01	2.8098665e-01
6.3555555556e-01	2.8959660e-01
6.3564625850e-01	3.0036745e-01
6.3573696145e-01	2.9953534e-01
6.3582766440e-01	3.0098776e-01
6.3591836735e-01	3.1588268e-01
6.3600907029e-01	3.2423418e-01
6.3609977324e-01	3.2801593e-01
6.3619047619e-01	3.3465791e-01
6.3628117914e-01	3.4124880e-01
6.3637188209e-01	3.4897144e-01
6.3646258503e-01	3.4561729e-01
6.3655328798e-01	3.4699470e-01
6.3664399093e-01	3.5168005e-01
6.3673469388e-01	3.5063569e-01
6.3682539683e-01	3.4402289e-01
6.3691609977e-01	3.4026063e-01
6.3700680272e-01	3.4023247e-01
6.3709750567e-01	3.3642875e-01
6.3718820862e-01	3.2169089e-01
6.3727891156e-01	3.0450619e-01
6.3736961451e-01	3.0006260e-01
6.3746031746e-01	2.9251306e-01
6.3755102041e-01	2.7308650e-01
6.3764172336e-01	2.5627900e-01
6.3773242630e-01	2.3433747e-01
6.3782312925e-01	2.1562534e-01
6.3791383220e-01	1.9710035e-01
6.3800453515e-01	1.7880744e-01
6.3809523810e-01	1.5027561e-01
6.3818594104e-01	1.2742741e-01
6.3827664399e-01	1.0977867e-01
6.3836734694e-01	9.3528549e-02
6.3845804989e-01	7.5874144e-02
6.3854875283e-01	7.0173458e-02
6.3863945578e-01	6.2504861e-02
6.3873015873e-01	6.1345041e-02
6.3882086168e-01	6.6841926e-02
6.3891156463e-01	8.4105430e-02
6.3900226757e-01	9.6695343e-02
6.3909297052e-01	1.0875485e-01
6.3918367347e-01	1.2247152e-01
6.3927437642e-01	1.3795011e-01
6.3936507937e-01	1.5716004e-01
6.3945578231e-01	1.7729402e-01
6.3954648526e-01	1.9471669e-01
6.3963718821e-01	2.1780166e-01
6.3972789116e-01	2.4258340e-01
6.3981859410e-01	2.5373020e-01
6.3990929705e-01	2.5729962e-01
6.4000000000e-01	2.7164490e-01
6.4009070295e-01	2.9350208e-01
6.4018140590e-01	2.9438159e-01
6.4027210884e-01	3.0480697e-01
6.4036281179e-01	3.1896672e-01
6.4045351474e-01	3.2430004e-01
6.4054421769e-01	3.3197901e-01
6.4063492063e-01	3.3498799e-01
6.4072562358e-01	3.5474824e-01
6.4081632653e-01	3.5907163e-01
6.4090702948e-01	3.5152303e-01
6.4099773243e-01	3.6164586e-01
6.4108843537e-01	3.7121391e-01
6.4117913832e-01	3.7807274e-01
6.4126984127e-01	3.8052963e-01
6.4136054422e-01	3.7764567e-01
6.4145124717e-01	3.6618057e-01
6.4154195011e-01	3.5727301e-01
6.4163265306e-01	3.5389213e-01
6.4172335601e-01	3.3884651e-01
6.4181405896e-01	3.1852646e-01
6.4190476190e-01	3.0631289e-01
6.4199546485e-01	2.9157298e-01
6.4208616780e-01	2.7510577e-01
6.4217687075e-01	2.5897698e-01
6.4226757370e-01	2.3900104e-01
6.4235827664e-01	2.2143423e-01
6.4244897959e-01	2.0604760e-01
6.4253968254e-01	1.9468832e-01
6.4263038549e-01	1.7865145e-01
6.4272108844e-01	1.5743950e-01
6.4281179138e-01	1.4498460e-01
6.4290249433e-01	1.3396891e-01
6.4299319728e-01	1.1617621e-01
6.4308390023e-01	9.4389698e-02
6.4317460317e-01	8.9168125e-02
6.4326530612e-01	8.6203272e-02
6.4335600907e-01	6.5671190e-02
6.4344671202e-01	4.5065303e-02
6.4353741497e-01	3.5907981e-02
6.4362811791e-01	3.2555457e-02
6.4371882086e-01	1.7406225e-02
6.4380952381e-01	2.7691310e-03
6.4390022676e-01	1.2354673e-03
6.4399092971e-01	-7.6017230e-03
6.4408163265e-01	-1.4259456e-02
6.4417233560e-01	-2.7376428e-02
6.4426303855e-01	-3.0360284e-02
6.4435374150e-01	-4.9140106e-02
6.4444444444e-01	-4.8085255e-02
6.4453514739e-01	-1.4677935e-01
6.4462585034e-01	-1.0502616e-01
6.4471655329e-01	-7.3413954e-02
6.4480725624e-01	-8.9794517e-02
6.4489795918e-01	-9.4935421e-02
6.4498866213e-01	-9.8408404e-02
6.4507936508e-01	-1.1139783e-01
6.4517006803e-01	-1.0678351e-01
6.4526077098e-01	-1.2715868e-01
6.4535147392e-01	-1.3570166e-01
6.4544217687e-01	-1.3708740e-01
6.4553287982e-01	-1.4517890e-01
6.4562358277e-01	-1.4615497e-01
6.4571428571e-01	-1.5272069e-01
6.4580498866e-01	-1.6053970e-01
6.4589569161e-01	-1.7027967e-01
6.4598639456e-01	-1.8148361e-01
6.4607709751e-01	-1.8821815e-01
6.4616780045e-01	-1.9108608e-01
6.4625850340e-01	-2.0344072e-01
6.4634920635e-01	-2.1501396e-01
6.4643990930e-01	-2.2877828e-01
6.4653061224e-01	-2.2893795e-01
6.4662131519e-01	-2.4661748e-01
6.4671201814e-01	-2.6044831e-01
6.4680272109e-01	-2.6937263e-01
6.4689342404e-01	-2.8478159e-01
6.4698412698e-01	-3.0202343e-01
6.4707482993e-01	-3.1230359e-01
6.4716553288e-01	-3.1471137e-01
6.4725623583e-01	-3.4021366e-01
6.4734693878e-01	-3.6437573e-01
6.4743764172e-01	-3.8076964e-01
6.4752834467e-01	-3.9636161e-01
6.4761904762e-01	-4.1612691e-01
6.4770975057e-01	-4.3553748e-01
6.4780045351e-01	-4.5803668e-01
6.4789115646e-01	-4.7301389e-01
6.4798185941e-01	-4.8674165e-01
6.4807256236e-01	-4.9973339e-01
6.4816326531e-01	-5.1807450e-01
6.4825396825e-01	-5.3165719e-01
6.4834467120e-01	-5.3130973e-01
6.4843537415e-01	-5.3339145e-01
6.4852607710e-01	-5.4512693e-01
6.4861678005e-01	-5.4265071e-01
6.4870748299e-01	-5.4531226e-01
6.4879818594e-01	-5.3518479e-01
6.4888888889e-01	-5.4043929e-01
6.4897959184e-01	-5.3589735e-01
6.4907029478e-01	-5.2117851e-01
6.4916099773e-01	-5.0770660e-01
6.4925170068e-01	-4.9030038e-01
6.4934240363e-01	-4.7014674e-01
6.4943310658e-01	-4.6420805e-01
6.4952380952e-01	-4.5144477e-01
6.4961451247e-01	-4.3786192e-01
6.4970521542e-01	-4.2825919e-01
6.4979591837e-01	-3.9903648e-01
6.4988662132e-01	-3.7487710e-01
6.4997732426e-01	-3.7479273e-01
6.5006802721e-01	-3.4145410e-01
6.5015873016e-01	-3.2949344e-01
6.5024943311e-01	-3.1079480e-01
6.5034013605e-01	-2.9486233e-01
6.5043083900e-01	-2.7868355e-01
6.5052154195e-01	-2.6258923e-01
6.5061224490e-01	-2.4513702e-01
6.5070294785e-01	-2.2638756e-01
6.5079365079e-01	-2.1082062e-01
6.5088435374e-01	-1.9452233e-01
6.5097505669e-01	-1.7876686e-01
6.5106575964e-01	-1.6272888e-01
6.5115646259e-01	-1.4245211e-01
6.5124716553e-01	-1.2785228e-01
6.5133786848e-01	-1.0869287e-01
6.5142857143e-01	-8.7474301e-02
6.5151927438e-01	-7.2651096e-02
6.5160997732e-01	-5.7679232e-02
6.5170068027e-01	-4.4187883e-02
6.5179138322e-01	-2.4742789e-02
6.5188208617e-01	-1.1721522e-02
6.5197278912e-01	1.1797645e-02
6.5206349206e-01	2.0224735e-02
6.5215419501e-01	2.7596561e-02
6.5224489796e-01	5.0937516e-02
6.5233560091e-01	6.8181600e-02
6.5242630385e-01	7.7222340e-02
6.5251700680e-01	9.8422778e-02
6.5260770975e-01	1.2302361e-01
6.5269841270e-01	1.3000821e-01
6.5278911565e-01	1.5002391e-01
6.5287981859e-01	1.6271026e-01
6.5297052154e-01	1.7318204e-01
6.5306122449e-01	1.8697857e-01
6.5315192744e-01	2.0787760e-01
6.5324263039e-01	2.2621360e-01
6.5333333333e-01	2.2764196e-01
6.5342403628e-01	2.3840860e-01
6.5351473923e-01	2.5085340e-01
6.5360544218e-01	2.6266407e-01
6.5369614512e-01	2.7409522e-01
6.5378684807e-01	2.7937669e-01
6.5387755102e-01	2.9062469e-01
6.5396825397e-01	2.9768581e-01
6.5405895692e-01	3.0126254e-01
6.5414965986e-01	3.0604054e-01
6.5424036281e-01	3.1096644e-01
6.5433106576e-01	3.2682126e-01
6.5442176871e-01	3.3293917e-01
6.5451247166e-01	3.2949312e-01
6.5460317460e-01	3.2492727e-01
6.5469387755e-01	3.3224424e-01
6.5478458050e-01	3.3596421e-01
6.5487528345e-01	3.2956285e-01
6.5496598639e-01	3.2464985e-01
6.5505668934e-01	3.2907709e-01
6.5514739229e-01	3.2659479e-01
6.5523809524e-01	3.2094864e-01
6.5532879819e-01	3.1042319e-01
6.5541950113e-01	3.0113636e-01
6.5551020408e-01	2.9149906e-01
6.5560090703e-01	2.8561478e-01
6.5569160998e-01	2.6813142e-01
6.5578231293e-01	2.4758998e-01
6.5587301587e-01	2.2962119e-01
6.5596371882e-01	2.0851294e-01
6.5605442177e-01	1.8163654e-01
6.5614512472e-01	1.6657833e-01
6.5623582766e-01	1.4721159e-01
6.5632653061e-01	1.2228601e-01
6.5641723356e-01	1.0827899e-01
6.5650793651e-01	8.4735471e-02
6.5659863946e-01	7.5800094e-02
6.5668934240e-01	7.4013354e-02
6.5678004535e-01	6.1243008e-02
6.5687074830e-01	5.6158714e-02
6.5696145125e-01	5.9676171e-02
6.5705215420e-01	-5.8367495e-05
6.5714285714e-01	7.0983281e-02
6.5723356009e-01	1.0066689e-01
6.5732426304e-01	1.1053697e-01
6.5741496599e-01	1.3096476e-01
6.5750566893e-01	1.5696637e-01
6.5759637188e-01	1.6813023e-01
6.5768707483e-01	1.8724450e-01
6.5777777778e-01	2.0389196e-01
6.5786848073e-01	2.2337651e-01
6.5795918367e-01	2.3856339e-01
6.5804988662e-01	2.5697182e-01
6.5814058957e-01	2.7105101e-01
6.5823129252e-01	2.8877990e-01
6.5832199546e-01	2.9108746e-01
6.5841269841e-01	2.9497888e-01
6.5850340136e-01	3.0481911e-01
6.5859410431e-01	3.0939300e-01
6.5868480726e-01	3.2162470e-01
6.5877551020e-01	3.3259653e-01
6.5886621315e-01	3.3382630e-01
6.5895691610e-01	3.4813092e-01
6.5904761905e-01	3.4536271e-01
6.5913832200e-01	3.5692821e-01
6.5922902494e-01	3.6355832e-01
6.5931972789e-01	3.6849125e-01
6.5941043084e-01	3.6925910e-01
6.5950113379e-01	3.6026652e-01
6.5959183673e-01	3.6678445e-01
6.5968253968e-01	3.4939333e-01
6.5977324263e-01	3.3575336e-01
6.5986394558e-01	3.2943856e-01
6.5995464853e-01	3.0640663e-01
6.6004535147e-01	2.9285152e-01
6.6013605442e-01	2.8553923e-01
6.6022675737e-01	2.6541013e-01
6.6031746032e-01	2.4740984e-01
6.6040816327e-01	2.3031734e-01
6.6049886621e-01	2.1697810e-01
6.6058956916e-01	1.9487080e-01
6.6068027211e-01	1.8230479e-01
6.6077097506e-01	1.7148963e-01
6.6086167800e-01	1.4765045e-01
6.6095238095e-01	1.4010854e-01
6.6104308390e-01	1.2383759e-01
6.6113378685e-01	1.0841613e-01
6.6122448980e-01	9.3575547e-02
6.6131519274e-01	8.1199173e-02
6.6140589569e-01	6.6330054e-02
6.6149659864e-01	5.7670245e-02
6.6158730159e-01	5.0135167e-02
6.6167800454e-01	3.5059576e-02
6.6176870748e-01	2.9013270e-02
6.6185941043e-01	7.7344750e-03
6.6195011338e-01	-1.9826760e-03
6.6204081633e-01	-2.4164320e-03
6.6213151927e-01	-7.6223826e-03
6.6222222222e-01	-2.1495013e-02
6.6231292517e-01	-2.7425052e-02
6.6240362812e-01	-4.0222620e-02
6.6249433107e-01	-4.4487483e-02
6.6258503401e-01	-5.0895006e-02
6.6267573696e-01	-6.0243994e-02
6.6276643991e-01	-6.8573721e-02
6.6285714286e-01	-7.2686674e-02
6.6294784580e-01	-8.5513006e-02
6.6303854875e-01	-9.5070702e-02
6.6312925170e-01	-9.6731385e-02
6.6321995465e-01	-1.0035783e-01
6.6331065760e-01	-1.0161119e-01
6.6340136054e-01	-1.0747704e-01
6.6349206349e-01	-1.2182556e-01
6.6358276644e-01	-1.2818067e-01
6.6367346939e-01	-1.3086486e-01
6.6376417234e-01	-1.3877317e-01
6.6385487528e-01	-1.4211148e-01
6.6394557823e-01	-1.4021774e-01
6.6403628118e-01	-1.4969232e-01
6.6412698413e-01	-1.5539011e-01
6.6421768707e-01	-1.5490909e-01
6.6430839002e-01	-1.7040596e-01
6.6439909297e-01	-1.8064206e-01
6.6448979592e-01	-1.8494971e-01
6.6458049887e-01	-1.9761884e-01
6.6467120181e-01	-2.0879009e-01
6.6476190476e-01	-2.1953201e-01
6.6485260771e-01	-2.2846843e-01
6.6494331066e-01	-2.4098545e-01
6.6503401361e-01	-2.5825706e-01
6.6512471655e-01	-2.7695038e-01
6.6521541950e-01	-2.8916565e-01
6.6530612245e-01	-3.0717649e-01
6.6539682540e-01	-3.1995496e-01
6.6548752834e-01	-3.3940206e-01
6.6557823129e-01	-3.5033947e-01
6.6566893424e-01	-3.7007984e-01
6.6575963719e-01	-3.9326824e-01
6.6585034014e-01	-4.1700360e-01
6.6594104308e-01	-4.3357957e-01
6.6603174603e-01	-4.5242952e-01
6.6612244898e-01	-4.6750981e-01
6.6621315193e-01	-4.8212595e-01
6.6630385488e-01	-4.9063574e-01
6.6639455782e-01	-4.9801203e-01
6.6648526077e-01	-5.0906081e-01
6.6657596372e-01	-5.1927694e-01
6.6666666667e-01	-5.2624504e-01
6.6675736961e-01	-5.2976859e-01
6.6684807256e-01	-5.2854923e-01
6.6693877551e-01	-5.2537437e-01
6.6702947846e-01	-5.2313465e-01
6.6712018141e-01	-5.1546471e-01
6.6721088435e-01	-5.0730025e-01
6.6730158730e-01	-4.9885936e-01
6.6739229025e-01	-4.9129721e-01
6.6748299320e-01	-4.7884504e-01
6.6757369615e-01	-4.6147966e-01
6.6766439909e-01	-4.5191601e-01
6.6775510204e-01	-4.2933925e-01
6.6784580499e-01	-4.0711819e-01
6.6793650794e-01	-3.9750539e-01
6.6802721088e-01	-3.7905118e-01
6.6811791383e-01	-3.6922224e-01
6.6820861678e-01	-3.5048614e-01
6.6829931973e-01	-3.3257770e-01
6.6839002268e-01	-3.0583934e-01
6.6848072562e-01	-2.9245336e-01
6.6857142857e-01	-2.8278383e-01
6.6866213152e-01	-2.6133829e-01
6.6875283447e-01	-2.4781837e-01
6.6884353741e-01	-2.2993513e-01
6.6893424036e-01	-2.1275823e-01
6.6902494331e-01	-2.0052876e-01
6.6911564626e-01	-1.8304225e-01
6.6920634921e-01	-1.7491820e-01
6.6929705215e-01	-1.5781022e-01
6.6938775510e-01	-1.2634349e-01
6.6947845805e-01	-1.4148610e-01
6.6956916100e-01	-2.0623982e-01
6.6965986395e-01	-8.8980847e-02
6.6975056689e-01	-5.8376253e-02
6.6984126984e-01	-4.8962791e-02
6.6993197279e-01	-3.8839682e-02
6.7002267574e-01	-2.1873221e-02
6.7011337868e-01	-4.2714013e-03
6.7020408163e-01	1.0479235e-02
6.7029478458e-01	2.2970670e-02
6.7038548753e-01	4.3572448e-02
6.7047619048e-01	6.2233041e-02
6.7056689342e-01	7.9443994e-02
6.7065759637e-01	9.2041222e-02
6.7074829932e-01	1.0530195e-01
6.7083900227e-01	1.2494154e-01
6.7092970522e-01	1.3339619e-01
6.7102040816e-01	1.4876502e-01
6.7111111111e-01	1.7483005e-01
6.7120181406e-01	1.8700096e-01
6.7129251701e-01	1.9049492e-01
6.7138321995e-01	1.9986760e-01
6.7147392290e-01	2.2413330e-01
6.7156462585e-01	2.4644883e-01
6.7165532880e-01	2.5619504e-01
6.7174603175e-01	2.6165716e-01
6.7183673469e-01	2.6824224e-01
6.7192743764e-01	2.7833477e-01
6.7201814059e-01	2.9503525e-01
6.7210884354e-01	2.9976635e-01
6.7219954649e-01	2.9516961e-01
6.7229024943e-01	2.9848210e-01
6.7238095238e-01	3.1180224e-01
6.7247165533e-01	3.2098941e-01
6.7256235828e-01	3.2433547e-01
6.7265306122e-01	3.2843118e-01
6.7274376417e-01	3.2608512e-01
6.7283446712e-01	3.2917932e-01
6.7292517007e-01	3.2774927e-01
6.7301587302e-01	3.2548516e-01
6.7310657596e-01	3.2990125e-01
6.7319727891e-01	3.3595714e-01
6.7328798186e-01	3.2906860e-01
6.7337868481e-01	3.3110018e-01
6.7346938776e-01	3.1090787e-01
6.7356009070e-01	3.0237827e-01
6.7365079365e-01	2.9904409e-01
6.7374149660e-01	2.8890702e-01
6.7383219955e-01	2.7015442e-01
6.7392290249e-01	2.5375503e-01
6.7401360544e-01	2.3862347e-01
6.7410430839e-01	2.0849608e-01
6.7419501134e-01	1.9281221e-01
6.7428571429e-01	1.7245251e-01
6.7437641723e-01	1.4614664e-01
6.7446712018e-01	1.2959410e-01
6.7455782313e-01	1.1073650e-01
6.7464852608e-01	8.7653716e-02
6.7473922902e-01	7.9602596e-02
6.7482993197e-01	7.1328663e-02
6.7492063492e-01	6.6332323e-02
6.7501133787e-01	6.7450368e-02
6.7510204082e-01	6.8273350e-02
6.7519274376e-01	6.8958974e-02
6.7528344671e-01	8.7360331e-02
6.7537414966e-01	1.0396877e-01
6.7546485261e-01	1.1267559e-01
6.7555555556e-01	1.3215805e-01
6.7564625850e-01	1.5304692e-01
6.7573696145e-01	1.6915211e-01
6.7582766440e-01	1.8631650e-01
6.7591836735e-01	2.0530512e-01
6.7600907029e-01	2.3293348e-01
6.7609977324e-01	2.4399347e-01
6.7619047619e-01	2.4909084e-01
6.7628117914e-01	2.6675169e-01
6.7637188209e-01	2.7968235e-01
6.7646258503e-01	2.9716590e-01
6.7655328798e-01	2.9396560e-01
6.7664399093e-01	2.9954112e-01
6.7673469388e-01	3.1196590e-01
6.7682539683e-01	3.2468286e-01
6.7691609977e-01	3.3755291e-01
6.7700680272e-01	3.4628640e-01
6.7709750567e-01	3.4605689e-01
6.7718820862e-01	3.5276704e-01
6.7727891156e-01	3.4437994e-01
6.7736961451e-01	3.5443079e-01
6.7746031746e-01	3.5524081e-01
6.7755102041e-01	3.5152027e-01
6.7764172336e-01	3.5423329e-01
6.7773242630e-01	3.3504774e-01
6.7782312925e-01	3.2867707e-01
6.7791383220e-01	3.2397743e-01
6.7800453515e-01	3.0567009e-01
6.7809523810e-01	2.9031692e-01
6.7818594104e-01	2.8359257e-01
6.7827664399e-01	2.6990130e-01
6.7836734694e-01	2.5110035e-01
6.7845804989e-01	2.2738271e-01
6.7854875283e-01	2.1044564e-01
6.7863945578e-01	1.9529125e-01
6.7873015873e-01	1.7734814e-01
6.7882086168e-01	1.5780558e-01
6.7891156463e-01	1.4413619e-01
6.7900226757e-01	1.2356607e-01
6.7909297052e-01	1.0538051e-01
6.7918367347e-01	9.0771636e-02
6.7927437642e-01	7.8183935e-02
6.7936507937e-01	6.5862693e-02
6.7945578231e-01	5.6772173e-02
6.7954648526e-01	3.9254082e-02
6.7963718821e-01	2.4164656e-02
6.7972789116e-01	1.7195821e-02
6.7981859410e-01	6.6808595e-03
6.7990929705e-01	-8.9062395e-03
6.8000000000e-01	-2.1325121e-02
6.8009070295e-01	-2.4547610e-02
6.8018140590e-01	-3.3270839e-02
6.8027210884e-01	-5.2982210e-02
6.8036281179e-01	-5.3711512e-02
6.8045351474e-01	-5.9547719e-02
6.8054421769e-01	-6.3038357e-02
6.8063492063e-01	-7.9621081e-02
6.8072562358e-01	-8.4222163e-02
6.8081632653e-01	-8.4027161e-02
6.8090702948e-01	-9.8064293e-02
6.8099773243e-01	-1.0442245e-01
6.8108843537e-01	-1.0456683e-01
6.8117913832e-01	-1.0855943e-01
6.8126984127e-01	-1.1802282e-01
6.8136054422e-01	-1.2000467e-01
6.8145124717e-01	-1.2255094e-01
6.8154195011e-01	-1.2739153e-01
6.8163265306e-01	-1.2295752e-01
6.8172335601e-01	-1.1965032e-01
6.8181405896e-01	-1.2821438e-01
6.8190476190e-01	-1.3507591e-01
6.8199546485e-01	-1.6941446e-01
6.8208616780e-01	-1.9826633e-01
6.8217687075e-01	-1.4401973e-01
6.8226757370e-01	-1.5430429e-01
6.8235827664e-01	-1.6348028e-01
6.8244897959e-01	-1.6336773e-01
6.8253968254e-01	-1.7374294e-01
6.8263038549e-01	-1.7419636e-01
6.8272108844e-01	-1.8655785e-01
6.8281179138e-01	-1.9709580e-01
6.8290249433e-01	-2.0473887e-01
6.8299319728e-01	-2.1598090e-01
6.8308390023e-01	-2.2668939e-01
6.8317460317e-01	-2.3492285e-01
6.8326530612e-01	-2.4956703e-01
6.8335600907e-01	-2.5646681e-01
6.8344671202e-01	-2.8224460e-01
6.8353741497e-01	-2.9748157e-01
6.8362811791e-01	-3.0988684e-01
6.8371882086e-01	-3.2976522e-01
6.8380952381e-01	-3.5025077e-01
6.8390022676e-01	-3.6769040e-01
6.8399092971e-01	-3.8128011e-01
6.8408163265e-01	-4.1004870e-01
6.8417233560e-01	-4.1963084e-01
6.8426303855e-01	-4.3592435e-01
6.8435374150e-01	-4.4911010e-01
6.8444444444e-01	-4.5568144e-01
6.8453514739e-01	-4.7421713e-01
6.8462585034e-01	-4.8684384e-01
6.8471655329e-01	-4.8725903e-01
6.8480725624e-01	-4.9361242e-01
6.8489795918e-01	-4.9161522e-01
6.8498866213e-01	-5.0089519e-01
6.8507936508e-01	-4.9734517e-01
6.8517006803e-01	-4.9758384e-01
6.8526077098e-01	-4.9986373e-01
6.8535147392e-01	-4.8661957e-01
6.8544217687e-01	-4.8607332e-01
6.8553287982e-01	-4.6924122e-01
6.8562358277e-01	-4.5612867e-01
6.8571428571e-01	-4.4504678e-01
6.8580498866e-01	-4.3010575e-01
6.8589569161e-01	-4.0698033e-01
6.8598639456e-01	-3.9497794e-01
6.8607709751e-01	-3.8063953e-01
6.8616780045e-01	-3.6185303e-01
6.8625850340e-01	-3.5126788e-01
6.8634920635e-01	-3.3097656e-01
6.8643990930e-01	-3.1319938e-01
6.8653061224e-01	-2.9365862e-01
6.8662131519e-01	-2.8278337e-01
6.8671201814e-01	-2.7337848e-01
6.8680272109e-01	-2.6138257e-01
6.8689342404e-01	-2.4489080e-01
6.8698412698e-01	-2.2783468e-01
6.8707482993e-01	-2.0432252e-01
6.8716553288e-01	-1.8801175e-01
6.8725623583e-01	-1.7561890e-01
6.8734693878e-01	-1.5869284e-01
6.8743764172e-01	-1.4329206e-01
6.8752834467e-01	-1.3328112e-01
6.8761904762e-01	-1.1380626e-01
6.8770975057e-01	-1.0101265e-01
6.8780045351e-01	-8.2477205e-02
6.8789115646e-01	-6.2669360e-02
6.8798185941e-01	-5.2241484e-02
6.8807256236e-01	-4.3952412e-02
6.8816326531e-01	-2.8876083e-02
6.8825396825e-01	-1.6030815e-02
6.8834467120e-01	-2.3430616e-03
6.8843537415e-01	1.0957515e-02
6.8852607710e-01	2.3806499e-02
6.8861678005e-01	3.8016544e-02
6.8870748299e-01	6.3419231e-02
6.8879818594e-01	6.9453626e-02
6.8888888889e-01	7.5848714e-02
6.8897959184e-01	9.7803180e-02
6.8907029478e-01	1.1118528e-01
6.8916099773e-01	1.2807547e-01
6.8925170068e-01	1.4879420e-01
6.8934240363e-01	1.6399501e-01
6.8943310658e-01	1.7057502e-01
6.8952380952e-01	1.8828454e-01
6.8961451247e-01	1.9937436e-01
6.8970521542e-01	2.1370006e-01
6.8979591837e-01	2.2699134e-01
6.8988662132e-01	2.4081429e-01
6.8997732426e-01	2.5385328e-01
6.9006802721e-01	2.5791665e-01
6.9015873016e-01	2.7347182e-01
6.9024943311e-01	2.7264663e-01
6.9034013605e-01	2.7866620e-01
6.9043083900e-01	2.9455705e-01
6.9052154195e-01	2.9691227e-01
6.9061224490e-01	3.0757066e-01
6.9070294785e-01	3.0967758e-01
6.9079365079e-01	3.0503426e-01
6.9088435374e-01	3.0616722e-01
6.9097505669e-01	3.1315023e-01
6.9106575964e-01	3.2206982e-01
6.9115646259e-01	3.3217418e-01
6.9124716553e-01	3.2407036e-01
6.9133786848e-01	3.2286806e-01
6.9142857143e-01	3.2127844e-01
6.9151927438e-01	3.1121101e-01
6.9160997732e-01	3.0395526e-01
6.9170068027e-01	2.9577911e-01
6.9179138322e-01	2.9313650e-01
6.9188208617e-01	2.8734392e-01
6.9197278912e-01	2.6718194e-01
6.9206349206e-01	2.3679781e-01
6.9215419501e-01	2.1926366e-01
6.9224489796e-01	2.0017890e-01
6.9233560091e-01	1.7811368e-01
6.9242630385e-01	1.5517567e-01
6.9251700680e-01	1.3226686e-01
6.9260770975e-01	1.1406468e-01
6.9269841270e-01	8.8821699e-02
6.9278911565e-01	7.2278722e-02
6.9287981859e-01	6.9223648e-02
6.9297052154e-01	5.7922054e-02
6.9306122449e-01	5.3911314e-02
6.9315192744e-01	5.5891652e-02
6.9324263039e-01	6.1437381e-02
6.9333333333e-01	6.7632281e-02
6.9342403628e-01	7.4486327e-02
6.9351473923e-01	9.3020936e-02
6.9360544218e-01	1.2242884e-01
6.9369614512e-01	1.3293552e-01
6.9378684807e-01	1.4404101e-01
6.9387755102e-01	1.7024879e-01
6.9396825397e-01	1.9359488e-01
6.9405895692e-01	2.1177718e-01
6.9414965986e-01	2.2606500e-01
6.9424036281e-01	2.4377625e-01
6.9433106576e-01	2.5388222e-01
6.9442176871e-01	2.7895146e-01
6.9451247166e-01	2.4109254e-01
6.9460317460e-01	2.3653048e-01
6.9469387755e-01	3.1389230e-01
6.9478458050e-01	3.1021449e-01
6.9487528345e-01	3.2034923e-01
6.9496598639e-01	3.3836184e-01
6.9505668934e-01	3.4464082e-01
6.9514739229e-01	3.5428395e-01
6.9523809524e-01	3.6232246e-01
6.9532879819e-01	3.6605916e-01
6.9541950113e-01	3.7045868e-01
6.9551020408e-01	3.7271109e-01
6.9560090703e-01	3.7537220e-01
6.9569160998e-01	3.6804559e-01
6.9578231293e-01	3.6339352e-01
6.9587301587e-01	3.6001126e-01
6.9596371882e-01	3.4141335e-01
6.9605442177e-01	3.3424636e-01
6.9614512472e-01	3.2048037e-01
6.9623582766e-01	3.0202241e-01
6.9632653061e-01	2.9917951e-01
6.9641723356e-01	2.9010532e-01
6.9650793651e-01	2.7244599e-01
6.9659863946e-01	2.4881284e-01
6.9668934240e-01	2.2719592e-01
6.9678004535e-01	2.1196895e-01
6.9687074830e-01	1.9603535e-01
6.9696145125e-01	1.7383893e-01
6.9705215420e-01	1.6022170e-01
6.9714285714e-01	1.4751507e-01
6.9723356009e-01	1.3060101e-01
6.9732426304e-01	1.1375742e-01
6.9741496599e-01	9.7018819e-02
6.9750566893e-01	8.2916849e-02
6.9759637188e-01	6.6029842e-02
6.9768707483e-01	5.4946748e-02
6.9777777778e-01	3.4421075e-02
6.9786848073e-01	2.4669112e-02
6.9795918367e-01	1.4129644e-02
6.9804988662e-01	5.7688217e-03
6.9814058957e-01	-1.1874527e-02
6.9823129252e-01	-2.1337441e-02
6.9832199546e-01	-2.7209709e-02
6.9841269841e-01	-2.9960540e-02
6.9850340136e-01	-4.2862123e-02
6.9859410431e-01	-5.9887413e-02
6.9868480726e-01	-6.3569477e-02
6.9877551020e-01	-6.4846731e-02
6.9886621315e-01	-7.2200679e-02
6.9895691610e-01	-8.2661667e-02
6.9904761905e-01	-9.1247938e-02
6.9913832200e-01	-9.6204206e-02
6.9922902494e-01	-9.9324752e-02
6.9931972789e-01	-1.0818569e-01
6.9941043084e-01	-1.1586486e-01
6.9950113379e-01	-1.2052188e-01
6.9959183673e-01	-1.2198283e-01
6.9968253968e-01	-1.1970738e-01
6.9977324263e-01	-1.2724939e-01
6.9986394558e-01	-1.2679097e-01
6.9995464853e-01	-1.2798305e-01
7.0004535147e-01	-1.2935099e-01
7.0013605442e-01	-1.3437814e-01
7.0022675737e-01	-1.4284941e-01
7.0031746032e-01	-1.3884743e-01
7.0040816327e-01	-1.4802484e-01
7.0049886621e-01	-1.5225433e-01
7.0058956916e-01	-1.6416991e-01
7.0068027211e-01	-1.7148876e-01
7.0077097506e-01	-1.8415279e-01
7.0086167800e-01	-1.9531808e-01
7.0095238095e-01	-2.0262754e-01
7.0104308390e-01	-2.1463484e-01
7.0113378685e-01	-2.2699157e-01
7.0122448980e-01	-2.3391108e-01
7.0131519274e-01	-2.4464829e-01
7.0140589569e-01	-2.6385347e-01
7.0149659864e-01	-2.7923492e-01
7.0158730159e-01	-2.8820313e-01
7.0167800454e-01	-3.0589726e-01
7.0176870748e-01	-3.2607875e-01
7.0185941043e-01	-3.4504384e-01
7.0195011338e-01	-3.5572339e-01
7.0204081633e-01	-3.6910203e-01
7.0213151927e-01	-3.8779717e-01
7.0222222222e-01	-4.0290815e-01
7.0231292517e-01	-4.2373451e-01
7.0240362812e-01	-4.4320425e-01
7.0249433107e-01	-4.5158644e-01
7.0258503401e-01	-4.6349685e-01
7.0267573696e-01	-4.7571829e-01
7.0276643991e-01	-4.8343856e-01
7.0285714286e-01	-4.9664022e-01
7.0294784580e-01	-5.0650166e-01
7.0303854875e-01	-5.0422707e-01
7.0312925170e-01	-5.0588784e-01
7.0321995465e-01	-5.0845992e-01
7.0331065760e-01	-5.0784182e-01
7.0340136054e-01	-5.0043411e-01
7.0349206349e-01	-4.9522468e-01
7.0358276644e-01	-4.8566374e-01
7.0367346939e-01	-4.7114267e-01
7.0376417234e-01	-4.7117380e-01
7.0385487528e-01	-4.4692230e-01
7.0394557823e-01	-4.2998772e-01
7.0403628118e-01	-4.2514555e-01
7.0412698413e-01	-4.0798755e-01
7.0421768707e-01	-3.9650772e-01
7.0430839002e-01	-3.7269131e-01
7.0439909297e-01	-3.5437064e-01
7.0448979592e-01	-3.3446565e-01
7.0458049887e-01	-3.1726516e-01
7.0467120181e-01	-2.9785789e-01
7.0476190476e-01	-2.8923151e-01
7.0485260771e-01	-2.6494450e-01
7.0494331066e-01	-2.4821378e-01
7.0503401361e-01	-2.3477207e-01
7.0512471655e-01	-2.2139134e-01
7.0521541950e-01	-2.0610553e-01
7.0530612245e-01	-1.9184991e-01
7.0539682540e-01	-1.8388397e-01
7.0548752834e-01	-1.6904979e-01
7.0557823129e-01	-1.5123685e-01
7.0566893424e-01	-1.3003998e-01
7.0575963719e-01	-1.1820999e-01
7.0585034014e-01	-1.0847363e-01
7.0594104308e-01	-8.6962785e-02
7.0603174603e-01	-7.2510590e-02
7.0612244898e-01	-5.6775252e-02
7.0621315193e-01	-4.0444756e-02
7.0630385488e-01	-3.1421996e-02
7.0639455782e-01	-1.3605915e-02
7.0648526077e-01	1.3991301e-02
7.0657596372e-01	2.9444734e-02
7.0666666667e-01	4.0368301e-02
7.0675736961e-01	5.3920724e-02
7.0684807256e-01	6.8738324e-02
7.0693877551e-01	9.6632771e-02
7.0702947846e-01	4.2461715e-02
7.0712018141e-01	8.0618274e-02
7.0721088435e-01	1.3818521e-01
7.0730158730e-01	1.5064107e-01
7.0739229025e-01	1.6632895e-01
7.0748299320e-01	1.7848081e-01
7.0757369615e-01	1.9128651e-01
7.0766439909e-01	2.0822666e-01
7.0775510204e-01	2.2025454e-01
7.0784580499e-01	2.2479681e-01
7.0793650794e-01	2.3948379e-01
7.0802721088e-01	2.5169028e-01
7.0811791383e-01	2.6600072e-01
7.0820861678e-01	2.7726293e-01
7.0829931973e-01	2.7976131e-01
7.0839002268e-01	2.8951644e-01
7.0848072562e-01	2.9184161e-01
7.0857142857e-01	2.8731508e-01
7.0866213152e-01	2.9389533e-01
7.0875283447e-01	2.9835928e-01
7.0884353741e-01	3.0369405e-01
7.0893424036e-01	3.0033175e-01
7.0902494331e-01	3.0827099e-01
7.0911564626e-01	3.1529161e-01
7.0920634921e-01	3.1742982e-01
7.0929705215e-01	3.1286103e-01
7.0938775510e-01	3.0486833e-01
7.0947845805e-01	3.0572937e-01
7.0956916100e-01	3.0961823e-01
7.0965986395e-01	3.0496265e-01
7.0975056689e-01	2.9707042e-01
7.0984126984e-01	2.8733323e-01
7.0993197279e-01	2.6833129e-01
7.1002267574e-01	2.6048020e-01
7.1011337868e-01	2.4425386e-01
7.1020408163e-01	2.2245283e-01
7.1029478458e-01	2.0287189e-01
7.1038548753e-01	1.7726436e-01
7.1047619048e-01	1.5311779e-01
7.1056689342e-01	1.2730853e-01
7.1065759637e-01	1.1622494e-01
7.1074829932e-01	8.6031769e-02
7.1083900227e-01	6.1259899e-02
7.1092970522e-01	5.0626359e-02
7.1102040816e-01	3.6545472e-02
7.1111111111e-01	2.2513626e-02
7.1120181406e-01	2.8447165e-02
7.1129251701e-01	3.6150855e-02
7.1138321995e-01	3.9167845e-02
7.1147392290e-01	4.4235167e-02
7.1156462585e-01	5.2038895e-02
7.1165532880e-01	7.4022499e-02
7.1174603175e-01	9.6127884e-02
7.1183673469e-01	1.1172545e-01
7.1192743764e-01	1.3205406e-01
7.1201814059e-01	1.5163967e-01
7.1210884354e-01	1.7283257e-01
7.1219954649e-01	1.8794276e-01
7.1229024943e-01	2.0512570e-01
7.1238095238e-01	2.2761652e-01
7.1247165533e-01	2.4031291e-01
7.1256235828e-01	2.5738938e-01
7.1265306122e-01	2.6536377e-01
7.1274376417e-01	2.8171164e-01
7.1283446712e-01	2.9670870e-01
7.1292517007e-01	3.0914862e-01
7.1301587302e-01	3.1568046e-01
7.1310657596e-01	3.2224958e-01
7.1319727891e-01	3.3341375e-01
7.1328798186e-01	3.4403052e-01
7.1337868481e-01	3.5405703e-01
7.1346938776e-01	3.5810190e-01
7.1356009070e-01	3.5936652e-01
7.1365079365e-01	3.5794069e-01
7.1374149660e-01	3.5821013e-01
7.1383219955e-01	3.6072834e-01
7.1392290249e-01	3.6422363e-01
7.1401360544e-01	3.4709585e-01
7.1410430839e-01	3.3633204e-01
7.1419501134e-01	3.2553830e-01
7.1428571429e-01	3.1728767e-01
7.1437641723e-01	3.0483459e-01
7.1446712018e-01	2.9233854e-01
7.1455782313e-01	2.7693073e-01
7.1464852608e-01	2.5416953e-01
7.1473922902e-01	2.4558824e-01
7.1482993197e-01	2.2664129e-01
7.1492063492e-01	2.1108444e-01
7.1501133787e-01	1.9060049e-01
7.1510204082e-01	1.7735677e-01
7.1519274376e-01	1.6146371e-01
7.1528344671e-01	1.3975242e-01
7.1537414966e-01	1.3524575e-01
7.1546485261e-01	1.2511661e-01
7.1555555556e-01	1.0601298e-01
7.1564625850e-01	9.0918225e-02
7.1573696145e-01	8.1326572e-02
7.1582766440e-01	6.7245575e-02
7.1591836735e-01	5.1530804e-02
7.1600907029e-01	4.2649042e-02
7.1609977324e-01	2.9272995e-02
7.1619047619e-01	1.1972306e-02
7.1628117914e-01	1.0265001e-02
7.1637188209e-01	-6.0033794e-03
7.1646258503e-01	-1.2708566e-02
7.1655328798e-01	-1.8317474e-02
7.1664399093e-01	-2.5809820e-02
7.1673469388e-01	-4.0188364e-02
7.1682539683e-01	-4.9764039e-02
7.1691609977e-01	-5.1435976e-02
7.1700680272e-01	-5.5148101e-02
7.1709750567e-01	-6.9220320e-02
7.1718820862e-01	-7.9754460e-02
7.1727891156e-01	-8.2020019e-02
7.1736961451e-01	-8.4978652e-02
7.1746031746e-01	-9.4928752e-02
7.1755102041e-01	-9.6995147e-02
7.1764172336e-01	-1.0049460e-01
7.1773242630e-01	-1.0033020e-01
7.1782312925e-01	-9.8036913e-02
7.1791383220e-01	-1.0465388e-01
7.1800453515e-01	-1.1437720e-01
7.1809523810e-01	-1.1044448e-01
7.1818594104e-01	-1.1645571e-01
7.1827664399e-01	-1.1594882e-01
7.1836734694e-01	-1.1349104e-01
7.1845804989e-01	-1.2740420e-01
7.1854875283e-01	-1.3141597e-01
7.1863945578e-01	-1.4247415e-01
7.1873015873e-01	-1.4670048e-01
7.1882086168e-01	-1.5768615e-01
7.1891156463e-01	-1.6824412e-01
7.1900226757e-01	-1.7644188e-01
7.1909297052e-01	-1.8156607e-01
7.1918367347e-01	-1.9374627e-01
7.1927437642e-01	-2.0250454e-01
7.1936507937e-01	-2.1763478e-01
7.1945578231e-01	-2.2666675e-01
7.1954648526e-01	-3.1740413e-01
7.1963718821e-01	-2.8637998e-01
7.1972789116e-01	-2.7319763e-01
7.1981859410e-01	-2.9288998e-01
7.1990929705e-01	-3.0138882e-01
7.2000000000e-01	-3.1716035e-01
7.2009070295e-01	-3.4053944e-01
7.2018140590e-01	-3.6281930e-01
7.2027210884e-01	-3.7709140e-01
7.2036281179e-01	-3.8884921e-01
7.2045351474e-01	-4.1054233e-01
7.2054421769e-01	-4.2281900e-01
7.2063492063e-01	-4.3307353e-01
7.2072562358e-01	-4.5128600e-01
7.2081632653e-01	-4.5683431e-01
7.2090702948e-01	-4.7231176e-01
7.2099773243e-01	-4.8030498e-01
7.2108843537e-01	-4.9326086e-01
7.2117913832e-01	-4.9192227e-01
7.2126984127e-01	-4.9899673e-01
7.2136054422e-01	-5.0251400e-01
7.2145124717e-01	-5.0331171e-01
7.2154195011e-01	-4.9522797e-01
7.2163265306e-01	-4.8844870e-01
7.2172335601e-01	-4.8223880e-01
7.2181405896e-01	-4.7539178e-01
7.2190476190e-01	-4.5886765e-01
7.2199546485e-01	-4.4622987e-01
7.2208616780e-01	-4.3369086e-01
7.2217687075e-01	-4.1688516e-01
7.2226757370e-01	-4.0380799e-01
7.2235827664e-01	-3.8254485e-01
7.2244897959e-01	-3.6450242e-01
7.2253968254e-01	-3.5569529e-01
7.2263038549e-01	-3.3686247e-01
7.2272108844e-01	-3.1607374e-01
7.2281179138e-01	-2.9487379e-01
7.2290249433e-01	-2.8689518e-01
7.2299319728e-01	-2.7605944e-01
7.2308390023e-01	-2.5563341e-01
7.2317460317e-01	-2.3662555e-01
7.2326530612e-01	-2.2623876e-01
7.2335600907e-01	-2.0643457e-01
7.2344671202e-01	-1.9199229e-01
7.2353741497e-01	-1.9289807e-01
7.2362811791e-01	-1.7557980e-01
7.2371882086e-01	-1.5323237e-01
7.2380952381e-01	-1.4564432e-01
7.2390022676e-01	-1.3415941e-01
7.2399092971e-01	-1.1499336e-01
7.2408163265e-01	-9.7453652e-02
7.2417233560e-01	-8.5620762e-02
7.2426303855e-01	-6.9676512e-02
7.2435374150e-01	-4.9105910e-02
7.2444444444e-01	-3.4513393e-02
7.2453514739e-01	-2.0097870e-02
7.2462585034e-01	-5.5039940e-03
7.2471655329e-01	7.1121038e-03
7.2480725624e-01	2.0046554e-02
7.2489795918e-01	4.2632371e-02
7.2498866213e-01	5.9960760e-02
7.2507936508e-01	6.9489498e-02
7.2517006803e-01	8.6071449e-02
7.2526077098e-01	1.0507141e-01
7.2535147392e-01	1.2498970e-01
7.2544217687e-01	1.3922992e-01
7.2553287982e-01	1.4958706e-01
7.2562358277e-01	1.6543308e-01
7.2571428571e-01	1.7730348e-01
7.2580498866e-01	1.9041662e-01
7.2589569161e-01	2.0757218e-01
7.2598639456e-01	2.2408056e-01
7.2607709751e-01	2.3999260e-01
7.2616780045e-01	2.4127203e-01
7.2625850340e-01	2.4084182e-01
7.2634920635e-01	2.6117626e-01
7.2643990930e-01	2.7491506e-01
7.2653061224e-01	2.7583102e-01
7.2662131519e-01	2.8849238e-01
7.2671201814e-01	2.9956449e-01
7.2680272109e-01	2.9713246e-01
7.2689342404e-01	3.0017676e-01
7.2698412698e-01	3.0314677e-01
7.2707482993e-01	2.9369681e-01
7.2716553288e-01	3.0473685e-01
7.2725623583e-01	3.0924153e-01
7.2734693878e-01	3.0915741e-01
7.2743764172e-01	3.0822160e-01
7.2752834467e-01	3.0315068e-01
7.2761904762e-01	2.9795171e-01
7.2770975057e-01	3.0104780e-01
7.2780045351e-01	2.9609371e-01
7.2789115646e-01	2.8686291e-01
7.2798185941e-01	2.6924968e-01
7.2807256236e-01	2.6156382e-01
7.2816326531e-01	2.4690210e-01
7.2825396825e-01	2.2594192e-01
7.2834467120e-01	2.1036423e-01
7.2843537415e-01	1.8101306e-01
7.2852607710e-01	1.5686227e-01
7.2861678005e-01	1.3545592e-01
7.2870748299e-01	1.0809820e-01
7.2879818594e-01	8.6844563e-02
7.2888888889e-01	6.2943793e-02
7.2897959184e-01	4.5194788e-02
7.2907029478e-01	3.2644908e-02
7.2916099773e-01	1.6345820e-02
7.2925170068e-01	1.5848136e-02
7.2934240363e-01	1.2351545e-02
7.2943310658e-01	1.3809504e-02
7.2952380952e-01	2.2727083e-02
7.2961451247e-01	2.6197034e-02
7.2970521542e-01	4.1457538e-02
7.2979591837e-01	5.4947226e-02
7.2988662132e-01	7.4252910e-02
7.2997732426e-01	1.0175882e-01
7.3006802721e-01	1.1422397e-01
7.3015873016e-01	1.3954971e-01
7.3024943311e-01	1.5618564e-01
7.3034013605e-01	1.7142407e-01
7.3043083900e-01	1.9846965e-01
7.3052154195e-01	2.1793054e-01
7.3061224490e-01	2.3531405e-01
7.3070294785e-01	2.5451380e-01
7.3079365079e-01	2.5622237e-01
7.3088435374e-01	2.7798411e-01
7.3097505669e-01	2.9087744e-01
7.3106575964e-01	2.9150230e-01
7.3115646259e-01	3.0552741e-01
7.3124716553e-01	3.1034175e-01
7.3133786848e-01	3.2366152e-01
7.3142857143e-01	3.2969413e-01
7.3151927438e-01	3.3732594e-01
7.3160997732e-01	3.4691859e-01
7.3170068027e-01	3.4691242e-01
7.3179138322e-01	3.4197376e-01
7.3188208617e-01	3.4595213e-01
7.3197278912e-01	3.3694779e-01
7.3206349206e-01	2.4410453e-01
7.3215419501e-01	3.2534433e-01
7.3224489796e-01	3.3729643e-01
7.3233560091e-01	3.1597496e-01
7.3242630385e-01	3.1174260e-01
7.3251700680e-01	2.9896879e-01
7.3260770975e-01	2.9118895e-01
7.3269841270e-01	2.7419297e-01
7.3278911565e-01	2.5451117e-01
7.3287981859e-01	2.4349513e-01
7.3297052154e-01	2.2819079e-01
7.3306122449e-01	2.1448869e-01
7.3315192744e-01	1.9464388e-01
7.3324263039e-01	1.7770238e-01
7.3333333333e-01	1.6716943e-01
7.3342403628e-01	1.5047603e-01
7.3351473923e-01	1.3312980e-01
7.3360544218e-01	1.1166748e-01
7.3369614512e-01	9.2723777e-02
7.3378684807e-01	9.0986655e-02
7.3387755102e-01	7.1264263e-02
7.3396825397e-01	5.8665104e-02
7.3405895692e-01	4.9906445e-02
7.3414965986e-01	3.5139334e-02
7.3424036281e-01	3.1499266e-02
7.3433106576e-01	1.6416973e-02
7.3442176871e-01	-1.7389528e-04
7.3451247166e-01	-4.4318540e-03
7.3460317460e-01	-8.7351064e-03
7.3469387755e-01	-2.0687187e-02
7.3478458050e-01	-2.3348871e-02
7.3487528345e-01	-2.6596821e-02
7.3496598639e-01	-3.6271513e-02
7.3505668934e-01	-4.5077095e-02
7.3514739229e-01	-5.1329145e-02
7.3523809524e-01	-5.2727524e-02
7.3532879819e-01	-5.7174192e-02
7.3541950113e-01	-6.1578363e-02
7.3551020408e-01	-6.7274320e-02
7.3560090703e-01	-7.3407810e-02
7.3569160998e-01	-7.8850091e-02
7.3578231293e-01	-8.2238860e-02
7.3587301587e-01	-8.2803394e-02
7.3596371882e-01	-8.4913025e-02
7.3605442177e-01	-8.8389140e-02
7.3614512472e-01	-9.4453657e-02
7.3623582766e-01	-8.7928119e-02
7.3632653061e-01	-8.8852034e-02
7.3641723356e-01	-9.3907609e-02
7.3650793651e-01	-9.9197724e-02
7.3659863946e-01	-1.0186413e-01
7.3668934240e-01	-1.0255074e-01
7.3678004535e-01	-1.1367587e-01
7.3687074830e-01	-1.2113054e-01
7.3696145125e-01	-1.2611474e-01
7.3705215420e-01	-1.3939665e-01
7.3714285714e-01	-1.4822847e-01
7.3723356009e-01	-1.5256646e-01
7.3732426304e-01	-1.6416139e-01
7.3741496599e-01	-1.7999377e-01
7.3750566893e-01	-1.8761428e-01
7.3759637188e-01	-2.0858889e-01
7.3768707483e-01	-2.1763083e-01
7.3777777778e-01	-2.2995984e-01
7.3786848073e-01	-2.5003291e-01
7.3795918367e-01	-2.6692593e-01
7.3804988662e-01	-2.7910071e-01
7.3814058957e-01	-3.0008010e-01
7.3823129252e-01	-3.1967711e-01
7.3832199546e-01	-3.2965012e-01
7.3841269841e-01	-3.5002590e-01
7.3850340136e-01	-3.6521671e-01
7.3859410431e-01	-3.8205268e-01
7.3868480726e-01	-3.9574246e-01
7.3877551020e-01	-4.1287952e-01
7.3886621315e-01	-4.2099763e-01
7.3895691610e-01	-4.4726016e-01
7.3904761905e-01	-4.5355464e-01
7.3913832200e-01	-4.6344262e-01
7.3922902494e-01	-4.7393822e-01
7.3931972789e-01	-4.8026443e-01
7.3941043084e-01	-4.7344096e-01
7.3950113379e-01	-4.7546082e-01
7.3959183673e-01	-4.7716565e-01
7.3968253968e-01	-4.8572580e-01
7.3977324263e-01	-4.7831510e-01
7.3986394558e-01	-4.6765381e-01
7.3995464853e-01	-4.6004246e-01
7.4004535147e-01	-4.5057509e-01
7.4013605442e-01	-4.3626015e-01
7.4022675737e-01	-4.2680951e-01
7.4031746032e-01	-4.1541530e-01
7.4040816327e-01	-3.9956554e-01
7.4049886621e-01	-3.8561719e-01
7.4058956916e-01	-3.7056383e-01
7.4068027211e-01	-3.5302693e-01
7.4077097506e-01	-3.3944976e-01
7.4086167800e-01	-3.2763874e-01
7.4095238095e-01	-3.1495311e-01
7.4104308390e-01	-2.9755154e-01
7.4113378685e-01	-2.8250273e-01
7.4122448980e-01	-2.7058526e-01
7.4131519274e-01	-2.5622607e-01
7.4140589569e-01	-2.4055955e-01
7.4149659864e-01	-2.3594144e-01
7.4158730159e-01	-2.2139751e-01
7.4167800454e-01	-2.0825081e-01
7.4176870748e-01	-1.9376842e-01
7.4185941043e-01	-1.7244825e-01
7.4195011338e-01	-1.6093969e-01
7.4204081633e-01	-1.4222856e-01
7.4213151927e-01	-1.3232557e-01
7.4222222222e-01	-1.1812779e-01
7.4231292517e-01	-9.1144049e-02
7.4240362812e-01	-8.2271298e-02
7.4249433107e-01	-6.7273873e-02
7.4258503401e-01	-5.2922070e-02
7.4267573696e-01	-3.6786418e-02
7.4276643991e-01	-1.7023827e-02
7.4285714286e-01	5.2459775e-03
7.4294784580e-01	2.2786358e-02
7.4303854875e-01	4.2458595e-02
7.4312925170e-01	5.9840152e-02
7.4321995465e-01	7.7808789e-02
7.4331065760e-01	9.1461533e-02
7.4340136054e-01	1.1028152e-01
7.4349206349e-01	1.2608771e-01
7.4358276644e-01	1.3731962e-01
7.4367346939e-01	1.5099452e-01
7.4376417234e-01	1.6670654e-01
7.4385487528e-01	1.8099881e-01
7.4394557823e-01	1.8836340e-01
7.4403628118e-01	2.0383989e-01
7.4412698413e-01	2.1519181e-01
7.4421768707e-01	2.2211563e-01
7.4430839002e-01	2.3166182e-01
7.4439909297e-01	2.4769486e-01
7.4448979592e-01	2.4478756e-01
7.4458049887e-01	2.0035082e-01
7.4467120181e-01	2.8093143e-01
7.4476190476e-01	2.9900133e-01
7.4485260771e-01	2.9135868e-01
7.4494331066e-01	2.9427102e-01
7.4503401361e-01	2.9635968e-01
7.4512471655e-01	3.0177607e-01
7.4521541950e-01	3.0925228e-01
7.4530612245e-01	3.1751016e-01
7.4539682540e-01	3.2176699e-01
7.4548752834e-01	3.1008614e-01
7.4557823129e-01	3.0990054e-01
7.4566893424e-01	3.0860907e-01
7.4575963719e-01	3.1942969e-01
7.4585034014e-01	3.1472311e-01
7.4594104308e-01	3.0306720e-01
7.4603174603e-01	2.9846013e-01
7.4612244898e-01	2.9391382e-01
7.4621315193e-01	2.7951011e-01
7.4630385488e-01	2.6246063e-01
7.4639455782e-01	2.3721210e-01
7.4648526077e-01	2.0870264e-01
7.4657596372e-01	1.8599950e-01
7.4666666667e-01	1.6032006e-01
7.4675736961e-01	1.3133713e-01
7.4684807256e-01	1.0216088e-01
7.4693877551e-01	8.2964397e-02
7.4702947846e-01	6.7463609e-02
7.4712018141e-01	4.8168668e-02
7.4721088435e-01	3.3579826e-02
7.4730158730e-01	1.8363297e-02
7.4739229025e-01	1.3947502e-02
7.4748299320e-01	8.3822561e-03
7.4757369615e-01	1.5955159e-02
7.4766439909e-01	2.0447592e-02
7.4775510204e-01	2.9202885e-02
7.4784580499e-01	5.2427065e-02
7.4793650794e-01	6.0582489e-02
7.4802721088e-01	7.4755343e-02
7.4811791383e-01	9.6050124e-02
7.4820861678e-01	1.1176077e-01
7.4829931973e-01	1.3706488e-01
7.4839002268e-01	1.5705244e-01
7.4848072562e-01	1.7871319e-01
7.4857142857e-01	2.0108103e-01
7.4866213152e-01	2.1567026e-01
7.4875283447e-01	2.2567766e-01
7.4884353741e-01	2.3559532e-01
7.4893424036e-01	2.5790210e-01
7.4902494331e-01	2.7369938e-01
7.4911564626e-01	2.8773823e-01
7.4920634921e-01	2.9190332e-01
7.4929705215e-01	2.9354718e-01
7.4938775510e-01	3.0213281e-01
7.4947845805e-01	3.1840640e-01
7.4956916100e-01	3.2476984e-01
7.4965986395e-01	3.2532487e-01
7.4975056689e-01	3.3492383e-01
7.4984126984e-01	3.3447752e-01
7.4993197279e-01	3.3275858e-01
7.5002267574e-01	3.3918456e-01
7.5011337868e-01	3.4293712e-01
7.5020408163e-01	3.3562184e-01
7.5029478458e-01	3.2052826e-01
7.5038548753e-01	3.0868639e-01
7.5047619048e-01	2.9885598e-01
7.5056689342e-01	2.8745036e-01
7.5065759637e-01	2.7786350e-01
7.5074829932e-01	2.6917620e-01
7.5083900227e-01	2.5419533e-01
7.5092970522e-01	2.3583044e-01
7.5102040816e-01	2.2234412e-01
7.5111111111e-01	2.0041072e-01
7.5120181406e-01	1.9028407e-01
7.5129251701e-01	1.7489403e-01
7.5138321995e-01	1.5620894e-01
7.5147392290e-01	1.4219233e-01
7.5156462585e-01	1.3002857e-01
7.5165532880e-01	1.1846591e-01
7.5174603175e-01	9.9878190e-02
7.5183673469e-01	8.3935208e-02
7.5192743764e-01	7.1282533e-02
7.5201814059e-01	5.8633504e-02
7.5210884354e-01	4.7840502e-02
7.5219954649e-01	2.8031360e-02
7.5229024943e-01	1.3432138e-02
7.5238095238e-01	1.1519168e-02
7.5247165533e-01	-1.9948233e-03
7.5256235828e-01	-1.4660037e-02
7.5265306122e-01	-2.1239866e-02
7.5274376417e-01	-3.1524579e-02
7.5283446712e-01	-3.7978126e-02
7.5292517007e-01	-3.9264196e-02
7.5301587302e-01	-4.5560444e-02
7.5310657596e-01	-5.7649400e-02
7.5319727891e-01	-7.3282392e-02
7.5328798186e-01	-6.5640387e-02
7.5337868481e-01	-7.1288973e-02
7.5346938776e-01	-7.5061034e-02
7.5356009070e-01	-7.7034290e-02
7.5365079365e-01	-7.3574905e-02
7.5374149660e-01	-7.3073074e-02
7.5383219955e-01	-8.2423398e-02
7.5392290249e-01	-8.3944365e-02
7.5401360544e-01	-8.4176201e-02
7.5410430839e-01	-8.5988855e-02
7.5419501134e-01	-8.6467047e-02
7.5428571429e-01	-8.1459544e-02
7.5437641723e-01	-8.6354815e-02
7.5446712018e-01	-8.6290311e-02
7.5455782313e-01	-9.0361723e-02
7.5464852608e-01	-9.5591160e-02
7.5473922902e-01	-1.0003461e-01
7.5482993197e-01	-9.5711388e-02
7.5492063492e-01	-1.0869764e-01
7.5501133787e-01	-1.1723119e-01
7.5510204082e-01	-1.1624393e-01
7.5519274376e-01	-1.1824564e-01
7.5528344671e-01	-1.3120810e-01
7.5537414966e-01	-1.3710879e-01
7.5546485261e-01	-1.4703236e-01
7.5555555556e-01	-1.5926562e-01
7.5564625850e-01	-1.6646728e-01
7.5573696145e-01	-1.8195796e-01
7.5582766440e-01	-1.8891505e-01
7.5591836735e-01	-2.0047910e-01
7.5600907029e-01	-2.2274694e-01
7.5609977324e-01	-2.3682107e-01
7.5619047619e-01	-2.5507026e-01
7.5628117914e-01	-2.6779192e-01
7.5637188209e-01	-2.8502366e-01
7.5646258503e-01	-3.0226342e-01
7.5655328798e-01	-3.2127867e-01
7.5664399093e-01	-3.4179308e-01
7.5673469388e-01	-3.5910833e-01
7.5682539683e-01	-3.7817440e-01
7.5691609977e-01	-3.7624378e-01
7.5700680272e-01	-4.2961386e-01
7.5709750567e-01	-4.6629680e-01
7.5718820862e-01	-4.1706080e-01
7.5727891156e-01	-4.3813994e-01
7.5736961451e-01	-4.4002528e-01
7.5746031746e-01	-4.4653008e-01
7.5755102041e-01	-4.5122202e-01
7.5764172336e-01	-4.5370480e-01
7.5773242630e-01	-4.5248091e-01
7.5782312925e-01	-4.5517918e-01
7.5791383220e-01	-4.4809805e-01
7.5800453515e-01	-4.4807838e-01
7.5809523810e-01	-4.3711350e-01
7.5818594104e-01	-4.2817068e-01
7.5827664399e-01	-4.1740372e-01
7.5836734694e-01	-4.0757345e-01
7.5845804989e-01	-3.9290995e-01
7.5854875283e-01	-3.8228090e-01
7.5863945578e-01	-3.5572200e-01
7.5873015873e-01	-3.4787268e-01
7.5882086168e-01	-3.3848099e-01
7.5891156463e-01	-3.2253265e-01
7.5900226757e-01	-3.0802734e-01
7.5909297052e-01	-2.9697657e-01
7.5918367347e-01	-2.8034815e-01
7.5927437642e-01	-2.6693426e-01
7.5936507937e-01	-2.5696366e-01
7.5945578231e-01	-2.4721978e-01
7.5954648526e-01	-2.3279009e-01
7.5963718821e-01	-2.2247034e-01
7.5972789116e-01	-2.0916303e-01
7.5981859410e-01	-2.0155925e-01
7.5990929705e-01	-1.7919190e-01
7.6000000000e-01	-1.6432645e-01
7.6009070295e-01	-1.5504126e-01
7.6018140590e-01	-1.4276933e-01
7.6027210884e-01	-1.3591041e-01
7.6036281179e-01	-1.1798264e-01
7.6045351474e-01	-1.0211012e-01
7.6054421769e-01	-9.3191826e-02
7.6063492063e-01	-7.1149699e-02
7.6072562358e-01	-6.3139263e-02
7.6081632653e-01	-4.6189310e-02
7.6090702948e-01	-2.9837046e-02
7.6099773243e-01	-1.3705383e-02
7.6108843537e-01	6.6407191e-03
7.6117913832e-01	2.4456288e-02
7.6126984127e-01	3.2350428e-02
7.6136054422e-01	5.2959003e-02
7.6145124717e-01	6.3695343e-02
7.6154195011e-01	8.0373994e-02
7.6163265306e-01	1.0317803e-01
7.6172335601e-01	1.1801938e-01
7.6181405896e-01	1.3299615e-01
7.6190476190e-01	1.4005918e-01
7.6199546485e-01	1.5317927e-01
7.6208616780e-01	1.6704076e-01
7.6217687075e-01	1.8304827e-01
7.6226757370e-01	1.9319950e-01
7.6235827664e-01	2.0092917e-01
7.6244897959e-01	2.1439761e-01
7.6253968254e-01	2.2911303e-01
7.6263038549e-01	2.3907210e-01
7.6272108844e-01	2.4345623e-01
7.6281179138e-01	2.5257083e-01
7.6290249433e-01	2.6723469e-01
7.6299319728e-01	2.7092910e-01
7.6308390023e-01	2.7245286e-01
7.6317460317e-01	2.8266504e-01
7.6326530612e-01	2.8962288e-01
7.6335600907e-01	2.9275975e-01
7.6344671202e-01	2.9125165e-01
7.6353741497e-01	2.9748733e-01
7.6362811791e-01	2.9882631e-01
7.6371882086e-01	2.9776081e-01
7.6380952381e-01	2.9933297e-01
7.6390022676e-01	2.9941758e-01
7.6399092971e-01	2.8975843e-01
7.6408163265e-01	2.8091543e-01
7.6417233560e-01	2.7747308e-01
7.6426303855e-01	2.5771666e-01
7.6435374150e-01	2.3947099e-01
7.6444444444e-01	2.2503312e-01
7.6453514739e-01	2.0464373e-01
7.6462585034e-01	1.8803037e-01
7.6471655329e-01	1.6499350e-01
7.6480725624e-01	1.4177702e-01
7.6489795918e-01	1.1595878e-01
7.6498866213e-01	9.5112704e-02
7.6507936508e-01	6.3751099e-02
7.6517006803e-01	5.1758495e-02
7.6526077098e-01	4.4276160e-02
7.6535147392e-01	2.2499375e-02
7.6544217687e-01	1.2025303e-02
7.6553287982e-01	2.8640198e-03
7.6562358277e-01	-3.4971207e-03
7.6571428571e-01	5.5312215e-03
7.6580498866e-01	1.6891019e-02
7.6589569161e-01	2.2299887e-02
7.6598639456e-01	3.0928709e-02
7.6607709751e-01	5.7163893e-02
7.6616780045e-01	7.7715572e-02
7.6625850340e-01	9.6142501e-02
7.6634920635e-01	1.1635807e-01
7.6643990930e-01	1.3396440e-01
7.6653061224e-01	1.6224604e-01
7.6662131519e-01	1.7517781e-01
7.6671201814e-01	1.9850680e-01
7.6680272109e-01	2.1798455e-01
7.6689342404e-01	2.3300092e-01
7.6698412698e-01	2.5152927e-01
7.6707482993e-01	2.6560271e-01
7.6716553288e-01	2.8503664e-01
7.6725623583e-01	2.8592969e-01
7.6734693878e-01	2.8852444e-01
7.6743764172e-01	2.9666011e-01
7.6752834467e-01	3.1377108e-01
7.6761904762e-01	3.2457659e-01
7.6770975057e-01	3.3318437e-01
7.6780045351e-01	3.4184901e-01
7.6789115646e-01	3.4546511e-01
7.6798185941e-01	3.4917096e-01
7.6807256236e-01	3.5039102e-01
7.6816326531e-01	3.4604087e-01
7.6825396825e-01	3.4507942e-01
7.6834467120e-01	3.4871071e-01
7.6843537415e-01	3.3924122e-01
7.6852607710e-01	3.3489420e-01
7.6861678005e-01	3.2865449e-01
7.6870748299e-01	3.2010078e-01
7.6879818594e-01	3.0503417e-01
7.6888888889e-01	2.8407397e-01
7.6897959184e-01	2.7865196e-01
7.6907029478e-01	2.7119547e-01
7.6916099773e-01	2.5310228e-01
7.6925170068e-01	2.4149595e-01
7.6934240363e-01	2.2678509e-01
7.6943310658e-01	2.1344928e-01
7.6952380952e-01	1.2215189e-01
7.6961451247e-01	9.7056409e-02
7.6970521542e-01	1.6355779e-01
7.6979591837e-01	1.3871885e-01
7.6988662132e-01	1.2190734e-01
7.6997732426e-01	1.0564161e-01
7.7006802721e-01	8.7419619e-02
7.7015873016e-01	6.7334199e-02
7.7024943311e-01	5.2759663e-02
7.7034013605e-01	4.0343544e-02
7.7043083900e-01	3.3642411e-02
7.7052154195e-01	2.3464488e-02
7.7061224490e-01	6.2769804e-03
7.7070294785e-01	-9.9397265e-03
7.7079365079e-01	-1.7060557e-02
7.7088435374e-01	-2.0025224e-02
7.7097505669e-01	-3.0325954e-02
7.7106575964e-01	-4.3377343e-02
7.7115646259e-01	-4.6036137e-02
7.7124716553e-01	-4.6472445e-02
7.7133786848e-01	-6.3180106e-02
7.7142857143e-01	-5.5752951e-02
7.7151927438e-01	-5.9873895e-02
7.7160997732e-01	-7.2466800e-02
7.7170068027e-01	-6.4665386e-02
7.7179138322e-01	-6.9908713e-02
7.7188208617e-01	-7.1865845e-02
7.7197278912e-01	-7.4219652e-02
7.7206349206e-01	-7.7790965e-02
7.7215419501e-01	-8.0527728e-02
7.7224489796e-01	-8.0522508e-02
7.7233560091e-01	-8.5091304e-02
7.7242630385e-01	-8.0646360e-02
7.7251700680e-01	-8.4804502e-02
7.7260770975e-01	-8.7956103e-02
7.7269841270e-01	-9.3812295e-02
7.7278911565e-01	-9.5090576e-02
7.7287981859e-01	-9.3854254e-02
7.7297052154e-01	-9.9292900e-02
7.7306122449e-01	-1.0762676e-01
7.7315192744e-01	-1.0890062e-01
7.7324263039e-01	-1.1708226e-01
7.7333333333e-01	-1.2574184e-01
7.7342403628e-01	-1.3616635e-01
7.7351473923e-01	-1.4727972e-01
7.7360544218e-01	-1.5770043e-01
7.7369614512e-01	-1.6995099e-01
7.7378684807e-01	-1.7919753e-01
7.7387755102e-01	-1.9667197e-01
7.7396825397e-01	-1.9380488e-01
7.7405895692e-01	-2.0839817e-01
7.7414965986e-01	-2.3199039e-01
7.7424036281e-01	-2.4575789e-01
7.7433106576e-01	-2.5461327e-01
7.7442176871e-01	-2.7836097e-01
7.7451247166e-01	-2.9333370e-01
7.7460317460e-01	-2.9817162e-01
7.7469387755e-01	-3.2937875e-01
7.7478458050e-01	-3.4866945e-01
7.7487528345e-01	-3.6108832e-01
7.7496598639e-01	-3.7671836e-01
7.7505668934e-01	-3.8188289e-01
7.7514739229e-01	-4.0376005e-01
7.7523809524e-01	-4.2293107e-01
7.7532879819e-01	-4.3183875e-01
7.7541950113e-01	-4.3340162e-01
7.7551020408e-01	-4.4260620e-01
7.7560090703e-01	-4.5058506e-01
7.7569160998e-01	-4.5506004e-01
7.7578231293e-01	-4.4877192e-01
7.7587301587e-01	-4.5448126e-01
7.7596371882e-01	-4.5079866e-01
7.7605442177e-01	-4.3872043e-01
7.7614512472e-01	-4.3995930e-01
7.7623582766e-01	-4.4561192e-01
7.7632653061e-01	-4.3156139e-01
7.7641723356e-01	-4.1710547e-01
7.7650793651e-01	-4.0725196e-01
7.7659863946e-01	-4.0591434e-01
7.7668934240e-01	-3.8921775e-01
7.7678004535e-01	-3.7400636e-01
7.7687074830e-01	-3.6293168e-01
7.7696145125e-01	-3.4804753e-01
7.7705215420e-01	-3.3295321e-01
7.7714285714e-01	-3.1854619e-01
7.7723356009e-01	-3.0078388e-01
7.7732426304e-01	-2.8242015e-01
7.7741496599e-01	-2.7822150e-01
7.7750566893e-01	-2.6698043e-01
7.7759637188e-01	-2.5360190e-01
7.7768707483e-01	-2.3749918e-01
7.7777777778e-01	-2.2488542e-01
7.7786848073e-01	-2.1811904e-01
7.7795918367e-01	-2.0659841e-01
7.7804988662e-01	-1.9024526e-01
7.7814058957e-01	-1.7636099e-01
7.7823129252e-01	-1.5605393e-01
7.7832199546e-01	-1.3477692e-01
7.7841269841e-01	-1.2313184e-01
7.7850340136e-01	-1.0915959e-01
7.7859410431e-01	-9.1570065e-02
7.7868480726e-01	-7.9102577e-02
7.7877551020e-01	-6.3796929e-02
7.7886621315e-01	-4.6438941e-02
7.7895691610e-01	-3.5500994e-02
7.7904761905e-01	-2.1067796e-02
7.7913832200e-01	-4.9974186e-03
7.7922902494e-01	1.6351494e-02
7.7931972789e-01	2.7291406e-02
7.7941043084e-01	4.6504111e-02
7.7950113379e-01	5.4276317e-02
7.7959183673e-01	6.4524503e-02
7.7968253968e-01	9.0354963e-02
7.7977324263e-01	9.9369437e-02
7.7986394558e-01	1.1722854e-01
7.7995464853e-01	1.2895524e-01
7.8004535147e-01	1.4183175e-01
7.8013605442e-01	1.5430590e-01
7.8022675737e-01	1.5993687e-01
7.8031746032e-01	1.7012604e-01
7.8040816327e-01	1.8063763e-01
7.8049886621e-01	1.9666519e-01
7.8058956916e-01	2.0457164e-01
7.8068027211e-01	2.1628716e-01
7.8077097506e-01	2.2993077e-01
7.8086167800e-01	2.3867997e-01
7.8095238095e-01	2.4561407e-01
7.8104308390e-01	2.5084852e-01
7.8113378685e-01	2.6033977e-01
7.8122448980e-01	2.6538420e-01
7.8131519274e-01	2.7775746e-01
7.8140589569e-01	2.8193150e-01
7.8149659864e-01	2.8643532e-01
7.8158730159e-01	2.8908360e-01
7.8167800454e-01	2.9350071e-01
7.8176870748e-01	2.9404792e-01
7.8185941043e-01	2.9423622e-01
7.8195011338e-01	2.9968146e-01
7.8204081633e-01	2.0721147e-01
7.8213151927e-01	2.3506445e-01
7.8222222222e-01	2.8561226e-01
7.8231292517e-01	2.5628548e-01
7.8240362812e-01	2.5041964e-01
7.8249433107e-01	2.4094932e-01
7.8258503401e-01	2.1703917e-01
7.8267573696e-01	1.9253348e-01
7.8276643991e-01	1.7854751e-01
7.8285714286e-01	1.5851599e-01
7.8294784580e-01	1.2628471e-01
7.8303854875e-01	9.9013019e-02
7.8312925170e-01	8.2592253e-02
7.8321995465e-01	6.1293845e-02
7.8331065760e-01	3.8454976e-02
7.8340136054e-01	1.9200120e-02
7.8349206349e-01	4.2309917e-03
7.8358276644e-01	1.4200718e-03
7.8367346939e-01	2.3257227e-03
7.8376417234e-01	-1.4528204e-04
7.8385487528e-01	2.4584580e-04
7.8394557823e-01	8.6689093e-03
7.8403628118e-01	1.4448221e-02
7.8412698413e-01	3.2936376e-02
7.8421768707e-01	4.6881236e-02
7.8430839002e-01	7.1612752e-02
7.8439909297e-01	9.2309725e-02
7.8448979592e-01	1.1929970e-01
7.8458049887e-01	1.3048756e-01
7.8467120181e-01	1.5702315e-01
7.8476190476e-01	1.7936643e-01
7.8485260771e-01	1.9323629e-01
7.8494331066e-01	2.1831602e-01
7.8503401361e-01	2.2771911e-01
7.8512471655e-01	2.3828254e-01
7.8521541950e-01	2.5465870e-01
7.8530612245e-01	2.6550723e-01
7.8539682540e-01	2.7976454e-01
7.8548752834e-01	2.9576603e-01
7.8557823129e-01	2.9652771e-01
7.8566893424e-01	3.0604460e-01
7.8575963719e-01	3.1693343e-01
7.8585034014e-01	3.2882769e-01
7.8594104308e-01	3.3756804e-01
7.8603174603e-01	3.4119004e-01
7.8612244898e-01	3.4311004e-01
7.8621315193e-01	3.4189383e-01
7.8630385488e-01	3.5212433e-01
7.8639455782e-01	3.5573831e-01
7.8648526077e-01	3.4254144e-01
7.8657596372e-01	3.4020032e-01
7.8666666667e-01	3.3692461e-01
7.8675736961e-01	3.1768339e-01
7.8684807256e-01	3.0555895e-01
7.8693877551e-01	2.9332242e-01
7.8702947846e-01	2.8497249e-01
7.8712018141e-01	2.7795654e-01
7.8721088435e-01	2.6286580e-01
7.8730158730e-01	2.4864411e-01
7.8739229025e-01	2.3710368e-01
7.8748299320e-01	2.1761930e-01
7.8757369615e-01	2.0195726e-01
7.8766439909e-01	1.8320088e-01
7.8775510204e-01	1.6647991e-01
7.8784580499e-01	1.4620702e-01
7.8793650794e-01	1.3138905e-01
7.8802721088e-01	1.1847042e-01
7.8811791383e-01	1.0713818e-01
7.8820861678e-01	9.6774804e-02
7.8829931973e-01	8.3639763e-02
7.8839002268e-01	6.9734922e-02
7.8848072562e-01	5.2837948e-02
7.8857142857e-01	3.8065705e-02
7.8866213152e-01	3.5238656e-02
7.8875283447e-01	1.5607788e-02
7.8884353741e-01	1.2765311e-02
7.8893424036e-01	7.8093933e-03
7.8902494331e-01	-1.3038124e-03
7.8911564626e-01	-3.7582704e-03
7.8920634921e-01	-1.7615667e-02
7.8929705215e-01	-2.5765700e-02
7.8938775510e-01	-2.6256031e-02
7.8947845805e-01	-4.4961109e-02
7.8956916100e-01	-5.5019734e-02
7.8965986395e-01	-5.4324151e-02
7.8975056689e-01	-5.7723664e-02
7.8984126984e-01	-6.7432469e-02
7.8993197279e-01	-6.8393006e-02
7.9002267574e-01	-6.5198328e-02
7.9011337868e-01	-7.0972410e-02
7.9020408163e-01	-7.6370755e-02
7.9029478458e-01	-7.5155152e-02
7.9038548753e-01	-7.1784449e-02
7.9047619048e-01	-7.5527282e-02
7.9056689342e-01	-6.8423712e-02
7.9065759637e-01	-7.4319195e-02
7.9074829932e-01	-7.8162291e-02
7.9083900227e-01	-7.8717684e-02
7.9092970522e-01	-8.2902847e-02
7.9102040816e-01	-8.3883159e-02
7.9111111111e-01	-8.8599803e-02
7.9120181406e-01	-8.4132637e-02
7.9129251701e-01	-9.3060647e-02
7.9138321995e-01	-9.4977899e-02
7.9147392290e-01	-1.0122199e-01
7.9156462585e-01	-1.1660271e-01
7.9165532880e-01	-1.2984890e-01
7.9174603175e-01	-1.3182999e-01
7.9183673469e-01	-1.3870797e-01
7.9192743764e-01	-1.4668578e-01
7.9201814059e-01	-1.5498798e-01
7.9210884354e-01	-1.7766522e-01
7.9219954649e-01	-1.9266340e-01
7.9229024943e-01	-2.0755877e-01
7.9238095238e-01	-2.2733184e-01
7.9247165533e-01	-2.4440684e-01
7.9256235828e-01	-2.6248769e-01
7.9265306122e-01	-2.8118398e-01
7.9274376417e-01	-2.9728106e-01
7.9283446712e-01	-3.0928045e-01
7.9292517007e-01	-3.2468506e-01
7.9301587302e-01	-3.4623831e-01
7.9310657596e-01	-3.6189167e-01
7.9319727891e-01	-3.7101917e-01
7.9328798186e-01	-3.9033647e-01
7.9337868481e-01	-4.0245736e-01
7.9346938776e-01	-4.1428594e-01
7.9356009070e-01	-4.3131424e-01
7.9365079365e-01	-4.3958575e-01
7.9374149660e-01	-4.4904348e-01
7.9383219955e-01	-4.5218901e-01
7.9392290249e-01	-4.5061749e-01
7.9401360544e-01	-4.5222063e-01
7.9410430839e-01	-4.5230799e-01
7.9419501134e-01	-4.5353264e-01
7.9428571429e-01	-4.3920217e-01
7.9437641723e-01	-4.3233328e-01
7.9446712018e-01	-4.2479735e-01
7.9455782313e-01	-5.1628044e-01
7.9464852608e-01	-4.2953568e-01
7.9473922902e-01	-3.8715116e-01
7.9482993197e-01	-3.8558944e-01
7.9492063492e-01	-3.7450534e-01
7.9501133787e-01	-3.6546295e-01
7.9510204082e-01	-3.4510621e-01
7.9519274376e-01	-3.3134700e-01
7.9528344671e-01	-3.2952706e-01
7.9537414966e-01	-3.1600868e-01
7.9546485261e-01	-3.0042425e-01
7.9555555556e-01	-2.9069814e-01
7.9564625850e-01	-2.7236770e-01
7.9573696145e-01	-2.6031925e-01
7.9582766440e-01	-2.4820894e-01
7.9591836735e-01	-2.3264564e-01
7.9600907029e-01	-2.2551960e-01
7.9609977324e-01	-2.1368102e-01
7.9619047619e-01	-2.0162726e-01
7.9628117914e-01	-1.8050653e-01
7.9637188209e-01	-1.6763596e-01
7.9646258503e-01	-1.4925231e-01
7.9655328798e-01	-1.4253970e-01
7.9664399093e-01	-1.2242049e-01
7.9673469388e-01	-1.0951262e-01
7.9682539683e-01	-9.1854819e-02
7.9691609977e-01	-7.9830928e-02
7.9700680272e-01	-6.8397695e-02
7.9709750567e-01	-5.6059005e-02
7.9718820862e-01	-3.9458997e-02
7.9727891156e-01	-2.2443941e-02
7.9736961451e-01	-6.1159898e-03
7.9746031746e-01	1.1922874e-02
7.9755102041e-01	2.9787022e-02
7.9764172336e-01	4.0567178e-02
7.9773242630e-01	5.2616675e-02
7.9782312925e-01	6.9575705e-02
7.9791383220e-01	8.3462111e-02
7.9800453515e-01	9.7522393e-02
7.9809523810e-01	1.1076707e-01
7.9818594104e-01	1.3162416e-01
7.9827664399e-01	1.4071675e-01
7.9836734694e-01	1.5098385e-01
7.9845804989e-01	1.7761002e-01
7.9854875283e-01	1.8562891e-01
7.9863945578e-01	1.8844402e-01
7.9873015873e-01	2.0450500e-01
7.9882086168e-01	2.1086083e-01
7.9891156463e-01	2.2895496e-01
7.9900226757e-01	2.4176706e-01
7.9909297052e-01	2.4274282e-01
7.9918367347e-01	2.5476364e-01
7.9927437642e-01	2.6364434e-01
7.9936507937e-01	2.7164262e-01
7.9945578231e-01	2.8139165e-01
7.9954648526e-01	2.8006716e-01
7.9963718821e-01	2.7850593e-01
7.9972789116e-01	2.7709950e-01
7.9981859410e-01	2.8384803e-01
7.9990929705e-01	2.8639599e-01
8.0000000000e-01	2.8482978e-01
8.0009070295e-01	2.8441754e-01
8.0018140590e-01	2.8075260e-01
8.0027210884e-01	2.6629866e-01
8.0036281179e-01	2.6048270e-01
8.0045351474e-01	2.5210512e-01
8.0054421769e-01	2.3583638e-01
8.0063492063e-01	2.2053555e-01
8.0072562358e-01	1.9842938e-01
8.0081632653e-01	1.7785173e-01
8.0090702948e-01	1.5920334e-01
8.0099773243e-01	1.3835565e-01
8.0108843537e-01	1.1189647e-01
8.0117913832e-01	9.0222122e-02
8.0126984127e-01	7.0079638e-02
8.0136054422e-01	4.5774205e-02
8.0145124717e-01	1.9562969e-02
8.0154195011e-01	7.8754723e-03
8.0163265306e-01	-4.7163139e-03
8.0172335601e-01	-1.6248819e-02
8.0181405896e-01	-2.4074308e-02
8.0190476190e-01	-1.8960994e-02
8.0199546485e-01	-2.0928501e-02
8.0208616780e-01	-1.7254477e-02
8.0217687075e-01	-3.2352535e-03
8.0226757370e-01	1.4761376e-02
8.0235827664e-01	3.4307923e-02
8.0244897959e-01	4.5760700e-02
8.0253968254e-01	6.5166180e-02
8.0263038549e-01	9.0776407e-02
8.0272108844e-01	1.1031796e-01
8.0281179138e-01	1.3257653e-01
8.0290249433e-01	1.5246478e-01
8.0299319728e-01	1.7690391e-01
8.0308390023e-01	1.9605416e-01
8.0317460317e-01	2.1846637e-01
8.0326530612e-01	2.3453412e-01
8.0335600907e-01	2.3752704e-01
8.0344671202e-01	2.5382635e-01
8.0353741497e-01	2.6835554e-01
8.0362811791e-01	2.7799311e-01
8.0371882086e-01	2.8838619e-01
8.0380952381e-01	3.0348159e-01
8.0390022676e-01	3.0645270e-01
8.0399092971e-01	3.1557245e-01
8.0408163265e-01	3.2730705e-01
8.0417233560e-01	3.4017628e-01
8.0426303855e-01	3.3712715e-01
8.0435374150e-01	3.4646526e-01
8.0444444444e-01	3.5012830e-01
8.0453514739e-01	3.5046403e-01
8.0462585034e-01	3.3966981e-01
8.0471655329e-01	3.4282979e-01
8.0480725624e-01	3.3687353e-01
8.0489795918e-01	3.2821057e-01
8.0498866213e-01	3.1374401e-01
8.0507936508e-01	3.0615023e-01
8.0517006803e-01	2.9300670e-01
8.0526077098e-01	2.8047557e-01
8.0535147392e-01	2.7613861e-01
8.0544217687e-01	2.5948187e-01
8.0553287982e-01	2.3891804e-01
8.0562358277e-01	2.1861433e-01
8.0571428571e-01	2.0079066e-01
8.0580498866e-01	1.8850722e-01
8.0589569161e-01	1.7475028e-01
8.0598639456e-01	1.5583441e-01
8.0607709751e-01	1.4112137e-01
8.0616780045e-01	1.2838197e-01
8.0625850340e-01	1.1151919e-01
8.0634920635e-01	1.0566776e-01
8.0643990930e-01	8.8179395e-02
8.0653061224e-01	6.6987109e-02
8.0662131519e-01	5.9582324e-02
8.0671201814e-01	5.2229938e-02
8.0680272109e-01	4.3180969e-02
8.0689342404e-01	3.1186421e-02
8.0698412698e-01	1.3327068e-02
8.0707482993e-01	-5.2708216e-02
8.0716553288e-01	1.1235407e-03
8.0725623583e-01	5.5267926e-03
8.0734693878e-01	-2.9518596e-04
8.0743764172e-01	-1.0814403e-02
8.0752834467e-01	-1.4250305e-02
8.0761904762e-01	-2.0717119e-02
8.0770975057e-01	-2.7824875e-02
8.0780045351e-01	-3.3077032e-02
8.0789115646e-01	-4.2853260e-02
8.0798185941e-01	-4.2203452e-02
8.0807256236e-01	-4.0377123e-02
8.0816326531e-01	-3.5294781e-02
8.0825396825e-01	-4.4533947e-02
8.0834467120e-01	-4.2801846e-02
8.0843537415e-01	-4.0741763e-02
8.0852607710e-01	-3.8020588e-02
8.0861678005e-01	-4.3459085e-02
8.0870748299e-01	-4.1025152e-02
8.0879818594e-01	-4.2386409e-02
8.0888888889e-01	-4.9021295e-02
8.0897959184e-01	-4.9035111e-02
8.0907029478e-01	-5.1708164e-02
8.0916099773e-01	-5.5700625e-02
8.0925170068e-01	-6.0427981e-02
8.0934240363e-01	-6.7719052e-02
8.0943310658e-01	-6.7054361e-02
8.0952380952e-01	-6.8077026e-02
8.0961451247e-01	-7.5410456e-02
8.0970521542e-01	-9.0576836e-02
8.0979591837e-01	-9.3380745e-02
8.0988662132e-01	-1.0857640e-01
8.0997732426e-01	-1.1184165e-01
8.1006802721e-01	-1.2388712e-01
8.1015873016e-01	-1.4386946e-01
8.1024943311e-01	-1.5827978e-01
8.1034013605e-01	-1.7802646e-01
8.1043083900e-01	-1.8740986e-01
8.1052154195e-01	-2.0243098e-01
8.1061224490e-01	-2.2335908e-01
8.1070294785e-01	-2.3656266e-01
8.1079365079e-01	-2.5397704e-01
8.1088435374e-01	-2.8031846e-01
8.1097505669e-01	-2.8676526e-01
8.1106575964e-01	-3.1301438e-01
8.1115646259e-01	-3.3186358e-01
8.1124716553e-01	-3.4102143e-01
8.1133786848e-01	-3.5591062e-01
8.1142857143e-01	-3.7692693e-01
8.1151927438e-01	-3.9239021e-01
8.1160997732e-01	-3.9664209e-01
8.1170068027e-01	-4.1427637e-01
8.1179138322e-01	-4.2738635e-01
8.1188208617e-01	-4.3313599e-01
8.1197278912e-01	-4.3393993e-01
8.1206349206e-01	-4.4522697e-01
8.1215419501e-01	-4.4529340e-01
8.1224489796e-01	-4.4524322e-01
8.1233560091e-01	-4.4173968e-01
8.1242630385e-01	-4.3734892e-01
8.1251700680e-01	-4.3483356e-01
8.1260770975e-01	-4.2938435e-01
8.1269841270e-01	-4.2567122e-01
8.1278911565e-01	-4.0986091e-01
8.1287981859e-01	-4.0750186e-01
8.1297052154e-01	-4.0003183e-01
8.1306122449e-01	-3.8475345e-01
8.1315192744e-01	-3.7244326e-01
8.1324263039e-01	-3.6370540e-01
8.1333333333e-01	-3.5447693e-01
8.1342403628e-01	-3.4290492e-01
8.1351473923e-01	-3.3034869e-01
8.1360544218e-01	-3.1583194e-01
8.1369614512e-01	-3.0619909e-01
8.1378684807e-01	-3.0244893e-01
8.1387755102e-01	-2.9043073e-01
8.1396825397e-01	-2.6851256e-01
8.1405895692e-01	-2.5505645e-01
8.1414965986e-01	-2.4832486e-01
8.1424036281e-01	-2.2689078e-01
8.1433106576e-01	-2.1168218e-01
8.1442176871e-01	-2.0099664e-01
8.1451247166e-01	-1.8847666e-01
8.1460317460e-01	-1.7065041e-01
8.1469387755e-01	-1.5252192e-01
8.1478458050e-01	-1.3902673e-01
8.1487528345e-01	-1.2722900e-01
8.1496598639e-01	-1.0881890e-01
8.1505668934e-01	-9.8881392e-02
8.1514739229e-01	-7.7316120e-02
8.1523809524e-01	-5.9492766e-02
8.1532879819e-01	-5.7427651e-02
8.1541950113e-01	-3.8241931e-02
8.1551020408e-01	-2.3430412e-02
8.1560090703e-01	-5.8067576e-03
8.1569160998e-01	7.3406764e-03
8.1578231293e-01	3.0827312e-02
8.1587301587e-01	4.9713597e-02
8.1596371882e-01	5.6018874e-02
8.1605442177e-01	6.2081158e-02
8.1614512472e-01	7.7804845e-02
8.1623582766e-01	1.0155776e-01
8.1632653061e-01	1.2236572e-01
8.1641723356e-01	1.2743750e-01
8.1650793651e-01	1.4567928e-01
8.1659863946e-01	1.6138379e-01
8.1668934240e-01	1.7688080e-01
8.1678004535e-01	1.9241251e-01
8.1687074830e-01	2.0435755e-01
8.1696145125e-01	2.1239947e-01
8.1705215420e-01	2.2645518e-01
8.1714285714e-01	2.4157073e-01
8.1723356009e-01	2.5213031e-01
8.1732426304e-01	2.6225865e-01
8.1741496599e-01	2.7111152e-01
8.1750566893e-01	2.7058297e-01
8.1759637188e-01	2.7877141e-01
8.1768707483e-01	2.9087772e-01
8.1777777778e-01	2.9278201e-01
8.1786848073e-01	2.9729115e-01
8.1795918367e-01	2.9517955e-01
8.1804988662e-01	3.0230626e-01
8.1814058957e-01	3.0061551e-01
8.1823129252e-01	3.0531002e-01
8.1832199546e-01	2.9967855e-01
8.1841269841e-01	2.9301484e-01
8.1850340136e-01	2.8433542e-01
8.1859410431e-01	2.8088284e-01
8.1868480726e-01	2.6478940e-01
8.1877551020e-01	2.4395560e-01
8.1886621315e-01	2.2265117e-01
8.1895691610e-01	2.0223096e-01
8.1904761905e-01	1.8010081e-01
8.1913832200e-01	1.5646920e-01
8.1922902494e-01	1.2460337e-01
8.1931972789e-01	9.0996543e-02
8.1941043084e-01	7.1908421e-02
8.1950113379e-01	1.4303561e-02
8.1959183673e-01	-6.8229268e-02
8.1968253968e-01	1.3859722e-02
8.1977324263e-01	-1.4397081e-02
8.1986394558e-01	-2.2979691e-02
8.1995464853e-01	-2.6292224e-02
8.2004535147e-01	-2.5209245e-02
8.2013605442e-01	-2.5759210e-02
8.2022675737e-01	-1.8472742e-02
8.2031746032e-01	-5.9289481e-03
8.2040816327e-01	5.6943308e-03
8.2049886621e-01	1.7828604e-02
8.2058956916e-01	4.5606575e-02
8.2068027211e-01	7.2509446e-02
8.2077097506e-01	8.5655069e-02
8.2086167800e-01	1.0969771e-01
8.2095238095e-01	1.2988377e-01
8.2104308390e-01	1.4250262e-01
8.2113378685e-01	1.6351821e-01
8.2122448980e-01	1.8461748e-01
8.2131519274e-01	2.0215132e-01
8.2140589569e-01	2.1751819e-01
8.2149659864e-01	2.2836356e-01
8.2158730159e-01	2.5192281e-01
8.2167800454e-01	2.6426221e-01
8.2176870748e-01	2.7530017e-01
8.2185941043e-01	2.8342031e-01
8.2195011338e-01	2.9296676e-01
8.2204081633e-01	2.9362818e-01
8.2213151927e-01	3.0605923e-01
8.2222222222e-01	3.1866465e-01
8.2231292517e-01	3.2502195e-01
8.2240362812e-01	3.3691938e-01
8.2249433107e-01	3.3877597e-01
8.2258503401e-01	3.4583907e-01
8.2267573696e-01	3.4084704e-01
8.2276643991e-01	3.3118838e-01
8.2285714286e-01	3.3092055e-01
8.2294784580e-01	3.2471184e-01
8.2303854875e-01	3.1694749e-01
8.2312925170e-01	3.0616241e-01
8.2321995465e-01	2.9369221e-01
8.2331065760e-01	2.8506549e-01
8.2340136054e-01	2.7533063e-01
8.2349206349e-01	2.5475803e-01
8.2358276644e-01	2.4368959e-01
8.2367346939e-01	2.2316665e-01
8.2376417234e-01	2.0289369e-01
8.2385487528e-01	1.9146984e-01
8.2394557823e-01	1.7895009e-01
8.2403628118e-01	1.6239139e-01
8.2412698413e-01	1.3901458e-01
8.2421768707e-01	1.2082351e-01
8.2430839002e-01	1.1068558e-01
8.2439909297e-01	9.2210665e-02
8.2448979592e-01	7.4697777e-02
8.2458049887e-01	5.6588992e-02
8.2467120181e-01	4.9649055e-02
8.2476190476e-01	3.9796251e-02
8.2485260771e-01	2.9531554e-02
8.2494331066e-01	2.2321581e-02
8.2503401361e-01	1.1119090e-02
8.2512471655e-01	-3.1881816e-03
8.2521541950e-01	-4.7760802e-03
8.2530612245e-01	-5.7929952e-03
8.2539682540e-01	-1.4216397e-02
8.2548752834e-01	-2.8484974e-02
8.2557823129e-01	-2.7182878e-02
8.2566893424e-01	-3.0549910e-02
8.2575963719e-01	-3.7320924e-02
8.2585034014e-01	-3.9058247e-02
8.2594104308e-01	-4.3295073e-02
8.2603174603e-01	-5.3784238e-02
8.2612244898e-01	-4.7970449e-02
8.2621315193e-01	-4.7566697e-02
8.2630385488e-01	-5.3944690e-02
8.2639455782e-01	-5.8041103e-02
8.2648526077e-01	-5.0124110e-02
8.2657596372e-01	-5.3379941e-02
8.2666666667e-01	-5.0443297e-02
8.2675736961e-01	-5.1528852e-02
8.2684807256e-01	-5.5318765e-02
8.2693877551e-01	-6.1043586e-02
8.2702947846e-01	-5.3136757e-02
8.2712018141e-01	-4.7232920e-02
8.2721088435e-01	-5.4814778e-02
8.2730158730e-01	-5.4588458e-02
8.2739229025e-01	-5.3292156e-02
8.2748299320e-01	-6.0283229e-02
8.2757369615e-01	-6.2153327e-02
8.2766439909e-01	-6.8101765e-02
8.2775510204e-01	-7.1634717e-02
8.2784580499e-01	-7.4669362e-02
8.2793650794e-01	-8.4253372e-02
8.2802721088e-01	-9.6654707e-02
8.2811791383e-01	-1.0696278e-01
8.2820861678e-01	-1.1686712e-01
8.2829931973e-01	-1.2582851e-01
8.2839002268e-01	-1.4255479e-01
8.2848072562e-01	-1.5103278e-01
8.2857142857e-01	-1.6560362e-01
8.2866213152e-01	-1.8131705e-01
8.2875283447e-01	-2.0166767e-01
8.2884353741e-01	-2.1854390e-01
8.2893424036e-01	-2.3132305e-01
8.2902494331e-01	-2.5295642e-01
8.2911564626e-01	-2.7045355e-01
8.2920634921e-01	-2.8281497e-01
8.2929705215e-01	-2.9724330e-01
8.2938775510e-01	-3.1536155e-01
8.2947845805e-01	-3.3002997e-01
8.2956916100e-01	-3.5316479e-01
8.2965986395e-01	-3.6046869e-01
8.2975056689e-01	-3.7880273e-01
8.2984126984e-01	-3.9207579e-01
8.2993197279e-01	-3.9822432e-01
8.3002267574e-01	-4.0265283e-01
8.3011337868e-01	-4.0731130e-01
8.3020408163e-01	-4.1869914e-01
8.3029478458e-01	-4.2690837e-01
8.3038548753e-01	-4.2832447e-01
8.3047619048e-01	-4.1967357e-01
8.3056689342e-01	-4.2727753e-01
8.3065759637e-01	-4.2066433e-01
8.3074829932e-01	-4.1034267e-01
8.3083900227e-01	-4.0447090e-01
8.3092970522e-01	-4.0452761e-01
8.3102040816e-01	-4.0238366e-01
8.3111111111e-01	-3.8814937e-01
8.3120181406e-01	-3.7589388e-01
8.3129251701e-01	-3.6510301e-01
8.3138321995e-01	-3.5324453e-01
8.3147392290e-01	-3.4342101e-01
8.3156462585e-01	-3.3002592e-01
8.3165532880e-01	-3.1977690e-01
8.3174603175e-01	-3.1842333e-01
8.3183673469e-01	-3.0143783e-01
8.3192743764e-01	-2.8450228e-01
8.3201814059e-01	-3.1397697e-01
8.3210884354e-01	-3.1907106e-01
8.3219954649e-01	-2.4590034e-01
8.3229024943e-01	-2.3962141e-01
8.3238095238e-01	-2.2070834e-01
8.3247165533e-01	-2.1084463e-01
8.3256235828e-01	-2.0346344e-01
8.3265306122e-01	-1.8556014e-01
8.3274376417e-01	-1.7621512e-01
8.3283446712e-01	-1.6252341e-01
8.3292517007e-01	-1.5412585e-01
8.3301587302e-01	-1.3735305e-01
8.3310657596e-01	-1.2343166e-01
8.3319727891e-01	-1.1202797e-01
8.3328798186e-01	-9.5127242e-02
8.3337868481e-01	-8.7657632e-02
8.3346938776e-01	-7.0574323e-02
8.3356009070e-01	-5.5424445e-02
8.3365079365e-01	-4.1189103e-02
8.3374149660e-01	-2.6223550e-02
8.3383219955e-01	-1.0071293e-02
8.3392290249e-01	7.0617641e-03
8.3401360544e-01	2.1905590e-02
8.3410430839e-01	3.0013780e-02
8.3419501134e-01	4.6092273e-02
8.3428571429e-01	7.4603235e-02
8.3437641723e-01	8.3442966e-02
8.3446712018e-01	9.0334197e-02
8.3455782313e-01	1.1198492e-01
8.3464852608e-01	1.2320491e-01
8.3473922902e-01	1.3445482e-01
8.3482993197e-01	1.5134894e-01
8.3492063492e-01	1.6507516e-01
8.3501133787e-01	1.7236748e-01
8.3510204082e-01	1.8598762e-01
8.3519274376e-01	2.0547944e-01
8.3528344671e-01	2.2052708e-01
8.3537414966e-01	2.1911929e-01
8.3546485261e-01	2.2873864e-01
8.3555555556e-01	2.3991205e-01
8.3564625850e-01	2.4127089e-01
8.3573696145e-01	2.4838822e-01
8.3582766440e-01	2.5938780e-01
8.3591836735e-01	2.7054955e-01
8.3600907029e-01	2.6720522e-01
8.3609977324e-01	2.6490832e-01
8.3619047619e-01	2.6424638e-01
8.3628117914e-01	2.6550145e-01
8.3637188209e-01	2.7459273e-01
8.3646258503e-01	2.6626506e-01
8.3655328798e-01	2.6161269e-01
8.3664399093e-01	2.5047941e-01
8.3673469388e-01	2.4408241e-01
8.3682539683e-01	2.2740592e-01
8.3691609977e-01	2.1420428e-01
8.3700680272e-01	2.0052941e-01
8.3709750567e-01	1.7280361e-01
8.3718820862e-01	1.5193509e-01
8.3727891156e-01	1.3429168e-01
8.3736961451e-01	1.0737127e-01
8.3746031746e-01	7.3599037e-02
8.3755102041e-01	5.5244802e-02
8.3764172336e-01	4.3026522e-02
8.3773242630e-01	1.4644253e-02
8.3782312925e-01	-3.8928314e-03
8.3791383220e-01	-1.6467904e-02
8.3800453515e-01	-2.2320988e-02
8.3809523810e-01	-2.0303208e-02
8.3818594104e-01	-1.9047366e-02
8.3827664399e-01	-3.1602657e-02
8.3836734694e-01	-2.3087237e-02
8.3845804989e-01	-4.8041907e-03
8.3854875283e-01	-4.2929444e-04
8.3863945578e-01	1.3171215e-02
8.3873015873e-01	3.6377418e-02
8.3882086168e-01	6.2709845e-02
8.3891156463e-01	8.5946608e-02
8.3900226757e-01	1.0981349e-01
8.3909297052e-01	1.3355600e-01
8.3918367347e-01	1.5420298e-01
8.3927437642e-01	1.7283290e-01
8.3936507937e-01	1.9926028e-01
8.3945578231e-01	2.1946214e-01
8.3954648526e-01	2.3450421e-01
8.3963718821e-01	2.5180701e-01
8.3972789116e-01	2.6910264e-01
8.3981859410e-01	2.8625307e-01
8.3990929705e-01	2.9386870e-01
8.4000000000e-01	2.9354027e-01
8.4009070295e-01	3.1641519e-01
8.4018140590e-01	3.2706820e-01
8.4027210884e-01	3.2566057e-01
8.4036281179e-01	3.3974508e-01
8.4045351474e-01	3.4485121e-01
8.4054421769e-01	3.4715007e-01
8.4063492063e-01	3.5518701e-01
8.4072562358e-01	3.6279211e-01
8.4081632653e-01	3.6641138e-01
8.4090702948e-01	3.5669921e-01
8.4099773243e-01	3.4277423e-01
8.4108843537e-01	3.3796638e-01
8.4117913832e-01	3.3758167e-01
8.4126984127e-01	3.2521090e-01
8.4136054422e-01	3.0793721e-01
8.4145124717e-01	2.9090463e-01
8.4154195011e-01	2.8362451e-01
8.4163265306e-01	2.7854541e-01
8.4172335601e-01	2.5556553e-01
8.4181405896e-01	2.3656243e-01
8.4190476190e-01	2.2556221e-01
8.4199546485e-01	2.0969388e-01
8.4208616780e-01	1.9205799e-01
8.4217687075e-01	1.7334942e-01
8.4226757370e-01	1.6993317e-01
8.4235827664e-01	1.4923296e-01
8.4244897959e-01	1.2702935e-01
8.4253968254e-01	1.1792373e-01
8.4263038549e-01	1.0305745e-01
8.4272108844e-01	8.2732299e-02
8.4281179138e-01	6.7092784e-02
8.4290249433e-01	6.5964979e-02
8.4299319728e-01	5.5342439e-02
8.4308390023e-01	4.2728989e-02
8.4317460317e-01	3.1048535e-02
8.4326530612e-01	2.2362201e-02
8.4335600907e-01	1.7791670e-02
8.4344671202e-01	6.4297268e-03
8.4353741497e-01	-1.1322898e-04
8.4362811791e-01	-9.7739257e-03
8.4371882086e-01	-1.9473076e-02
8.4380952381e-01	-2.2695743e-02
8.4390022676e-01	-2.4792798e-02
8.4399092971e-01	-3.5456656e-02
8.4408163265e-01	-3.5944055e-02
8.4417233560e-01	-4.3706188e-02
8.4426303855e-01	-4.6091034e-02
8.4435374150e-01	-4.9880539e-02
8.4444444444e-01	-3.8079597e-02
8.4453514739e-01	-9.7585123e-02
8.4462585034e-01	-9.0945226e-02
8.4471655329e-01	-3.2613043e-02
8.4480725624e-01	-4.4414803e-02
8.4489795918e-01	-4.3675535e-02
8.4498866213e-01	-4.4153647e-02
8.4507936508e-01	-3.8899252e-02
8.4517006803e-01	-3.9816816e-02
8.4526077098e-01	-4.5778235e-02
8.4535147392e-01	-4.3937374e-02
8.4544217687e-01	-4.7880836e-02
8.4553287982e-01	-4.8868824e-02
8.4562358277e-01	-4.6192700e-02
8.4571428571e-01	-4.9076788e-02
8.4580498866e-01	-6.3117290e-02
8.4589569161e-01	-7.1174220e-02
8.4598639456e-01	-7.3672082e-02
8.4607709751e-01	-8.1383589e-02
8.4616780045e-01	-8.7850337e-02
8.4625850340e-01	-1.0660159e-01
8.4634920635e-01	-1.1509053e-01
8.4643990930e-01	-1.2605920e-01
8.4653061224e-01	-1.4527571e-01
8.4662131519e-01	-1.4779266e-01
8.4671201814e-01	-1.6227690e-01
8.4680272109e-01	-1.7854830e-01
8.4689342404e-01	-1.9806422e-01
8.4698412698e-01	-2.1795397e-01
8.4707482993e-01	-2.2548171e-01
8.4716553288e-01	-2.3876978e-01
8.4725623583e-01	-2.5724905e-01
8.4734693878e-01	-2.7881006e-01
8.4743764172e-01	-3.0025574e-01
8.4752834467e-01	-3.1890513e-01
8.4761904762e-01	-3.3899845e-01
8.4770975057e-01	-3.4305902e-01
8.4780045351e-01	-3.6198035e-01
8.4789115646e-01	-3.7381014e-01
8.4798185941e-01	-3.7979838e-01
8.4807256236e-01	-3.8868832e-01
8.4816326531e-01	-4.0915338e-01
8.4825396825e-01	-4.1612609e-01
8.4834467120e-01	-4.2122898e-01
8.4843537415e-01	-4.2600378e-01
8.4852607710e-01	-4.2514874e-01
8.4861678005e-01	-4.3020999e-01
8.4870748299e-01	-4.2724660e-01
8.4879818594e-01	-4.2848503e-01
8.4888888889e-01	-4.2020208e-01
8.4897959184e-01	-4.1554349e-01
8.4907029478e-01	-4.0686228e-01
8.4916099773e-01	-4.0089648e-01
8.4925170068e-01	-3.9435660e-01
8.4934240363e-01	-3.7925756e-01
8.4943310658e-01	-3.6883167e-01
8.4952380952e-01	-3.7058942e-01
8.4961451247e-01	-3.5618069e-01
8.4970521542e-01	-3.3971399e-01
8.4979591837e-01	-3.2489159e-01
8.4988662132e-01	-3.1489612e-01
8.4997732426e-01	-3.0145921e-01
8.5006802721e-01	-2.9089943e-01
8.5015873016e-01	-2.8329449e-01
8.5024943311e-01	-2.6397025e-01
8.5034013605e-01	-2.5395842e-01
8.5043083900e-01	-2.4767179e-01
8.5052154195e-01	-2.2878265e-01
8.5061224490e-01	-2.1420729e-01
8.5070294785e-01	-2.0060648e-01
8.5079365079e-01	-1.8958774e-01
8.5088435374e-01	-1.7657696e-01
8.5097505669e-01	-1.6143206e-01
8.5106575964e-01	-1.4882791e-01
8.5115646259e-01	-1.3282021e-01
8.5124716553e-01	-1.2207613e-01
8.5133786848e-01	-1.0365026e-01
8.5142857143e-01	-9.5697154e-02
8.5151927438e-01	-8.7504418e-02
8.5160997732e-01	-8.1986151e-02
8.5170068027e-01	-6.1057180e-02
8.5179138322e-01	-4.5244103e-02
8.5188208617e-01	-1.9086209e-02
8.5197278912e-01	-1.0757614e-02
8.5206349206e-01	-3.1973947e-03
8.5215419501e-01	8.6901647e-03
8.5224489796e-01	2.8475850e-02
8.5233560091e-01	5.1976966e-02
8.5242630385e-01	6.8609669e-02
8.5251700680e-01	7.6583686e-02
8.5260770975e-01	9.1500058e-02
8.5269841270e-01	1.0731818e-01
8.5278911565e-01	1.2296848e-01
8.5287981859e-01	1.3835156e-01
8.5297052154e-01	1.5245332e-01
8.5306122449e-01	1.6635255e-01
8.5315192744e-01	1.7916669e-01
8.5324263039e-01	1.8556868e-01
8.5333333333e-01	2.0477060e-01
8.5342403628e-01	2.1117157e-01
8.5351473923e-01	2.2669822e-01
8.5360544218e-01	2.3348337e-01
8.5369614512e-01	2.3861920e-01
8.5378684807e-01	2.3915000e-01
8.5387755102e-01	2.4185411e-01
8.5396825397e-01	2.4950452e-01
8.5405895692e-01	2.5690626e-01
8.5414965986e-01	2.5389160e-01
8.5424036281e-01	2.5346013e-01
8.5433106576e-01	2.6015934e-01
8.5442176871e-01	2.5999083e-01
8.5451247166e-01	2.5738373e-01
8.5460317460e-01	2.5493236e-01
8.5469387755e-01	2.4537248e-01
8.5478458050e-01	2.4007674e-01
8.5487528345e-01	2.2528644e-01
8.5496598639e-01	2.1551847e-01
8.5505668934e-01	2.0566655e-01
8.5514739229e-01	1.8954961e-01
8.5523809524e-01	1.7221380e-01
8.5532879819e-01	1.4694260e-01
8.5541950113e-01	1.2782894e-01
8.5551020408e-01	1.0132898e-01
8.5560090703e-01	7.1586792e-02
8.5569160998e-01	4.9308972e-02
8.5578231293e-01	2.8315017e-02
8.5587301587e-01	7.7244270e-03
8.5596371882e-01	-1.3874694e-02
8.5605442177e-01	-2.2277582e-02
8.5614512472e-01	-2.5623489e-02
8.5623582766e-01	-2.9766093e-02
8.5632653061e-01	-3.8295016e-02
8.5641723356e-01	-3.8375305e-02
8.5650793651e-01	-2.7713284e-02
8.5659863946e-01	-1.7407438e-02
8.5668934240e-01	1.4349299e-03
8.5678004535e-01	2.3784584e-02
8.5687074830e-01	3.5302103e-02
8.5696145125e-01	6.1194856e-02
8.5705215420e-01	2.3558539e-02
8.5714285714e-01	7.3965851e-02
8.5723356009e-01	1.3579869e-01
8.5732426304e-01	1.4593361e-01
8.5741496599e-01	1.7331773e-01
8.5750566893e-01	1.8568661e-01
8.5759637188e-01	2.0513146e-01
8.5768707483e-01	2.2937356e-01
8.5777777778e-01	2.5128441e-01
8.5786848073e-01	2.6200896e-01
8.5795918367e-01	2.7625746e-01
8.5804988662e-01	2.9132664e-01
8.5814058957e-01	3.0277965e-01
8.5823129252e-01	3.1040216e-01
8.5832199546e-01	3.2167610e-01
8.5841269841e-01	3.3350403e-01
8.5850340136e-01	3.4319905e-01
8.5859410431e-01	3.4690540e-01
8.5868480726e-01	3.5216736e-01
8.5877551020e-01	3.5745696e-01
8.5886621315e-01	3.5949860e-01
8.5895691610e-01	3.5684930e-01
8.5904761905e-01	3.5850260e-01
8.5913832200e-01	3.5318107e-01
8.5922902494e-01	3.4762419e-01
8.5931972789e-01	3.3397678e-01
8.5941043084e-01	3.2741830e-01
8.5950113379e-01	3.1527501e-01
8.5959183673e-01	2.9890487e-01
8.5968253968e-01	2.9703822e-01
8.5977324263e-01	2.8230021e-01
8.5986394558e-01	2.6224181e-01
8.5995464853e-01	2.5510581e-01
8.6004535147e-01	2.4193780e-01
8.6013605442e-01	2.2444556e-01
8.6022675737e-01	2.0131089e-01
8.6031746032e-01	1.8448652e-01
8.6040816327e-01	1.7026629e-01
8.6049886621e-01	1.6503580e-01
8.6058956916e-01	1.4981596e-01
8.6068027211e-01	1.3039032e-01
8.6077097506e-01	1.1810526e-01
8.6086167800e-01	1.0909585e-01
8.6095238095e-01	8.8940844e-02
8.6104308390e-01	7.8066554e-02
8.6113378685e-01	6.8499172e-02
8.6122448980e-01	5.5174777e-02
8.6131519274e-01	3.8845209e-02
8.6140589569e-01	3.4075753e-02
8.6149659864e-01	2.2488899e-02
8.6158730159e-01	7.6150079e-03
8.6167800454e-01	-3.2346998e-04
8.6176870748e-01	-6.8308050e-03
8.6185941043e-01	-1.1357283e-02
8.6195011338e-01	-1.9720550e-02
8.6204081633e-01	-2.5491517e-02
8.6213151927e-01	-2.6534765e-02
8.6222222222e-01	-3.9677472e-02
8.6231292517e-01	-3.8089255e-02
8.6240362812e-01	-3.9259518e-02
8.6249433107e-01	-3.7032270e-02
8.6258503401e-01	-3.3222015e-02
8.6267573696e-01	-4.1111354e-02
8.6276643991e-01	-4.2915974e-02
8.6285714286e-01	-4.0092500e-02
8.6294784580e-01	-3.1986470e-02
8.6303854875e-01	-3.1638641e-02
8.6312925170e-01	-3.1695055e-02
8.6321995465e-01	-2.4499110e-02
8.6331065760e-01	-2.1155275e-02
8.6340136054e-01	-2.9224453e-02
8.6349206349e-01	-3.7255053e-02
8.6358276644e-01	-4.4340516e-02
8.6367346939e-01	-4.9464395e-02
8.6376417234e-01	-4.2861226e-02
8.6385487528e-01	-3.8772820e-02
8.6394557823e-01	-4.6928235e-02
8.6403628118e-01	-5.6132386e-02
8.6412698413e-01	-5.7419500e-02
8.6421768707e-01	-7.1384498e-02
8.6430839002e-01	-7.9071535e-02
8.6439909297e-01	-9.6032583e-02
8.6448979592e-01	-1.0129102e-01
8.6458049887e-01	-1.1884499e-01
8.6467120181e-01	-1.3216733e-01
8.6476190476e-01	-1.4316816e-01
8.6485260771e-01	-1.6179089e-01
8.6494331066e-01	-1.7715398e-01
8.6503401361e-01	-1.9047924e-01
8.6512471655e-01	-2.0651474e-01
8.6521541950e-01	-2.1626197e-01
8.6530612245e-01	-2.3089090e-01
8.6539682540e-01	-2.5327360e-01
8.6548752834e-01	-2.7387137e-01
8.6557823129e-01	-2.8797431e-01
8.6566893424e-01	-2.9950532e-01
8.6575963719e-01	-3.1597744e-01
8.6585034014e-01	-3.3256648e-01
8.6594104308e-01	-3.4970214e-01
8.6603174603e-01	-3.6280209e-01
8.6612244898e-01	-3.7229453e-01
8.6621315193e-01	-3.8253004e-01
8.6630385488e-01	-3.8708945e-01
8.6639455782e-01	-3.9830283e-01
8.6648526077e-01	-4.0828333e-01
8.6657596372e-01	-4.1386948e-01
8.6666666667e-01	-4.1991572e-01
8.6675736961e-01	-4.2217542e-01
8.6684807256e-01	-4.1545830e-01
8.6693877551e-01	-4.1433856e-01
8.6702947846e-01	-4.1257561e-01
8.6712018141e-01	-4.0817485e-01
8.6721088435e-01	-3.9935892e-01
8.6730158730e-01	-3.9204868e-01
8.6739229025e-01	-3.8646658e-01
8.6748299320e-01	-3.7799488e-01
8.6757369615e-01	-3.7061108e-01
8.6766439909e-01	-3.6485455e-01
8.6775510204e-01	-3.5467260e-01
8.6784580499e-01	-3.3939619e-01
8.6793650794e-01	-3.2971683e-01
8.6802721088e-01	-3.1842254e-01
8.6811791383e-01	-3.1119832e-01
8.6820861678e-01	-3.0084128e-01
8.6829931973e-01	-2.8815221e-01
8.6839002268e-01	-2.7823983e-01
8.6848072562e-01	-2.6563718e-01
8.6857142857e-01	-2.4951335e-01
8.6866213152e-01	-2.3989132e-01
8.6875283447e-01	-2.2623698e-01
8.6884353741e-01	-2.1236661e-01
8.6893424036e-01	-1.9844720e-01
8.6902494331e-01	-1.8932994e-01
8.6911564626e-01	-1.7704876e-01
8.6920634921e-01	-1.6225467e-01
8.6929705215e-01	-1.4646830e-01
8.6938775510e-01	-1.2977942e-01
8.6947845805e-01	-1.1803604e-01
8.6956916100e-01	-1.7419627e-01
8.6965986395e-01	-1.0836188e-01
8.6975056689e-01	-7.3731631e-02
8.6984126984e-01	-5.8376436e-02
8.6993197279e-01	-4.8668442e-02
8.7002267574e-01	-4.2058582e-02
8.7011337868e-01	-2.7662344e-02
8.7020408163e-01	-3.5877878e-03
8.7029478458e-01	1.8512669e-02
8.7038548753e-01	2.5662547e-02
8.7047619048e-01	4.2469049e-02
8.7056689342e-01	5.9028587e-02
8.7065759637e-01	7.5522212e-02
8.7074829932e-01	9.0527037e-02
8.7083900227e-01	1.0077390e-01
8.7092970522e-01	1.2335933e-01
8.7102040816e-01	1.3734477e-01
8.7111111111e-01	1.4161295e-01
8.7120181406e-01	1.5772124e-01
8.7129251701e-01	1.7649542e-01
8.7138321995e-01	1.8696311e-01
8.7147392290e-01	1.8991161e-01
8.7156462585e-01	1.9713514e-01
8.7165532880e-01	2.0879226e-01
8.7174603175e-01	2.1634108e-01
8.7183673469e-01	2.2458539e-01
8.7192743764e-01	2.2352248e-01
8.7201814059e-01	2.3598305e-01
8.7210884354e-01	2.3744009e-01
8.7219954649e-01	2.4294795e-01
8.7229024943e-01	2.5018095e-01
8.7238095238e-01	2.5011648e-01
8.7247165533e-01	2.4566994e-01
8.7256235828e-01	2.3911831e-01
8.7265306122e-01	2.4136884e-01
8.7274376417e-01	2.4629768e-01
8.7283446712e-01	2.3669214e-01
8.7292517007e-01	2.2350600e-01
8.7301587302e-01	2.0773858e-01
8.7310657596e-01	1.9233930e-01
8.7319727891e-01	1.8206581e-01
8.7328798186e-01	1.6596876e-01
8.7337868481e-01	1.5029782e-01
8.7346938776e-01	1.2414169e-01
8.7356009070e-01	1.0434966e-01
8.7365079365e-01	7.0323334e-02
8.7374149660e-01	5.7670613e-02
8.7383219955e-01	2.5705863e-02
8.7392290249e-01	2.6319810e-03
8.7401360544e-01	-5.3207026e-03
8.7410430839e-01	-3.1098390e-02
8.7419501134e-01	-4.2933853e-02
8.7428571429e-01	-4.1739305e-02
8.7437641723e-01	-5.5221907e-02
8.7446712018e-01	-5.8120074e-02
8.7455782313e-01	-4.8453532e-02
8.7464852608e-01	-4.9957567e-02
8.7473922902e-01	-3.4164547e-02
8.7482993197e-01	-1.9788637e-02
8.7492063492e-01	-4.8630291e-03
8.7501133787e-01	1.0967464e-02
8.7510204082e-01	3.7434184e-02
8.7519274376e-01	5.7097686e-02
8.7528344671e-01	8.2526591e-02
8.7537414966e-01	9.9756086e-02
8.7546485261e-01	1.2941932e-01
8.7555555556e-01	1.5563379e-01
8.7564625850e-01	1.6978985e-01
8.7573696145e-01	1.9162926e-01
8.7582766440e-01	2.1304261e-01
8.7591836735e-01	2.3750882e-01
8.7600907029e-01	2.4793636e-01
8.7609977324e-01	2.6182911e-01
8.7619047619e-01	2.7507740e-01
8.7628117914e-01	2.8960234e-01
8.7637188209e-01	3.0089927e-01
8.7646258503e-01	3.0877924e-01
8.7655328798e-01	3.2291359e-01
8.7664399093e-01	3.3588115e-01
8.7673469388e-01	3.4348710e-01
8.7682539683e-01	3.4525336e-01
8.7691609977e-01	3.5149922e-01
8.7700680272e-01	3.4875736e-01
8.7709750567e-01	3.5260475e-01
8.7718820862e-01	3.5170656e-01
8.7727891156e-01	3.4937481e-01
8.7736961451e-01	3.3236445e-01
8.7746031746e-01	3.2674520e-01
8.7755102041e-01	3.2102547e-01
8.7764172336e-01	3.0846267e-01
8.7773242630e-01	3.0260230e-01
8.7782312925e-01	2.9662960e-01
8.7791383220e-01	2.8459069e-01
8.7800453515e-01	2.6291219e-01
8.7809523810e-01	2.5861680e-01
8.7818594104e-01	2.4189457e-01
8.7827664399e-01	2.2969704e-01
8.7836734694e-01	2.2097166e-01
8.7845804989e-01	2.0361805e-01
8.7854875283e-01	1.8681262e-01
8.7863945578e-01	1.7508237e-01
8.7873015873e-01	1.5365418e-01
8.7882086168e-01	1.4098282e-01
8.7891156463e-01	1.2517679e-01
8.7900226757e-01	1.1395176e-01
8.7909297052e-01	1.0768685e-01
8.7918367347e-01	9.6045436e-02
8.7927437642e-01	7.5820796e-02
8.7936507937e-01	7.2781328e-02
8.7945578231e-01	5.6431842e-02
8.7954648526e-01	4.1425654e-02
8.7963718821e-01	4.1812359e-02
8.7972789116e-01	3.7955882e-02
8.7981859410e-01	2.6035273e-02
8.7990929705e-01	1.5806359e-02
8.8000000000e-01	1.4439220e-02
8.8009070295e-01	7.6013729e-03
8.8018140590e-01	3.2467539e-04
8.8027210884e-01	-4.6423022e-03
8.8036281179e-01	-3.6704237e-03
8.8045351474e-01	-3.0595367e-03
8.8054421769e-01	-6.6655015e-03
8.8063492063e-01	-1.1154804e-02
8.8072562358e-01	-1.9186329e-02
8.8081632653e-01	-1.4939297e-02
8.8090702948e-01	-1.1876790e-02
8.8099773243e-01	-1.0180050e-02
8.8108843537e-01	-1.6839334e-02
8.8117913832e-01	-2.8676146e-03
8.8126984127e-01	-5.6696777e-03
8.8136054422e-01	-7.4658151e-03
8.8145124717e-01	-5.8190970e-03
8.8154195011e-01	-1.0970741e-02
8.8163265306e-01	-1.3987261e-02
8.8172335601e-01	-1.7582541e-02
8.8181405896e-01	-1.9133090e-02
8.8190476190e-01	-2.4427681e-02
8.8199546485e-01	-4.4247297e-02
8.8208616780e-01	-1.2536198e-01
8.8217687075e-01	-4.8789823e-02
8.8226757370e-01	-4.8580172e-02
8.8235827664e-01	-5.0458246e-02
8.8244897959e-01	-5.3466956e-02
8.8253968254e-01	-6.2778018e-02
8.8263038549e-01	-7.3173590e-02
8.8272108844e-01	-8.9230047e-02
8.8281179138e-01	-1.0409845e-01
8.8290249433e-01	-1.1519653e-01
8.8299319728e-01	-1.2890057e-01
8.8308390023e-01	-1.5071894e-01
8.8317460317e-01	-1.6307072e-01
8.8326530612e-01	-1.7992920e-01
8.8335600907e-01	-1.9999040e-01
8.8344671202e-01	-2.1509239e-01
8.8353741497e-01	-2.3454021e-01
8.8362811791e-01	-2.5492665e-01
8.8371882086e-01	-2.7225096e-01
8.8380952381e-01	-2.8765033e-01
8.8390022676e-01	-2.9608879e-01
8.8399092971e-01	-3.0877670e-01
8.8408163265e-01	-3.2929376e-01
8.8417233560e-01	-3.4812937e-01
8.8426303855e-01	-3.6278989e-01
8.8435374150e-01	-3.7049529e-01
8.8444444444e-01	-3.8528228e-01
8.8453514739e-01	-3.9542873e-01
8.8462585034e-01	-4.0975598e-01
8.8471655329e-01	-4.0688160e-01
8.8480725624e-01	-4.1010958e-01
8.8489795918e-01	-4.1889162e-01
8.8498866213e-01	-4.1750356e-01
8.8507936508e-01	-4.2014950e-01
8.8517006803e-01	-4.1674418e-01
8.8526077098e-01	-4.1939751e-01
8.8535147392e-01	-4.1531507e-01
8.8544217687e-01	-4.0463345e-01
8.8553287982e-01	-4.0130572e-01
8.8562358277e-01	-3.9860977e-01
8.8571428571e-01	-3.8498381e-01
8.8580498866e-01	-3.7548116e-01
8.8589569161e-01	-3.7331471e-01
8.8598639456e-01	-3.6497663e-01
8.8607709751e-01	-3.5434226e-01
8.8616780045e-01	-3.4454738e-01
8.8625850340e-01	-3.3570584e-01
8.8634920635e-01	-3.1519373e-01
8.8643990930e-01	-3.0593881e-01
8.8653061224e-01	-2.8992525e-01
8.8662131519e-01	-2.7975986e-01
8.8671201814e-01	-2.6941997e-01
8.8680272109e-01	-2.5371658e-01
8.8689342404e-01	-2.4189882e-01
8.8698412698e-01	-2.2497834e-01
8.8707482993e-01	-2.1358062e-01
8.8716553288e-01	-1.9749902e-01
8.8725623583e-01	-1.8713486e-01
8.8734693878e-01	-1.7181234e-01
8.8743764172e-01	-1.5314310e-01
8.8752834467e-01	-1.4795418e-01
8.8761904762e-01	-1.2789181e-01
8.8770975057e-01	-1.1514891e-01
8.8780045351e-01	-1.0828858e-01
8.8789115646e-01	-9.1462990e-02
8.8798185941e-01	-8.0008955e-02
8.8807256236e-01	-5.7611109e-02
8.8816326531e-01	-5.0832226e-02
8.8825396825e-01	-3.9844138e-02
8.8834467120e-01	-1.8988019e-02
8.8843537415e-01	-1.5165789e-03
8.8852607710e-01	1.9111759e-02
8.8861678005e-01	3.6145682e-02
8.8870748299e-01	4.9264479e-02
8.8879818594e-01	6.9807057e-02
8.8888888889e-01	7.7490532e-02
8.8897959184e-01	9.8963503e-02
8.8907029478e-01	1.1842974e-01
8.8916099773e-01	1.2518407e-01
8.8925170068e-01	1.4475707e-01
8.8934240363e-01	1.6144650e-01
8.8943310658e-01	1.6821075e-01
8.8952380952e-01	1.8509515e-01
8.8961451247e-01	1.9870279e-01
8.8970521542e-01	2.0900755e-01
8.8979591837e-01	2.0761151e-01
8.8988662132e-01	2.1448288e-01
8.8997732426e-01	2.2626271e-01
8.9006802721e-01	2.3656822e-01
8.9015873016e-01	2.4607020e-01
8.9024943311e-01	2.4586353e-01
8.9034013605e-01	2.5662869e-01
8.9043083900e-01	2.5386957e-01
8.9052154195e-01	2.5764019e-01
8.9061224490e-01	2.6129912e-01
8.9070294785e-01	2.6623203e-01
8.9079365079e-01	2.5656666e-01
8.9088435374e-01	2.5662152e-01
8.9097505669e-01	2.5721348e-01
8.9106575964e-01	2.4319516e-01
8.9115646259e-01	2.3515652e-01
8.9124716553e-01	2.2154489e-01
8.9133786848e-01	1.9288639e-01
8.9142857143e-01	1.8417352e-01
8.9151927438e-01	1.6377079e-01
8.9160997732e-01	1.3908264e-01
8.9170068027e-01	1.1707308e-01
8.9179138322e-01	8.8261777e-02
8.9188208617e-01	6.1985858e-02
8.9197278912e-01	4.3484212e-02
8.9206349206e-01	2.1576134e-02
8.9215419501e-01	-9.7456204e-04
8.9224489796e-01	-1.9169846e-02
8.9233560091e-01	-2.5383365e-02
8.9242630385e-01	-3.4603601e-02
8.9251700680e-01	-5.3719248e-02
8.9260770975e-01	-4.5759286e-02
8.9269841270e-01	-3.6310581e-02
8.9278911565e-01	-3.6447040e-02
8.9287981859e-01	-2.8218791e-02
8.9297052154e-01	-1.8548099e-02
8.9306122449e-01	5.0962870e-03
8.9315192744e-01	1.8663282e-02
8.9324263039e-01	3.6120112e-02
8.9333333333e-01	5.7280756e-02
8.9342403628e-01	8.0426103e-02
8.9351473923e-01	1.0843459e-01
8.9360544218e-01	1.2420920e-01
8.9369614512e-01	1.4596781e-01
8.9378684807e-01	1.6764735e-01
8.9387755102e-01	1.7971396e-01
8.9396825397e-01	1.9351371e-01
8.9405895692e-01	2.2761232e-01
8.9414965986e-01	2.3978134e-01
8.9424036281e-01	2.5453190e-01
8.9433106576e-01	2.6783101e-01
8.9442176871e-01	2.8806035e-01
8.9451247166e-01	2.7303994e-01
8.9460317460e-01	2.4513773e-01
8.9469387755e-01	3.0688539e-01
8.9478458050e-01	3.1225375e-01
8.9487528345e-01	3.2898650e-01
8.9496598639e-01	3.3013293e-01
8.9505668934e-01	3.3669596e-01
8.9514739229e-01	3.3744589e-01
8.9523809524e-01	3.3390299e-01
8.9532879819e-01	3.3682418e-01
8.9541950113e-01	3.3135080e-01
8.9551020408e-01	3.3043744e-01
8.9560090703e-01	3.2272021e-01
8.9569160998e-01	3.0841445e-01
8.9578231293e-01	2.9436185e-01
8.9587301587e-01	2.9097818e-01
8.9596371882e-01	2.8576880e-01
8.9605442177e-01	2.7650498e-01
8.9614512472e-01	2.5355660e-01
8.9623582766e-01	2.4046514e-01
8.9632653061e-01	2.2537138e-01
8.9641723356e-01	2.1215924e-01
8.9650793651e-01	2.0496648e-01
8.9659863946e-01	1.8009608e-01
8.9668934240e-01	1.7098503e-01
8.9678004535e-01	1.5829442e-01
8.9687074830e-01	1.4066827e-01
8.9696145125e-01	1.3642823e-01
8.9705215420e-01	1.1549940e-01
8.9714285714e-01	1.0557796e-01
8.9723356009e-01	9.1755753e-02
8.9732426304e-01	7.1364474e-02
8.9741496599e-01	6.0329440e-02
8.9750566893e-01	5.5096815e-02
8.9759637188e-01	4.4843164e-02
8.9768707483e-01	3.0998905e-02
8.9777777778e-01	2.6046882e-02
8.9786848073e-01	1.5048227e-02
8.9795918367e-01	1.0715475e-02
8.9804988662e-01	3.0093360e-03
8.9814058957e-01	-1.1429006e-05
8.9823129252e-01	-3.4645038e-03
8.9832199546e-01	-9.9247218e-03
8.9841269841e-01	-1.5660816e-02
8.9850340136e-01	-1.6735563e-02
8.9859410431e-01	-3.0104407e-02
8.9868480726e-01	-2.1271826e-02
8.9877551020e-01	-2.3472041e-02
8.9886621315e-01	-3.1876111e-02
8.9895691610e-01	-2.2959698e-02
8.9904761905e-01	-2.0466727e-02
8.9913832200e-01	-1.6641639e-02
8.9922902494e-01	-1.6950566e-02
8.9931972789e-01	-1.3616721e-02
8.9941043084e-01	-1.0328825e-02
8.9950113379e-01	-1.0066374e-02
8.9959183673e-01	-1.1297283e-02
8.9968253968e-01	-1.9263893e-03
8.9977324263e-01	-4.9126822e-03
8.9986394558e-01	2.2085357e-04
8.9995464853e-01	-3.4457738e-03
9.0004535147e-01	-8.8254558e-03
9.0013605442e-01	-1.0137446e-02
9.0022675737e-01	-1.5737314e-02
9.0031746032e-01	-2.2493479e-02
9.0040816327e-01	-2.8377111e-02
9.0049886621e-01	-3.0535059e-02
9.0058956916e-01	-4.0493540e-02
9.0068027211e-01	-4.7088719e-02
9.0077097506e-01	-5.4555693e-02
9.0086167800e-01	-6.5542027e-02
9.0095238095e-01	-8.3043141e-02
9.0104308390e-01	-9.3399543e-02
9.0113378685e-01	-1.0802873e-01
9.0122448980e-01	-1.1712925e-01
9.0131519274e-01	-1.3237767e-01
9.0140589569e-01	-1.5835085e-01
9.0149659864e-01	-1.6771846e-01
9.0158730159e-01	-1.8953961e-01
9.0167800454e-01	-2.1265843e-01
9.0176870748e-01	-2.2480283e-01
9.0185941043e-01	-2.2911593e-01
9.0195011338e-01	-2.5463429e-01
9.0204081633e-01	-2.7049606e-01
9.0213151927e-01	-2.8928394e-01
9.0222222222e-01	-3.0953848e-01
9.0231292517e-01	-3.1546643e-01
9.0240362812e-01	-3.3337982e-01
9.0249433107e-01	-3.4630458e-01
9.0258503401e-01	-3.6353533e-01
9.0267573696e-01	-3.7556948e-01
9.0276643991e-01	-3.8650620e-01
9.0285714286e-01	-3.9679766e-01
9.0294784580e-01	-3.9950552e-01
9.0303854875e-01	-3.9817899e-01
9.0312925170e-01	-4.0009298e-01
9.0321995465e-01	-4.0364805e-01
9.0331065760e-01	-4.0374241e-01
9.0340136054e-01	-4.0855756e-01
9.0349206349e-01	-4.0394341e-01
9.0358276644e-01	-3.9754050e-01
9.0367346939e-01	-3.9843281e-01
9.0376417234e-01	-3.8551913e-01
9.0385487528e-01	-3.7431459e-01
9.0394557823e-01	-3.5995062e-01
9.0403628118e-01	-3.5459245e-01
9.0412698413e-01	-3.4585839e-01
9.0421768707e-01	-3.4548549e-01
9.0430839002e-01	-3.2964739e-01
9.0439909297e-01	-3.1840116e-01
9.0448979592e-01	-3.1099963e-01
9.0458049887e-01	-2.9246756e-01
9.0467120181e-01	-2.7910261e-01
9.0476190476e-01	-2.7493866e-01
9.0485260771e-01	-2.6143433e-01
9.0494331066e-01	-2.5660291e-01
9.0503401361e-01	-2.4382137e-01
9.0512471655e-01	-2.2052842e-01
9.0521541950e-01	-2.0374262e-01
9.0530612245e-01	-1.9826618e-01
9.0539682540e-01	-1.8963279e-01
9.0548752834e-01	-1.8003620e-01
9.0557823129e-01	-1.6530731e-01
9.0566893424e-01	-1.4885612e-01
9.0575963719e-01	-1.4506602e-01
9.0585034014e-01	-1.3598684e-01
9.0594104308e-01	-1.2787435e-01
9.0603174603e-01	-1.0504204e-01
9.0612244898e-01	-9.3545246e-02
9.0621315193e-01	-8.0318335e-02
9.0630385488e-01	-5.7357449e-02
9.0639455782e-01	-4.9691147e-02
9.0648526077e-01	-3.6547399e-02
9.0657596372e-01	-2.1893664e-02
9.0666666667e-01	2.9292085e-03
9.0675736961e-01	1.9806973e-02
9.0684807256e-01	2.3487573e-02
9.0693877551e-01	4.9224179e-02
9.0702947846e-01	2.0097712e-02
9.0712018141e-01	9.8018696e-03
9.0721088435e-01	1.1025662e-01
9.0730158730e-01	1.1104375e-01
9.0739229025e-01	1.2629370e-01
9.0748299320e-01	1.3905552e-01
9.0757369615e-01	1.4902732e-01
9.0766439909e-01	1.6162974e-01
9.0775510204e-01	1.7265186e-01
9.0784580499e-01	1.8757901e-01
9.0793650794e-01	1.8907352e-01
9.0802721088e-01	2.1000044e-01
9.0811791383e-01	2.1173215e-01
9.0820861678e-01	2.1695211e-01
9.0829931973e-01	2.2797775e-01
9.0839002268e-01	2.3107515e-01
9.0848072562e-01	2.4358811e-01
9.0857142857e-01	2.4820129e-01
9.0866213152e-01	2.4212555e-01
9.0875283447e-01	2.4591586e-01
9.0884353741e-01	2.4679552e-01
9.0893424036e-01	2.3737521e-01
9.0902494331e-01	2.4365084e-01
9.0911564626e-01	2.4386694e-01
9.0920634921e-01	2.2553771e-01
9.0929705215e-01	2.1577288e-01
9.0938775510e-01	2.0229383e-01
9.0947845805e-01	1.8942692e-01
9.0956916100e-01	1.7257592e-01
9.0965986395e-01	1.4418485e-01
9.0975056689e-01	1.2689553e-01
9.0984126984e-01	1.1357364e-01
9.0993197279e-01	8.7469895e-02
9.1002267574e-01	6.0689135e-02
9.1011337868e-01	3.8623933e-02
9.1020408163e-01	1.2605608e-02
9.1029478458e-01	-7.6593722e-03
9.1038548753e-01	-2.1081374e-02
9.1047619048e-01	-3.3680193e-02
9.1056689342e-01	-3.9072561e-02
9.1065759637e-01	-4.8750559e-02
9.1074829932e-01	-4.9020298e-02
9.1083900227e-01	-4.7004902e-02
9.1092970522e-01	-4.4593387e-02
9.1102040816e-01	-3.0300514e-02
9.1111111111e-01	-1.3627088e-02
9.1120181406e-01	2.2185432e-03
9.1129251701e-01	1.5660629e-02
9.1138321995e-01	3.8159382e-02
9.1147392290e-01	5.5064488e-02
9.1156462585e-01	8.3523502e-02
9.1165532880e-01	1.0769038e-01
9.1174603175e-01	1.2974556e-01
9.1183673469e-01	1.4739828e-01
9.1192743764e-01	1.7075813e-01
9.1201814059e-01	1.9202538e-01
9.1210884354e-01	2.0938013e-01
9.1219954649e-01	2.2847838e-01
9.1229024943e-01	2.4517495e-01
9.1238095238e-01	2.5638711e-01
9.1247165533e-01	2.7640233e-01
9.1256235828e-01	2.9160785e-01
9.1265306122e-01	3.0531274e-01
9.1274376417e-01	3.0645998e-01
9.1283446712e-01	3.1791903e-01
9.1292517007e-01	3.2757651e-01
9.1301587302e-01	3.3744162e-01
9.1310657596e-01	3.4769529e-01
9.1319727891e-01	3.4157428e-01
9.1328798186e-01	3.5246238e-01
9.1337868481e-01	3.5132560e-01
9.1346938776e-01	3.5259538e-01
9.1356009070e-01	3.4935183e-01
9.1365079365e-01	3.3940572e-01
9.1374149660e-01	3.3756762e-01
9.1383219955e-01	3.2687323e-01
9.1392290249e-01	3.1552195e-01
9.1401360544e-01	3.0589025e-01
9.1410430839e-01	3.0138199e-01
9.1419501134e-01	2.9050451e-01
9.1428571429e-01	2.6786072e-01
9.1437641723e-01	2.5733291e-01
9.1446712018e-01	2.4588145e-01
9.1455782313e-01	2.3110237e-01
9.1464852608e-01	2.1305652e-01
9.1473922902e-01	2.0231510e-01
9.1482993197e-01	1.8590722e-01
9.1492063492e-01	1.7431010e-01
9.1501133787e-01	1.5089797e-01
9.1510204082e-01	1.3384056e-01
9.1519274376e-01	1.3004066e-01
9.1528344671e-01	1.1422448e-01
9.1537414966e-01	9.4909624e-02
9.1546485261e-01	7.3464768e-02
9.1555555556e-01	6.9547454e-02
9.1564625850e-01	5.3857463e-02
9.1573696145e-01	4.9148752e-02
9.1582766440e-01	3.7942272e-02
9.1591836735e-01	2.6225012e-02
9.1600907029e-01	1.3003896e-02
9.1609977324e-01	8.1393499e-03
9.1619047619e-01	-3.7897156e-03
9.1628117914e-01	-1.6314337e-03
9.1637188209e-01	-4.8873309e-03
9.1646258503e-01	-9.9859202e-03
9.1655328798e-01	-1.3808320e-02
9.1664399093e-01	-1.9049368e-02
9.1673469388e-01	-1.6133794e-02
9.1682539683e-01	-1.3950340e-02
9.1691609977e-01	-2.1299279e-02
9.1700680272e-01	-1.9453799e-02
9.1709750567e-01	-1.8391304e-02
9.1718820862e-01	-1.6381389e-02
9.1727891156e-01	-2.2164259e-02
9.1736961451e-01	-1.4451765e-02
9.1746031746e-01	-1.0796501e-02
9.1755102041e-01	-3.3586322e-03
9.1764172336e-01	-4.3954732e-03
9.1773242630e-01	1.8199605e-03
9.1782312925e-01	-5.3334687e-03
9.1791383220e-01	1.9765323e-03
9.1800453515e-01	-1.6307897e-04
9.1809523810e-01	-7.9941351e-03
9.1818594104e-01	-1.4906374e-02
9.1827664399e-01	-1.1361421e-02
9.1836734694e-01	-2.0326621e-02
9.1845804989e-01	-2.7561040e-02
9.1854875283e-01	-3.2622908e-02
9.1863945578e-01	-3.7909342e-02
9.1873015873e-01	-4.2729239e-02
9.1882086168e-01	-5.0788010e-02
9.1891156463e-01	-6.6355212e-02
9.1900226757e-01	-7.5925327e-02
9.1909297052e-01	-8.5589832e-02
9.1918367347e-01	-9.2891959e-02
9.1927437642e-01	-1.1419219e-01
9.1936507937e-01	-1.2135804e-01
9.1945578231e-01	-1.3057421e-01
9.1954648526e-01	-2.0083097e-01
9.1963718821e-01	-2.0367794e-01
9.1972789116e-01	-1.7585069e-01
9.1981859410e-01	-2.0725592e-01
9.1990929705e-01	-2.2004169e-01
9.2000000000e-01	-2.3757377e-01
9.2009070295e-01	-2.5460604e-01
9.2018140590e-01	-2.7358915e-01
9.2027210884e-01	-2.9030207e-01
9.2036281179e-01	-3.0219222e-01
9.2045351474e-01	-3.2168618e-01
9.2054421769e-01	-3.3618426e-01
9.2063492063e-01	-3.4535415e-01
9.2072562358e-01	-3.6253902e-01
9.2081632653e-01	-3.7269649e-01
9.2090702948e-01	-3.7020974e-01
9.2099773243e-01	-3.8293835e-01
9.2108843537e-01	-4.0020737e-01
9.2117913832e-01	-3.9552440e-01
9.2126984127e-01	-4.0137769e-01
9.2136054422e-01	-4.0071696e-01
9.2145124717e-01	-4.0182879e-01
9.2154195011e-01	-4.0037976e-01
9.2163265306e-01	-3.9975094e-01
9.2172335601e-01	-3.9598006e-01
9.2181405896e-01	-3.8652776e-01
9.2190476190e-01	-3.8274207e-01
9.2199546485e-01	-3.7772523e-01
9.2208616780e-01	-3.6216239e-01
9.2217687075e-01	-3.5701129e-01
9.2226757370e-01	-3.5193124e-01
9.2235827664e-01	-3.4899338e-01
9.2244897959e-01	-3.2453096e-01
9.2253968254e-01	-3.1600565e-01
9.2263038549e-01	-3.1448489e-01
9.2272108844e-01	-3.0605628e-01
9.2281179138e-01	-2.9263052e-01
9.2290249433e-01	-2.8203034e-01
9.2299319728e-01	-2.7348306e-01
9.2308390023e-01	-2.5597912e-01
9.2317460317e-01	-2.5161277e-01
9.2326530612e-01	-2.4433077e-01
9.2335600907e-01	-2.3350494e-01
9.2344671202e-01	-2.1840592e-01
9.2353741497e-01	-2.0568362e-01
9.2362811791e-01	-1.8913333e-01
9.2371882086e-01	-1.7918916e-01
9.2380952381e-01	-1.6548908e-01
9.2390022676e-01	-1.5617804e-01
9.2399092971e-01	-1.3842167e-01
9.2408163265e-01	-1.2223511e-01
9.2417233560e-01	-1.1492793e-01
9.2426303855e-01	-1.0218214e-01
9.2435374150e-01	-8.4931341e-02
9.2444444444e-01	-6.9057348e-02
9.2453514739e-01	-5.5143828e-02
9.2462585034e-01	-3.8994687e-02
9.2471655329e-01	-2.2312613e-02
9.2480725624e-01	-1.0215950e-02
9.2489795918e-01	6.9264165e-03
9.2498866213e-01	2.3238729e-02
9.2507936508e-01	3.9320085e-02
9.2517006803e-01	4.9811336e-02
9.2526077098e-01	6.9192406e-02
9.2535147392e-01	7.8287768e-02
9.2544217687e-01	9.4326668e-02
9.2553287982e-01	1.1182461e-01
9.2562358277e-01	1.2671765e-01
9.2571428571e-01	1.4473478e-01
9.2580498866e-01	1.4818616e-01
9.2589569161e-01	1.6197326e-01
9.2598639456e-01	1.8206474e-01
9.2607709751e-01	1.8605211e-01
9.2616780045e-01	1.9543228e-01
9.2625850340e-01	1.9955590e-01
9.2634920635e-01	2.0798661e-01
9.2643990930e-01	2.1694240e-01
9.2653061224e-01	2.2964660e-01
9.2662131519e-01	2.3407349e-01
9.2671201814e-01	2.3050701e-01
9.2680272109e-01	2.4024953e-01
9.2689342404e-01	2.4324858e-01
9.2698412698e-01	2.3110161e-01
9.2707482993e-01	2.3570994e-01
9.2716553288e-01	2.2939781e-01
9.2725623583e-01	2.1920366e-01
9.2734693878e-01	2.1321281e-01
9.2743764172e-01	2.0402664e-01
9.2752834467e-01	1.9563886e-01
9.2761904762e-01	1.8513273e-01
9.2770975057e-01	1.6379408e-01
9.2780045351e-01	1.4075506e-01
9.2789115646e-01	1.1998669e-01
9.2798185941e-01	9.6637171e-02
9.2807256236e-01	7.7658093e-02
9.2816326531e-01	5.4828564e-02
9.2825396825e-01	3.1806030e-02
9.2834467120e-01	9.4126151e-03
9.2843537415e-01	-1.6937198e-02
9.2852607710e-01	-3.1250619e-02
9.2861678005e-01	-4.3770940e-02
9.2870748299e-01	-4.8430044e-02
9.2879818594e-01	-5.3561112e-02
9.2888888889e-01	-5.7037877e-02
9.2897959184e-01	-5.4100348e-02
9.2907029478e-01	-4.5915515e-02
9.2916099773e-01	-2.8009672e-02
9.2925170068e-01	-1.7324959e-02
9.2934240363e-01	-8.2411974e-03
9.2943310658e-01	1.0846857e-02
9.2952380952e-01	3.4552245e-02
9.2961451247e-01	5.7090706e-02
9.2970521542e-01	8.4725959e-02
9.2979591837e-01	1.0536860e-01
9.2988662132e-01	1.1975408e-01
9.2997732426e-01	1.4192460e-01
9.3006802721e-01	1.6289467e-01
9.3015873016e-01	1.9187348e-01
9.3024943311e-01	2.0916668e-01
9.3034013605e-01	2.2898510e-01
9.3043083900e-01	2.4944629e-01
9.3052154195e-01	2.6330500e-01
9.3061224490e-01	2.7558181e-01
9.3070294785e-01	2.8918090e-01
9.3079365079e-01	2.9436500e-01
9.3088435374e-01	3.1280425e-01
9.3097505669e-01	3.2517803e-01
9.3106575964e-01	3.2249388e-01
9.3115646259e-01	3.3588679e-01
9.3124716553e-01	3.3676361e-01
9.3133786848e-01	3.5019764e-01
9.3142857143e-01	3.5180716e-01
9.3151927438e-01	3.5710736e-01
9.3160997732e-01	3.5375238e-01
9.3170068027e-01	3.5242113e-01
9.3179138322e-01	3.4742839e-01
9.3188208617e-01	3.5131472e-01
9.3197278912e-01	3.4365231e-01
9.3206349206e-01	2.3270942e-01
9.3215419501e-01	2.7893478e-01
9.3224489796e-01	3.2309484e-01
9.3233560091e-01	2.9647543e-01
9.3242630385e-01	2.8707471e-01
9.3251700680e-01	2.7335357e-01
9.3260770975e-01	2.5439771e-01
9.3269841270e-01	2.3310027e-01
9.3278911565e-01	2.1898926e-01
9.3287981859e-01	2.0499785e-01
9.3297052154e-01	1.8727026e-01
9.3306122449e-01	1.8231553e-01
9.3315192744e-01	1.6895894e-01
9.3324263039e-01	1.3985711e-01
9.3333333333e-01	1.3433367e-01
9.3342403628e-01	1.1454327e-01
9.3351473923e-01	1.0027808e-01
9.3360544218e-01	8.4026123e-02
9.3369614512e-01	7.5974613e-02
9.3378684807e-01	6.5865315e-02
9.3387755102e-01	5.8430017e-02
9.3396825397e-01	4.2892884e-02
9.3405895692e-01	2.9391742e-02
9.3414965986e-01	2.2765762e-02
9.3424036281e-01	1.6533930e-02
9.3433106576e-01	1.1464547e-02
9.3442176871e-01	4.1182921e-03
9.3451247166e-01	-1.7428956e-03
9.3460317460e-01	2.0191005e-03
9.3469387755e-01	-3.6538804e-03
9.3478458050e-01	-5.5072380e-03
9.3487528345e-01	-1.6930437e-02
9.3496598639e-01	-1.3631912e-02
9.3505668934e-01	-1.6567249e-02
9.3514739229e-01	-1.5120839e-02
9.3523809524e-01	-1.1015118e-02
9.3532879819e-01	-1.4514430e-02
9.3541950113e-01	-6.0708161e-03
9.3551020408e-01	-1.8736694e-03
9.3560090703e-01	-8.7035408e-04
9.3569160998e-01	6.5601434e-04
9.3578231293e-01	2.0235827e-03
9.3587301587e-01	-3.8849918e-03
9.3596371882e-01	2.7592850e-03
9.3605442177e-01	-7.3846723e-04
9.3614512472e-01	-5.4569479e-03
9.3623582766e-01	-5.9424592e-03
9.3632653061e-01	-7.0752129e-03
9.3641723356e-01	-6.4153379e-03
9.3650793651e-01	-1.6178003e-02
9.3659863946e-01	-2.1360614e-02
9.3668934240e-01	-2.2167873e-02
9.3678004535e-01	-2.4273274e-02
9.3687074830e-01	-3.2487277e-02
9.3696145125e-01	-5.3348395e-02
9.3705215420e-01	-5.4259724e-02
9.3714285714e-01	-5.3637454e-02
9.3723356009e-01	-6.4689587e-02
9.3732426304e-01	-8.2812233e-02
9.3741496599e-01	-9.9167582e-02
9.3750566893e-01	-1.0582712e-01
9.3759637188e-01	-1.2790485e-01
9.3768707483e-01	-1.5208375e-01
9.3777777778e-01	-1.6169050e-01
9.3786848073e-01	-1.7791797e-01
9.3795918367e-01	-1.8906741e-01
9.3804988662e-01	-2.1428792e-01
9.3814058957e-01	-2.2886251e-01
9.3823129252e-01	-2.4179875e-01
9.3832199546e-01	-2.5963353e-01
9.3841269841e-01	-2.7181438e-01
9.3850340136e-01	-2.8553164e-01
9.3859410431e-01	-3.1364877e-01
9.3868480726e-01	-3.2299373e-01
9.3877551020e-01	-3.3238471e-01
9.3886621315e-01	-3.4328595e-01
9.3895691610e-01	-3.5998506e-01
9.3904761905e-01	-3.6923818e-01
9.3913832200e-01	-3.7794431e-01
9.3922902494e-01	-3.8433386e-01
9.3931972789e-01	-3.8712418e-01
9.3941043084e-01	-3.8841749e-01
9.3950113379e-01	-3.9668647e-01
9.3959183673e-01	-3.9953760e-01
9.3968253968e-01	-3.8423724e-01
9.3977324263e-01	-3.8738594e-01
9.3986394558e-01	-3.8478521e-01
9.3995464853e-01	-3.8121993e-01
9.4004535147e-01	-3.8055050e-01
9.4013605442e-01	-3.6876201e-01
9.4022675737e-01	-3.6351934e-01
9.4031746032e-01	-3.5716764e-01
9.4040816327e-01	-3.4997818e-01
9.4049886621e-01	-3.3794000e-01
9.4058956916e-01	-3.3708511e-01
9.4068027211e-01	-3.3552358e-01
9.4077097506e-01	-3.1792646e-01
9.4086167800e-01	-3.0416885e-01
9.4095238095e-01	-2.9456417e-01
9.4104308390e-01	-2.8669768e-01
9.4113378685e-01	-2.7634351e-01
9.4122448980e-01	-2.7170378e-01
9.4131519274e-01	-2.5568353e-01
9.4140589569e-01	-2.3888911e-01
9.4149659864e-01	-2.3172614e-01
9.4158730159e-01	-2.2016149e-01
9.4167800454e-01	-2.0627571e-01
9.4176870748e-01	-1.9510501e-01
9.4185941043e-01	-1.8545161e-01
9.4195011338e-01	-1.6715589e-01
9.4204081633e-01	-1.4639005e-01
9.4213151927e-01	-1.3780787e-01
9.4222222222e-01	-1.3081095e-01
9.4231292517e-01	-1.1566843e-01
9.4240362812e-01	-1.0320831e-01
9.4249433107e-01	-9.2383801e-02
9.4258503401e-01	-7.5372240e-02
9.4267573696e-01	-5.9113317e-02
9.4276643991e-01	-4.2937686e-02
9.4285714286e-01	-2.7822148e-02
9.4294784580e-01	-1.2160190e-02
9.4303854875e-01	3.8499199e-03
9.4312925170e-01	2.0198259e-02
9.4321995465e-01	3.2046527e-02
9.4331065760e-01	5.1701442e-02
9.4340136054e-01	6.4645087e-02
9.4349206349e-01	7.1820977e-02
9.4358276644e-01	8.8529440e-02
9.4367346939e-01	1.0240004e-01
9.4376417234e-01	1.1692767e-01
9.4385487528e-01	1.3076632e-01
9.4394557823e-01	1.4572500e-01
9.4403628118e-01	1.5687507e-01
9.4412698413e-01	1.6181790e-01
9.4421768707e-01	1.6643080e-01
9.4430839002e-01	1.7641183e-01
9.4439909297e-01	1.9077219e-01
9.4448979592e-01	1.8853469e-01
9.4458049887e-01	9.8842563e-02
9.4467120181e-01	1.8862157e-01
9.4476190476e-01	2.2226327e-01
9.4485260771e-01	2.1643358e-01
9.4494331066e-01	2.2161825e-01
9.4503401361e-01	2.2771983e-01
9.4512471655e-01	2.1867587e-01
9.4521541950e-01	2.1766522e-01
9.4530612245e-01	2.2069611e-01
9.4539682540e-01	2.0775820e-01
9.4548752834e-01	1.9828256e-01
9.4557823129e-01	1.9564984e-01
9.4566893424e-01	1.7777833e-01
9.4575963719e-01	1.6262249e-01
9.4585034014e-01	1.3805375e-01
9.4594104308e-01	1.1245589e-01
9.4603174603e-01	9.0269348e-02
9.4612244898e-01	7.5089871e-02
9.4621315193e-01	5.3100589e-02
9.4630385488e-01	2.8367079e-02
9.4639455782e-01	6.5395216e-03
9.4648526077e-01	-1.8896840e-02
9.4657596372e-01	-3.4674251e-02
9.4666666667e-01	-5.1710264e-02
9.4675736961e-01	-6.5028954e-02
9.4684807256e-01	-7.1988694e-02
9.4693877551e-01	-7.5173863e-02
9.4702947846e-01	-7.3739432e-02
9.4712018141e-01	-7.3573544e-02
9.4721088435e-01	-6.3543264e-02
9.4730158730e-01	-6.2467944e-02
9.4739229025e-01	-3.5904227e-02
9.4748299320e-01	-2.4114747e-02
9.4757369615e-01	-6.5082329e-03
9.4766439909e-01	1.2814788e-02
9.4775510204e-01	4.1313863e-02
9.4784580499e-01	6.5162777e-02
9.4793650794e-01	8.4169273e-02
9.4802721088e-01	1.0064068e-01
9.4811791383e-01	1.2040531e-01
9.4820861678e-01	1.4070868e-01
9.4829931973e-01	1.5958401e-01
9.4839002268e-01	1.9198790e-01
9.4848072562e-01	2.1908638e-01
9.4857142857e-01	2.2810153e-01
9.4866213152e-01	2.3796811e-01
9.4875283447e-01	2.5063166e-01
9.4884353741e-01	2.7428764e-01
9.4893424036e-01	2.9018813e-01
9.4902494331e-01	3.0574978e-01
9.4911564626e-01	3.0779984e-01
9.4920634921e-01	3.2128299e-01
9.4929705215e-01	3.3579433e-01
9.4938775510e-01	3.3700902e-01
9.4947845805e-01	3.3946877e-01
9.4956916100e-01	3.5326020e-01
9.4965986395e-01	3.5230528e-01
9.4975056689e-01	3.4770085e-01
9.4984126984e-01	3.4614520e-01
9.4993197279e-01	3.3866135e-01
9.5002267574e-01	3.2947882e-01
9.5011337868e-01	3.2690932e-01
9.5020408163e-01	3.2319912e-01
9.5029478458e-01	3.1951935e-01
9.5038548753e-01	3.0763274e-01
9.5047619048e-01	2.9529111e-01
9.5056689342e-01	2.8648806e-01
9.5065759637e-01	2.6712478e-01
9.5074829932e-01	2.5155971e-01
9.5083900227e-01	2.4828012e-01
9.5092970522e-01	2.3576542e-01
9.5102040816e-01	2.1833175e-01
9.5111111111e-01	1.9908274e-01
9.5120181406e-01	1.8729018e-01
9.5129251701e-01	1.7033382e-01
9.5138321995e-01	1.5707166e-01
9.5147392290e-01	1.4171914e-01
9.5156462585e-01	1.2320102e-01
9.5165532880e-01	1.1448364e-01
9.5174603175e-01	1.0391871e-01
9.5183673469e-01	9.1861748e-02
9.5192743764e-01	7.4666433e-02
9.5201814059e-01	6.2862291e-02
9.5210884354e-01	5.6876557e-02
9.5219954649e-01	4.8088031e-02
9.5229024943e-01	4.5252239e-02
9.5238095238e-01	3.4620678e-02
9.5247165533e-01	3.4407729e-02
9.5256235828e-01	2.1403865e-02
9.5265306122e-01	1.9896905e-02
9.5274376417e-01	1.7585190e-02
9.5283446712e-01	6.1165010e-03
9.5292517007e-01	7.3825261e-03
9.5301587302e-01	1.5205275e-02
9.5310657596e-01	1.2462774e-03
9.5319727891e-01	9.1452495e-03
9.5328798186e-01	1.2114417e-02
9.5337868481e-01	7.2604204e-03
9.5346938776e-01	5.6949611e-03
9.5356009070e-01	8.0051677e-03
9.5365079365e-01	1.3392175e-02
9.5374149660e-01	1.5319112e-02
9.5383219955e-01	1.8618359e-02
9.5392290249e-01	1.4581159e-02
9.5401360544e-01	1.8732579e-02
9.5410430839e-01	2.3208471e-02
9.5419501134e-01	2.2408321e-02
9.5428571429e-01	1.9376511e-02
9.5437641723e-01	7.7974850e-03
9.5446712018e-01	1.2094304e-02
9.5455782313e-01	1.7144590e-02
9.5464852608e-01	1.3208740e-02
9.5473922902e-01	1.6676717e-03
9.5482993197e-01	-4.0185317e-04
9.5492063492e-01	-1.0448323e-02
9.5501133787e-01	-2.1770732e-02
9.5510204082e-01	-2.1311243e-02
9.5519274376e-01	-3.5204715e-02
9.5528344671e-01	-4.7837726e-02
9.5537414966e-01	-5.4804973e-02
9.5546485261e-01	-7.3966846e-02
9.5555555556e-01	-8.2971035e-02
9.5564625850e-01	-9.6377612e-02
9.5573696145e-01	-1.1416625e-01
9.5582766440e-01	-1.2589931e-01
9.5591836735e-01	-1.4920286e-01
9.5600907029e-01	-1.6324936e-01
9.5609977324e-01	-1.8263552e-01
9.5619047619e-01	-1.9864086e-01
9.5628117914e-01	-2.1616951e-01
9.5637188209e-01	-2.3880961e-01
9.5646258503e-01	-2.4975607e-01
9.5655328798e-01	-2.7134687e-01
9.5664399093e-01	-2.8639608e-01
9.5673469388e-01	-3.0298299e-01
9.5682539683e-01	-3.1825746e-01
9.5691609977e-01	-3.3050646e-01
9.5700680272e-01	-3.7118662e-01
9.5709750567e-01	-4.6066739e-01
9.5718820862e-01	-3.7251505e-01
9.5727891156e-01	-3.7568626e-01
9.5736961451e-01	-3.8796769e-01
9.5746031746e-01	-3.9211193e-01
9.5755102041e-01	-3.9661022e-01
9.5764172336e-01	-3.9842774e-01
9.5773242630e-01	-4.1529317e-01
