0.0000000000e+00 3.2999889000e-03
9.0702947846e-05 5.2797530800e-03
1.8140589569e-04 6.3056680600e-03
2.7210884354e-04 6.9005701000e-03
3.6281179138e-04 6.8450847400e-03
4.5351473923e-04 6.8278997800e-03
5.4421768707e-04 6.7499386600e-03
6.3492063492e-04 6.8386526600e-03
7.2562358277e-04 7.8259686400e-03
8.1632653061e-04 9.2904622000e-03
9.0702947846e-04 1.0654202040e-02
9.9773242630e-04 1.1306306960e-02
1.0884353741e-03 1.1346597460e-02
1.1791383220e-03 1.1068933720e-02
1.2698412698e-03 1.0654010720e-02
1.3605442177e-03 1.0339669320e-02
1.4512471655e-03 1.0473907720e-02
1.5419501134e-03 1.0602691980e-02
1.6326530612e-03 1.0066524560e-02
1.7233560091e-03 9.2386784000e-03
1.8140589569e-03 8.0175072200e-03
1.9047619048e-03 6.1672755600e-03
1.9954648526e-03 5.0195360200e-03
2.0861678005e-03 5.0054500000e-03
2.1768707483e-03 5.5039644800e-03
2.2675736961e-03 6.0089532400e-03
2.3582766440e-03 6.8393492400e-03
2.4489795918e-03 7.5251838600e-03
2.5396825397e-03 6.8673336600e-03
2.6303854875e-03 5.5193955000e-03
2.7210884354e-03 4.2062804360e-03
2.8117913832e-03 2.6502707680e-03
2.9024943311e-03 1.0913959340e-03
2.9931972789e-03 1.6418489600e-04
3.0839002268e-03 -6.8659898400e-04
3.1746031746e-03 -1.6335879000e-03
3.2653061224e-03 -2.4746652320e-03
3.3560090703e-03 -3.3705233380e-03
3.4467120181e-03 -4.1153621000e-03
3.5374149660e-03 -4.6642051800e-03
3.6281179138e-03 -4.1216958000e-03
3.7188208617e-03 -2.5305377400e-03
3.8095238095e-03 -4.8293242000e-04
3.9002267574e-03 2.3075319400e-03
3.9909297052e-03 5.5789983400e-03
4.0816326531e-03 8.7897961600e-03
4.1723356009e-03 1.1752344560e-02
4.2630385488e-03 1.5289808980e-02
4.3537414966e-03 1.9087425000e-02
4.4444444444e-03 2.3951765600e-02
4.5351473923e-03 2.9911435800e-02
4.6258503401e-03 3.7080459800e-02
4.7165532880e-03 4.4295810200e-02
4.8072562358e-03 5.1439151200e-02
4.8979591837e-03 5.7835884000e-02
4.9886621315e-03 6.2844167600e-02
5.0793650794e-03 6.6096651200e-02
5.1700680272e-03 6.8541327800e-02
5.2607709751e-03 7.0433357400e-02
5.3514739229e-03 7.1626726400e-02
5.4421768707e-03 7.1899102400e-02
5.5328798186e-03 7.2040121800e-02
5.6235827664e-03 7.2392292600e-02
5.7142857143e-03 7.3135129000e-02
5.8049886621e-03 7.4045111000e-02
5.8956916100e-03 7.3530328200e-02
5.9863945578e-03 6.8025376600e-02
6.0770975057e-03 5.4414562460e-02
6.1678004535e-03 3.1726977460e-02
6.2585034014e-03 2.9123330600e-03
6.3492063492e-03 -2.6907163540e-02
6.4399092971e-03 -5.2197051140e-02
6.5306122449e-03 -6.9536487200e-02
6.6213151927e-03 -7.7288127600e-02
6.7120181406e-03 -7.6903198200e-02
6.8027210884e-03 -7.3274631000e-02
6.8934240363e-03 -6.1186582800e-02
6.9841269841e-03 -4.4470098200e-02
7.0748299320e-03 -2.6780951200e-02
7.1655328798e-03 -9.7017900000e-03
7.2562358277e-03 8.3320850000e-03
7.3469387755e-03 1.9444919200e-02
7.4376417234e-03 2.7116118800e-02
7.5283446712e-03 3.3875658000e-02
7.6190476190e-03 3.9381635400e-02
7.7097505669e-03 4.3655858600e-02
7.8004535147e-03 4.5863542800e-02
7.8911564626e-03 4.4209693600e-02
7.9818594104e-03 3.9172519600e-02
8.0725623583e-03 3.1867550800e-02
8.1632653061e-03 2.3115976020e-02
8.2539682540e-03 1.4479055222e-02
8.3446712018e-03 8.3216257820e-03
8.4353741497e-03 4.0491629500e-03
8.5260770975e-03 1.2540088300e-03
8.6167800454e-03 -1.2386647000e-04
8.7074829932e-03 -1.7268835920e-03
8.7981859410e-03 -4.6243577520e-03
8.8888888889e-03 -8.5795197200e-03
8.9795918367e-03 -1.2520326600e-02
9.0702947846e-03 -1.6432836120e-02
9.1609977324e-03 -1.8634783000e-02
9.2517006803e-03 -1.9405797200e-02
9.3424036281e-03 -1.9305503600e-02
9.4331065760e-03 -1.9042036200e-02
9.5238095238e-03 -1.8955257200e-02
9.6145124717e-03 -1.9387580800e-02
9.7052154195e-03 -1.8979058000e-02
9.7959183673e-03 -1.7444341000e-02
9.8866213152e-03 -1.5526890800e-02
9.9773242630e-03 -1.3501259000e-02
1.0068027211e-02 -1.2010210000e-02
1.0158730159e-02 -1.2218640600e-02
1.0249433107e-02 -1.4298321200e-02
1.0340136054e-02 -1.7928573600e-02
1.0430839002e-02 -2.2670814200e-02
1.0521541950e-02 -2.8159599400e-02
1.0612244898e-02 -3.4300502000e-02
1.0702947846e-02 -4.0008549400e-02
1.0793650794e-02 -4.4966243200e-02
1.0884353741e-02 -4.9687754600e-02
1.0975056689e-02 -5.4067652800e-02
1.1065759637e-02 -5.7936260600e-02
1.1156462585e-02 -6.0966759200e-02
1.1247165533e-02 -6.2226069200e-02
1.1337868481e-02 -6.0515194600e-02
1.1428571429e-02 -5.6117087800e-02
1.1519274376e-02 -4.9374571000e-02
1.1609977324e-02 -4.1006078600e-02
1.1700680272e-02 -3.2444924200e-02
1.1791383220e-02 -2.4789989400e-02
1.1882086168e-02 -1.8143544760e-02
1.1972789116e-02 -1.2764499520e-02
1.2063492063e-02 -9.5638122800e-03
1.2154195011e-02 -8.4936948800e-03
1.2244897959e-02 -9.8670172800e-03
1.2335600907e-02 -1.4072478120e-02
1.2426303855e-02 -2.0820323560e-02
1.2517006803e-02 -2.9009968600e-02
1.2607709751e-02 -3.8088269800e-02
1.2698412698e-02 -4.7793379600e-02
1.2789115646e-02 -5.6987804600e-02
1.2879818594e-02 -6.5331446600e-02
1.2970521542e-02 -7.3077394800e-02
1.3061224490e-02 -7.9782124600e-02
1.3151927438e-02 -8.4373221000e-02
1.3242630385e-02 -8.7433310000e-02
1.3333333333e-02 -8.8396780400e-02
1.3424036281e-02 -8.8425258000e-02
1.3514739229e-02 -8.7761827000e-02
1.3605442177e-02 -8.7171616400e-02
1.3696145125e-02 -8.6807265600e-02
1.3786848073e-02 -8.7445348000e-02
1.3877551020e-02 -8.7333031200e-02
1.3968253968e-02 -8.6616292600e-02
1.4058956916e-02 -8.4765539000e-02
1.4149659864e-02 -8.1625027000e-02
1.4240362812e-02 -7.6802464000e-02
1.4331065760e-02 -7.1061855200e-02
1.4421768707e-02 -6.4297226000e-02
1.4512471655e-02 -5.7375172000e-02
1.4603174603e-02 -5.0050567800e-02
1.4693877551e-02 -4.2702644400e-02
1.4784580499e-02 -3.5964709400e-02
1.4875283447e-02 -3.0640781200e-02
1.4965986395e-02 -2.6883082000e-02
1.5056689342e-02 -2.5586098000e-02
1.5147392290e-02 -2.6447561200e-02
1.5238095238e-02 -2.8646622000e-02
1.5328798186e-02 -3.1260628000e-02
1.5419501134e-02 -3.3940614000e-02
1.5510204082e-02 -3.5513161800e-02
1.5600907029e-02 -3.5671371200e-02
1.5691609977e-02 -3.4939416200e-02
1.5782312925e-02 -3.2960504800e-02
1.5873015873e-02 -2.9749834600e-02
1.5963718821e-02 -2.5717571000e-02
1.6054421769e-02 -2.1741648800e-02
1.6145124717e-02 -1.8490257200e-02
1.6235827664e-02 -1.6290620000e-02
1.6326530612e-02 -1.4524312000e-02
1.6417233560e-02 -1.3882419200e-02
1.6507936508e-02 -1.4047017800e-02
1.6598639456e-02 -1.4098811200e-02
1.6689342404e-02 -1.5371555600e-02
1.6780045351e-02 -1.8940741600e-02
1.6870748299e-02 -2.4770316000e-02
1.6961451247e-02 -3.3590532000e-02
1.7052154195e-02 -4.5446422600e-02
1.7142857143e-02 -5.8990707400e-02
1.7233560091e-02 -7.3421027200e-02
1.7324263039e-02 -8.7915125800e-02
1.7414965986e-02 -1.0044517900e-01
1.7505668934e-02 -1.0970881220e-01
1.7596371882e-02 -1.1571376600e-01
1.7687074830e-02 -1.1803031600e-01
1.7777777778e-02 -1.1597114600e-01
1.7868480726e-02 -1.1049990460e-01
1.7959183673e-02 -1.0276864980e-01
1.8049886621e-02 -9.2975918200e-02
1.8140589569e-02 -8.1965248600e-02
1.8231292517e-02 -7.0290843000e-02
1.8321995465e-02 -5.8231334200e-02
1.8412698413e-02 -4.6282709800e-02
1.8503401361e-02 -3.4261648280e-02
1.8594104308e-02 -2.2131088940e-02
1.8684807256e-02 -1.1140075100e-02
1.8775510204e-02 -1.4665551000e-03
1.8866213152e-02 7.0618369000e-03
1.8956916100e-02 1.4369884580e-02
1.9047619048e-02 2.0567763840e-02
1.9138321995e-02 2.7442007400e-02
1.9229024943e-02 3.4614527400e-02
1.9319727891e-02 4.0321237600e-02
1.9410430839e-02 4.8370935000e-02
1.9501133787e-02 5.5932065600e-02
1.9591836735e-02 6.0994189200e-02
1.9682539683e-02 6.3196598000e-02
1.9773242630e-02 6.4545803000e-02
1.9863945578e-02 6.0153033200e-02
1.9954648526e-02 5.3334010000e-02
2.0045351474e-02 4.5807965600e-02
2.0136054422e-02 3.8954864600e-02
2.0226757370e-02 3.4203067600e-02
2.0317460317e-02 3.2613085400e-02
2.0408163265e-02 3.4249044200e-02
2.0498866213e-02 3.8637633200e-02
2.0589569161e-02 4.5143419400e-02
2.0680272109e-02 5.2105200000e-02
2.0770975057e-02 5.9162073800e-02
2.0861678005e-02 6.5890160200e-02
2.0952380952e-02 7.1091591600e-02
2.1043083900e-02 7.4690453000e-02
2.1133786848e-02 7.6844860400e-02
2.1224489796e-02 7.7064341800e-02
2.1315192744e-02 7.5622117600e-02
2.1405895692e-02 7.3998848600e-02
2.1496598639e-02 7.2419753800e-02
2.1587301587e-02 7.0939179400e-02
2.1678004535e-02 7.0901694400e-02
2.1768707483e-02 7.1935413600e-02
2.1859410431e-02 7.3441092200e-02
2.1950113379e-02 7.5416871800e-02
2.2040816327e-02 7.7304014200e-02
2.2131519274e-02 7.7653333000e-02
2.2222222222e-02 7.6451112000e-02
2.2312925170e-02 7.3561212800e-02
2.2403628118e-02 6.9056985200e-02
2.2494331066e-02 6.4256107000e-02
2.2585034014e-02 6.0029364800e-02
2.2675736961e-02 5.6747987600e-02
2.2766439909e-02 5.5400476400e-02
2.2857142857e-02 5.6774077600e-02
2.2947845805e-02 6.0438780400e-02
2.3038548753e-02 6.6453100000e-02
2.3129251701e-02 7.5497754800e-02
2.3219954649e-02 8.6485315000e-02
2.3310657596e-02 9.8469897000e-02
2.3401360544e-02 1.1071895500e-01
2.3492063492e-02 1.2249149040e-01
2.3582766440e-02 1.3227539000e-01
2.3673469388e-02 1.4023443200e-01
2.3764172336e-02 1.4641910200e-01
2.3854875283e-02 1.5101257200e-01
2.3945578231e-02 1.5404311000e-01
2.4036281179e-02 1.5585700800e-01
2.4126984127e-02 1.5591024800e-01
2.4217687075e-02 1.5383816000e-01
2.4308390023e-02 1.4959531200e-01
2.4399092971e-02 1.4342429400e-01
2.4489795918e-02 1.3542647000e-01
2.4580498866e-02 1.2664943200e-01
2.4671201814e-02 1.1747905900e-01
2.4761904762e-02 1.0798863860e-01
2.4852607710e-02 9.8266441000e-02
2.4943310658e-02 8.8484947000e-02
2.5034013605e-02 7.8460384000e-02
2.5124716553e-02 6.9297929400e-02
2.5215419501e-02 6.1271081800e-02
2.5306122449e-02 5.5065527800e-02
2.5396825397e-02 5.1551417200e-02
2.5487528345e-02 5.0218146400e-02
2.5578231293e-02 4.9488913800e-02
2.5668934240e-02 4.9353762200e-02
2.5759637188e-02 4.8961994200e-02
2.5850340136e-02 4.6977238000e-02
2.5941043084e-02 4.4049190000e-02
2.6031746032e-02 4.1273807800e-02
2.6122448980e-02 3.8571800800e-02
2.6213151927e-02 3.5789436200e-02
2.6303854875e-02 3.3519882600e-02
2.6394557823e-02 3.1868209200e-02
2.6485260771e-02 2.9734424000e-02
2.6575963719e-02 2.7451669200e-02
2.6666666667e-02 2.5296481200e-02
2.6757369615e-02 2.3093348400e-02
2.6848072562e-02 2.0252605200e-02
2.6938775510e-02 1.7175173180e-02
2.7029478458e-02 1.3389450260e-02
2.7120181406e-02 8.8856077000e-03
2.7210884354e-02 3.8690752800e-03
2.7301587302e-02 -1.6076033200e-03
2.7392290249e-02 -7.4449991000e-03
2.7482993197e-02 -1.3431242580e-02
2.7573696145e-02 -1.9562086020e-02
2.7664399093e-02 -2.6045504600e-02
2.7755102041e-02 -3.2479629800e-02
2.7845804989e-02 -3.9037560600e-02
2.7936507937e-02 -4.5281997800e-02
2.8027210884e-02 -5.1076525400e-02
2.8117913832e-02 -5.6009520600e-02
2.8208616780e-02 -5.9686809000e-02
2.8299319728e-02 -6.1848313000e-02
2.8390022676e-02 -6.2568587000e-02
2.8480725624e-02 -6.1863280400e-02
2.8571428571e-02 -5.9747135400e-02
2.8662131519e-02 -5.6763697000e-02
2.8752834467e-02 -5.2945304800e-02
2.8843537415e-02 -4.8675124400e-02
2.8934240363e-02 -4.3321204800e-02
2.9024943311e-02 -3.8122892200e-02
2.9115646259e-02 -3.2587655000e-02
2.9206349206e-02 -2.7273386800e-02
2.9297052154e-02 -2.2611276400e-02
2.9387755102e-02 -1.9054633000e-02
2.9478458050e-02 -1.6263004000e-02
2.9569160998e-02 -1.5113651600e-02
2.9659863946e-02 -1.5667748200e-02
2.9750566893e-02 -1.7484923400e-02
2.9841269841e-02 -2.0946213400e-02
2.9931972789e-02 -2.6039087800e-02
3.0022675737e-02 -3.2739477400e-02
3.0113378685e-02 -4.0603414600e-02
3.0204081633e-02 -4.9362563000e-02
3.0294784580e-02 -5.8983610800e-02
3.0385487528e-02 -6.9065551000e-02
3.0476190476e-02 -7.8875472400e-02
3.0566893424e-02 -8.7968158800e-02
3.0657596372e-02 -9.6550931000e-02
3.0748299320e-02 -1.0412753100e-01
3.0839002268e-02 -1.0994959160e-01
3.0929705215e-02 -1.1457408600e-01
3.1020408163e-02 -1.1774377400e-01
3.1111111111e-02 -1.1954593800e-01
3.1201814059e-02 -1.1996174800e-01
3.1292517007e-02 -1.1924643400e-01
3.1383219955e-02 -1.1751420600e-01
3.1473922902e-02 -1.1538407600e-01
3.1564625850e-02 -1.1294542800e-01
3.1655328798e-02 -1.1013681400e-01
3.1746031746e-02 -1.0871200000e-01
3.1836734694e-02 -1.0897462400e-01
3.1927437642e-02 -1.0618262700e-01
3.2018140590e-02 -1.0281911200e-01
3.2108843537e-02 -9.9864539000e-02
3.2199546485e-02 -9.5655405800e-02
3.2290249433e-02 -8.9935840600e-02
3.2380952381e-02 -8.7306088200e-02
3.2471655329e-02 -8.5542285200e-02
3.2562358277e-02 -8.3882123600e-02
3.2653061224e-02 -8.2496051200e-02
3.2743764172e-02 -8.1066689600e-02
3.2834467120e-02 -7.9730013400e-02
3.2925170068e-02 -7.7631077600e-02
3.3015873016e-02 -7.5764552800e-02
3.3106575964e-02 -7.4207881000e-02
3.3197278912e-02 -7.2504124600e-02
3.3287981859e-02 -7.0917598000e-02
3.3378684807e-02 -6.9360409000e-02
3.3469387755e-02 -6.6519481200e-02
3.3560090703e-02 -6.2370320000e-02
3.3650793651e-02 -5.7015245600e-02
3.3741496599e-02 -4.9716528400e-02
3.3832199546e-02 -4.0695802200e-02
3.3922902494e-02 -2.9949885640e-02
3.4013605442e-02 -1.7848525640e-02
3.4104308390e-02 -4.9660390400e-03
3.4195011338e-02 7.3299593600e-03
3.4285714286e-02 1.7855010160e-02
3.4376417234e-02 2.6316530600e-02
3.4467120181e-02 3.1206454800e-02
3.4557823129e-02 3.1988769600e-02
3.4648526077e-02 2.8984858000e-02
3.4739229025e-02 2.2682465760e-02
3.4829931973e-02 1.2689070160e-02
3.4920634921e-02 4.4379896000e-04
3.5011337868e-02 -1.3556694640e-02
3.5102040816e-02 -2.8312002840e-02
3.5192743764e-02 -4.3148606400e-02
3.5283446712e-02 -5.7160708400e-02
3.5374149660e-02 -6.9646760200e-02
3.5464852608e-02 -7.9836882800e-02
3.5555555556e-02 -8.7656996200e-02
3.5646258503e-02 -9.2990132800e-02
3.5736961451e-02 -9.6062687800e-02
3.5827664399e-02 -9.6467667400e-02
3.5918367347e-02 -9.4634186000e-02
3.6009070295e-02 -9.0710299400e-02
3.6099773243e-02 -8.4794749200e-02
3.6190476190e-02 -7.7335389200e-02
3.6281179138e-02 -6.8839809600e-02
3.6371882086e-02 -5.8910875400e-02
3.6462585034e-02 -4.8316908400e-02
3.6553287982e-02 -3.6900873800e-02
3.6643990930e-02 -2.5131810940e-02
3.6734693878e-02 -1.3739186060e-02
3.6825396825e-02 -3.2199344600e-03
3.6916099773e-02 6.8057785400e-03
3.7006802721e-02 1.5329873340e-02
3.7097505669e-02 2.2675888680e-02
3.7188208617e-02 2.9177592800e-02
3.7278911565e-02 3.4837082600e-02
3.7369614512e-02 3.9318705000e-02
3.7460317460e-02 4.2909205400e-02
3.7551020408e-02 4.5290950000e-02
3.7641723356e-02 4.6613465200e-02
3.7732426304e-02 4.7053062800e-02
3.7823129252e-02 4.6876275600e-02
3.7913832200e-02 4.6772403200e-02
3.8004535147e-02 4.7267142200e-02
3.8095238095e-02 4.8360136200e-02
3.8185941043e-02 5.0447583800e-02
3.8276643991e-02 5.3661839200e-02
3.8367346939e-02 5.7226932000e-02
3.8458049887e-02 6.1267733200e-02
3.8548752834e-02 6.6149544400e-02
3.8639455782e-02 7.0573771200e-02
3.8730158730e-02 7.4333809000e-02
3.8820861678e-02 7.8137850400e-02
3.8911564626e-02 8.1981377000e-02
3.9002267574e-02 8.4831594600e-02
3.9092970522e-02 8.7168857400e-02
3.9183673469e-02 8.9036253000e-02
3.9274376417e-02 9.0181113000e-02
3.9365079365e-02 9.0591762400e-02
3.9455782313e-02 9.0608549400e-02
3.9546485261e-02 9.0289689800e-02
3.9637188209e-02 8.9201610400e-02
3.9727891156e-02 8.7186940800e-02
3.9818594104e-02 8.4234415400e-02
3.9909297052e-02 7.9407195200e-02
4.0000000000e-02 7.3030065600e-02
4.0090702948e-02 6.5454267600e-02
4.0181405896e-02 5.7072383800e-02
4.0272108844e-02 4.8016796800e-02
4.0362811791e-02 4.0073938400e-02
4.0453514739e-02 3.3104410800e-02
4.0544217687e-02 2.8006675800e-02
4.0634920635e-02 2.4950234400e-02
4.0725623583e-02 2.4213380800e-02
4.0816326531e-02 2.5826283800e-02
4.0907029478e-02 3.0267165200e-02
4.0997732426e-02 3.7313569200e-02
4.1088435374e-02 4.6299635600e-02
4.1179138322e-02 5.6802696000e-02
4.1269841270e-02 6.8084301600e-02
4.1360544218e-02 7.9371762400e-02
4.1451247166e-02 9.0239803600e-02
4.1541950113e-02 1.0059012280e-01
4.1632653061e-02 1.0993333380e-01
4.1723356009e-02 1.1805929800e-01
4.1814058957e-02 1.2531492000e-01
4.1904761905e-02 1.3124658200e-01
4.1995464853e-02 1.3557752800e-01
4.2086167800e-02 1.3925594800e-01
4.2176870748e-02 1.4243400800e-01
4.2267573696e-02 1.4446226000e-01
4.2358276644e-02 1.4543797200e-01
4.2448979592e-02 1.4541034600e-01
4.2539682540e-02 1.4374776400e-01
4.2630385488e-02 1.3969955800e-01
4.2721088435e-02 1.3437794400e-01
4.2811791383e-02 1.2799736800e-01
4.2902494331e-02 1.2102033400e-01
4.2993197279e-02 1.1384284000e-01
4.3083900227e-02 1.0760455440e-01
4.3174603175e-02 1.0219558100e-01
4.3265306122e-02 9.7474460400e-02
4.3356009070e-02 9.4231109200e-02
4.3446712018e-02 9.1835211000e-02
4.3537414966e-02 9.0015163200e-02
4.3628117914e-02 8.8235354600e-02
4.3718820862e-02 8.6806200600e-02
4.3809523810e-02 8.4915300200e-02
4.3900226757e-02 8.2694877800e-02
4.3990929705e-02 8.0405822400e-02
4.4081632653e-02 7.7998434800e-02
4.4172335601e-02 7.5017780000e-02
4.4263038549e-02 7.0000005000e-02
4.4353741497e-02 6.3856698000e-02
4.4444444444e-02 5.8721562400e-02
4.4535147392e-02 5.2345963400e-02
4.4625850340e-02 4.5779294600e-02
4.4716553288e-02 4.0047833200e-02
4.4807256236e-02 3.3748613200e-02
4.4897959184e-02 2.5396969120e-02
4.4988662132e-02 1.7416267184e-02
4.5079365079e-02 8.0776391840e-03
4.5170068027e-02 -1.3474394160e-03
4.5260770975e-02 -9.9713626160e-03
4.5351473923e-02 -1.8545320536e-02
4.5442176871e-02 -2.7198163800e-02
4.5532879819e-02 -3.4273791200e-02
4.5623582766e-02 -4.0192231000e-02
4.5714285714e-02 -4.5338039400e-02
4.5804988662e-02 -4.9128100400e-02
4.5895691610e-02 -5.1289061000e-02
4.5986394558e-02 -5.2586602600e-02
4.6077097506e-02 -5.3152556800e-02
4.6167800454e-02 -5.2461161200e-02
4.6258503401e-02 -5.1257818000e-02
4.6349206349e-02 -4.9320040400e-02
4.6439909297e-02 -4.6509608400e-02
4.6530612245e-02 -4.2996955600e-02
4.6621315193e-02 -3.9291194400e-02
4.6712018141e-02 -3.4970607000e-02
4.6802721088e-02 -3.0283896600e-02
4.6893424036e-02 -2.5883981600e-02
4.6984126984e-02 -2.1768435400e-02
4.7074829932e-02 -1.7552598200e-02
4.7165532880e-02 -1.4211787240e-02
4.7256235828e-02 -1.1915501680e-02
4.7346938776e-02 -1.0335974660e-02
4.7437641723e-02 -9.8768768600e-03
4.7528344671e-02 -1.1266091260e-02
4.7619047619e-02 -1.3876025220e-02
4.7709750567e-02 -1.7728453580e-02
4.7800453515e-02 -2.3004360800e-02
4.7891156463e-02 -2.9653994600e-02
4.7981859410e-02 -3.6986904600e-02
4.8072562358e-02 -4.5178865400e-02
4.8163265306e-02 -5.3670842600e-02
4.8253968254e-02 -6.2166339800e-02
4.8344671202e-02 -7.0275748200e-02
4.8435374150e-02 -7.8432932000e-02
4.8526077098e-02 -8.6287541400e-02
4.8616780045e-02 -9.3559799000e-02
4.8707482993e-02 -1.0040485340e-01
4.8798185941e-02 -1.0651311540e-01
4.8888888889e-02 -1.1132079400e-01
4.8979591837e-02 -1.1506400200e-01
4.9070294785e-02 -1.1847429200e-01
4.9160997732e-02 -1.2100501200e-01
4.9251700680e-02 -1.2310940200e-01
4.9342403628e-02 -1.2516549400e-01
4.9433106576e-02 -1.2695075600e-01
4.9523809524e-02 -1.2857724600e-01
4.9614512472e-02 -1.3041981600e-01
4.9705215420e-02 -1.3239090400e-01
4.9795918367e-02 -1.3415358800e-01
4.9886621315e-02 -1.3566580000e-01
4.9977324263e-02 -1.3681527200e-01
5.0068027211e-02 -1.3734646000e-01
5.0158730159e-02 -1.3690701600e-01
5.0249433107e-02 -1.3559663600e-01
5.0340136054e-02 -1.3355579600e-01
5.0430839002e-02 -1.3087095600e-01
5.0521541950e-02 -1.2745030000e-01
5.0612244898e-02 -1.2352651200e-01
5.0702947846e-02 -1.1974552200e-01
5.0793650794e-02 -1.1592174600e-01
5.0884353741e-02 -1.1162076800e-01
5.0975056689e-02 -1.0706759240e-01
5.1065759637e-02 -1.0234403580e-01
5.1156462585e-02 -9.6335547200e-02
5.1247165533e-02 -8.9329610800e-02
5.1337868481e-02 -8.1801217000e-02
5.1428571429e-02 -7.2944233400e-02
5.1519274376e-02 -6.2512550400e-02
5.1609977324e-02 -5.1296690400e-02
5.1700680272e-02 -3.9697291600e-02
5.1791383220e-02 -2.7350413600e-02
5.1882086168e-02 -1.5634133020e-02
5.1972789116e-02 -5.2853810200e-03
5.2063492063e-02 3.6023865800e-03
5.2154195011e-02 1.0835549380e-02
5.2244897959e-02 1.5358590780e-02
5.2335600907e-02 1.7502156400e-02
5.2426303855e-02 1.7197643800e-02
5.2517006803e-02 1.4053387660e-02
5.2607709751e-02 8.5703287000e-03
5.2698412698e-02 1.4680345000e-03
5.2789115646e-02 -7.2827851000e-03
5.2879818594e-02 -1.7142931900e-02
5.2970521542e-02 -2.7105551960e-02
5.3061224490e-02 -3.7716712600e-02
5.3151927438e-02 -4.8147266800e-02
5.3242630385e-02 -5.7710062800e-02
5.3333333333e-02 -6.5984260600e-02
5.3424036281e-02 -7.3551243000e-02
5.3514739229e-02 -7.9178736800e-02
5.3605442177e-02 -8.3419103600e-02
5.3696145125e-02 -8.6203786200e-02
5.3786848073e-02 -8.7437635000e-02
5.3877551020e-02 -8.7020107600e-02
5.3968253968e-02 -8.5014548200e-02
5.4058956916e-02 -8.0828361800e-02
5.4149659864e-02 -7.4929759800e-02
5.4240362812e-02 -6.7530062200e-02
5.4331065760e-02 -5.8821331400e-02
5.4421768707e-02 -4.9566106600e-02
5.4512471655e-02 -4.0653514800e-02
5.4603174603e-02 -3.1540982400e-02
5.4693877551e-02 -2.3213524080e-02
5.4784580499e-02 -1.5761980380e-02
5.4875283447e-02 -8.3915351600e-03
5.4965986395e-02 -1.4433363600e-03
5.5056689342e-02 4.2196958400e-03
5.5147392290e-02 9.3543531200e-03
5.5238095238e-02 1.4240072420e-02
5.5328798186e-02 1.8562145400e-02
5.5419501134e-02 2.2857714600e-02
5.5510204082e-02 2.7894159000e-02
5.5600907029e-02 3.3233685400e-02
5.5691609977e-02 3.8884531200e-02
5.5782312925e-02 4.5263361200e-02
5.5873015873e-02 5.2177174600e-02
5.5963718821e-02 5.9743117800e-02
5.6054421769e-02 6.6722095400e-02
5.6145124717e-02 7.3741577600e-02
5.6235827664e-02 8.0187233600e-02
5.6326530612e-02 8.5735700000e-02
5.6417233560e-02 8.9640771600e-02
5.6507936508e-02 9.2598643600e-02
5.6598639456e-02 9.4418418200e-02
5.6689342404e-02 9.5411730800e-02
5.6780045351e-02 9.1567147800e-02
5.6870748299e-02 8.7418971400e-02
5.6961451247e-02 8.5551463400e-02
5.7052154195e-02 8.2511567600e-02
5.7142857143e-02 7.8061085000e-02
5.7233560091e-02 7.6934991400e-02
5.7324263039e-02 7.4167208800e-02
5.7414965986e-02 6.8409587600e-02
5.7505668934e-02 6.3042347600e-02
5.7596371882e-02 5.8189076000e-02
5.7687074830e-02 5.3750340000e-02
5.7777777778e-02 4.9921178400e-02
5.7868480726e-02 4.6769959000e-02
5.7959183673e-02 4.3933532400e-02
5.8049886621e-02 4.1661368600e-02
5.8140589569e-02 3.9683577600e-02
5.8231292517e-02 3.8111268800e-02
5.8321995465e-02 3.6725777000e-02
5.8412698413e-02 3.6084537000e-02
5.8503401361e-02 3.5837207800e-02
5.8594104308e-02 3.6704608200e-02
5.8684807256e-02 3.8831660600e-02
5.8775510204e-02 4.2221830000e-02
5.8866213152e-02 4.6653036400e-02
5.8956916100e-02 5.2204182400e-02
5.9047619048e-02 5.7531885800e-02
5.9138321995e-02 6.3215791200e-02
5.9229024943e-02 6.8494974600e-02
5.9319727891e-02 7.3088320400e-02
5.9410430839e-02 7.7875326400e-02
5.9501133787e-02 8.3203856200e-02
5.9591836735e-02 8.7943790200e-02
5.9682539683e-02 9.2780285000e-02
5.9773242630e-02 9.8455207800e-02
5.9863945578e-02 1.0335395540e-01
5.9954648526e-02 1.0816080340e-01
6.0045351474e-02 1.1348489600e-01
6.0136054422e-02 1.1898238200e-01
6.0226757370e-02 1.2410605000e-01
6.0317460317e-02 1.2897012400e-01
6.0408163265e-02 1.3286958600e-01
6.0498866213e-02 1.3522346600e-01
6.0589569161e-02 1.3629731800e-01
6.0680272109e-02 1.3555374200e-01
6.0770975057e-02 1.3321773600e-01
6.0861678005e-02 1.2929165400e-01
6.0952380952e-02 1.2519194600e-01
6.1043083900e-02 1.2036208000e-01
6.1133786848e-02 1.1507479600e-01
6.1224489796e-02 1.0969215720e-01
6.1315192744e-02 1.0497101280e-01
6.1405895692e-02 1.0013856020e-01
6.1496598639e-02 9.5470947200e-02
6.1587301587e-02 9.0788508400e-02
6.1678004535e-02 8.6454402800e-02
6.1768707483e-02 8.1954262200e-02
6.1859410431e-02 7.7144471600e-02
6.1950113379e-02 7.1989150200e-02
6.2040816327e-02 6.6670374200e-02
6.2131519274e-02 6.1274894400e-02
6.2222222222e-02 5.5544165400e-02
6.2312925170e-02 4.9499112000e-02
6.2403628118e-02 4.3841537200e-02
6.2494331066e-02 3.8420306600e-02
6.2585034014e-02 3.2762929200e-02
6.2675736961e-02 2.7302578200e-02
6.2766439909e-02 2.2293289000e-02
6.2857142857e-02 1.7232418840e-02
6.2947845805e-02 1.2859277240e-02
6.3038548753e-02 8.5305474020e-03
6.3129251701e-02 4.5424063220e-03
6.3219954649e-02 1.0852174420e-03
6.3310657596e-02 -1.9269690380e-03
6.3401360544e-02 -4.8036490780e-03
6.3492063492e-02 -7.4290058400e-03
6.3582766440e-02 -9.6209039600e-03
6.3673469388e-02 -1.1561997880e-02
6.3764172336e-02 -1.3486924040e-02
6.3854875283e-02 -1.5510525200e-02
6.3945578231e-02 -1.6837090200e-02
6.4036281179e-02 -1.8226107600e-02
6.4126984127e-02 -1.9510445800e-02
6.4217687075e-02 -2.0486239400e-02
6.4308390023e-02 -2.0886029800e-02
6.4399092971e-02 -2.0864480200e-02
6.4489795918e-02 -2.0005351000e-02
6.4580498866e-02 -1.8571061200e-02
6.4671201814e-02 -1.5971450500e-02
6.4761904762e-02 -1.2362405360e-02
6.4852607710e-02 -7.9694713400e-03
6.4943310658e-02 -3.5621445200e-03
6.5034013605e-02 1.0736426400e-03
6.5124716553e-02 5.2813953400e-03
6.5215419501e-02 8.6371798000e-03
6.5306122449e-02 1.0803125780e-02
6.5396825397e-02 1.2075445960e-02
6.5487528345e-02 1.1877608020e-02
6.5578231293e-02 9.7057815400e-03
6.5668934240e-02 6.0045543200e-03
6.5759637188e-02 9.2733472000e-04
6.5850340136e-02 -5.5638858800e-03
6.5941043084e-02 -1.3180197700e-02
6.6031746032e-02 -2.1183585020e-02
6.6122448980e-02 -2.9686423600e-02
6.6213151927e-02 -3.8904432000e-02
6.6303854875e-02 -4.8053213600e-02
6.6394557823e-02 -5.6767494200e-02
6.6485260771e-02 -6.5429138400e-02
6.6575963719e-02 -7.3725759000e-02
6.6666666667e-02 -8.1399934200e-02
6.6757369615e-02 -8.8661720600e-02
6.6848072562e-02 -9.5797374400e-02
6.6938775510e-02 -1.0195007620e-01
6.7029478458e-02 -1.0792413680e-01
6.7120181406e-02 -1.1367654400e-01
6.7210884354e-02 -1.1918883200e-01
6.7301587302e-02 -1.2397781000e-01
6.7392290249e-02 -1.2879609400e-01
6.7482993197e-02 -1.3258674800e-01
6.7573696145e-02 -1.3591288800e-01
6.7664399093e-02 -1.3835143800e-01
6.7755102041e-02 -1.4042445000e-01
6.7845804989e-02 -1.4246914600e-01
6.7936507937e-02 -1.4391171200e-01
6.8027210884e-02 -1.4435359600e-01
6.8117913832e-02 -1.4446996200e-01
6.8208616780e-02 -1.4366576400e-01
6.8299319728e-02 -1.4147242000e-01
6.8390022676e-02 -1.3918719200e-01
6.8480725624e-02 -1.3641288800e-01
6.8571428571e-02 -1.3236523600e-01
6.8662131519e-02 -1.2752242400e-01
6.8752834467e-02 -1.2202492000e-01
6.8843537415e-02 -1.1622796000e-01
6.8934240363e-02 -1.0970594700e-01
6.9024943311e-02 -1.0315686940e-01
6.9115646259e-02 -9.6996235400e-02
6.9206349206e-02 -9.0115729400e-02
6.9297052154e-02 -8.6414996200e-02
6.9387755102e-02 -8.0421529000e-02
6.9478458050e-02 -7.2543767600e-02
6.9569160998e-02 -6.4853234800e-02
6.9659863946e-02 -5.7744718400e-02
6.9750566893e-02 -4.7392997000e-02
6.9841269841e-02 -4.0035075600e-02
6.9931972789e-02 -3.5611214800e-02
7.0022675737e-02 -3.1702242400e-02
7.0113378685e-02 -2.9152241400e-02
7.0204081633e-02 -2.7743781400e-02
7.0294784580e-02 -2.7516513800e-02
7.0385487528e-02 -2.8612236800e-02
7.0476190476e-02 -3.0901635200e-02
7.0566893424e-02 -3.4035955200e-02
7.0657596372e-02 -3.7845819600e-02
7.0748299320e-02 -4.2251775200e-02
7.0839002268e-02 -4.7072014000e-02
7.0929705215e-02 -5.2379496200e-02
7.1020408163e-02 -5.8022613600e-02
7.1111111111e-02 -6.3672510800e-02
7.1201814059e-02 -6.9574541800e-02
7.1292517007e-02 -7.4936408800e-02
7.1383219955e-02 -7.9427205400e-02
7.1473922902e-02 -8.3109787000e-02
7.1564625850e-02 -8.6007921200e-02
7.1655328798e-02 -8.7724422200e-02
7.1746031746e-02 -8.8139746400e-02
7.1836734694e-02 -8.7321773800e-02
7.1927437642e-02 -8.5150153200e-02
7.2018140590e-02 -8.1550297600e-02
7.2108843537e-02 -7.6538054000e-02
7.2199546485e-02 -7.0603625800e-02
7.2290249433e-02 -6.4620080800e-02
7.2380952381e-02 -5.8190974600e-02
7.2471655329e-02 -5.1521294000e-02
7.2562358277e-02 -4.5128810200e-02
7.2653061224e-02 -3.9120431600e-02
7.2743764172e-02 -3.2905185400e-02
7.2834467120e-02 -2.6911038600e-02
7.2925170068e-02 -2.1177862300e-02
7.3015873016e-02 -1.4564035680e-02
7.3106575964e-02 -7.4431332800e-03
7.3197278912e-02 2.8575472000e-04
7.3287981859e-02 8.8931315200e-03
7.3378684807e-02 1.8538022420e-02
7.3469387755e-02 2.8427467400e-02
7.3560090703e-02 3.8864982000e-02
7.3650793651e-02 4.9874414400e-02
7.3741496599e-02 6.0564659600e-02
7.3832199546e-02 6.9914098400e-02
7.3922902494e-02 7.8387123200e-02
7.4013605442e-02 8.5812226000e-02
7.4104308390e-02 9.1214192400e-02
7.4195011338e-02 9.5100268400e-02
7.4285714286e-02 9.7984877400e-02
7.4376417234e-02 9.9427901200e-02
7.4467120181e-02 9.9132699000e-02
7.4557823129e-02 9.8086328600e-02
7.4648526077e-02 9.5954281600e-02
7.4739229025e-02 9.2351364400e-02
7.4829931973e-02 8.8243778400e-02
7.4920634921e-02 8.4378740200e-02
7.5011337868e-02 7.9675234200e-02
7.5102040816e-02 7.4601566600e-02
7.5192743764e-02 7.0052897200e-02
7.5283446712e-02 6.5863330200e-02
7.5374149660e-02 6.1422302200e-02
7.5464852608e-02 5.8032566400e-02
7.5555555556e-02 5.5848134000e-02
7.5646258503e-02 5.4601202000e-02
7.5736961451e-02 5.3616737200e-02
7.5827664399e-02 5.3668675600e-02
7.5918367347e-02 5.4299162800e-02
7.6009070295e-02 5.4851168000e-02
7.6099773243e-02 5.5647722600e-02
7.6190476190e-02 5.6121640200e-02
7.6281179138e-02 5.5970365800e-02
7.6371882086e-02 5.5160205800e-02
7.6462585034e-02 5.3913103400e-02
7.6553287982e-02 5.2054664800e-02
7.6643990930e-02 5.0101255600e-02
7.6734693878e-02 4.8032597200e-02
7.6825396825e-02 4.6254677000e-02
7.6916099773e-02 4.5059568200e-02
7.7006802721e-02 4.4140113800e-02
7.7097505669e-02 4.3820706400e-02
7.7188208617e-02 4.4705874200e-02
7.7278911565e-02 4.6590852800e-02
7.7369614512e-02 4.9170187000e-02
7.7460317460e-02 5.3181920000e-02
7.7551020408e-02 5.8743999400e-02
7.7641723356e-02 6.4874671600e-02
7.7732426304e-02 7.1950843200e-02
7.7823129252e-02 7.9672806800e-02
7.7913832200e-02 8.8214574800e-02
7.8004535147e-02 9.7441467000e-02
7.8095238095e-02 1.0685223440e-01
7.8185941043e-02 1.1565458680e-01
7.8276643991e-02 1.2414717200e-01
7.8367346939e-02 1.3119935600e-01
7.8458049887e-02 1.3637125000e-01
7.8548752834e-02 1.3943759200e-01
7.8639455782e-02 1.4016658400e-01
7.8730158730e-02 1.3872987600e-01
7.8820861678e-02 1.3534968200e-01
7.8911564626e-02 1.3019343000e-01
7.9002267574e-02 1.2374403400e-01
7.9092970522e-02 1.1704115400e-01
7.9183673469e-02 1.0961524700e-01
7.9274376417e-02 1.0145039900e-01
7.9365079365e-02 9.3481078800e-02
7.9455782313e-02 8.6344919000e-02
7.9546485261e-02 7.8957101000e-02
7.9637188209e-02 7.2207571000e-02
7.9727891156e-02 6.6658229800e-02
7.9818594104e-02 6.1346093800e-02
7.9909297052e-02 5.6091460200e-02
8.0000000000e-02 5.2082676200e-02
8.0090702948e-02 4.8568858400e-02
8.0181405896e-02 4.5385633400e-02
8.0272108844e-02 4.3084209200e-02
8.0362811791e-02 4.1862783000e-02
8.0453514739e-02 4.1113662600e-02
8.0544217687e-02 4.0955913600e-02
8.0634920635e-02 4.0878883800e-02
8.0725623583e-02 4.0454335000e-02
8.0816326531e-02 3.9971478400e-02
8.0907029478e-02 3.8789182400e-02
8.0997732426e-02 3.6982806000e-02
8.1088435374e-02 3.4726996800e-02
8.1179138322e-02 3.1958927200e-02
8.1269841270e-02 2.7794710800e-02
8.1360544218e-02 2.3073150200e-02
8.1451247166e-02 1.7848032680e-02
8.1541950113e-02 1.1918120380e-02
8.1632653061e-02 6.2963755400e-03
8.1723356009e-02 7.1272094000e-04
8.1814058957e-02 -8.0427464600e-03
8.1904761905e-02 -1.3497713540e-02
8.1995464853e-02 -1.6929084440e-02
8.2086167800e-02 -2.0072234600e-02
8.2176870748e-02 -2.1877690000e-02
8.2267573696e-02 -1.8941197600e-02
8.2358276644e-02 -1.7757371200e-02
8.2448979592e-02 -1.6474977400e-02
8.2539682540e-02 -1.4018632720e-02
8.2630385488e-02 -1.1049859040e-02
8.2721088435e-02 -7.3909059200e-03
8.2811791383e-02 -3.1373610800e-03
8.2902494331e-02 1.5263257200e-03
8.2993197279e-02 5.7303236400e-03
8.3083900227e-02 1.0043569960e-02
8.3174603175e-02 1.3942795440e-02
8.3265306122e-02 1.6637659000e-02
8.3356009070e-02 1.7848709200e-02
8.3446712018e-02 1.7989048200e-02
8.3537414966e-02 1.6607102400e-02
8.3628117914e-02 1.2963237740e-02
8.3718820862e-02 7.9360407400e-03
8.3809523810e-02 1.9800603400e-03
8.3900226757e-02 -5.2702562600e-03
8.3990929705e-02 -1.3457685660e-02
8.4081632653e-02 -2.2328459200e-02
8.4172335601e-02 -3.1714984600e-02
8.4263038549e-02 -4.1395149800e-02
8.4353741497e-02 -5.0925058600e-02
8.4444444444e-02 -6.0696499200e-02
8.4535147392e-02 -6.9948908000e-02
8.4625850340e-02 -7.8371565600e-02
8.4716553288e-02 -8.6556226400e-02
8.4807256236e-02 -9.4611472800e-02
8.4897959184e-02 -1.0167473640e-01
8.4988662132e-02 -1.0831592000e-01
8.5079365079e-02 -1.1482457800e-01
8.5170068027e-02 -1.2059628800e-01
8.5260770975e-02 -1.2558742400e-01
8.5351473923e-02 -1.3010958800e-01
8.5442176871e-02 -1.3386240600e-01
8.5532879819e-02 -1.3699002400e-01
8.5623582766e-02 -1.4024665400e-01
8.5714285714e-02 -1.4302028800e-01
8.5804988662e-02 -1.4563319000e-01
8.5895691610e-02 -1.4809013600e-01
8.5986394558e-02 -1.4989393000e-01
8.6077097506e-02 -1.5092942400e-01
8.6167800454e-02 -1.5144301400e-01
8.6258503401e-02 -1.5125078600e-01
8.6349206349e-02 -1.4989328200e-01
8.6439909297e-02 -1.4806889400e-01
8.6530612245e-02 -1.4542186400e-01
8.6621315193e-02 -1.4194563600e-01
8.6712018141e-02 -1.3791088000e-01
8.6802721088e-02 -1.3354801600e-01
8.6893424036e-02 -1.2841012800e-01
8.6984126984e-02 -1.2293666000e-01
8.7074829932e-02 -1.1735603800e-01
8.7165532880e-02 -1.1192808600e-01
8.7256235828e-02 -1.0654767620e-01
8.7346938776e-02 -1.0105355000e-01
8.7437641723e-02 -9.5388432200e-02
8.7528344671e-02 -8.9549585200e-02
8.7619047619e-02 -8.3060448600e-02
8.7709750567e-02 -7.6658124600e-02
8.7800453515e-02 -7.1066710600e-02
8.7891156463e-02 -6.5895811800e-02
8.7981859410e-02 -6.1296023200e-02
8.8072562358e-02 -5.7406543200e-02
8.8163265306e-02 -5.4654844800e-02
8.8253968254e-02 -5.2246371400e-02
8.8344671202e-02 -5.0885253600e-02
8.8435374150e-02 -5.0262809000e-02
8.8526077098e-02 -5.0828560600e-02
8.8616780045e-02 -5.2117303800e-02
8.8707482993e-02 -5.4104046400e-02
8.8798185941e-02 -5.6506687200e-02
8.8888888889e-02 -5.9734542800e-02
8.8979591837e-02 -6.3206737200e-02
8.9070294785e-02 -6.6298562600e-02
8.9160997732e-02 -6.9359010400e-02
8.9251700680e-02 -7.2268269600e-02
8.9342403628e-02 -7.4308283000e-02
8.9433106576e-02 -7.5999068400e-02
8.9523809524e-02 -7.7046234000e-02
8.9614512472e-02 -7.7614946600e-02
8.9705215420e-02 -7.6948642000e-02
8.9795918367e-02 -7.5259988000e-02
8.9886621315e-02 -7.2432675800e-02
8.9977324263e-02 -6.8683450600e-02
9.0068027211e-02 -6.4320690000e-02
9.0158730159e-02 -5.9476550400e-02
9.0249433107e-02 -5.4238609400e-02
9.0340136054e-02 -4.8260214400e-02
9.0430839002e-02 -4.1945266200e-02
9.0521541950e-02 -3.4960218800e-02
9.0612244898e-02 -2.7968892200e-02
9.0702947846e-02 -2.0913672300e-02
9.0793650794e-02 -1.4104275108e-02
9.0884353741e-02 -7.5525564480e-03
9.0975056689e-02 -4.5874684800e-04
9.1065759637e-02 7.2346877520e-03
9.1156462585e-02 1.4891388252e-02
9.1247165533e-02 2.2803765660e-02
9.1337868481e-02 3.1144954600e-02
9.1428571429e-02 3.8936102200e-02
9.1519274376e-02 4.6551565600e-02
9.1609977324e-02 5.4316983200e-02
9.1700680272e-02 6.1279003600e-02
9.1791383220e-02 6.7702776400e-02
9.1882086168e-02 7.3540947000e-02
9.1972789116e-02 7.8191566600e-02
9.2063492063e-02 8.1712852200e-02
9.2154195011e-02 8.4800991200e-02
9.2244897959e-02 8.7108222000e-02
9.2335600907e-02 8.8479275600e-02
9.2426303855e-02 8.9449212600e-02
9.2517006803e-02 8.9679094400e-02
9.2607709751e-02 9.0010068600e-02
9.2698412698e-02 8.9636347000e-02
9.2789115646e-02 8.8985664600e-02
9.2879818594e-02 8.7737206000e-02
9.2970521542e-02 8.6955183400e-02
9.3061224490e-02 8.5133514800e-02
9.3151927438e-02 8.3229164400e-02
9.3242630385e-02 8.1480303400e-02
9.3333333333e-02 7.9617698400e-02
9.3424036281e-02 7.7141543400e-02
9.3514739229e-02 7.4909104800e-02
9.3605442177e-02 7.3057822000e-02
9.3696145125e-02 7.1205899600e-02
9.3786848073e-02 6.9859326400e-02
9.3877551020e-02 6.8577460400e-02
9.3968253968e-02 6.7117471800e-02
9.4058956916e-02 6.5539017400e-02
9.4149659864e-02 6.3965163000e-02
9.4240362812e-02 6.0617663800e-02
9.4331065760e-02 5.3538457600e-02
9.4421768707e-02 4.9979326200e-02
9.4512471655e-02 4.6116831400e-02
9.4603174603e-02 4.1526821200e-02
9.4693877551e-02 3.8136439000e-02
9.4784580499e-02 3.8390057200e-02
9.4875283447e-02 3.5488616800e-02
9.4965986395e-02 3.3398434200e-02
9.5056689342e-02 3.2354320000e-02
9.5147392290e-02 3.2749133800e-02
9.5238095238e-02 3.4284401000e-02
9.5328798186e-02 3.7213122800e-02
9.5419501134e-02 4.0902192200e-02
9.5510204082e-02 4.5532786800e-02
9.5600907029e-02 5.0923390800e-02
9.5691609977e-02 5.6933859400e-02
9.5782312925e-02 6.3187441400e-02
9.5873015873e-02 7.0047965400e-02
9.5963718821e-02 7.7531607800e-02
9.6054421769e-02 8.4342574200e-02
9.6145124717e-02 9.1243792400e-02
9.6235827664e-02 9.7948477600e-02
9.6326530612e-02 1.0375893420e-01
9.6417233560e-02 1.0814890180e-01
9.6507936508e-02 1.1173731000e-01
9.6598639456e-02 1.1348951000e-01
9.6689342404e-02 1.1308410400e-01
9.6780045351e-02 1.1082865200e-01
9.6870748299e-02 1.0723261580e-01
9.6961451247e-02 1.0255961120e-01
9.7052154195e-02 9.6875480800e-02
9.7142857143e-02 9.0995280800e-02
9.7233560091e-02 8.5385758200e-02
9.7324263039e-02 8.0332588200e-02
9.7414965986e-02 7.5605069800e-02
9.7505668934e-02 7.1625801200e-02
9.7596371882e-02 6.8706615800e-02
9.7687074830e-02 6.6479607800e-02
9.7777777778e-02 6.4961369000e-02
9.7868480726e-02 6.4184489800e-02
9.7959183673e-02 6.3935523400e-02
9.8049886621e-02 6.4128839600e-02
9.8140589569e-02 6.4490777000e-02
9.8231292517e-02 6.4490432600e-02
9.8321995465e-02 6.4767356200e-02
9.8412698413e-02 6.5223310800e-02
9.8503401361e-02 6.4968478800e-02
9.8594104308e-02 6.4039958800e-02
9.8684807256e-02 6.2642933400e-02
9.8775510204e-02 6.0574094000e-02
9.8866213152e-02 5.7709815200e-02
9.8956916100e-02 5.4282959800e-02
9.9047619048e-02 5.0315207800e-02
9.9138321995e-02 4.5699222600e-02
9.9229024943e-02 4.0488244800e-02
9.9319727891e-02 3.4659262000e-02
9.9410430839e-02 2.8238788400e-02
9.9501133787e-02 2.1990749740e-02
9.9591836735e-02 1.6408847640e-02
9.9682539683e-02 1.0881250940e-02
9.9773242630e-02 6.4373299436e-03
9.9863945578e-02 3.2175449236e-03
9.9954648526e-02 8.7473394360e-04
1.0004535147e-01 -1.0515026964e-03
1.0013605442e-01 -2.0926985764e-03
1.0022675737e-01 -2.3582218600e-03
1.0031746032e-01 -2.2936295800e-03
1.0040816327e-01 -1.9045373640e-03
1.0049886621e-01 -8.9188746400e-04
1.0058956916e-01 5.3615723600e-04
1.0068027211e-01 2.0024093960e-03
1.0077097506e-01 4.0720102560e-03
1.0086167800e-01 6.6314048800e-03
1.0095238095e-01 9.3745479200e-03
1.0104308390e-01 1.1969300200e-02
1.0113378685e-01 1.4647214320e-02
1.0122448980e-01 1.6799068200e-02
1.0131519274e-01 1.8192692600e-02
1.0140589569e-01 1.8707379200e-02
1.0149659864e-01 1.8672864000e-02
1.0158730159e-01 1.7637391400e-02
1.0167800454e-01 1.5582405600e-02
1.0176870748e-01 1.2640196060e-02
1.0185941043e-01 8.4640608400e-03
1.0195011338e-01 3.5986251600e-03
1.0204081633e-01 -2.3482926400e-03
1.0213151927e-01 -8.8764162400e-03
1.0222222222e-01 -1.5680319100e-02
1.0231292517e-01 -2.2594232880e-02
1.0240362812e-01 -2.9834799200e-02
1.0249433107e-01 -3.7304504600e-02
1.0258503401e-01 -4.4529342000e-02
1.0267573696e-01 -5.2004531400e-02
1.0276643991e-01 -5.9397341800e-02
1.0285714286e-01 -6.7208248600e-02
1.0294784580e-01 -7.4508449200e-02
1.0303854875e-01 -8.2396588800e-02
1.0312925170e-01 -9.1060047400e-02
1.0321995465e-01 -9.9870134800e-02
1.0331065760e-01 -1.0825896540e-01
1.0340136054e-01 -1.1690774260e-01
1.0349206349e-01 -1.2539044200e-01
1.0358276644e-01 -1.3327040200e-01
1.0367346939e-01 -1.4076925200e-01
1.0376417234e-01 -1.4789032600e-01
1.0385487528e-01 -1.5460821400e-01
1.0394557823e-01 -1.6021848800e-01
1.0403628118e-01 -1.6417258200e-01
1.0412698413e-01 -1.6698781800e-01
1.0421768707e-01 -1.6860026400e-01
1.0430839002e-01 -1.6868723400e-01
1.0439909297e-01 -1.6758661600e-01
1.0448979592e-01 -1.6545299800e-01
1.0458049887e-01 -1.6206949200e-01
1.0467120181e-01 -1.5759981400e-01
1.0476190476e-01 -1.5258491200e-01
1.0485260771e-01 -1.4737279800e-01
1.0494331066e-01 -1.4226116000e-01
1.0503401361e-01 -1.3709725800e-01
1.0512471655e-01 -1.3273560000e-01
1.0521541950e-01 -1.2830293000e-01
1.0530612245e-01 -1.2393232600e-01
1.0539682540e-01 -1.1942656800e-01
1.0548752834e-01 -1.1577036600e-01
1.0557823129e-01 -1.1201459000e-01
1.0566893424e-01 -1.0819483200e-01
1.0575963719e-01 -1.0447418020e-01
1.0585034014e-01 -1.0130252120e-01
1.0594104308e-01 -9.7539648800e-02
1.0603174603e-01 -9.3608147200e-02
1.0612244898e-01 -8.9980507800e-02
1.0621315193e-01 -8.6505173800e-02
1.0630385488e-01 -8.2983069800e-02
1.0639455782e-01 -7.9705820200e-02
1.0648526077e-01 -7.6690022400e-02
1.0657596372e-01 -7.4174770000e-02
1.0666666667e-01 -7.1251217000e-02
1.0675736961e-01 -6.9940972600e-02
1.0684807256e-01 -7.0826199600e-02
1.0693877551e-01 -6.8431208800e-02
1.0702947846e-01 -6.6340585000e-02
1.0712018141e-01 -6.4954887800e-02
1.0721088435e-01 -6.2419770800e-02
1.0730158730e-01 -5.8258952800e-02
1.0739229025e-01 -5.7726189600e-02
1.0748299320e-01 -5.7366285400e-02
1.0757369615e-01 -5.7262948600e-02
1.0766439909e-01 -5.7362220200e-02
1.0775510204e-01 -5.7217362200e-02
1.0784580499e-01 -5.6819108800e-02
1.0793650794e-01 -5.6162407800e-02
1.0802721088e-01 -5.5319067000e-02
1.0811791383e-01 -5.3774620200e-02
1.0820861678e-01 -5.1858274600e-02
1.0829931973e-01 -4.9618012200e-02
1.0839002268e-01 -4.6739808200e-02
1.0848072562e-01 -4.2852456400e-02
1.0857142857e-01 -3.7992854800e-02
1.0866213152e-01 -3.2688524000e-02
1.0875283447e-01 -2.6694618600e-02
1.0884353741e-01 -1.9676526420e-02
1.0893424036e-01 -1.1935248100e-02
1.0902494331e-01 -4.1157449000e-03
1.0911564626e-01 4.5171557000e-03
1.0920634921e-01 1.3729765300e-02
1.0929705215e-01 2.2884098320e-02
1.0938775510e-01 3.2331506600e-02
1.0947845805e-01 4.1589119800e-02
1.0956916100e-01 5.0767255200e-02
1.0965986395e-01 5.9622341200e-02
1.0975056689e-01 6.8150920000e-02
1.0984126984e-01 7.5678990200e-02
1.0993197279e-01 8.3443329000e-02
1.1002267574e-01 8.9888313600e-02
1.1011337868e-01 9.5084879400e-02
1.1020408163e-01 9.9382102600e-02
1.1029478458e-01 1.0293938040e-01
1.1038548753e-01 1.0521327800e-01
1.1047619048e-01 1.0688581400e-01
1.1056689342e-01 1.0803604000e-01
1.1065759637e-01 1.0871098000e-01
1.1074829932e-01 1.0860833400e-01
1.1083900227e-01 1.0758126000e-01
1.1092970522e-01 1.0674661600e-01
1.1102040816e-01 1.0535485000e-01
1.1111111111e-01 1.0360535600e-01
1.1120181406e-01 1.0222846000e-01
1.1129251701e-01 1.0103674220e-01
1.1138321995e-01 9.9381316400e-02
1.1147392290e-01 9.8120010000e-02
1.1156462585e-01 9.6737598600e-02
1.1165532880e-01 9.5013162000e-02
1.1174603175e-01 9.3857804800e-02
1.1183673469e-01 9.2497228000e-02
1.1192743764e-01 9.0563984800e-02
1.1201814059e-01 8.8658815600e-02
1.1210884354e-01 8.6292966600e-02
1.1219954649e-01 8.2557175600e-02
1.1229024943e-01 7.7785050800e-02
1.1238095238e-01 7.2401938600e-02
1.1247165533e-01 6.6215686400e-02
1.1256235828e-01 5.9373476000e-02
1.1265306122e-01 5.2337333800e-02
1.1274376417e-01 4.6177607400e-02
1.1283446712e-01 4.0430313200e-02
1.1292517007e-01 3.5630110400e-02
1.1301587302e-01 3.1936653200e-02
1.1310657596e-01 2.9757030600e-02
1.1319727891e-01 2.8430749800e-02
1.1328798186e-01 2.8607054600e-02
1.1337868481e-01 2.9873807200e-02
1.1346938776e-01 3.1973973400e-02
1.1356009070e-01 3.5288396600e-02
1.1365079365e-01 3.9492483200e-02
1.1374149660e-01 4.4611297600e-02
1.1383219955e-01 5.0066511600e-02
1.1392290249e-01 5.6422753200e-02
1.1401360544e-01 6.2726270800e-02
1.1410430839e-01 6.9232449000e-02
1.1419501134e-01 7.5351047000e-02
1.1428571429e-01 8.0892294400e-02
1.1437641723e-01 8.6017951600e-02
1.1446712018e-01 9.0107761200e-02
1.1455782313e-01 9.2999969400e-02
1.1464852608e-01 9.4673535400e-02
1.1473922902e-01 9.5029891600e-02
1.1482993197e-01 9.3617793400e-02
1.1492063492e-01 9.1209480200e-02
1.1501133787e-01 8.7655594800e-02
1.1510204082e-01 8.3814202800e-02
1.1519274376e-01 8.0394964600e-02
1.1528344671e-01 7.7009792800e-02
1.1537414966e-01 7.3641878800e-02
1.1546485261e-01 7.1268352400e-02
1.1555555556e-01 6.9287646800e-02
1.1564625850e-01 6.7634868000e-02
1.1573696145e-01 6.6794749800e-02
1.1582766440e-01 6.6815502800e-02
1.1591836735e-01 6.7514022400e-02
1.1600907029e-01 6.8657283400e-02
1.1609977324e-01 6.9824832200e-02
1.1619047619e-01 7.0706123800e-02
1.1628117914e-01 7.1405756800e-02
1.1637188209e-01 7.1560001200e-02
1.1646258503e-01 7.1165698200e-02
1.1655328798e-01 7.0286927200e-02
1.1664399093e-01 6.8953986400e-02
1.1673469388e-01 6.6683157000e-02
1.1682539683e-01 6.3328430200e-02
1.1691609977e-01 5.9192652400e-02
1.1700680272e-01 5.4203130000e-02
1.1709750567e-01 4.8725386000e-02
1.1718820862e-01 4.2889856600e-02
1.1727891156e-01 3.6745217000e-02
1.1736961451e-01 3.0217126000e-02
1.1746031746e-01 2.4031937800e-02
1.1755102041e-01 1.7511792500e-02
1.1764172336e-01 1.1876459080e-02
1.1773242630e-01 7.1908503140e-03
1.1782312925e-01 3.0588155340e-03
1.1791383220e-01 -7.1247246000e-05
1.1800453515e-01 -1.4477937660e-03
1.1809523810e-01 -2.3270256660e-03
1.1818594104e-01 -2.9214938200e-03
1.1827664399e-01 -2.1194101440e-03
1.1836734694e-01 -8.2747956400e-04
1.1845804989e-01 5.5479517600e-04
1.1854875283e-01 2.4917546960e-03
1.1863945578e-01 5.5558186160e-03
1.1873015873e-01 8.6514653200e-03
1.1882086168e-01 1.1525780520e-02
1.1891156463e-01 1.4813650800e-02
1.1900226757e-01 1.8275152200e-02
1.1909297052e-01 2.0702373200e-02
1.1918367347e-01 2.3304872400e-02
1.1927437642e-01 2.3178924200e-02
1.1936507937e-01 2.1730096000e-02
1.1945578231e-01 2.2441942400e-02
1.1954648526e-01 2.2486837400e-02
1.1963718821e-01 2.1223450800e-02
1.1972789116e-01 2.1540239600e-02
1.1981859410e-01 2.1355007000e-02
1.1990929705e-01 1.7340395500e-02
1.2000000000e-01 1.3117776400e-02
1.2009070295e-01 8.2501032200e-03
1.2018140590e-01 3.0892488800e-03
1.2027210884e-01 -2.5253115200e-03
1.2036281179e-01 -8.8932534200e-03
1.2045351474e-01 -1.5934536920e-02
1.2054421769e-01 -2.3294390140e-02
1.2063492063e-01 -3.1050933000e-02
1.2072562358e-01 -3.8952221600e-02
1.2081632653e-01 -4.7617502000e-02
1.2090702948e-01 -5.6617071600e-02
1.2099773243e-01 -6.6262301600e-02
1.2108843537e-01 -7.6234288200e-02
1.2117913832e-01 -8.6746328000e-02
1.2126984127e-01 -9.7120417800e-02
1.2136054422e-01 -1.0749041080e-01
1.2145124717e-01 -1.1781553540e-01
1.2154195011e-01 -1.2827275600e-01
1.2163265306e-01 -1.3767656000e-01
1.2172335601e-01 -1.4643440800e-01
1.2181405896e-01 -1.5432150600e-01
1.2190476190e-01 -1.6084811200e-01
1.2199546485e-01 -1.6610022200e-01
1.2208616780e-01 -1.7055918200e-01
1.2217687075e-01 -1.7326120000e-01
1.2226757370e-01 -1.7435836200e-01
1.2235827664e-01 -1.7472094000e-01
1.2244897959e-01 -1.7335963400e-01
1.2253968254e-01 -1.7099667600e-01
1.2263038549e-01 -1.6804872800e-01
1.2272108844e-01 -1.6463928400e-01
1.2281179138e-01 -1.6060963400e-01
1.2290249433e-01 -1.5684925200e-01
1.2299319728e-01 -1.5305698400e-01
1.2308390023e-01 -1.4956893400e-01
1.2317460317e-01 -1.4677464400e-01
1.2326530612e-01 -1.4422351000e-01
1.2335600907e-01 -1.4195467000e-01
1.2344671202e-01 -1.3966673000e-01
1.2353741497e-01 -1.3732973200e-01
1.2362811791e-01 -1.3494846000e-01
1.2371882086e-01 -1.3201406400e-01
1.2380952381e-01 -1.2870786000e-01
1.2390022676e-01 -1.2531039600e-01
1.2399092971e-01 -1.2136740600e-01
1.2408163265e-01 -1.1736002600e-01
1.2417233560e-01 -1.1292242400e-01
1.2426303855e-01 -1.0874897200e-01
1.2435374150e-01 -1.0455886980e-01
1.2444444444e-01 -1.0038189440e-01
1.2453514739e-01 -9.5948637600e-02
1.2462585034e-01 -9.2124617000e-02
1.2471655329e-01 -8.8294496400e-02
1.2480725624e-01 -8.4461060600e-02
1.2489795918e-01 -8.1019814600e-02
1.2498866213e-01 -7.7410654600e-02
1.2507936508e-01 -7.4711448800e-02
1.2517006803e-01 -7.2028156000e-02
1.2526077098e-01 -7.0232788600e-02
1.2535147392e-01 -6.9123040800e-02
1.2544217687e-01 -6.8939658800e-02
1.2553287982e-01 -6.8441854200e-02
1.2562358277e-01 -6.8783861200e-02
1.2571428571e-01 -6.8861109800e-02
1.2580498866e-01 -6.8826309800e-02
1.2589569161e-01 -6.8667141800e-02
1.2598639456e-01 -6.8415354200e-02
1.2607709751e-01 -6.7271244200e-02
1.2616780045e-01 -6.5561412400e-02
1.2625850340e-01 -6.3084277600e-02
1.2634920635e-01 -5.9378987800e-02
1.2643990930e-01 -5.4917384800e-02
1.2653061224e-01 -4.9524887600e-02
1.2662131519e-01 -4.3019254200e-02
1.2671201814e-01 -3.6021189200e-02
1.2680272109e-01 -2.8526418000e-02
1.2689342404e-01 -1.9957236540e-02
1.2698412698e-01 -1.0841515600e-02
1.2707482993e-01 -1.4126722000e-03
1.2716553288e-01 8.5582982000e-03
1.2725623583e-01 1.8330215600e-02
1.2734693878e-01 2.8129288340e-02
1.2743764172e-01 3.7850684800e-02
1.2752834467e-01 4.6836189000e-02
1.2761904762e-01 5.5732396600e-02
1.2770975057e-01 6.4550613800e-02
1.2780045351e-01 7.2427880400e-02
1.2789115646e-01 7.9483059200e-02
1.2798185941e-01 8.6416260200e-02
1.2807256236e-01 9.2170221200e-02
1.2816326531e-01 9.7290588800e-02
1.2825396825e-01 1.0210336040e-01
1.2834467120e-01 1.0617282460e-01
1.2843537415e-01 1.0930786000e-01
1.2852607710e-01 1.1238849200e-01
1.2861678005e-01 1.1450829400e-01
1.2870748299e-01 1.1605479000e-01
1.2879818594e-01 1.1747144000e-01
1.2888888889e-01 1.1875467200e-01
1.2897959184e-01 1.1999961400e-01
1.2907029478e-01 1.2111005600e-01
1.2916099773e-01 1.2131225200e-01
1.2925170068e-01 1.2125630400e-01
1.2934240363e-01 1.2082594800e-01
1.2943310658e-01 1.1993894400e-01
1.2952380952e-01 1.1906478600e-01
1.2961451247e-01 1.1835708400e-01
1.2970521542e-01 1.1677344800e-01
1.2979591837e-01 1.1489471800e-01
1.2988662132e-01 1.1217747400e-01
1.2997732426e-01 1.0878370600e-01
1.3006802721e-01 1.0507012260e-01
1.3015873016e-01 1.0058235640e-01
1.3024943311e-01 9.5270797400e-02
1.3034013605e-01 8.9503745000e-02
1.3043083900e-01 8.3025026200e-02
1.3052154195e-01 7.5975053200e-02
1.3061224490e-01 6.9368809400e-02
1.3070294785e-01 6.2989248800e-02
1.3079365079e-01 5.6554012200e-02
1.3088435374e-01 5.1209974800e-02
1.3097505669e-01 4.6517186000e-02
1.3106575964e-01 4.2988125400e-02
1.3115646259e-01 4.0499815200e-02
1.3124716553e-01 3.9506473000e-02
1.3133786848e-01 3.9500329600e-02
1.3142857143e-01 4.0624841600e-02
1.3151927438e-01 4.2312830200e-02
1.3160997732e-01 4.4855090000e-02
1.3170068027e-01 4.8325383000e-02
1.3179138322e-01 4.8432762800e-02
1.3188208617e-01 5.0334683000e-02
1.3197278912e-01 5.5079535200e-02
1.3206349206e-01 5.9544251200e-02
1.3215419501e-01 6.3448714600e-02
1.3224489796e-01 7.0875478000e-02
1.3233560091e-01 7.6783024200e-02
1.3242630385e-01 7.9766503800e-02
1.3251700680e-01 8.1980639000e-02
1.3260770975e-01 8.3502935800e-02
1.3269841270e-01 8.3914023200e-02
1.3278911565e-01 8.2955252000e-02
1.3287981859e-01 8.1299403800e-02
1.3297052154e-01 7.9594928200e-02
1.3306122449e-01 7.6985951000e-02
1.3315192744e-01 7.4389783800e-02
1.3324263039e-01 7.2059174200e-02
1.3333333333e-01 6.9777745800e-02
1.3342403628e-01 6.7449433800e-02
1.3351473923e-01 6.6662597000e-02
1.3360544218e-01 6.6015203400e-02
1.3369614512e-01 6.5814306600e-02
1.3378684807e-01 6.6104230400e-02
1.3387755102e-01 6.6633020400e-02
1.3396825397e-01 6.6941104000e-02
1.3405895692e-01 6.7699644600e-02
1.3414965986e-01 6.8106176200e-02
1.3424036281e-01 6.8101236800e-02
1.3433106576e-01 6.7980560800e-02
1.3442176871e-01 6.7342085600e-02
1.3451247166e-01 6.5916307400e-02
1.3460317460e-01 6.4357017800e-02
1.3469387755e-01 6.2251631600e-02
1.3478458050e-01 5.8995524200e-02
1.3487528345e-01 5.5335332800e-02
1.3496598639e-01 5.1454852800e-02
1.3505668934e-01 4.6555604400e-02
1.3514739229e-01 4.1528968600e-02
1.3523809524e-01 3.6619717200e-02
1.3532879819e-01 3.1588563800e-02
1.3541950113e-01 2.6309037800e-02
1.3551020408e-01 2.1835902600e-02
1.3560090703e-01 1.7225012880e-02
1.3569160998e-01 1.3404712120e-02
1.3578231293e-01 9.8324289200e-03
1.3587301587e-01 7.3429107600e-03
1.3596371882e-01 5.4211225400e-03
1.3605442177e-01 4.3503524600e-03
1.3614512472e-01 4.0352735800e-03
1.3623582766e-01 4.5730940600e-03
1.3632653061e-01 5.2714707200e-03
1.3641723356e-01 6.2832840400e-03
1.3650793651e-01 7.7305980400e-03
1.3659863946e-01 9.3213852800e-03
1.3668934240e-01 1.1191019000e-02
1.3678004535e-01 1.3609798700e-02
1.3687074830e-01 1.6345250400e-02
1.3696145125e-01 1.9286617600e-02
1.3705215420e-01 2.2067714400e-02
1.3714285714e-01 2.4693487200e-02
1.3723356009e-01 2.7200684600e-02
1.3732426304e-01 2.9109939400e-02
1.3741496599e-01 3.0712918800e-02
1.3750566893e-01 3.1609177200e-02
1.3759637188e-01 3.2095603400e-02
1.3768707483e-01 3.1901463400e-02
1.3777777778e-01 3.1260680400e-02
1.3786848073e-01 2.9552802200e-02
1.3795918367e-01 2.7534264200e-02
1.3804988662e-01 2.4822554000e-02
1.3814058957e-01 2.0847059200e-02
1.3823129252e-01 1.6078033040e-02
1.3832199546e-01 1.1015791902e-02
1.3841269841e-01 5.1778733220e-03
1.3850340136e-01 -1.6916814780e-03
1.3859410431e-01 -8.8658404780e-03
1.3868480726e-01 -1.6585657518e-02
1.3877551020e-01 -2.5110421580e-02
1.3886621315e-01 -3.4074795200e-02
1.3895691610e-01 -4.3424526200e-02
1.3904761905e-01 -5.3533357000e-02
1.3913832200e-01 -6.4041807200e-02
1.3922902494e-01 -7.4827787000e-02
1.3931972789e-01 -8.5941186400e-02
1.3941043084e-01 -9.7034192000e-02
1.3950113379e-01 -1.0733121960e-01
1.3959183673e-01 -1.1713450480e-01
1.3968253968e-01 -1.2639132000e-01
1.3977324263e-01 -1.3465271000e-01
1.3986394558e-01 -1.4212894200e-01
1.3995464853e-01 -1.4878349400e-01
1.4004535147e-01 -1.5405917200e-01
1.4013605442e-01 -1.5829262200e-01
1.4022675737e-01 -1.6121784400e-01
1.4031746032e-01 -1.6275810600e-01
1.4040816327e-01 -1.6329820600e-01
1.4049886621e-01 -1.6347258800e-01
1.4058956916e-01 -1.6263148000e-01
1.4068027211e-01 -1.6136689200e-01
1.4077097506e-01 -1.5994054600e-01
1.4086167800e-01 -1.5848897600e-01
1.4095238095e-01 -1.5640509000e-01
1.4104308390e-01 -1.5466783400e-01
1.4113378685e-01 -1.5316423800e-01
1.4122448980e-01 -1.5161161600e-01
1.4131519274e-01 -1.4998665800e-01
1.4140589569e-01 -1.4858069600e-01
1.4149659864e-01 -1.4681963600e-01
1.4158730159e-01 -1.4475210000e-01
1.4167800454e-01 -1.4203859200e-01
1.4176870748e-01 -1.3892352600e-01
1.4185941043e-01 -1.3554576600e-01
1.4195011338e-01 -1.3189041200e-01
1.4204081633e-01 -1.2811268200e-01
1.4213151927e-01 -1.2426751200e-01
1.4222222222e-01 -1.1999288200e-01
1.4231292517e-01 -1.1560362000e-01
1.4240362812e-01 -1.1116803200e-01
1.4249433107e-01 -1.0681776860e-01
1.4258503401e-01 -1.0253109980e-01
1.4267573696e-01 -9.8551390600e-02
1.4276643991e-01 -9.4680484600e-02
1.4285714286e-01 -9.1478889800e-02
1.4294784580e-01 -8.8623114800e-02
1.4303854875e-01 -8.6517450800e-02
1.4312925170e-01 -8.5041953000e-02
1.4321995465e-01 -8.4394852000e-02
1.4331065760e-01 -8.3935775200e-02
1.4340136054e-01 -8.3797811400e-02
1.4349206349e-01 -8.3896123800e-02
1.4358276644e-01 -8.4451535400e-02
1.4367346939e-01 -8.4647267800e-02
1.4376417234e-01 -8.4496641400e-02
1.4385487528e-01 -8.3800879800e-02
1.4394557823e-01 -8.2974795800e-02
1.4403628118e-01 -8.1308082600e-02
1.4412698413e-01 -7.8629311400e-02
1.4421768707e-01 -7.5107101800e-02
1.4430839002e-01 -7.4149175800e-02
1.4439909297e-01 -6.9860418600e-02
1.4448979592e-01 -6.3291160200e-02
1.4458049887e-01 -5.6839081800e-02
1.4467120181e-01 -4.9966691200e-02
1.4476190476e-01 -3.9041656600e-02
1.4485260771e-01 -3.0095595800e-02
1.4494331066e-01 -2.2207575840e-02
1.4503401361e-01 -1.3514687300e-02
1.4512471655e-01 -4.6927895000e-03
1.4521541950e-01 4.1145233000e-03
1.4530612245e-01 1.3294360500e-02
1.4539682540e-01 2.2524750740e-02
1.4548752834e-01 3.1401062600e-02
1.4557823129e-01 4.0506477000e-02
1.4566893424e-01 4.8842942400e-02
1.4575963719e-01 5.7158451200e-02
1.4585034014e-01 6.5027237600e-02
1.4594104308e-01 7.2391238800e-02
1.4603174603e-01 7.9035305200e-02
1.4612244898e-01 8.5915698000e-02
1.4621315193e-01 9.1564803600e-02
1.4630385488e-01 9.7026344000e-02
1.4639455782e-01 1.0234173020e-01
1.4648526077e-01 1.0695487740e-01
1.4657596372e-01 1.1046676000e-01
1.4666666667e-01 1.1414175000e-01
1.4675736961e-01 1.1705803200e-01
1.4684807256e-01 1.1889814800e-01
1.4693877551e-01 1.2071888800e-01
1.4702947846e-01 1.2197744800e-01
1.4712018141e-01 1.2263978400e-01
1.4721088435e-01 1.2267566000e-01
1.4730158730e-01 1.2266567400e-01
1.4739229025e-01 1.2231296200e-01
1.4748299320e-01 1.2151921000e-01
1.4757369615e-01 1.2014885600e-01
1.4766439909e-01 1.1865274600e-01
1.4775510204e-01 1.1685222000e-01
1.4784580499e-01 1.1417320200e-01
1.4793650794e-01 1.1129990800e-01
1.4802721088e-01 1.0838119800e-01
1.4811791383e-01 1.0475584600e-01
1.4820861678e-01 1.0062249260e-01
1.4829931973e-01 9.5762383000e-02
1.4839002268e-01 9.0688425000e-02
1.4848072562e-01 8.5292408400e-02
1.4857142857e-01 7.9447319200e-02
1.4866213152e-01 7.3443403600e-02
1.4875283447e-01 6.8005219800e-02
1.4884353741e-01 6.2696519400e-02
1.4893424036e-01 5.7722244400e-02
1.4902494331e-01 5.3747519400e-02
1.4911564626e-01 5.0870095200e-02
1.4920634921e-01 4.8763574200e-02
1.4929705215e-01 4.7525455600e-02
1.4938775510e-01 4.6877433200e-02
1.4947845805e-01 4.7098437600e-02
1.4956916100e-01 4.7825340600e-02
1.4965986395e-01 4.8975243400e-02
1.4975056689e-01 5.0666174400e-02
1.4984126984e-01 5.2844398400e-02
1.4993197279e-01 5.5231341000e-02
1.5002267574e-01 5.7714438400e-02
1.5011337868e-01 6.1152686200e-02
1.5020408163e-01 6.4806203000e-02
1.5029478458e-01 6.8737720000e-02
1.5038548753e-01 7.2580232000e-02
1.5047619048e-01 7.6334266200e-02
1.5056689342e-01 7.9169071400e-02
1.5065759637e-01 8.1361084000e-02
1.5074829932e-01 8.2532724400e-02
1.5083900227e-01 8.2649929000e-02
1.5092970522e-01 8.2388623000e-02
1.5102040816e-01 8.1453213000e-02
1.5111111111e-01 7.9984558400e-02
1.5120181406e-01 7.7801826200e-02
1.5129251701e-01 7.6031880800e-02
1.5138321995e-01 7.3898936200e-02
1.5147392290e-01 7.1738723600e-02
1.5156462585e-01 6.9743317400e-02
1.5165532880e-01 6.8361928400e-02
1.5174603175e-01 6.6885404000e-02
1.5183673469e-01 6.5705925400e-02
1.5192743764e-01 6.4804097600e-02
1.5201814059e-01 6.3494465800e-02
1.5210884354e-01 6.2200796600e-02
1.5219954649e-01 6.1219421400e-02
1.5229024943e-01 5.9805004800e-02
1.5238095238e-01 5.8575054600e-02
1.5247165533e-01 5.8305058600e-02
1.5256235828e-01 5.7601916200e-02
1.5265306122e-01 5.6508790400e-02
1.5274376417e-01 5.5346314000e-02
1.5283446712e-01 5.3525859400e-02
1.5292517007e-01 5.0880457400e-02
1.5301587302e-01 4.7886394200e-02
1.5310657596e-01 4.4353752600e-02
1.5319727891e-01 4.0359593000e-02
1.5328798186e-01 3.6228019000e-02
1.5337868481e-01 3.1988212800e-02
1.5346938776e-01 2.7857536400e-02
1.5356009070e-01 2.3706050600e-02
1.5365079365e-01 2.0158136800e-02
1.5374149660e-01 1.6884429000e-02
1.5383219955e-01 1.4192839400e-02
1.5392290249e-01 1.2078567860e-02
1.5401360544e-01 1.0955683680e-02
1.5410430839e-01 1.0141041200e-02
1.5419501134e-01 9.5595520000e-03
1.5428571429e-01 9.2438171000e-03
1.5437641723e-01 9.6407776400e-03
1.5446712018e-01 1.0435047220e-02
1.5455782313e-01 1.1481489100e-02
1.5464852608e-01 1.2935982100e-02
1.5473922902e-01 1.4982446600e-02
1.5482993197e-01 1.6837292200e-02
1.5492063492e-01 1.8478776200e-02
1.5501133787e-01 2.0691240600e-02
1.5510204082e-01 2.3264097800e-02
1.5519274376e-01 2.5147702600e-02
1.5528344671e-01 2.7002378200e-02
1.5537414966e-01 2.9073600200e-02
1.5546485261e-01 3.0352351800e-02
1.5555555556e-01 3.1261282400e-02
1.5564625850e-01 3.2349674000e-02
1.5573696145e-01 3.2834958200e-02
1.5582766440e-01 3.2051951200e-02
1.5591836735e-01 3.0519623600e-02
1.5600907029e-01 2.8159393400e-02
1.5609977324e-01 2.4416882200e-02
1.5619047619e-01 1.9603398560e-02
1.5628117914e-01 1.4143076040e-02
1.5637188209e-01 8.1336322400e-03
1.5646258503e-01 1.2841366400e-03
1.5655328798e-01 -6.1720197600e-03
1.5664399093e-01 -1.4024747320e-02
1.5673469388e-01 -2.2700417400e-02
1.5682539683e-01 -3.5001763200e-02
1.5691609977e-01 -4.5411412200e-02
1.5700680272e-01 -5.5467788000e-02
1.5709750567e-01 -6.6235153000e-02
1.5718820862e-01 -7.6629085400e-02
1.5727891156e-01 -8.3814739400e-02
1.5736961451e-01 -9.2920854600e-02
1.5746031746e-01 -1.0254453020e-01
1.5755102041e-01 -1.1140463340e-01
1.5764172336e-01 -1.1966578600e-01
1.5773242630e-01 -1.2766310200e-01
1.5782312925e-01 -1.3524207000e-01
1.5791383220e-01 -1.4200602400e-01
1.5800453515e-01 -1.4732000400e-01
1.5809523810e-01 -1.5199290800e-01
1.5818594104e-01 -1.5550813600e-01
1.5827664399e-01 -1.5825043000e-01
1.5836734694e-01 -1.5986111800e-01
1.5845804989e-01 -1.6099303600e-01
1.5854875283e-01 -1.6124265000e-01
1.5863945578e-01 -1.6119305800e-01
1.5873015873e-01 -1.6035124200e-01
1.5882086168e-01 -1.5939058400e-01
1.5891156463e-01 -1.5804466400e-01
1.5900226757e-01 -1.5674325200e-01
1.5909297052e-01 -1.5507075600e-01
1.5918367347e-01 -1.5386579600e-01
1.5927437642e-01 -1.5230512600e-01
1.5936507937e-01 -1.5053832200e-01
1.5945578231e-01 -1.4884099600e-01
1.5954648526e-01 -1.4706631600e-01
1.5963718821e-01 -1.4414150200e-01
1.5972789116e-01 -1.4085621600e-01
1.5981859410e-01 -1.3764681200e-01
1.5990929705e-01 -1.3368172200e-01
1.6000000000e-01 -1.2941484000e-01
1.6009070295e-01 -1.2553413800e-01
1.6018140590e-01 -1.2160338000e-01
1.6027210884e-01 -1.1745325400e-01
1.6036281179e-01 -1.1348574600e-01
1.6045351474e-01 -1.0982422000e-01
1.6054421769e-01 -1.0580074080e-01
1.6063492063e-01 -1.0209708700e-01
1.6072562358e-01 -9.8882827200e-02
1.6081632653e-01 -9.5555242600e-02
1.6090702948e-01 -9.2239219400e-02
1.6099773243e-01 -8.9693775600e-02
1.6108843537e-01 -8.7324399600e-02
1.6117913832e-01 -8.5339371400e-02
1.6126984127e-01 -8.4096869200e-02
1.6136054422e-01 -8.3081195200e-02
1.6145124717e-01 -8.2213261200e-02
1.6154195011e-01 -8.1540333000e-02
1.6163265306e-01 -8.0866768000e-02
1.6172335601e-01 -7.9727844800e-02
1.6181405896e-01 -7.8385516600e-02
1.6190476190e-01 -7.6967494800e-02
1.6199546485e-01 -7.4946639800e-02
1.6208616780e-01 -7.2293745400e-02
1.6217687075e-01 -6.9195014600e-02
1.6226757370e-01 -6.5608127800e-02
1.6235827664e-01 -6.0951858800e-02
1.6244897959e-01 -5.5800547400e-02
1.6253968254e-01 -4.9880400000e-02
1.6263038549e-01 -4.3097341000e-02
1.6272108844e-01 -3.5582425200e-02
1.6281179138e-01 -2.7652524000e-02
1.6290249433e-01 -1.9204490260e-02
1.6299319728e-01 -1.0642486500e-02
1.6308390023e-01 -1.9196805000e-03
1.6317460317e-01 6.7755311000e-03
1.6326530612e-01 1.5272832900e-02
1.6335600907e-01 2.3324012160e-02
1.6344671202e-01 3.1985904400e-02
1.6353741497e-01 3.9785563000e-02
1.6362811791e-01 4.7368977200e-02
1.6371882086e-01 5.5107279600e-02
1.6380952381e-01 6.2648950400e-02
1.6390022676e-01 6.9289449200e-02
1.6399092971e-01 7.6035749000e-02
1.6408163265e-01 8.2665341000e-02
1.6417233560e-01 8.8816745800e-02
1.6426303855e-01 9.4731259600e-02
1.6435374150e-01 1.0023281200e-01
1.6444444444e-01 1.0472568980e-01
1.6453514739e-01 1.0872719600e-01
1.6462585034e-01 1.1251339000e-01
1.6471655329e-01 1.1557429000e-01
1.6480725624e-01 1.1788937000e-01
1.6489795918e-01 1.2007400000e-01
1.6498866213e-01 1.2162628000e-01
1.6507936508e-01 1.2185891000e-01
1.6517006803e-01 1.2211728600e-01
1.6526077098e-01 1.2198243200e-01
1.6535147392e-01 1.2135681800e-01
1.6544217687e-01 1.2043283200e-01
1.6553287982e-01 1.1935511400e-01
1.6562358277e-01 1.1759911200e-01
1.6571428571e-01 1.1620906200e-01
1.6580498866e-01 1.1466224200e-01
1.6589569161e-01 1.1234775600e-01
1.6598639456e-01 1.0991142600e-01
1.6607709751e-01 1.0713205300e-01
1.6616780045e-01 1.0336940680e-01
1.6625850340e-01 9.9229367800e-02
1.6634920635e-01 9.4774396800e-02
1.6643990930e-01 8.9865927000e-02
1.6653061224e-01 8.4788956600e-02
1.6662131519e-01 7.9270138200e-02
1.6671201814e-01 7.3606993400e-02
1.6680272109e-01 6.8563023000e-02
1.6689342404e-01 6.3931867400e-02
1.6698412698e-01 5.9539320200e-02
1.6707482993e-01 5.5790770200e-02
1.6716553288e-01 5.2766779600e-02
1.6725623583e-01 5.0155120400e-02
1.6734693878e-01 4.7855247400e-02
1.6743764172e-01 4.6273468400e-02
1.6752834467e-01 4.5671059000e-02
1.6761904762e-01 4.5670974200e-02
1.6770975057e-01 4.6151288200e-02
1.6780045351e-01 4.7330761000e-02
1.6789115646e-01 4.8927357400e-02
1.6798185941e-01 5.1053402000e-02
1.6807256236e-01 5.3550090000e-02
1.6816326531e-01 5.6637752600e-02
1.6825396825e-01 5.9992126800e-02
1.6834467120e-01 6.3535185600e-02
1.6843537415e-01 6.6923841200e-02
1.6852607710e-01 7.0174311000e-02
1.6861678005e-01 7.2999939400e-02
1.6870748299e-01 7.5265290200e-02
1.6879818594e-01 7.6794281600e-02
1.6888888889e-01 7.7600438600e-02
1.6897959184e-01 7.7407393800e-02
1.6907029478e-01 7.6069937200e-02
1.6916099773e-01 7.4653416000e-02
1.6925170068e-01 7.1712016400e-02
1.6934240363e-01 6.5759490800e-02
1.6943310658e-01 6.3726743400e-02
1.6952380952e-01 6.2039603000e-02
1.6961451247e-01 6.0079002400e-02
1.6970521542e-01 5.9631122200e-02
1.6979591837e-01 6.1946133400e-02
1.6988662132e-01 6.0549753200e-02
1.6997732426e-01 5.9354544600e-02
1.7006802721e-01 5.8451745800e-02
1.7015873016e-01 5.7736477400e-02
1.7024943311e-01 5.7665587400e-02
1.7034013605e-01 5.7804830400e-02
1.7043083900e-01 5.7926196800e-02
1.7052154195e-01 5.8063933600e-02
1.7061224490e-01 5.7932502600e-02
1.7070294785e-01 5.7406266600e-02
1.7079365079e-01 5.6714320800e-02
1.7088435374e-01 5.5830715000e-02
1.7097505669e-01 5.4236417800e-02
1.7106575964e-01 5.2295573200e-02
1.7115646259e-01 4.9750114200e-02
1.7124716553e-01 4.6665111600e-02
1.7133786848e-01 4.3347887200e-02
1.7142857143e-01 3.9781908600e-02
1.7151927438e-01 3.5838618400e-02
1.7160997732e-01 3.1809664800e-02
1.7170068027e-01 2.7564091800e-02
1.7179138322e-01 2.3235594600e-02
1.7188208617e-01 1.9295162800e-02
1.7197278912e-01 1.6008265800e-02
1.7206349206e-01 1.3176305540e-02
1.7215419501e-01 1.1045264100e-02
1.7224489796e-01 9.7829327200e-03
1.7233560091e-01 8.9201637000e-03
1.7242630385e-01 8.5401235200e-03
1.7251700680e-01 8.6995753800e-03
1.7260770975e-01 9.1341884600e-03
1.7269841270e-01 9.8647914400e-03
1.7278911565e-01 1.1107008460e-02
1.7287981859e-01 1.2584148040e-02
1.7297052154e-01 1.4159568640e-02
1.7306122449e-01 1.6000779000e-02
1.7315192744e-01 1.7792411800e-02
1.7324263039e-01 1.9863002400e-02
1.7333333333e-01 2.1822557000e-02
1.7342403628e-01 2.3412499800e-02
1.7351473923e-01 2.4729306000e-02
1.7360544218e-01 2.5859710000e-02
1.7369614512e-01 2.6032975800e-02
1.7378684807e-01 2.5554965400e-02
1.7387755102e-01 2.4379650600e-02
1.7396825397e-01 2.2486918600e-02
1.7405895692e-01 1.9716423200e-02
1.7414965986e-01 1.6231697020e-02
1.7424036281e-01 1.1505514182e-02
1.7433106576e-01 6.4165478620e-03
1.7442176871e-01 5.7823906200e-04
1.7451247166e-01 -5.9775383380e-03
1.7460317460e-01 -1.3176721558e-02
1.7469387755e-01 -2.0479662920e-02
1.7478458050e-01 -2.8312231400e-02
1.7487528345e-01 -3.6467275400e-02
1.7496598639e-01 -4.4750758600e-02
1.7505668934e-01 -5.3540382600e-02
1.7514739229e-01 -6.2379359400e-02
1.7523809524e-01 -7.1464523800e-02
1.7532879819e-01 -8.0145123400e-02
1.7541950113e-01 -8.8913803600e-02
1.7551020408e-01 -9.6946614600e-02
1.7560090703e-01 -1.0498985520e-01
1.7569160998e-01 -1.1252716640e-01
1.7578231293e-01 -1.1967884000e-01
1.7587301587e-01 -1.2616656600e-01
1.7596371882e-01 -1.3206260800e-01
1.7605442177e-01 -1.3729717200e-01
1.7614512472e-01 -1.4174414200e-01
1.7623582766e-01 -1.4585968800e-01
1.7632653061e-01 -1.4947883400e-01
1.7641723356e-01 -1.5234741800e-01
1.7650793651e-01 -1.5427693800e-01
1.7659863946e-01 -1.5573358000e-01
1.7668934240e-01 -1.5668630400e-01
1.7678004535e-01 -1.5744591600e-01
1.7687074830e-01 -1.5825824400e-01
1.7696145125e-01 -1.5856146600e-01
1.7705215420e-01 -1.5882771200e-01
1.7714285714e-01 -1.5878547200e-01
1.7723356009e-01 -1.5840662200e-01
1.7732426304e-01 -1.5785370200e-01
1.7741496599e-01 -1.5689411200e-01
1.7750566893e-01 -1.5529005800e-01
1.7759637188e-01 -1.5319728200e-01
1.7768707483e-01 -1.5101687000e-01
1.7777777778e-01 -1.4818751600e-01
1.7786848073e-01 -1.4502211400e-01
1.7795918367e-01 -1.4189041400e-01
1.7804988662e-01 -1.3861342400e-01
1.7814058957e-01 -1.3445245400e-01
1.7823129252e-01 -1.3027712200e-01
1.7832199546e-01 -1.2659089600e-01
1.7841269841e-01 -1.2270160200e-01
1.7850340136e-01 -1.1873353800e-01
1.7859410431e-01 -1.1521365800e-01
1.7868480726e-01 -1.1183065800e-01
1.7877551020e-01 -1.0843876200e-01
1.7886621315e-01 -1.0480429740e-01
1.7895691610e-01 -1.0114227440e-01
1.7904761905e-01 -9.7604750800e-02
1.7913832200e-01 -9.3959779200e-02
1.7922902494e-01 -9.0600956000e-02
1.7931972789e-01 -8.7957472600e-02
1.7941043084e-01 -8.5645142400e-02
1.7950113379e-01 -8.3290360600e-02
1.7959183673e-01 -8.1306307600e-02
1.7968253968e-01 -7.8926651200e-02
1.7977324263e-01 -7.6027682800e-02
1.7986394558e-01 -7.2819377800e-02
1.7995464853e-01 -6.9796757600e-02
1.8004535147e-01 -6.6142681800e-02
1.8013605442e-01 -6.1989841800e-02
1.8022675737e-01 -5.7538822000e-02
1.8031746032e-01 -5.2658463800e-02
1.8040816327e-01 -4.6984602000e-02
1.8049886621e-01 -4.1070140200e-02
1.8058956916e-01 -3.5279524600e-02
1.8068027211e-01 -2.9166248800e-02
1.8077097506e-01 -2.3099068000e-02
1.8086167800e-01 -1.6814464080e-02
1.8095238095e-01 -1.0244806240e-02
1.8104308390e-01 -3.3389280400e-03
1.8113378685e-01 3.9131579600e-03
1.8122448980e-01 1.1123333360e-02
1.8131519274e-01 1.8276972440e-02
1.8140589569e-01 2.5342007600e-02
1.8149659864e-01 3.2494849800e-02
1.8158730159e-01 3.9135605400e-02
1.8167800454e-01 4.6057659400e-02
1.8176870748e-01 5.1767965800e-02
1.8185941043e-01 5.6732836800e-02
1.8195011338e-01 6.3566242000e-02
1.8204081633e-01 6.9840700600e-02
1.8213151927e-01 7.6062033600e-02
1.8222222222e-01 8.3460047000e-02
1.8231292517e-01 9.0666347600e-02
1.8240362812e-01 9.5550228800e-02
1.8249433107e-01 1.0050059460e-01
1.8258503401e-01 1.0428366700e-01
1.8267573696e-01 1.0738114280e-01
1.8276643991e-01 1.1025800400e-01
1.8285714286e-01 1.1200748600e-01
1.8294784580e-01 1.1376347400e-01
1.8303854875e-01 1.1530694600e-01
1.8312925170e-01 1.1625220800e-01
1.8321995465e-01 1.1673366800e-01
1.8331065760e-01 1.1722894200e-01
1.8340136054e-01 1.1659430800e-01
1.8349206349e-01 1.1553488000e-01
1.8358276644e-01 1.1489446600e-01
1.8367346939e-01 1.1408521000e-01
1.8376417234e-01 1.1288763600e-01
1.8385487528e-01 1.1172863400e-01
1.8394557823e-01 1.1048553400e-01
1.8403628118e-01 1.0811448400e-01
1.8412698413e-01 1.0574414400e-01
1.8421768707e-01 1.0333898620e-01
1.8430839002e-01 1.0063340200e-01
1.8439909297e-01 9.7532229000e-02
1.8448979592e-01 9.4373676000e-02
1.8458049887e-01 9.0768316000e-02
1.8467120181e-01 8.6962505200e-02
1.8476190476e-01 8.2993665000e-02
1.8485260771e-01 7.9200996200e-02
1.8494331066e-01 7.5572484200e-02
1.8503401361e-01 7.2352725600e-02
1.8512471655e-01 6.9167219000e-02
1.8521541950e-01 6.6071181400e-02
1.8530612245e-01 6.3187029400e-02
1.8539682540e-01 6.0952200800e-02
1.8548752834e-01 5.8972765200e-02
1.8557823129e-01 5.6995634800e-02
1.8566893424e-01 5.5928817400e-02
1.8575963719e-01 5.5612410200e-02
1.8585034014e-01 5.5356882600e-02
1.8594104308e-01 5.5542078000e-02
1.8603174603e-01 5.6433031000e-02
1.8612244898e-01 5.8011001000e-02
1.8621315193e-01 6.0234767800e-02
1.8630385488e-01 6.2813197600e-02
1.8639455782e-01 6.5841099800e-02
1.8648526077e-01 6.9401684000e-02
1.8657596372e-01 7.2700225200e-02
1.8666666667e-01 7.5034417800e-02
1.8675736961e-01 7.6879343800e-02
1.8684807256e-01 7.7977730400e-02
1.8693877551e-01 7.8234622400e-02
1.8702947846e-01 7.7389877200e-02
1.8712018141e-01 7.6168472400e-02
1.8721088435e-01 7.3966645400e-02
1.8730158730e-01 7.1665902200e-02
1.8739229025e-01 6.8782327400e-02
1.8748299320e-01 6.5569192600e-02
1.8757369615e-01 6.2548564000e-02
1.8766439909e-01 6.0428070800e-02
1.8775510204e-01 5.8545625200e-02
1.8784580499e-01 5.7327398600e-02
1.8793650794e-01 5.6893931000e-02
1.8802721088e-01 5.6606304200e-02
1.8811791383e-01 5.6495559600e-02
1.8820861678e-01 5.6384707600e-02
1.8829931973e-01 5.6435032400e-02
1.8839002268e-01 5.6718602600e-02
1.8848072562e-01 5.7156819000e-02
1.8857142857e-01 5.7822598600e-02
1.8866213152e-01 5.8418410200e-02
1.8875283447e-01 5.8775940600e-02
1.8884353741e-01 5.8500012400e-02
1.8893424036e-01 5.8112273200e-02
1.8902494331e-01 5.7091841400e-02
1.8911564626e-01 5.5580142200e-02
1.8920634921e-01 5.3743778000e-02
1.8929705215e-01 5.1513365000e-02
1.8938775510e-01 4.8212930600e-02
1.8947845805e-01 4.4589278000e-02
1.8956916100e-01 4.0402779400e-02
1.8965986395e-01 3.5990187000e-02
1.8975056689e-01 3.1593662200e-02
1.8984126984e-01 2.7454332600e-02
1.8993197279e-01 2.3610518200e-02
1.9002267574e-01 2.0297113600e-02
1.9011337868e-01 1.7304479200e-02
1.9020408163e-01 1.4555598580e-02
1.9029478458e-01 1.2522195500e-02
1.9038548753e-01 1.0873795960e-02
1.9047619048e-01 9.6075934200e-03
1.9056689342e-01 8.9602465600e-03
1.9065759637e-01 9.0763441800e-03
1.9074829932e-01 9.4293146600e-03
1.9083900227e-01 9.8609658000e-03
1.9092970522e-01 1.0793103140e-02
1.9102040816e-01 1.1589647200e-02
1.9111111111e-01 1.2535481600e-02
1.9120181406e-01 1.3458473800e-02
1.9129251701e-01 1.4380819000e-02
1.9138321995e-01 1.5230226600e-02
1.9147392290e-01 1.6132596000e-02
1.9156462585e-01 1.6834648200e-02
1.9165532880e-01 1.7406184800e-02
1.9174603175e-01 1.7524679800e-02
1.9183673469e-01 1.6673199600e-02
1.9192743764e-01 1.4932069220e-02
1.9201814059e-01 1.2480283780e-02
1.9210884354e-01 9.1430011600e-03
1.9219954649e-01 4.8624823200e-03
1.9229024943e-01 1.5146892000e-04
1.9238095238e-01 -4.8824625000e-03
1.9247165533e-01 -1.0655268060e-02
1.9256235828e-01 -1.6745400240e-02
1.9265306122e-01 -2.2941911800e-02
1.9274376417e-01 -2.9282438800e-02
1.9283446712e-01 -3.6522693400e-02
1.9292517007e-01 -4.3696822800e-02
1.9301587302e-01 -5.0821752000e-02
1.9310657596e-01 -5.8345996800e-02
1.9319727891e-01 -6.5824647200e-02
1.9328798186e-01 -7.2666952800e-02
1.9337868481e-01 -7.9714317800e-02
1.9346938776e-01 -8.6921607400e-02
1.9356009070e-01 -9.3675146600e-02
1.9365079365e-01 -1.0048318040e-01
1.9374149660e-01 -1.0748924940e-01
1.9383219955e-01 -1.1376605200e-01
1.9392290249e-01 -1.1959432200e-01
1.9401360544e-01 -1.2502517400e-01
1.9410430839e-01 -1.2997499600e-01
1.9419501134e-01 -1.3361989600e-01
1.9428571429e-01 -1.4014677400e-01
1.9437641723e-01 -1.4631484000e-01
1.9446712018e-01 -1.4901376000e-01
1.9455782313e-01 -1.5154375600e-01
1.9464852608e-01 -1.5417878400e-01
1.9473922902e-01 -1.5344424400e-01
1.9482993197e-01 -1.5231995800e-01
1.9492063492e-01 -1.5376690600e-01
1.9501133787e-01 -1.5451152800e-01
1.9510204082e-01 -1.5505428000e-01
1.9519274376e-01 -1.5526588000e-01
1.9528344671e-01 -1.5555718200e-01
1.9537414966e-01 -1.5551185600e-01
1.9546485261e-01 -1.5520684800e-01
1.9555555556e-01 -1.5432395600e-01
1.9564625850e-01 -1.5337660600e-01
1.9573696145e-01 -1.5188369800e-01
1.9582766440e-01 -1.5019320800e-01
1.9591836735e-01 -1.4849176800e-01
1.9600907029e-01 -1.4666195200e-01
1.9609977324e-01 -1.4403752000e-01
1.9619047619e-01 -1.4124531000e-01
1.9628117914e-01 -1.3813401800e-01
1.9637188209e-01 -1.3488098400e-01
1.9646258503e-01 -1.3143120000e-01
1.9655328798e-01 -1.2840497200e-01
1.9664399093e-01 -1.2487921400e-01
1.9673469388e-01 -1.2108529200e-01
1.9682539683e-01 -1.1719714800e-01
1.9691609977e-01 -1.1314417800e-01
1.9700680272e-01 -1.0855342700e-01
1.9709750567e-01 -1.0463893400e-01
1.9718820862e-01 -1.0101933900e-01
1.9727891156e-01 -9.7137323000e-02
1.9736961451e-01 -9.3643485600e-02
1.9746031746e-01 -9.0639568800e-02
1.9755102041e-01 -8.7288032800e-02
1.9764172336e-01 -8.3847900600e-02
1.9773242630e-01 -8.0703764800e-02
1.9782312925e-01 -7.7426306800e-02
1.9791383220e-01 -7.4044587800e-02
1.9800453515e-01 -7.0229471200e-02
1.9809523810e-01 -6.6180511400e-02
1.9818594104e-01 -6.1412650800e-02
1.9827664399e-01 -5.6464629200e-02
1.9836734694e-01 -5.0818525200e-02
1.9845804989e-01 -4.4736194200e-02
1.9854875283e-01 -3.8850959600e-02
1.9863945578e-01 -3.3004592400e-02
1.9873015873e-01 -2.6716914800e-02
1.9882086168e-01 -2.0523282380e-02
1.9891156463e-01 -1.4193360229e-02
1.9900226757e-01 -7.5022249488e-03
1.9909297052e-01 -7.8661234880e-04
1.9918367347e-01 5.9928310512e-03
1.9927437642e-01 1.2589442431e-02
1.9936507937e-01 1.8753838080e-02
1.9945578231e-01 2.5018867600e-02
1.9954648526e-01 3.1412999400e-02
1.9963718821e-01 3.7955740400e-02
1.9972789116e-01 4.4647133600e-02
1.9981859410e-01 5.1141340600e-02
1.9990929705e-01 5.7362762400e-02
2.0000000000e-01 6.3430530600e-02
2.0009070295e-01 6.9149164600e-02
2.0018140590e-01 7.4588759200e-02
2.0027210884e-01 8.0348867600e-02
2.0036281179e-01 8.5817445400e-02
2.0045351474e-01 9.0742087000e-02
2.0054421769e-01 9.4814082000e-02
2.0063492063e-01 9.8399537600e-02
2.0072562358e-01 1.0118518980e-01
2.0081632653e-01 1.0344436980e-01
2.0090702948e-01 1.0534249000e-01
2.0099773243e-01 1.0703118400e-01
2.0108843537e-01 1.0835778600e-01
2.0117913832e-01 1.0959888600e-01
2.0126984127e-01 1.1063292600e-01
2.0136054422e-01 1.1128023200e-01
2.0145124717e-01 1.1177447200e-01
2.0154195011e-01 1.1236077600e-01
2.0163265306e-01 1.1256608600e-01
2.0172335601e-01 1.1299029000e-01
2.0181405896e-01 1.1332350400e-01
2.0190476190e-01 1.1340073400e-01
2.0199546485e-01 1.1319275400e-01
2.0208616780e-01 1.1252157200e-01
2.0217687075e-01 1.1127249000e-01
2.0226757370e-01 1.0990263200e-01
2.0235827664e-01 1.0821038000e-01
2.0244897959e-01 1.0589332400e-01
2.0253968254e-01 1.0331630600e-01
2.0263038549e-01 1.0026426840e-01
2.0272108844e-01 9.6546216800e-02
2.0281179138e-01 9.2460435600e-02
2.0290249433e-01 8.8350917800e-02
2.0299319728e-01 8.4764534200e-02
2.0308390023e-01 8.2057734000e-02
2.0317460317e-01 7.9272590000e-02
2.0326530612e-01 7.6398672800e-02
2.0335600907e-01 7.3702298800e-02
2.0344671202e-01 7.0882043200e-02
2.0353741497e-01 6.7810743200e-02
2.0362811791e-01 6.5405320000e-02
2.0371882086e-01 6.4086488600e-02
2.0380952381e-01 6.3339494800e-02
2.0390022676e-01 6.2794047800e-02
2.0399092971e-01 6.2516865000e-02
2.0408163265e-01 6.2827565400e-02
2.0417233560e-01 6.3637135200e-02
2.0426303855e-01 6.4640874800e-02
2.0435374150e-01 6.5777424400e-02
2.0444444444e-01 6.7592482800e-02
2.0453514739e-01 6.9543627600e-02
2.0462585034e-01 7.0912340800e-02
2.0471655329e-01 7.1798462400e-02
2.0480725624e-01 7.2684527800e-02
2.0489795918e-01 7.2335454800e-02
2.0498866213e-01 7.1173154200e-02
2.0507936508e-01 6.9528725200e-02
2.0517006803e-01 6.7726073600e-02
2.0526077098e-01 6.5435742800e-02
2.0535147392e-01 6.3155325200e-02
2.0544217687e-01 6.0674586000e-02
2.0553287982e-01 5.8939781200e-02
2.0562358277e-01 5.7508626600e-02
2.0571428571e-01 5.6049146600e-02
2.0580498866e-01 5.4923510800e-02
2.0589569161e-01 5.4427382600e-02
2.0598639456e-01 5.3711445000e-02
2.0607709751e-01 5.2995817400e-02
2.0616780045e-01 5.3272360800e-02
2.0625850340e-01 5.4061445600e-02
2.0634920635e-01 5.4924910600e-02
2.0643990930e-01 5.5848650000e-02
2.0653061224e-01 5.7464171400e-02
2.0662131519e-01 5.8381999400e-02
2.0671201814e-01 5.9011319400e-02
2.0680272109e-01 5.6005868400e-02
2.0689342404e-01 5.4619323200e-02
2.0698412698e-01 5.4875670200e-02
2.0707482993e-01 5.3891734200e-02
2.0716553288e-01 5.2244796200e-02
2.0725623583e-01 5.3432462200e-02
2.0734693878e-01 5.2049994200e-02
2.0743764172e-01 4.7518484000e-02
2.0752834467e-01 4.3036032000e-02
2.0761904762e-01 3.8226633800e-02
2.0770975057e-01 3.3482061200e-02
2.0780045351e-01 2.8732953600e-02
2.0789115646e-01 2.3792170600e-02
2.0798185941e-01 1.9707378000e-02
2.0807256236e-01 1.5903865080e-02
2.0816326531e-01 1.2378951440e-02
2.0825396825e-01 9.4717943600e-03
2.0834467120e-01 7.5041901400e-03
2.0843537415e-01 6.2226928800e-03
2.0852607710e-01 5.3480422600e-03
2.0861678005e-01 4.7102399600e-03
2.0870748299e-01 4.9148051400e-03
2.0879818594e-01 5.4391532800e-03
2.0888888889e-01 5.9738890400e-03
2.0897959184e-01 6.9227504000e-03
2.0907029478e-01 8.0076589800e-03
2.0916099773e-01 9.1366628800e-03
2.0925170068e-01 1.0128654960e-02
2.0934240363e-01 1.0860317460e-02
2.0943310658e-01 1.1799786840e-02
2.0952380952e-01 1.2576694800e-02
2.0961451247e-01 1.2624515800e-02
2.0970521542e-01 1.2638950200e-02
2.0979591837e-01 1.2192001440e-02
2.0988662132e-01 1.0953076800e-02
2.0997732426e-01 9.4889827400e-03
2.1006802721e-01 7.4068389600e-03
2.1015873016e-01 4.7142513800e-03
2.1024943311e-01 1.4817170600e-03
2.1034013605e-01 -2.3430917000e-03
2.1043083900e-01 -6.3403876400e-03
2.1052154195e-01 -1.0624693260e-02
2.1061224490e-01 -1.5222079480e-02
2.1070294785e-01 -1.9750564800e-02
2.1079365079e-01 -2.4462744400e-02
2.1088435374e-01 -2.9854919600e-02
2.1097505669e-01 -3.5364819000e-02
2.1106575964e-01 -4.1411335200e-02
2.1115646259e-01 -4.7638766400e-02
2.1124716553e-01 -5.3929589600e-02
2.1133786848e-01 -6.0269264400e-02
2.1142857143e-01 -6.6922160000e-02
2.1151927438e-01 -7.3319837800e-02
2.1160997732e-01 -7.9941753000e-02
2.1170068027e-01 -8.6340235200e-02
2.1179138322e-01 -9.3002559600e-02
2.1188208617e-01 -9.9520754600e-02
2.1197278912e-01 -1.0564582820e-01
2.1206349206e-01 -1.1131893520e-01
2.1215419501e-01 -1.1677736000e-01
2.1224489796e-01 -1.2157809800e-01
2.1233560091e-01 -1.2595509400e-01
2.1242630385e-01 -1.3006766200e-01
2.1251700680e-01 -1.3372316000e-01
2.1260770975e-01 -1.3697765000e-01
2.1269841270e-01 -1.3962039200e-01
2.1278911565e-01 -1.4167035200e-01
2.1287981859e-01 -1.4352139200e-01
2.1297052154e-01 -1.4520421600e-01
2.1306122449e-01 -1.4678673600e-01
2.1315192744e-01 -1.4792971600e-01
2.1324263039e-01 -1.4896469200e-01
2.1333333333e-01 -1.4964143400e-01
2.1342403628e-01 -1.4998095800e-01
2.1351473923e-01 -1.5018295000e-01
2.1360544218e-01 -1.5048218000e-01
2.1369614512e-01 -1.5012430600e-01
2.1378684807e-01 -1.4921062000e-01
2.1387755102e-01 -1.4835223400e-01
2.1396825397e-01 -1.4689626200e-01
2.1405895692e-01 -1.4505883600e-01
2.1414965986e-01 -1.4334861000e-01
2.1424036281e-01 -1.4154599000e-01
2.1433106576e-01 -1.3909085200e-01
2.1442176871e-01 -1.3650024200e-01
2.1451247166e-01 -1.3388953200e-01
2.1460317460e-01 -1.3062836200e-01
2.1469387755e-01 -1.2720607800e-01
2.1478458050e-01 -1.2378468800e-01
2.1487528345e-01 -1.2003072800e-01
2.1496598639e-01 -1.1550227000e-01
2.1505668934e-01 -1.1110417600e-01
2.1514739229e-01 -1.0659635800e-01
2.1523809524e-01 -1.0175807800e-01
2.1532879819e-01 -9.6986871400e-02
2.1541950113e-01 -9.2745396600e-02
2.1551020408e-01 -8.8832464400e-02
2.1560090703e-01 -8.4935256600e-02
2.1569160998e-01 -8.1267618200e-02
2.1578231293e-01 -7.7860057200e-02
2.1587301587e-01 -7.4628882400e-02
2.1596371882e-01 -7.0839400600e-02
2.1605442177e-01 -6.7387323000e-02
2.1614512472e-01 -6.3919855000e-02
2.1623582766e-01 -6.0516680400e-02
2.1632653061e-01 -5.6728516800e-02
2.1641723356e-01 -5.2693531200e-02
2.1650793651e-01 -4.7778358400e-02
2.1659863946e-01 -4.2893633200e-02
2.1668934240e-01 -3.7443097400e-02
2.1678004535e-01 -3.2112986800e-02
2.1687074830e-01 -2.6722750000e-02
2.1696145125e-01 -2.1323647940e-02
2.1705215420e-01 -1.5922313260e-02
2.1714285714e-01 -1.0325823860e-02
2.1723356009e-01 -4.0769718400e-03
2.1732426304e-01 1.8188157600e-03
2.1741496599e-01 7.5216083000e-03
2.1750566893e-01 1.3959038020e-02
2.1759637188e-01 2.0258670020e-02
2.1768707483e-01 2.6318386200e-02
2.1777777778e-01 3.2896249000e-02
2.1786848073e-01 3.9421663200e-02
2.1795918367e-01 4.5481354800e-02
2.1804988662e-01 5.1605971000e-02
2.1814058957e-01 5.7670642800e-02
2.1823129252e-01 6.3473195200e-02
2.1832199546e-01 6.9164747000e-02
2.1841269841e-01 7.5110943800e-02
2.1850340136e-01 8.0219689000e-02
2.1859410431e-01 8.4618977200e-02
2.1868480726e-01 8.8774509800e-02
2.1877551020e-01 9.2283654400e-02
2.1886621315e-01 9.4817208000e-02
2.1895691610e-01 9.7393369200e-02
2.1904761905e-01 9.9810253200e-02
2.1913832200e-01 1.0138360540e-01
2.1922902494e-01 1.0287252200e-01
2.1931972789e-01 1.0112381900e-01
2.1941043084e-01 1.0191946500e-01
2.1950113379e-01 1.0360984500e-01
2.1959183673e-01 1.0508632900e-01
2.1968253968e-01 1.0661500100e-01
2.1977324263e-01 1.1097801400e-01
2.1986394558e-01 1.1243344400e-01
2.1995464853e-01 1.1293021200e-01
2.2004535147e-01 1.1316961600e-01
2.2013605442e-01 1.1272313000e-01
2.2022675737e-01 1.1190696600e-01
2.2031746032e-01 1.1053630600e-01
2.2040816327e-01 1.0839621000e-01
2.2049886621e-01 1.0620591600e-01
2.2058956916e-01 1.0375011820e-01
2.2068027211e-01 1.0098782960e-01
2.2077097506e-01 9.8083897400e-02
2.2086167800e-01 9.4670838600e-02
2.2095238095e-01 9.1155008200e-02
2.2104308390e-01 8.7336408200e-02
2.2113378685e-01 8.4239883400e-02
2.2122448980e-01 8.0799700600e-02
2.2131519274e-01 7.7645144200e-02
2.2140589569e-01 7.4623517800e-02
2.2149659864e-01 7.2039929600e-02
2.2158730159e-01 6.9181525800e-02
2.2167800454e-01 6.6390985400e-02
2.2176870748e-01 6.4264481600e-02
2.2185941043e-01 6.2331043200e-02
2.2195011338e-01 6.1205041000e-02
2.2204081633e-01 6.0628323800e-02
2.2213151927e-01 6.1121458200e-02
2.2222222222e-01 6.2084020400e-02
2.2231292517e-01 6.3375519200e-02
2.2240362812e-01 6.5042584800e-02
2.2249433107e-01 6.7078077200e-02
2.2258503401e-01 6.9219246000e-02
2.2267573696e-01 7.1230237200e-02
2.2276643991e-01 7.3053198600e-02
2.2285714286e-01 7.4145122600e-02
2.2294784580e-01 7.4550767800e-02
2.2303854875e-01 7.4006123400e-02
2.2312925170e-01 7.2694225800e-02
2.2321995465e-01 7.1146060800e-02
2.2331065760e-01 6.9099451600e-02
2.2340136054e-01 6.7045105400e-02
2.2349206349e-01 6.5117754200e-02
2.2358276644e-01 6.3622334800e-02
2.2367346939e-01 6.2189669000e-02
2.2376417234e-01 6.1169565600e-02
2.2385487528e-01 6.0104038000e-02
2.2394557823e-01 5.9486087000e-02
2.2403628118e-01 5.9073395000e-02
2.2412698413e-01 5.8898751200e-02
2.2421768707e-01 5.9250155600e-02
2.2430839002e-01 6.0229526800e-02
2.2439909297e-01 6.1309202400e-02
2.2448979592e-01 6.2515891200e-02
2.2458049887e-01 6.3654044800e-02
2.2467120181e-01 6.4380920000e-02
2.2476190476e-01 6.4673479600e-02
2.2485260771e-01 6.4542189800e-02
2.2494331066e-01 6.3671529600e-02
2.2503401361e-01 6.2548158000e-02
2.2512471655e-01 6.0870904600e-02
2.2521541950e-01 5.8299894800e-02
2.2530612245e-01 5.4673336600e-02
2.2539682540e-01 5.1076037200e-02
2.2548752834e-01 4.6727200200e-02
2.2557823129e-01 4.2120598000e-02
2.2566893424e-01 3.7418168800e-02
2.2575963719e-01 3.2944409000e-02
2.2585034014e-01 2.7635977200e-02
2.2594104308e-01 2.2671891800e-02
2.2603174603e-01 1.7992431400e-02
2.2612244898e-01 1.3624893220e-02
2.2621315193e-01 9.7692437800e-03
2.2630385488e-01 7.1570740600e-03
2.2639455782e-01 4.8202531820e-03
2.2648526077e-01 3.0546428820e-03
2.2657596372e-01 2.0163562620e-03
2.2666666667e-01 1.4574187680e-03
2.2675736961e-01 9.4376235600e-04
2.2684807256e-01 1.2374981340e-03
2.2693877551e-01 1.4086712140e-03
2.2702947846e-01 1.8796064140e-03
2.2712018141e-01 2.8300954880e-03
2.2721088435e-01 4.1251009400e-03
2.2730158730e-01 4.9846559000e-03
2.2739229025e-01 5.9581530000e-03
2.2748299320e-01 6.7899532400e-03
2.2757369615e-01 7.2882203200e-03
2.2766439909e-01 7.3817856000e-03
2.2775510204e-01 7.3588153200e-03
2.2784580499e-01 6.5966957800e-03
2.2793650794e-01 5.6994940800e-03
2.2802721088e-01 3.9849610880e-03
2.2811791383e-01 1.8740671080e-03
2.2820861678e-01 -8.8765969200e-04
2.2829931973e-01 -3.9118372320e-03
2.2839002268e-01 -7.7539379720e-03
2.2848072562e-01 -1.1468661400e-02
2.2857142857e-01 -1.5750595220e-02
2.2866213152e-01 -2.0261926600e-02
2.2875283447e-01 -2.5048517000e-02
2.2884353741e-01 -2.9644217400e-02
2.2893424036e-01 -3.4823408400e-02
2.2902494331e-01 -4.0285061800e-02
2.2911564626e-01 -4.5876022200e-02
2.2920634921e-01 -5.1436871200e-02
2.2929705215e-01 -5.7803328800e-02
2.2938775510e-01 -6.4230739000e-02
2.2947845805e-01 -7.0533016600e-02
2.2956916100e-01 -7.6578256600e-02
2.2965986395e-01 -8.2909881000e-02
2.2975056689e-01 -8.9309722400e-02
2.2984126984e-01 -9.5347773000e-02
2.2993197279e-01 -1.0135431160e-01
2.3002267574e-01 -1.0730035460e-01
2.3011337868e-01 -1.1265828600e-01
2.3020408163e-01 -1.1775663800e-01
2.3029478458e-01 -1.2279379200e-01
2.3038548753e-01 -1.2701991000e-01
2.3047619048e-01 -1.3113423000e-01
2.3056689342e-01 -1.3506291800e-01
2.3065759637e-01 -1.3818245000e-01
2.3074829932e-01 -1.4083957200e-01
2.3083900227e-01 -1.4356558800e-01
2.3092970522e-01 -1.4552091800e-01
2.3102040816e-01 -1.4705388200e-01
2.3111111111e-01 -1.4850859600e-01
2.3120181406e-01 -1.4951476600e-01
2.3129251701e-01 -1.5008012200e-01
2.3138321995e-01 -1.5100976600e-01
2.3147392290e-01 -1.5193406600e-01
2.3156462585e-01 -1.5225034000e-01
2.3165532880e-01 -1.5178924600e-01
2.3174603175e-01 -1.5183243200e-01
2.3183673469e-01 -1.5492695000e-01
2.3192743764e-01 -1.5368442600e-01
2.3201814059e-01 -1.5158567000e-01
2.3210884354e-01 -1.4987412200e-01
2.3219954649e-01 -1.4693010800e-01
2.3229024943e-01 -1.4036977600e-01
2.3238095238e-01 -1.3724581800e-01
2.3247165533e-01 -1.3445380400e-01
2.3256235828e-01 -1.3111011800e-01
2.3265306122e-01 -1.2759951200e-01
2.3274376417e-01 -1.2356232400e-01
2.3283446712e-01 -1.1886539400e-01
2.3292517007e-01 -1.1413133800e-01
2.3301587302e-01 -1.0947708800e-01
2.3310657596e-01 -1.0464801740e-01
2.3319727891e-01 -9.9550229200e-02
2.3328798186e-01 -9.4793958800e-02
2.3337868481e-01 -9.0144496400e-02
2.3346938776e-01 -8.5227663200e-02
2.3356009070e-01 -8.0782789000e-02
2.3365079365e-01 -7.6507939800e-02
2.3374149660e-01 -7.2531954800e-02
2.3383219955e-01 -6.8733289800e-02
2.3392290249e-01 -6.5285923600e-02
2.3401360544e-01 -6.1923698800e-02
2.3410430839e-01 -5.8338254200e-02
2.3419501134e-01 -5.4744733000e-02
2.3428571429e-01 -5.1105359400e-02
2.3437641723e-01 -4.7034328800e-02
2.3446712018e-01 -4.2520625600e-02
2.3455782313e-01 -3.8062498200e-02
2.3464852608e-01 -3.3375024000e-02
2.3473922902e-01 -2.8169295400e-02
2.3482993197e-01 -2.3082731800e-02
2.3492063492e-01 -1.7951860740e-02
2.3501133787e-01 -1.2867009860e-02
2.3510204082e-01 -7.6250205800e-03
2.3519274376e-01 -2.7003512800e-03
2.3528344671e-01 2.2076433200e-03
2.3537414966e-01 7.4078780600e-03
2.3546485261e-01 1.2696543380e-02
2.3555555556e-01 1.7979771300e-02
2.3564625850e-01 2.3485079200e-02
2.3573696145e-01 2.9302389800e-02
2.3582766440e-01 3.5063870800e-02
2.3591836735e-01 4.0601471000e-02
2.3600907029e-01 4.6262651800e-02
2.3609977324e-01 5.2122148800e-02
2.3619047619e-01 5.7600715600e-02
2.3628117914e-01 6.2647426200e-02
2.3637188209e-01 6.7660702400e-02
2.3646258503e-01 7.2381898400e-02
2.3655328798e-01 7.6806191800e-02
2.3664399093e-01 8.0552295400e-02
2.3673469388e-01 8.4474092000e-02
2.3682539683e-01 8.8221630200e-02
2.3691609977e-01 9.1673143000e-02
2.3700680272e-01 9.4556455800e-02
2.3709750567e-01 9.7497160600e-02
2.3718820862e-01 1.0000874980e-01
2.3727891156e-01 1.0222883760e-01
2.3736961451e-01 1.0433524400e-01
2.3746031746e-01 1.0584959000e-01
2.3755102041e-01 1.0739198000e-01
2.3764172336e-01 1.0860612600e-01
2.3773242630e-01 1.0983506000e-01
2.3782312925e-01 1.1048514600e-01
2.3791383220e-01 1.1131908000e-01
2.3800453515e-01 1.1173132400e-01
2.3809523810e-01 1.1155752200e-01
2.3818594104e-01 1.1106709600e-01
2.3827664399e-01 1.1021429600e-01
2.3836734694e-01 1.0899943400e-01
2.3845804989e-01 1.0715334000e-01
2.3854875283e-01 1.0506367620e-01
2.3863945578e-01 1.0235483620e-01
2.3873015873e-01 9.9000538400e-02
2.3882086168e-01 9.5340235400e-02
2.3891156463e-01 9.1705529800e-02
2.3900226757e-01 8.7966544200e-02
2.3909297052e-01 8.4075910400e-02
2.3918367347e-01 8.0505094000e-02
2.3927437642e-01 7.7036984000e-02
2.3936507937e-01 7.3680050200e-02
2.3945578231e-01 7.0284743400e-02
2.3954648526e-01 6.7026424800e-02
2.3963718821e-01 6.4458213000e-02
2.3972789116e-01 6.2078304600e-02
2.3981859410e-01 5.9923285400e-02
2.3990929705e-01 5.8424948600e-02
2.4000000000e-01 5.7448528200e-02
2.4009070295e-01 5.6508396200e-02
2.4018140590e-01 5.6214038000e-02
2.4027210884e-01 5.6231322000e-02
2.4036281179e-01 5.6314400600e-02
2.4045351474e-01 5.6317901000e-02
2.4054421769e-01 5.6893187200e-02
2.4063492063e-01 5.7836814800e-02
2.4072562358e-01 5.9077533600e-02
2.4081632653e-01 6.0372784200e-02
2.4090702948e-01 6.2157344800e-02
2.4099773243e-01 6.3373881000e-02
2.4108843537e-01 6.3819789200e-02
2.4117913832e-01 6.3610938800e-02
2.4126984127e-01 6.3228972400e-02
2.4136054422e-01 6.2552635600e-02
2.4145124717e-01 6.1721184400e-02
2.4154195011e-01 6.0966716800e-02
2.4163265306e-01 6.0305250200e-02
2.4172335601e-01 5.9969356800e-02
2.4181405896e-01 5.9720313200e-02
2.4190476190e-01 5.9915591200e-02
2.4199546485e-01 6.0379294400e-02
2.4208616780e-01 6.1139970000e-02
2.4217687075e-01 6.2299076800e-02
2.4226757370e-01 6.3341484200e-02
2.4235827664e-01 6.4450555800e-02
2.4244897959e-01 6.5669202400e-02
2.4253968254e-01 6.7146199200e-02
2.4263038549e-01 6.7960221400e-02
2.4272108844e-01 6.8711474000e-02
2.4281179138e-01 6.9220814000e-02
2.4290249433e-01 6.9019400800e-02
2.4299319728e-01 6.8252079400e-02
2.4308390023e-01 6.7107560000e-02
2.4317460317e-01 6.5360547800e-02
2.4326530612e-01 6.2717856600e-02
2.4335600907e-01 5.9746736400e-02
2.4344671202e-01 5.6115541800e-02
2.4353741497e-01 5.1740714800e-02
2.4362811791e-01 4.6884868000e-02
2.4371882086e-01 4.1930666600e-02
2.4380952381e-01 3.6798111400e-02
2.4390022676e-01 3.1096800400e-02
2.4399092971e-01 2.6098803600e-02
2.4408163265e-01 2.1675956400e-02
2.4417233560e-01 1.7766911800e-02
2.4426303855e-01 1.2714491880e-02
2.4435374150e-01 6.2327568800e-03
2.4444444444e-01 3.7988316200e-03
2.4453514739e-01 1.6665303600e-03
2.4462585034e-01 -2.2846764000e-04
2.4471655329e-01 -2.0490870000e-04
2.4480725624e-01 2.7152035400e-03
2.4489795918e-01 1.8920461120e-03
2.4498866213e-01 1.5735222720e-03
2.4507936508e-01 1.3909706320e-03
2.4517006803e-01 1.3820956720e-03
2.4526077098e-01 1.4024650920e-03
2.4535147392e-01 1.3520216160e-03
2.4544217687e-01 8.5478106200e-04
2.4553287982e-01 4.5045910600e-04
2.4562358277e-01 3.1458158600e-04
2.4571428571e-01 1.6127520400e-04
2.4580498866e-01 5.4182748000e-05
2.4589569161e-01 7.8571168000e-05
2.4598639456e-01 -2.9585823600e-04
2.4607709751e-01 -1.5694360360e-03
2.4616780045e-01 -3.2846837740e-03
2.4625850340e-01 -5.5477425540e-03
2.4634920635e-01 -8.3535829200e-03
2.4643990930e-01 -1.1337821520e-02
2.4653061224e-01 -1.4662843860e-02
2.4662131519e-01 -1.8194644000e-02
2.4671201814e-01 -2.1746646800e-02
2.4680272109e-01 -2.5825937600e-02
2.4689342404e-01 -3.0157002200e-02
2.4698412698e-01 -3.4304312200e-02
2.4707482993e-01 -3.9175141600e-02
2.4716553288e-01 -4.4271130600e-02
2.4725623583e-01 -4.9309115000e-02
2.4734693878e-01 -5.4953889600e-02
2.4743764172e-01 -6.0814213800e-02
2.4752834467e-01 -6.6277080400e-02
2.4761904762e-01 -7.2405671000e-02
2.4770975057e-01 -7.9051392400e-02
2.4780045351e-01 -8.5381167000e-02
2.4789115646e-01 -9.2164061000e-02
2.4798185941e-01 -9.9016062000e-02
2.4807256236e-01 -1.0526325440e-01
2.4816326531e-01 -1.1103339180e-01
2.4825396825e-01 -1.1655321800e-01
2.4834467120e-01 -1.2137543400e-01
2.4843537415e-01 -1.2611827200e-01
2.4852607710e-01 -1.3070186600e-01
2.4861678005e-01 -1.3497210600e-01
2.4870748299e-01 -1.3874122400e-01
2.4879818594e-01 -1.4203602000e-01
2.4888888889e-01 -1.4437718800e-01
2.4897959184e-01 -1.4613323400e-01
2.4907029478e-01 -1.4738781200e-01
2.4916099773e-01 -1.4864755400e-01
2.4925170068e-01 -1.5003657000e-01
2.4934240363e-01 -1.5149181400e-01
2.4943310658e-01 -1.5294472200e-01
2.4952380952e-01 -1.5437116800e-01
2.4961451247e-01 -1.5508963800e-01
2.4970521542e-01 -1.5521159400e-01
2.4979591837e-01 -1.5495125200e-01
2.4988662132e-01 -1.5401817800e-01
2.4997732426e-01 -1.5247403000e-01
2.5006802721e-01 -1.5100959800e-01
2.5015873016e-01 -1.4901281600e-01
2.5024943311e-01 -1.4702045000e-01
2.5034013605e-01 -1.4439289400e-01
2.5043083900e-01 -1.4126479800e-01
2.5052154195e-01 -1.3764927200e-01
2.5061224490e-01 -1.3391977800e-01
2.5070294785e-01 -1.2932298800e-01
2.5079365079e-01 -1.2479384200e-01
2.5088435374e-01 -1.2017002400e-01
2.5097505669e-01 -1.1472381000e-01
2.5106575964e-01 -1.0920142820e-01
2.5115646259e-01 -1.0365995980e-01
2.5124716553e-01 -9.7750454600e-02
2.5133786848e-01 -9.1419726800e-02
2.5142857143e-01 -8.5649674000e-02
2.5151927438e-01 -8.0176389000e-02
2.5160997732e-01 -7.5256086400e-02
2.5170068027e-01 -7.0685817200e-02
2.5179138322e-01 -6.6457094800e-02
2.5188208617e-01 -6.2703725000e-02
2.5197278912e-01 -5.8898943600e-02
2.5206349206e-01 -5.4780870600e-02
2.5215419501e-01 -5.0865946000e-02
2.5224489796e-01 -4.7342114600e-02
2.5233560091e-01 -4.3262288200e-02
2.5242630385e-01 -3.9287282400e-02
2.5251700680e-01 -3.5551482400e-02
2.5260770975e-01 -3.1427827000e-02
2.5269841270e-01 -2.7062871000e-02
2.5278911565e-01 -2.2782354000e-02
2.5287981859e-01 -1.8209266380e-02
2.5297052154e-01 -1.3264401680e-02
2.5306122449e-01 -8.6291505640e-03
2.5315192744e-01 -3.7138849840e-03
2.5324263039e-01 1.1757636160e-03
2.5333333333e-01 6.2150603960e-03
2.5342403628e-01 1.1006737296e-02
2.5351473923e-01 1.5975346380e-02
2.5360544218e-01 2.0907943800e-02
2.5369614512e-01 2.5831039800e-02
2.5378684807e-01 3.0447913600e-02
2.5387755102e-01 3.5464357600e-02
2.5396825397e-01 4.0672269600e-02
2.5405895692e-01 4.5692382600e-02
2.5414965986e-01 5.0857129600e-02
2.5424036281e-01 5.6515659800e-02
2.5433106576e-01 6.1635525200e-02
2.5442176871e-01 6.6492526200e-02
2.5451247166e-01 7.1298149000e-02
2.5460317460e-01 7.5917292400e-02
2.5469387755e-01 7.9870716200e-02
2.5478458050e-01 8.3869947000e-02
2.5487528345e-01 8.7479212000e-02
2.5496598639e-01 9.1444564600e-02
2.5505668934e-01 9.4648967600e-02
2.5514739229e-01 9.7131119400e-02
2.5523809524e-01 9.9390781600e-02
2.5532879819e-01 1.0154344900e-01
2.5541950113e-01 1.0250538200e-01
2.5551020408e-01 1.0342111600e-01
2.5560090703e-01 1.0462147800e-01
2.5569160998e-01 1.0553330000e-01
2.5578231293e-01 1.0625216800e-01
2.5587301587e-01 1.0700840200e-01
2.5596371882e-01 1.0797699400e-01
2.5605442177e-01 1.0871829200e-01
2.5614512472e-01 1.0888243600e-01
2.5623582766e-01 1.0856829800e-01
2.5632653061e-01 1.0769145200e-01
2.5641723356e-01 1.0594448600e-01
2.5650793651e-01 1.0406251200e-01
2.5659863946e-01 1.0208174520e-01
2.5668934240e-01 9.9701837200e-02
2.5678004535e-01 9.5636736000e-02
2.5687074830e-01 9.0768174000e-02
2.5696145125e-01 8.7843435000e-02
2.5705215420e-01 8.4450593000e-02
2.5714285714e-01 8.1139889200e-02
2.5723356009e-01 7.9557452200e-02
2.5732426304e-01 7.8451985000e-02
2.5741496599e-01 7.5129327000e-02
2.5750566893e-01 7.2003464000e-02
2.5759637188e-01 6.8802185400e-02
2.5768707483e-01 6.5354171000e-02
2.5777777778e-01 6.2363968600e-02
2.5786848073e-01 5.9986858200e-02
2.5795918367e-01 5.8127389200e-02
2.5804988662e-01 5.6555586800e-02
2.5814058957e-01 5.5529682000e-02
2.5823129252e-01 5.4610855400e-02
2.5832199546e-01 5.3950766200e-02
2.5841269841e-01 5.4125345400e-02
2.5850340136e-01 5.4625840600e-02
2.5859410431e-01 5.5198390000e-02
2.5868480726e-01 5.6696235000e-02
2.5877551020e-01 5.8139166600e-02
2.5886621315e-01 5.8894568000e-02
2.5895691610e-01 6.0115321600e-02
2.5904761905e-01 6.1462912000e-02
2.5913832200e-01 6.2136583800e-02
2.5922902494e-01 6.2799138800e-02
2.5931972789e-01 6.3327533200e-02
2.5941043084e-01 6.3506643200e-02
2.5950113379e-01 6.3562017400e-02
2.5959183673e-01 6.3482087400e-02
2.5968253968e-01 6.3100992200e-02
2.5977324263e-01 6.3041589200e-02
2.5986394558e-01 6.3136876400e-02
2.5995464853e-01 6.3647004800e-02
2.6004535147e-01 6.4365061400e-02
2.6013605442e-01 6.5159115600e-02
2.6022675737e-01 6.6137231800e-02
2.6031746032e-01 6.7205260600e-02
2.6040816327e-01 6.8126162200e-02
2.6049886621e-01 6.9151151000e-02
2.6058956916e-01 7.0218953000e-02
2.6068027211e-01 7.1113694800e-02
2.6077097506e-01 7.1730651800e-02
2.6086167800e-01 7.1987023200e-02
2.6095238095e-01 7.1829191800e-02
2.6104308390e-01 7.1157506000e-02
2.6113378685e-01 7.0128738400e-02
2.6122448980e-01 6.8410802000e-02
2.6131519274e-01 6.6283178600e-02
2.6140589569e-01 6.3610023800e-02
2.6149659864e-01 6.0403808800e-02
2.6158730159e-01 5.6637253800e-02
2.6167800454e-01 5.2365490000e-02
2.6176870748e-01 4.7934591200e-02
2.6185941043e-01 4.3021695000e-02
2.6195011338e-01 3.8257045000e-02
2.6204081633e-01 3.3484428200e-02
2.6213151927e-01 2.9328065400e-02
2.6222222222e-01 2.5009625000e-02
2.6231292517e-01 2.1479158600e-02
2.6240362812e-01 1.8174035600e-02
2.6249433107e-01 1.5394985600e-02
2.6258503401e-01 1.2896855180e-02
2.6267573696e-01 1.1157286080e-02
2.6276643991e-01 9.7139455800e-03
2.6285714286e-01 8.4076732200e-03
2.6294784580e-01 7.1619489400e-03
2.6303854875e-01 6.0566396600e-03
2.6312925170e-01 5.1287695000e-03
2.6321995465e-01 4.3366092600e-03
2.6331065760e-01 4.0679416400e-03
2.6340136054e-01 3.8760815800e-03
2.6349206349e-01 3.7230897200e-03
2.6358276644e-01 3.4487240800e-03
2.6367346939e-01 2.8856938260e-03
2.6376417234e-01 1.9344833060e-03
2.6385487528e-01 1.2414638590e-03
2.6394557823e-01 2.4930381900e-04
2.6403628118e-01 -1.1103380410e-03
2.6412698413e-01 -2.6296118870e-03
2.6421768707e-01 -4.3720596070e-03
2.6430839002e-01 -6.9500486200e-03
2.6439909297e-01 -9.8699204200e-03
2.6448979592e-01 -1.2808552260e-02
2.6458049887e-01 -1.6033415420e-02
2.6467120181e-01 -1.9919844400e-02
2.6476190476e-01 -2.4017057000e-02
2.6485260771e-01 -2.8288527400e-02
2.6494331066e-01 -3.2923047400e-02
2.6503401361e-01 -3.7816074000e-02
2.6512471655e-01 -4.2671370400e-02
2.6521541950e-01 -4.7557184400e-02
2.6530612245e-01 -5.2637540200e-02
2.6539682540e-01 -5.8284014600e-02
2.6548752834e-01 -6.4163942800e-02
2.6557823129e-01 -7.0040922400e-02
2.6566893424e-01 -7.6056760600e-02
2.6575963719e-01 -8.2254257800e-02
2.6585034014e-01 -8.8507366200e-02
2.6594104308e-01 -9.4548288600e-02
2.6603174603e-01 -1.0018274860e-01
2.6612244898e-01 -1.0602668080e-01
2.6621315193e-01 -1.1178483200e-01
2.6630385488e-01 -1.1679345400e-01
2.6639455782e-01 -1.2157076200e-01
2.6648526077e-01 -1.2632084000e-01
2.6657596372e-01 -1.3053382800e-01
2.6666666667e-01 -1.3420499200e-01
2.6675736961e-01 -1.3752812400e-01
2.6684807256e-01 -1.4087693600e-01
2.6693877551e-01 -1.4356852800e-01
2.6702947846e-01 -1.4569641600e-01
2.6712018141e-01 -1.4747946600e-01
2.6721088435e-01 -1.4940962000e-01
2.6730158730e-01 -1.5083230800e-01
2.6739229025e-01 -1.5215731000e-01
2.6748299320e-01 -1.5363572800e-01
2.6757369615e-01 -1.5488525600e-01
2.6766439909e-01 -1.5536188600e-01
2.6775510204e-01 -1.5543856000e-01
2.6784580499e-01 -1.5577415200e-01
2.6793650794e-01 -1.5535141200e-01
2.6802721088e-01 -1.5426790800e-01
2.6811791383e-01 -1.5332942200e-01
2.6820861678e-01 -1.5179357000e-01
2.6829931973e-01 -1.4936310400e-01
2.6839002268e-01 -1.4693035600e-01
2.6848072562e-01 -1.4420925000e-01
2.6857142857e-01 -1.4093709800e-01
2.6866213152e-01 -1.3772320200e-01
2.6875283447e-01 -1.3405966400e-01
2.6884353741e-01 -1.2974153800e-01
2.6893424036e-01 -1.2512013200e-01
2.6902494331e-01 -1.2010969600e-01
2.6911564626e-01 -1.1467614200e-01
2.6920634921e-01 -1.0872607920e-01
2.6929705215e-01 -1.0492046720e-01
2.6938775510e-01 -1.0104897460e-01
2.6947845805e-01 -9.4940556800e-02
2.6956916100e-01 -8.9446192400e-02
2.6965986395e-01 -8.4857692800e-02
2.6975056689e-01 -7.8202835600e-02
2.6984126984e-01 -7.1637572600e-02
2.6993197279e-01 -6.7198754000e-02
2.7002267574e-01 -6.2755697200e-02
2.7011337868e-01 -5.7840850200e-02
2.7020408163e-01 -5.2851311600e-02
2.7029478458e-01 -4.8182568800e-02
2.7038548753e-01 -4.3752555200e-02
2.7047619048e-01 -3.8536499200e-02
2.7056689342e-01 -3.3734408800e-02
2.7065759637e-01 -2.9346061400e-02
2.7074829932e-01 -2.4489029800e-02
2.7083900227e-01 -1.9618103940e-02
2.7092970522e-01 -1.5078379320e-02
2.7102040816e-01 -1.0246376566e-02
2.7111111111e-01 -5.2336556658e-03
2.7120181406e-01 -6.1095094580e-04
2.7129251701e-01 4.0421021942e-03
2.7138321995e-01 8.5484691742e-03
2.7147392290e-01 1.2876355420e-02
2.7156462585e-01 1.7779020720e-02
2.7165532880e-01 2.2774612200e-02
2.7174603175e-01 2.7303973000e-02
2.7183673469e-01 3.2152077200e-02
2.7192743764e-01 3.7418075800e-02
2.7201814059e-01 4.2844155600e-02
2.7210884354e-01 4.7889846800e-02
2.7219954649e-01 5.3215402200e-02
2.7229024943e-01 5.8439419000e-02
2.7238095238e-01 6.3299595800e-02
2.7247165533e-01 6.7850176600e-02
2.7256235828e-01 7.2628130400e-02
2.7265306122e-01 7.7669345800e-02
2.7274376417e-01 8.2326620200e-02
2.7283446712e-01 8.6546916600e-02
2.7292517007e-01 9.0299399000e-02
2.7301587302e-01 9.3596428400e-02
2.7310657596e-01 9.6084797800e-02
2.7319727891e-01 9.8225705600e-02
2.7328798186e-01 1.0009377900e-01
2.7337868481e-01 1.0168033660e-01
2.7346938776e-01 1.0274730800e-01
2.7356009070e-01 1.0406137400e-01
2.7365079365e-01 1.0514051800e-01
2.7374149660e-01 1.0588903000e-01
2.7383219955e-01 1.0645576000e-01
2.7392290249e-01 1.0690631800e-01
2.7401360544e-01 1.0697471800e-01
2.7410430839e-01 1.0720033800e-01
2.7419501134e-01 1.0733618000e-01
2.7428571429e-01 1.0669997000e-01
2.7437641723e-01 1.0590593000e-01
2.7446712018e-01 1.0459303800e-01
2.7455782313e-01 1.0307806800e-01
2.7464852608e-01 1.0142677220e-01
2.7473922902e-01 9.9484074800e-02
2.7482993197e-01 9.7495525200e-02
2.7492063492e-01 9.5149933400e-02
2.7501133787e-01 9.2352273200e-02
2.7510204082e-01 8.9353867000e-02
2.7519274376e-01 8.6293969200e-02
2.7528344671e-01 8.3218390800e-02
2.7537414966e-01 8.0454849400e-02
2.7546485261e-01 7.7579597400e-02
2.7555555556e-01 7.4271166200e-02
2.7564625850e-01 7.1187458200e-02
2.7573696145e-01 6.7884055600e-02
2.7582766440e-01 6.4808983600e-02
2.7591836735e-01 6.2092106600e-02
2.7600907029e-01 5.9764789600e-02
2.7609977324e-01 5.7504251200e-02
2.7619047619e-01 5.5617410400e-02
2.7628117914e-01 5.3779039000e-02
2.7637188209e-01 5.2341566400e-02
2.7646258503e-01 5.1301780200e-02
2.7655328798e-01 5.1070766600e-02
2.7664399093e-01 5.1295479400e-02
2.7673469388e-01 5.2196719000e-02
2.7682539683e-01 5.3213081800e-02
2.7691609977e-01 5.4509307400e-02
2.7700680272e-01 5.5542999200e-02
2.7709750567e-01 5.6411242600e-02
2.7718820862e-01 5.7042343000e-02
2.7727891156e-01 5.7383351400e-02
2.7736961451e-01 5.7612431000e-02
2.7746031746e-01 5.7778022800e-02
2.7755102041e-01 5.7969790600e-02
2.7764172336e-01 5.7955327600e-02
2.7773242630e-01 5.8494650000e-02
2.7782312925e-01 5.9207258200e-02
2.7791383220e-01 5.9930857200e-02
2.7800453515e-01 6.0743010200e-02
2.7809523810e-01 6.1915820000e-02
2.7818594104e-01 6.2549248400e-02
2.7827664399e-01 6.2842442400e-02
2.7836734694e-01 6.3468783200e-02
2.7845804989e-01 6.4213172600e-02
2.7854875283e-01 6.4597505200e-02
2.7863945578e-01 6.5281446200e-02
2.7873015873e-01 6.6591567800e-02
2.7882086168e-01 6.7222508200e-02
2.7891156463e-01 6.7650906400e-02
2.7900226757e-01 6.7810411200e-02
2.7909297052e-01 6.7120545800e-02
2.7918367347e-01 6.5653926600e-02
2.7927437642e-01 6.4199894400e-02
2.7936507937e-01 6.2198924800e-02
2.7945578231e-01 5.9952259200e-02
2.7954648526e-01 5.7181497000e-02
2.7963718821e-01 5.3734663200e-02
2.7972789116e-01 4.9822363400e-02
2.7981859410e-01 4.5696998200e-02
2.7990929705e-01 4.1114782800e-02
2.8000000000e-01 3.6892771800e-02
2.8009070295e-01 3.2547385200e-02
2.8018140590e-01 2.8472357000e-02
2.8027210884e-01 2.4673667200e-02
2.8036281179e-01 2.1187195200e-02
2.8045351474e-01 1.7798710800e-02
2.8054421769e-01 1.5194936200e-02
2.8063492063e-01 1.3075623480e-02
2.8072562358e-01 1.0681626480e-02
2.8081632653e-01 8.6380191000e-03
2.8090702948e-01 7.0273757800e-03
2.8099773243e-01 5.3644067200e-03
2.8108843537e-01 3.6388864600e-03
2.8117913832e-01 2.6285313800e-03
2.8126984127e-01 1.8071166320e-03
2.8136054422e-01 1.2663777720e-03
2.8145124717e-01 9.0264443000e-04
2.8154195011e-01 7.5107176000e-04
2.8163265306e-01 4.9009481200e-04
2.8172335601e-01 6.8747300000e-04
2.8181405896e-01 -2.9020578200e-03
2.8190476190e-01 -4.8621489180e-03
2.8199546485e-01 -4.8791936100e-03
2.8208616780e-01 -5.2588919420e-03
2.8217687075e-01 -6.7374922220e-03
2.8226757370e-01 -4.7123202820e-03
2.8235827664e-01 -4.7066788020e-03
2.8244897959e-01 -7.6013614600e-03
2.8253968254e-01 -1.0931845900e-02
2.8263038549e-01 -1.4063573080e-02
2.8272108844e-01 -1.8015729420e-02
2.8281179138e-01 -2.2177622800e-02
2.8290249433e-01 -2.5876194200e-02
2.8299319728e-01 -2.9424074200e-02
2.8308390023e-01 -3.3776161800e-02
2.8317460317e-01 -3.7800508800e-02
2.8326530612e-01 -4.2074331200e-02
2.8335600907e-01 -4.7118383800e-02
2.8344671202e-01 -5.2419020000e-02
2.8353741497e-01 -5.7469686600e-02
2.8362811791e-01 -6.2644267200e-02
2.8371882086e-01 -6.8574378400e-02
2.8380952381e-01 -7.4236218600e-02
2.8390022676e-01 -7.9909169200e-02
2.8399092971e-01 -8.5879693800e-02
2.8408163265e-01 -9.2149177000e-02
2.8417233560e-01 -9.7577866400e-02
2.8426303855e-01 -1.0291135960e-01
2.8435374150e-01 -1.0817108760e-01
2.8444444444e-01 -1.1281937400e-01
2.8453514739e-01 -1.1710703000e-01
2.8462585034e-01 -1.2100099000e-01
2.8471655329e-01 -1.2471915600e-01
2.8480725624e-01 -1.2826478800e-01
2.8489795918e-01 -1.3162563400e-01
2.8498866213e-01 -1.3449222200e-01
2.8507936508e-01 -1.3720075200e-01
2.8517006803e-01 -1.3950490000e-01
2.8526077098e-01 -1.4124367400e-01
2.8535147392e-01 -1.4273163000e-01
2.8544217687e-01 -1.4454274800e-01
2.8553287982e-01 -1.4633873400e-01
2.8562358277e-01 -1.4817140200e-01
2.8571428571e-01 -1.4949104800e-01
2.8580498866e-01 -1.5014427200e-01
2.8589569161e-01 -1.5018627400e-01
2.8598639456e-01 -1.5006289400e-01
2.8607709751e-01 -1.4931349600e-01
2.8616780045e-01 -1.4839330600e-01
2.8625850340e-01 -1.4732308200e-01
2.8634920635e-01 -1.4597481800e-01
2.8643990930e-01 -1.4374260400e-01
2.8653061224e-01 -1.4146575000e-01
2.8662131519e-01 -1.3907631200e-01
2.8671201814e-01 -1.3640735600e-01
2.8680272109e-01 -1.3304232800e-01
2.8689342404e-01 -1.2924763200e-01
2.8698412698e-01 -1.2471439000e-01
2.8707482993e-01 -1.1970068400e-01
2.8716553288e-01 -1.1431575400e-01
2.8725623583e-01 -1.0877012960e-01
2.8734693878e-01 -1.0300991940e-01
2.8743764172e-01 -9.7149289200e-02
2.8752834467e-01 -9.1534293400e-02
2.8761904762e-01 -8.5835937000e-02
2.8770975057e-01 -8.0356397600e-02
2.8780045351e-01 -7.5464362600e-02
2.8789115646e-01 -7.0723312000e-02
2.8798185941e-01 -6.6281465600e-02
2.8807256236e-01 -6.2209362800e-02
2.8816326531e-01 -5.8033300400e-02
2.8825396825e-01 -5.3803079000e-02
2.8834467120e-01 -4.9678297000e-02
2.8843537415e-01 -4.5248092600e-02
2.8852607710e-01 -4.0604619800e-02
2.8861678005e-01 -3.6065588600e-02
2.8870748299e-01 -3.1278393400e-02
2.8879818594e-01 -2.6684910600e-02
2.8888888889e-01 -2.1970809800e-02
2.8897959184e-01 -1.7321430860e-02
2.8907029478e-01 -1.2699562680e-02
2.8916099773e-01 -8.1589127800e-03
2.8925170068e-01 -3.5748343800e-03
2.8934240363e-01 5.9550172000e-04
2.8943310658e-01 4.7224139800e-03
2.8952380952e-01 8.7867956000e-03
2.8961451247e-01 1.2794123900e-02
2.8970521542e-01 1.7050112900e-02
2.8979591837e-01 2.1603202400e-02
2.8988662132e-01 2.6243130400e-02
2.8997732426e-01 3.1003915600e-02
2.9006802721e-01 3.5848954600e-02
2.9015873016e-01 4.0951245400e-02
2.9024943311e-01 4.6446650800e-02
2.9034013605e-01 5.1504263400e-02
2.9043083900e-01 5.6634628600e-02
2.9052154195e-01 6.1360328000e-02
2.9061224490e-01 6.6187797200e-02
2.9070294785e-01 7.0534079800e-02
2.9079365079e-01 7.4785581600e-02
2.9088435374e-01 7.8602915200e-02
2.9097505669e-01 8.2605823400e-02
2.9106575964e-01 8.5595837200e-02
2.9115646259e-01 8.8165682800e-02
2.9124716553e-01 9.0771915600e-02
2.9133786848e-01 9.3198877000e-02
2.9142857143e-01 9.5069963000e-02
2.9151927438e-01 9.6792156000e-02
2.9160997732e-01 9.8442801400e-02
2.9170068027e-01 9.9432431000e-02
2.9179138322e-01 1.0013605240e-01
2.9188208617e-01 1.0068945980e-01
2.9197278912e-01 1.0099692000e-01
2.9206349206e-01 1.0101117000e-01
2.9215419501e-01 1.0122610200e-01
2.9224489796e-01 1.0137990800e-01
2.9233560091e-01 1.0148475400e-01
2.9242630385e-01 1.0132297400e-01
2.9251700680e-01 1.0120542200e-01
2.9260770975e-01 1.0057658040e-01
2.9269841270e-01 9.9310758600e-02
2.9278911565e-01 9.7728783600e-02
2.9287981859e-01 9.6016315600e-02
2.9297052154e-01 9.3967301000e-02
2.9306122449e-01 9.1430704800e-02
2.9315192744e-01 8.9125606800e-02
2.9324263039e-01 8.6489379600e-02
2.9333333333e-01 8.3899360600e-02
2.9342403628e-01 8.1272728200e-02
2.9351473923e-01 7.8579780600e-02
2.9360544218e-01 7.5430760400e-02
2.9369614512e-01 7.2187573600e-02
2.9378684807e-01 6.9132535000e-02
2.9387755102e-01 6.5582970800e-02
2.9396825397e-01 6.2449939000e-02
2.9405895692e-01 6.0150219400e-02
2.9414965986e-01 5.7857554800e-02
2.9424036281e-01 5.5376545400e-02
2.9433106576e-01 4.9901494800e-02
2.9442176871e-01 4.8131943000e-02
2.9451247166e-01 4.7265157600e-02
2.9460317460e-01 4.6909768200e-02
2.9469387755e-01 4.7563523000e-02
2.9478458050e-01 5.2034541800e-02
2.9487528345e-01 5.3672162200e-02
2.9496598639e-01 5.4439526800e-02
2.9505668934e-01 5.5777779400e-02
2.9514739229e-01 5.6841371400e-02
2.9523809524e-01 5.8226178400e-02
2.9532879819e-01 5.9211586400e-02
2.9541950113e-01 6.0173048000e-02
2.9551020408e-01 6.1031128200e-02
2.9560090703e-01 6.1642661400e-02
2.9569160998e-01 6.2216968800e-02
2.9578231293e-01 6.2944697000e-02
2.9587301587e-01 6.4107038800e-02
2.9596371882e-01 6.5130176200e-02
2.9605442177e-01 6.5777046000e-02
2.9614512472e-01 6.6172765000e-02
2.9623582766e-01 6.6552828400e-02
2.9632653061e-01 6.6451449000e-02
2.9641723356e-01 6.6507292800e-02
2.9650793651e-01 6.7115963800e-02
2.9659863946e-01 6.7699414800e-02
2.9668934240e-01 6.8166642600e-02
2.9678004535e-01 6.8613048600e-02
2.9687074830e-01 6.8763415200e-02
2.9696145125e-01 6.8840093200e-02
2.9705215420e-01 6.8659325600e-02
2.9714285714e-01 6.8091967800e-02
2.9723356009e-01 6.7357400200e-02
2.9732426304e-01 6.6229224200e-02
2.9741496599e-01 6.4072809200e-02
2.9750566893e-01 6.1809537600e-02
2.9759637188e-01 5.9530299200e-02
2.9768707483e-01 5.6309749200e-02
2.9777777778e-01 5.2430440600e-02
2.9786848073e-01 4.8418432400e-02
2.9795918367e-01 4.3845213200e-02
2.9804988662e-01 3.8800479200e-02
2.9814058957e-01 3.4036578200e-02
2.9823129252e-01 2.9862735200e-02
2.9832199546e-01 2.6158748800e-02
2.9841269841e-01 2.2897054000e-02
2.9850340136e-01 1.9913800800e-02
2.9859410431e-01 1.7225423600e-02
2.9868480726e-01 1.4703305220e-02
2.9877551020e-01 1.2089637820e-02
2.9886621315e-01 9.6885731200e-03
2.9895691610e-01 7.4225725000e-03
2.9904761905e-01 5.4403735800e-03
2.9913832200e-01 3.5972850480e-03
2.9922902494e-01 1.7562012280e-03
2.9931972789e-01 3.6046528800e-04
2.9941043084e-01 -5.8356743200e-04
2.9950113379e-01 -1.2033582320e-03
2.9959183673e-01 -2.0471951400e-03
2.9968253968e-01 -2.2364502200e-03
2.9977324263e-01 -2.8495085600e-03
2.9986394558e-01 -3.9041855400e-03
2.9995464853e-01 -5.0776730600e-03
3.0004535147e-01 -5.6823413200e-03
3.0013605442e-01 -6.7486865600e-03
3.0022675737e-01 -8.2577893800e-03
3.0031746032e-01 -9.8115702600e-03
3.0040816327e-01 -1.1666815420e-02
3.0049886621e-01 -1.4369415340e-02
3.0058956916e-01 -1.7478899600e-02
3.0068027211e-01 -2.0560953400e-02
3.0077097506e-01 -2.3467139000e-02
3.0086167800e-01 -2.7294682000e-02
3.0095238095e-01 -3.1355826800e-02
3.0104308390e-01 -3.5348036200e-02
3.0113378685e-01 -3.9150439200e-02
3.0122448980e-01 -4.3605451600e-02
3.0131519274e-01 -4.7679498000e-02
3.0140589569e-01 -5.1898843400e-02
3.0149659864e-01 -5.6237759400e-02
3.0158730159e-01 -6.0972049200e-02
3.0167800454e-01 -6.5795104400e-02
3.0176870748e-01 -7.0692667800e-02
3.0185941043e-01 -7.5585898000e-02
3.0195011338e-01 -8.0822907400e-02
3.0204081633e-01 -8.6310602800e-02
3.0213151927e-01 -9.1956543800e-02
3.0222222222e-01 -9.7322150400e-02
3.0231292517e-01 -1.0230330200e-01
3.0240362812e-01 -1.0718197160e-01
3.0249433107e-01 -1.1129938200e-01
3.0258503401e-01 -1.1503267000e-01
3.0267573696e-01 -1.1904151800e-01
3.0276643991e-01 -1.2282410400e-01
3.0285714286e-01 -1.2584955600e-01
3.0294784580e-01 -1.2908935800e-01
3.0303854875e-01 -1.3177794800e-01
3.0312925170e-01 -1.3402161000e-01
3.0321995465e-01 -1.3613885200e-01
3.0331065760e-01 -1.3849761000e-01
3.0340136054e-01 -1.4056684800e-01
3.0349206349e-01 -1.4218019200e-01
3.0358276644e-01 -1.4386837400e-01
3.0367346939e-01 -1.4560161800e-01
3.0376417234e-01 -1.4677852600e-01
3.0385487528e-01 -1.4758960600e-01
3.0394557823e-01 -1.4859098200e-01
3.0403628118e-01 -1.4886675200e-01
3.0412698413e-01 -1.4832253000e-01
3.0421768707e-01 -1.4696948400e-01
3.0430839002e-01 -1.4545884000e-01
3.0439909297e-01 -1.4335577400e-01
3.0448979592e-01 -1.4094554200e-01
3.0458049887e-01 -1.3847544600e-01
3.0467120181e-01 -1.3580228800e-01
3.0476190476e-01 -1.3271194400e-01
3.0485260771e-01 -1.2941022200e-01
3.0494331066e-01 -1.2558646200e-01
3.0503401361e-01 -1.2120699400e-01
3.0512471655e-01 -1.1673544000e-01
3.0521541950e-01 -1.1137960580e-01
3.0530612245e-01 -1.0529087100e-01
3.0539682540e-01 -9.8951620200e-02
3.0548752834e-01 -9.2553015200e-02
3.0557823129e-01 -8.6409830400e-02
3.0566893424e-01 -8.0572167200e-02
3.0575963719e-01 -7.5034241600e-02
3.0585034014e-01 -6.9843000400e-02
3.0594104308e-01 -6.4583967600e-02
3.0603174603e-01 -5.9512469200e-02
3.0612244898e-01 -5.4672870600e-02
3.0621315193e-01 -4.9914548600e-02
3.0630385488e-01 -4.5209632200e-02
3.0639455782e-01 -4.0741721600e-02
3.0648526077e-01 -3.6283358400e-02
3.0657596372e-01 -3.1959555000e-02
3.0666666667e-01 -2.7524245200e-02
3.0675736961e-01 -2.3971323400e-02
3.0684807256e-01 -2.2741416600e-02
3.0693877551e-01 -1.8331978320e-02
3.0702947846e-01 -1.3582930110e-02
3.0712018141e-01 -9.7215216500e-03
3.0721088435e-01 -5.1012962300e-03
3.0730158730e-01 1.8334133300e-03
3.0739229025e-01 5.5320592500e-03
3.0748299320e-01 8.7808712400e-03
3.0757369615e-01 1.2545419180e-02
3.0766439909e-01 1.6634700560e-02
3.0775510204e-01 2.0593982600e-02
3.0784580499e-01 2.4648131200e-02
3.0793650794e-01 2.8902646400e-02
3.0802721088e-01 3.3337694200e-02
3.0811791383e-01 3.7820427400e-02
3.0820861678e-01 4.2367495600e-02
3.0829931973e-01 4.7010693400e-02
3.0839002268e-01 5.1646397200e-02
3.0848072562e-01 5.6229292400e-02
3.0857142857e-01 6.0924644200e-02
3.0866213152e-01 6.5859832600e-02
3.0875283447e-01 7.0723674800e-02
3.0884353741e-01 7.5178600600e-02
3.0893424036e-01 7.9290577400e-02
3.0902494331e-01 8.2540302200e-02
3.0911564626e-01 8.4999875000e-02
3.0920634921e-01 8.7090334800e-02
3.0929705215e-01 8.8850405600e-02
3.0938775510e-01 9.0197826600e-02
3.0947845805e-01 9.1689905800e-02
3.0956916100e-01 9.3187087600e-02
3.0965986395e-01 9.4442866200e-02
3.0975056689e-01 9.5594863400e-02
3.0984126984e-01 9.6817193600e-02
3.0993197279e-01 9.7559730200e-02
3.1002267574e-01 9.8136142000e-02
3.1011337868e-01 9.8620215400e-02
3.1020408163e-01 9.9231313000e-02
3.1029478458e-01 9.9634903400e-02
3.1038548753e-01 9.9676434600e-02
3.1047619048e-01 9.9287991400e-02
3.1056689342e-01 9.8825613200e-02
3.1065759637e-01 9.7926305000e-02
3.1074829932e-01 9.6543477800e-02
3.1083900227e-01 9.5392873600e-02
3.1092970522e-01 9.3837190200e-02
3.1102040816e-01 9.2226860800e-02
3.1111111111e-01 9.0038037200e-02
3.1120181406e-01 8.7454644400e-02
3.1129251701e-01 8.4787051800e-02
3.1138321995e-01 8.2541625800e-02
3.1147392290e-01 7.9759864600e-02
3.1156462585e-01 7.7110082400e-02
3.1165532880e-01 7.4502354600e-02
3.1174603175e-01 7.1723523600e-02
3.1183673469e-01 6.8092025000e-02
3.1192743764e-01 6.4457607800e-02
3.1201814059e-01 6.1212001800e-02
3.1210884354e-01 5.8383471600e-02
3.1219954649e-01 5.5539613000e-02
3.1229024943e-01 5.2893434000e-02
3.1238095238e-01 5.0551289800e-02
3.1247165533e-01 4.8249731400e-02
3.1256235828e-01 4.6253348400e-02
3.1265306122e-01 4.5039439600e-02
3.1274376417e-01 4.4823969800e-02
3.1283446712e-01 4.5146662800e-02
3.1292517007e-01 4.6373504000e-02
3.1301587302e-01 4.8093275800e-02
3.1310657596e-01 4.9908195600e-02
3.1319727891e-01 5.1459913000e-02
3.1328798186e-01 5.3257641600e-02
3.1337868481e-01 5.4837242000e-02
3.1346938776e-01 5.5884873000e-02
3.1356009070e-01 5.7070438400e-02
3.1365079365e-01 5.8893183200e-02
3.1374149660e-01 6.0378487200e-02
3.1383219955e-01 6.1610539800e-02
3.1392290249e-01 6.2969310400e-02
3.1401360544e-01 6.3946208800e-02
3.1410430839e-01 6.4576463400e-02
3.1419501134e-01 6.5358843400e-02
3.1428571429e-01 6.6084994200e-02
3.1437641723e-01 6.6915424400e-02
3.1446712018e-01 6.7742997200e-02
3.1455782313e-01 6.8487012800e-02
3.1464852608e-01 6.9015531200e-02
3.1473922902e-01 6.9335851400e-02
3.1482993197e-01 6.9922552400e-02
3.1492063492e-01 7.0636064400e-02
3.1501133787e-01 7.1209797600e-02
3.1510204082e-01 7.1695474800e-02
3.1519274376e-01 7.2062578200e-02
3.1528344671e-01 7.1556111000e-02
3.1537414966e-01 7.0409625800e-02
3.1546485261e-01 6.8935173000e-02
3.1555555556e-01 6.6872702600e-02
3.1564625850e-01 6.4405095000e-02
3.1573696145e-01 6.1724769800e-02
3.1582766440e-01 5.8247299400e-02
3.1591836735e-01 5.4275451800e-02
3.1600907029e-01 5.0074260800e-02
3.1609977324e-01 4.5508949400e-02
3.1619047619e-01 4.0408948800e-02
3.1628117914e-01 3.5547017600e-02
3.1637188209e-01 3.0956145200e-02
3.1646258503e-01 2.6539108200e-02
3.1655328798e-01 2.2382984200e-02
3.1664399093e-01 1.9141614600e-02
3.1673469388e-01 1.5898928240e-02
3.1682539683e-01 1.2727139100e-02
3.1691609977e-01 9.9684780400e-03
3.1700680272e-01 7.8056255800e-03
3.1709750567e-01 5.0297620520e-03
3.1718820862e-01 3.0571923100e-03
3.1727891156e-01 1.2340787100e-03
3.1736961451e-01 -7.4154477000e-04
3.1746031746e-01 -2.5296603100e-03
3.1755102041e-01 -3.5983544820e-03
3.1764172336e-01 -4.7626839200e-03
3.1773242630e-01 -5.7066625000e-03
3.1782312925e-01 -6.2721201000e-03
3.1791383220e-01 -6.9917186800e-03
3.1800453515e-01 -7.8489979000e-03
3.1809523810e-01 -8.5516438200e-03
3.1818594104e-01 -9.3344429000e-03
3.1827664399e-01 -1.0703427560e-02
3.1836734694e-01 -1.2242679180e-02
3.1845804989e-01 -1.3749783660e-02
3.1854875283e-01 -1.6080115400e-02
3.1863945578e-01 -1.8684345200e-02
3.1873015873e-01 -2.1326563000e-02
3.1882086168e-01 -2.4403034400e-02
3.1891156463e-01 -2.7894950200e-02
3.1900226757e-01 -3.0922419200e-02
3.1909297052e-01 -3.4147233600e-02
3.1918367347e-01 -3.7226260800e-02
3.1927437642e-01 -4.2384317600e-02
3.1936507937e-01 -5.0004448800e-02
3.1945578231e-01 -5.4140305600e-02
3.1954648526e-01 -5.8768539200e-02
3.1963718821e-01 -6.3943595200e-02
3.1972789116e-01 -6.7237042600e-02
3.1981859410e-01 -6.8351154200e-02
3.1990929705e-01 -7.3718038600e-02
3.2000000000e-01 -7.8714640600e-02
3.2009070295e-01 -8.4188401800e-02
3.2018140590e-01 -8.9832689200e-02
3.2027210884e-01 -9.5143814200e-02
3.2036281179e-01 -9.9949757000e-02
3.2045351474e-01 -1.0487004140e-01
3.2054421769e-01 -1.0913506800e-01
3.2063492063e-01 -1.1295376400e-01
3.2072562358e-01 -1.1685031000e-01
3.2081632653e-01 -1.2050086400e-01
3.2090702948e-01 -1.2389047000e-01
3.2099773243e-01 -1.2712188400e-01
3.2108843537e-01 -1.2999200600e-01
3.2117913832e-01 -1.3255916200e-01
3.2126984127e-01 -1.3537443400e-01
3.2136054422e-01 -1.3763214000e-01
3.2145124717e-01 -1.3963330600e-01
3.2154195011e-01 -1.4147341600e-01
3.2163265306e-01 -1.4299348800e-01
3.2172335601e-01 -1.4425151600e-01
3.2181405896e-01 -1.4549663400e-01
3.2190476190e-01 -1.4646794800e-01
3.2199546485e-01 -1.4732543000e-01
3.2208616780e-01 -1.4766720600e-01
3.2217687075e-01 -1.4749862000e-01
3.2226757370e-01 -1.4708405800e-01
3.2235827664e-01 -1.4583570400e-01
3.2244897959e-01 -1.4443710800e-01
3.2253968254e-01 -1.4269647000e-01
3.2263038549e-01 -1.4020603200e-01
3.2272108844e-01 -1.3678605000e-01
3.2281179138e-01 -1.3363661200e-01
3.2290249433e-01 -1.2955895400e-01
3.2299319728e-01 -1.2473582600e-01
3.2308390023e-01 -1.2015823200e-01
3.2317460317e-01 -1.1511813000e-01
3.2326530612e-01 -1.0925536400e-01
3.2335600907e-01 -1.0340497780e-01
3.2344671202e-01 -9.7640227000e-02
3.2353741497e-01 -9.1263721000e-02
3.2362811791e-01 -8.5237543000e-02
3.2371882086e-01 -7.9488303800e-02
3.2380952381e-01 -7.3765335200e-02
3.2390022676e-01 -6.7769498600e-02
3.2399092971e-01 -6.2128079000e-02
3.2408163265e-01 -5.6958636000e-02
3.2417233560e-01 -5.1618055600e-02
3.2426303855e-01 -4.6318739200e-02
3.2435374150e-01 -4.1830567400e-02
3.2444444444e-01 -3.7223076000e-02
3.2453514739e-01 -3.2668081800e-02
3.2462585034e-01 -2.8078770800e-02
3.2471655329e-01 -2.3523128600e-02
3.2480725624e-01 -1.9238208600e-02
3.2489795918e-01 -1.5435050360e-02
3.2498866213e-01 -1.1351862120e-02
3.2507936508e-01 -7.7974942400e-03
3.2517006803e-01 -4.3225853200e-03
3.2526077098e-01 -8.7894462000e-04
3.2535147392e-01 2.8632455400e-03
3.2544217687e-01 6.5417967000e-03
3.2553287982e-01 9.9641398200e-03
3.2562358277e-01 1.3176682500e-02
3.2571428571e-01 1.6699221800e-02
3.2580498866e-01 2.0184635000e-02
3.2589569161e-01 2.3576146800e-02
3.2598639456e-01 2.7402037400e-02
3.2607709751e-01 3.1401036200e-02
3.2616780045e-01 3.5284823600e-02
3.2625850340e-01 3.9426633800e-02
3.2634920635e-01 4.3852615200e-02
3.2643990930e-01 4.8430179200e-02
3.2653061224e-01 5.2843001400e-02
3.2662131519e-01 5.7458516800e-02
3.2671201814e-01 6.1830085600e-02
3.2680272109e-01 6.6190518200e-02
3.2689342404e-01 7.0442483200e-02
3.2698412698e-01 7.4090303400e-02
3.2707482993e-01 7.7337440600e-02
3.2716553288e-01 8.0175257600e-02
3.2725623583e-01 8.2751168400e-02
3.2734693878e-01 8.4863360600e-02
3.2743764172e-01 8.7316387200e-02
3.2752834467e-01 8.9130452400e-02
3.2761904762e-01 9.0803133200e-02
3.2770975057e-01 9.1959697800e-02
3.2780045351e-01 9.2836526200e-02
3.2789115646e-01 9.3263606000e-02
3.2798185941e-01 9.3954361200e-02
3.2807256236e-01 9.4662852800e-02
3.2816326531e-01 9.5324020400e-02
3.2825396825e-01 9.6420076800e-02
3.2834467120e-01 9.7330578000e-02
3.2843537415e-01 9.7940009200e-02
3.2852607710e-01 9.8056474600e-02
3.2861678005e-01 9.7542011800e-02
3.2870748299e-01 9.6429100600e-02
3.2879818594e-01 9.5288598800e-02
3.2888888889e-01 9.3977196600e-02
3.2897959184e-01 9.2602936000e-02
3.2907029478e-01 9.0955944000e-02
3.2916099773e-01 8.8753038400e-02
3.2925170068e-01 8.6585005200e-02
3.2934240363e-01 8.4145432000e-02
3.2943310658e-01 8.1636620200e-02
3.2952380952e-01 7.9160321600e-02
3.2961451247e-01 7.6293330400e-02
3.2970521542e-01 7.2928819000e-02
3.2979591837e-01 6.9245083400e-02
3.2988662132e-01 6.4833647400e-02
3.2997732426e-01 6.0506269600e-02
3.3006802721e-01 5.6693498600e-02
3.3015873016e-01 5.3071846800e-02
3.3024943311e-01 4.9668435600e-02
3.3034013605e-01 4.6888258000e-02
3.3043083900e-01 4.4505954400e-02
3.3052154195e-01 4.2190916600e-02
3.3061224490e-01 4.0250350400e-02
3.3070294785e-01 3.8697877400e-02
3.3079365079e-01 3.7960408400e-02
3.3088435374e-01 3.7808292200e-02
3.3097505669e-01 3.8756935000e-02
3.3106575964e-01 3.9911264600e-02
3.3115646259e-01 4.1665181000e-02
3.3124716553e-01 4.3766806800e-02
3.3133786848e-01 4.6116840800e-02
3.3142857143e-01 4.7843221200e-02
3.3151927438e-01 4.9823162200e-02
3.3160997732e-01 5.1939708400e-02
3.3170068027e-01 5.4053212800e-02
3.3179138322e-01 5.3403722200e-02
3.3188208617e-01 5.2061474800e-02
3.3197278912e-01 5.4057609200e-02
3.3206349206e-01 5.5238822400e-02
3.3215419501e-01 5.6313695600e-02
3.3224489796e-01 5.9690078200e-02
3.3233560091e-01 6.3789351200e-02
3.3242630385e-01 6.4446190800e-02
3.3251700680e-01 6.5306019200e-02
3.3260770975e-01 6.5706908000e-02
3.3269841270e-01 6.6061150600e-02
3.3278911565e-01 6.6898341600e-02
3.3287981859e-01 6.7758365600e-02
3.3297052154e-01 6.8484294000e-02
3.3306122449e-01 6.9061861200e-02
3.3315192744e-01 6.9619122000e-02
3.3324263039e-01 6.9859494000e-02
3.3333333333e-01 6.9679680800e-02
3.3342403628e-01 6.9360853400e-02
3.3351473923e-01 6.8806999800e-02
3.3360544218e-01 6.7562973000e-02
3.3369614512e-01 6.5234984000e-02
3.3378684807e-01 6.2581564200e-02
3.3387755102e-01 5.9331497000e-02
3.3396825397e-01 5.5606073200e-02
3.3405895692e-01 5.1422926800e-02
3.3414965986e-01 4.7194628200e-02
3.3424036281e-01 4.2831272600e-02
3.3433106576e-01 3.8728183800e-02
3.3442176871e-01 3.4633550400e-02
3.3451247166e-01 3.0907992800e-02
3.3460317460e-01 2.7170637000e-02
3.3469387755e-01 2.3508349400e-02
3.3478458050e-01 2.0059808200e-02
3.3487528345e-01 1.6376047280e-02
3.3496598639e-01 1.3512144260e-02
3.3505668934e-01 1.1137855380e-02
3.3514739229e-01 8.8219702600e-03
3.3523809524e-01 6.4115822200e-03
3.3532879819e-01 4.7714457840e-03
3.3541950113e-01 2.5943066440e-03
3.3551020408e-01 8.6524000400e-04
3.3560090703e-01 -3.8593977600e-04
3.3569160998e-01 -1.5246071360e-03
3.3578231293e-01 -2.6194050000e-03
3.3587301587e-01 -3.4306009000e-03
3.3596371882e-01 -4.3438494400e-03
3.3605442177e-01 -5.6316864000e-03
3.3614512472e-01 -6.6876816400e-03
3.3623582766e-01 -7.8814970200e-03
3.3632653061e-01 -8.9437615600e-03
3.3641723356e-01 -1.0349364300e-02
3.3650793651e-01 -1.2068665040e-02
3.3659863946e-01 -1.3810020800e-02
3.3668934240e-01 -1.5886761800e-02
3.3678004535e-01 -1.8698185400e-02
3.3687074830e-01 -2.2034449200e-02
3.3696145125e-01 -2.5230476400e-02
3.3705215420e-01 -2.9008655600e-02
3.3714285714e-01 -3.2972524400e-02
3.3723356009e-01 -3.6958068800e-02
3.3732426304e-01 -4.0762314800e-02
3.3741496599e-01 -4.4586461800e-02
3.3750566893e-01 -4.8625880000e-02
3.3759637188e-01 -5.2671709000e-02
3.3768707483e-01 -5.7312258800e-02
3.3777777778e-01 -6.2109877400e-02
3.3786848073e-01 -6.7050847400e-02
3.3795918367e-01 -7.1723642800e-02
3.3804988662e-01 -7.6679557600e-02
3.3814058957e-01 -8.1494695600e-02
3.3823129252e-01 -8.5891272400e-02
3.3832199546e-01 -9.0648777400e-02
3.3841269841e-01 -9.5879453800e-02
3.3850340136e-01 -1.0071349160e-01
3.3859410431e-01 -1.0543333020e-01
3.3868480726e-01 -1.1012531600e-01
3.3877551020e-01 -1.1432140000e-01
3.3886621315e-01 -1.1806810800e-01
3.3895691610e-01 -1.2139222800e-01
3.3904761905e-01 -1.2431544600e-01
3.3913832200e-01 -1.2755235400e-01
3.3922902494e-01 -1.3051732800e-01
3.3931972789e-01 -1.3280899000e-01
3.3941043084e-01 -1.3515924400e-01
3.3950113379e-01 -1.3739618600e-01
3.3959183673e-01 -1.3900725000e-01
3.3968253968e-01 -1.4073397400e-01
3.3977324263e-01 -1.4252142600e-01
3.3986394558e-01 -1.4424329000e-01
3.3995464853e-01 -1.4569326000e-01
3.4004535147e-01 -1.4698839400e-01
3.4013605442e-01 -1.4794212600e-01
3.4022675737e-01 -1.4842557400e-01
3.4031746032e-01 -1.4846993200e-01
3.4040816327e-01 -1.4787899600e-01
3.4049886621e-01 -1.4692030000e-01
3.4058956916e-01 -1.4595994600e-01
3.4068027211e-01 -1.4477282800e-01
3.4077097506e-01 -1.4287237200e-01
3.4086167800e-01 -1.4035558000e-01
3.4095238095e-01 -1.3725914000e-01
3.4104308390e-01 -1.3326154000e-01
3.4113378685e-01 -1.2879554200e-01
3.4122448980e-01 -1.2388411200e-01
3.4131519274e-01 -1.1841650200e-01
3.4140589569e-01 -1.1258431560e-01
3.4149659864e-01 -1.0632401100e-01
3.4158730159e-01 -9.9820179200e-02
3.4167800454e-01 -9.2915495600e-02
3.4176870748e-01 -8.6356302000e-02
3.4185941043e-01 -8.0017555600e-02
3.4195011338e-01 -7.3307212000e-02
3.4204081633e-01 -6.6657360400e-02
3.4213151927e-01 -6.0828809400e-02
3.4222222222e-01 -5.5078009000e-02
3.4231292517e-01 -4.9134641800e-02
3.4240362812e-01 -4.3882600600e-02
3.4249433107e-01 -3.8902866000e-02
3.4258503401e-01 -3.4149481000e-02
3.4267573696e-01 -2.9619331200e-02
3.4276643991e-01 -2.5506772800e-02
3.4285714286e-01 -2.1197222800e-02
3.4294784580e-01 -1.6835645840e-02
3.4303854875e-01 -1.2635300480e-02
3.4312925170e-01 -8.5896794800e-03
3.4321995465e-01 -4.2527951200e-03
3.4331065760e-01 -4.1773216000e-04
3.4340136054e-01 3.1901102800e-03
3.4349206349e-01 6.6955807200e-03
3.4358276644e-01 1.0388749920e-02
3.4367346939e-01 1.3758156360e-02
3.4376417234e-01 1.7128769600e-02
3.4385487528e-01 2.0569815400e-02
3.4394557823e-01 2.4410151600e-02
3.4403628118e-01 2.8669859800e-02
3.4412698413e-01 3.2743449200e-02
3.4421768707e-01 3.7349230200e-02
3.4430839002e-01 3.9296398400e-02
3.4439909297e-01 4.1951190800e-02
3.4448979592e-01 4.6361559400e-02
3.4458049887e-01 5.0704804400e-02
3.4467120181e-01 5.4962121200e-02
3.4476190476e-01 6.2102435600e-02
3.4485260771e-01 6.8540282800e-02
3.4494331066e-01 7.2546562600e-02
3.4503401361e-01 7.6383315200e-02
3.4512471655e-01 7.9888910400e-02
3.4521541950e-01 8.2769988800e-02
3.4530612245e-01 8.5096940800e-02
3.4539682540e-01 8.7530293800e-02
3.4548752834e-01 9.0049748000e-02
3.4557823129e-01 9.1842515600e-02
3.4566893424e-01 9.3414762400e-02
3.4575963719e-01 9.4827156000e-02
3.4585034014e-01 9.5374269200e-02
3.4594104308e-01 9.5671079000e-02
3.4603174603e-01 9.6037137400e-02
3.4612244898e-01 9.6805222800e-02
3.4621315193e-01 9.7671504000e-02
3.4630385488e-01 9.8595101200e-02
3.4639455782e-01 9.9506209000e-02
3.4648526077e-01 1.0006992100e-01
3.4657596372e-01 9.9990388400e-02
3.4666666667e-01 9.9492493200e-02
3.4675736961e-01 9.8706159000e-02
3.4684807256e-01 9.7489244800e-02
3.4693877551e-01 9.6308693400e-02
3.4702947846e-01 9.4864350600e-02
3.4712018141e-01 9.3200958200e-02
3.4721088435e-01 9.1014498200e-02
3.4730158730e-01 8.8302388800e-02
3.4739229025e-01 8.5683592000e-02
3.4748299320e-01 8.3091436600e-02
3.4757369615e-01 8.0313680000e-02
3.4766439909e-01 7.7709958800e-02
3.4775510204e-01 7.4980258200e-02
3.4784580499e-01 7.1401062200e-02
3.4793650794e-01 6.7513814600e-02
3.4802721088e-01 6.3587136000e-02
3.4811791383e-01 5.9472911400e-02
3.4820861678e-01 5.5459571800e-02
3.4829931973e-01 5.1563368600e-02
3.4839002268e-01 4.7746117800e-02
3.4848072562e-01 4.4084889600e-02
3.4857142857e-01 4.0866099000e-02
3.4866213152e-01 3.8335747600e-02
3.4875283447e-01 3.6571481000e-02
3.4884353741e-01 3.5369632600e-02
3.4893424036e-01 3.4955496000e-02
3.4902494331e-01 3.5379096600e-02
3.4911564626e-01 3.6284176400e-02
3.4920634921e-01 3.7568530000e-02
3.4929705215e-01 3.9315441600e-02
3.4938775510e-01 4.1534410000e-02
3.4947845805e-01 4.3747608200e-02
3.4956916100e-01 4.6245718600e-02
3.4965986395e-01 4.8954602200e-02
3.4975056689e-01 5.1438327800e-02
3.4984126984e-01 5.3221956400e-02
3.4993197279e-01 5.4750315200e-02
3.5002267574e-01 5.5906468400e-02
3.5011337868e-01 5.6785383400e-02
3.5020408163e-01 5.7821309200e-02
3.5029478458e-01 5.8467093600e-02
3.5038548753e-01 5.8943821200e-02
3.5047619048e-01 5.9705863400e-02
3.5056689342e-01 6.0208111200e-02
3.5065759637e-01 6.0296177800e-02
3.5074829932e-01 6.1190466000e-02
3.5083900227e-01 6.2167661200e-02
3.5092970522e-01 6.2750718000e-02
3.5102040816e-01 6.3602960800e-02
3.5111111111e-01 6.4487614200e-02
3.5120181406e-01 6.5131459800e-02
3.5129251701e-01 6.5672657800e-02
3.5138321995e-01 6.5836631600e-02
3.5147392290e-01 6.5508970200e-02
3.5156462585e-01 6.5317980800e-02
3.5165532880e-01 6.4219974000e-02
3.5174603175e-01 6.2733069200e-02
3.5183673469e-01 6.0670887600e-02
3.5192743764e-01 5.8152314600e-02
3.5201814059e-01 5.5022952800e-02
3.5210884354e-01 5.1813372400e-02
3.5219954649e-01 4.8096257400e-02
3.5229024943e-01 4.4334379800e-02
3.5238095238e-01 4.0434527200e-02
3.5247165533e-01 3.6222984400e-02
3.5256235828e-01 3.2048768400e-02
3.5265306122e-01 2.8155253200e-02
3.5274376417e-01 2.4385040200e-02
3.5283446712e-01 2.0832813200e-02
3.5292517007e-01 1.7465547400e-02
3.5301587302e-01 1.4517596620e-02
3.5310657596e-01 1.1769585940e-02
3.5319727891e-01 9.0612468600e-03
3.5328798186e-01 6.3380143800e-03
3.5337868481e-01 3.8481468000e-03
3.5346938776e-01 1.5087259200e-03
3.5356009070e-01 -5.1212136000e-04
3.5365079365e-01 -2.1369497600e-03
3.5374149660e-01 -3.4481707600e-03
3.5383219955e-01 -4.4574793200e-03
3.5392290249e-01 -5.2572009800e-03
3.5401360544e-01 -6.0548179600e-03
3.5410430839e-01 -6.7188977000e-03
3.5419501134e-01 -7.0912794800e-03
3.5428571429e-01 -7.4653719000e-03
3.5437641723e-01 -8.2757293800e-03
3.5446712018e-01 -9.4055286400e-03
3.5455782313e-01 -1.0350237820e-02
3.5464852608e-01 -1.1872286960e-02
3.5473922902e-01 -1.3860617600e-02
3.5482993197e-01 -1.6149055400e-02
3.5492063492e-01 -1.8439707600e-02
3.5501133787e-01 -2.1363122600e-02
3.5510204082e-01 -2.4242025000e-02
3.5519274376e-01 -2.7140046600e-02
3.5528344671e-01 -3.0233512800e-02
3.5537414966e-01 -3.3517506400e-02
3.5546485261e-01 -3.6951342800e-02
3.5555555556e-01 -4.0968417600e-02
3.5564625850e-01 -4.5401329400e-02
3.5573696145e-01 -4.9560697000e-02
3.5582766440e-01 -5.4331763600e-02
3.5591836735e-01 -5.9424301400e-02
3.5600907029e-01 -6.4280682800e-02
3.5609977324e-01 -6.9037383600e-02
3.5619047619e-01 -7.4103482800e-02
3.5628117914e-01 -7.8700371000e-02
3.5637188209e-01 -8.3147925400e-02
3.5646258503e-01 -8.7531229600e-02
3.5655328798e-01 -9.1919514200e-02
3.5664399093e-01 -9.6370007000e-02
3.5673469388e-01 -1.0050167100e-01
3.5682539683e-01 -1.0750241580e-01
3.5691609977e-01 -1.1224099600e-01
3.5700680272e-01 -1.1509345200e-01
3.5709750567e-01 -1.1804398800e-01
3.5718820862e-01 -1.2106243600e-01
3.5727891156e-01 -1.2093048200e-01
3.5736961451e-01 -1.2254478000e-01
3.5746031746e-01 -1.2573479400e-01
3.5755102041e-01 -1.2817669000e-01
3.5764172336e-01 -1.3021016600e-01
3.5773242630e-01 -1.3239262000e-01
3.5782312925e-01 -1.3458371200e-01
3.5791383220e-01 -1.3637530600e-01
3.5800453515e-01 -1.3789770800e-01
3.5809523810e-01 -1.3954374200e-01
3.5818594104e-01 -1.4058657200e-01
3.5827664399e-01 -1.4103254400e-01
3.5836734694e-01 -1.4139989600e-01
3.5845804989e-01 -1.4139847400e-01
3.5854875283e-01 -1.4084258200e-01
3.5863945578e-01 -1.3959772600e-01
3.5873015873e-01 -1.3826430800e-01
3.5882086168e-01 -1.3617762800e-01
3.5891156463e-01 -1.3354845400e-01
3.5900226757e-01 -1.3058652000e-01
3.5909297052e-01 -1.2755812200e-01
3.5918367347e-01 -1.2373554800e-01
3.5927437642e-01 -1.1946037600e-01
3.5936507937e-01 -1.1482202800e-01
3.5945578231e-01 -1.0944697680e-01
3.5954648526e-01 -1.0348813280e-01
3.5963718821e-01 -9.7605092800e-02
3.5972789116e-01 -9.1404084200e-02
3.5981859410e-01 -8.5503842800e-02
3.5990929705e-01 -7.9600131800e-02
3.6000000000e-01 -7.3396943600e-02
3.6009070295e-01 -6.7625944800e-02
3.6018140590e-01 -6.2107908800e-02
3.6027210884e-01 -5.6419287600e-02
3.6036281179e-01 -5.1270133400e-02
3.6045351474e-01 -4.6763858800e-02
3.6054421769e-01 -4.2033934800e-02
3.6063492063e-01 -3.7695888000e-02
3.6072562358e-01 -3.3679289400e-02
3.6081632653e-01 -2.9400710200e-02
3.6090702948e-01 -2.5427101800e-02
3.6099773243e-01 -2.1484062600e-02
3.6108843537e-01 -1.7722960000e-02
3.6117913832e-01 -1.3877549680e-02
3.6126984127e-01 -1.0337936980e-02
3.6136054422e-01 -6.7579371860e-03
3.6145124717e-01 -2.8899405660e-03
3.6154195011e-01 9.3163553400e-04
3.6163265306e-01 4.0279589740e-03
3.6172335601e-01 7.3066724740e-03
3.6181405896e-01 1.0889978480e-02
3.6190476190e-01 1.4162492060e-02
3.6199546485e-01 1.7902367760e-02
3.6208616780e-01 2.2131099400e-02
3.6217687075e-01 2.6217188000e-02
3.6226757370e-01 3.0192306200e-02
3.6235827664e-01 3.4530693200e-02
3.6244897959e-01 3.8640559000e-02
3.6253968254e-01 4.3171456600e-02
3.6263038549e-01 4.7785050600e-02
3.6272108844e-01 5.2066683600e-02
3.6281179138e-01 5.5993349800e-02
3.6290249433e-01 6.0232829200e-02
3.6299319728e-01 6.4469326800e-02
3.6308390023e-01 6.8248463000e-02
3.6317460317e-01 7.2024636000e-02
3.6326530612e-01 7.5244222400e-02
3.6335600907e-01 7.7272939400e-02
3.6344671202e-01 7.8848200400e-02
3.6353741497e-01 8.0370316400e-02
3.6362811791e-01 8.1532145800e-02
3.6371882086e-01 8.3020786200e-02
3.6380952381e-01 8.5102393400e-02
3.6390022676e-01 8.6519475000e-02
3.6399092971e-01 8.7748737200e-02
3.6408163265e-01 8.9151008000e-02
3.6417233560e-01 9.0046398200e-02
3.6426303855e-01 9.0358514800e-02
3.6435374150e-01 9.1043654800e-02
3.6444444444e-01 9.1299225000e-02
3.6453514739e-01 9.1389684200e-02
3.6462585034e-01 9.1555422400e-02
3.6471655329e-01 9.1762404000e-02
3.6480725624e-01 9.1461291000e-02
3.6489795918e-01 9.1217666400e-02
3.6498866213e-01 9.0599576000e-02
3.6507936508e-01 8.9531730400e-02
3.6517006803e-01 8.8507011000e-02
3.6526077098e-01 8.7212791600e-02
3.6535147392e-01 8.5712646200e-02
3.6544217687e-01 8.3799275200e-02
3.6553287982e-01 8.2215243400e-02
3.6562358277e-01 8.0371033000e-02
3.6571428571e-01 7.8077879600e-02
3.6580498866e-01 7.5487102200e-02
3.6589569161e-01 7.2837923200e-02
3.6598639456e-01 6.9381991600e-02
3.6607709751e-01 6.5071512600e-02
3.6616780045e-01 6.0996683000e-02
3.6625850340e-01 5.7205519200e-02
3.6634920635e-01 5.3204122800e-02
3.6643990930e-01 4.8910236200e-02
3.6653061224e-01 4.5215545000e-02
3.6662131519e-01 4.1798933400e-02
3.6671201814e-01 3.8741460600e-02
3.6680272109e-01 3.6506169000e-02
3.6689342404e-01 3.5612899800e-02
3.6698412698e-01 3.5514282200e-02
3.6707482993e-01 3.6206589800e-02
3.6716553288e-01 3.7044671200e-02
3.6725623583e-01 3.8445326400e-02
3.6734693878e-01 4.0329705600e-02
3.6743764172e-01 4.2745767600e-02
3.6752834467e-01 4.5080247200e-02
3.6761904762e-01 4.7857365600e-02
3.6770975057e-01 5.0583560600e-02
3.6780045351e-01 5.2891958000e-02
3.6789115646e-01 5.4501056000e-02
3.6798185941e-01 5.5988190000e-02
3.6807256236e-01 5.7499740000e-02
3.6816326531e-01 5.9022048600e-02
3.6825396825e-01 6.0101664800e-02
3.6834467120e-01 6.1266680000e-02
3.6843537415e-01 6.2350758200e-02
3.6852607710e-01 6.2744200800e-02
3.6861678005e-01 6.2822797200e-02
3.6870748299e-01 6.3223445800e-02
3.6879818594e-01 6.3603101200e-02
3.6888888889e-01 6.3901889600e-02
3.6897959184e-01 6.4739774000e-02
3.6907029478e-01 6.5130297200e-02
3.6916099773e-01 6.5752617600e-02
3.6925170068e-01 6.6245018000e-02
3.6934240363e-01 6.3740372800e-02
3.6943310658e-01 6.2878761200e-02
3.6952380952e-01 6.3178060600e-02
3.6961451247e-01 6.2426651800e-02
3.6970521542e-01 6.1504087800e-02
3.6979591837e-01 6.3432941000e-02
3.6988662132e-01 6.2796680800e-02
3.6997732426e-01 6.0484887600e-02
3.7006802721e-01 5.7907157200e-02
3.7015873016e-01 5.4754569800e-02
3.7024943311e-01 5.0636484400e-02
3.7034013605e-01 4.6013646400e-02
3.7043083900e-01 4.1604766800e-02
3.7052154195e-01 3.7219881200e-02
3.7061224490e-01 3.2676930600e-02
3.7070294785e-01 2.8633624600e-02
3.7079365079e-01 2.4615486800e-02
3.7088435374e-01 2.0674214000e-02
3.7097505669e-01 1.7388429200e-02
3.7106575964e-01 1.4033173420e-02
3.7115646259e-01 1.0590120780e-02
3.7124716553e-01 7.8410357600e-03
3.7133786848e-01 5.1566323600e-03
3.7142857143e-01 2.1476422000e-03
3.7151927438e-01 -3.3918650000e-04
3.7160997732e-01 -2.3668718200e-03
3.7170068027e-01 -4.4259926600e-03
3.7179138322e-01 -6.2103073800e-03
3.7188208617e-01 -7.5350267000e-03
3.7197278912e-01 -8.3700148200e-03
3.7206349206e-01 -9.4066016600e-03
3.7215419501e-01 -1.0217947200e-02
3.7224489796e-01 -1.0514398680e-02
3.7233560091e-01 -1.1323655200e-02
3.7242630385e-01 -1.2288080000e-02
3.7251700680e-01 -1.3159591200e-02
3.7260770975e-01 -1.4252047800e-02
3.7269841270e-01 -1.6207788000e-02
3.7278911565e-01 -1.8067451400e-02
3.7287981859e-01 -2.0048572600e-02
3.7297052154e-01 -2.1938250600e-02
3.7306122449e-01 -2.4387682600e-02
3.7315192744e-01 -2.6714139000e-02
3.7324263039e-01 -2.9265520200e-02
3.7333333333e-01 -3.1990716000e-02
3.7342403628e-01 -3.5428282600e-02
3.7351473923e-01 -3.8644041400e-02
3.7360544218e-01 -4.2117191400e-02
3.7369614512e-01 -4.5520903000e-02
3.7378684807e-01 -4.9644604600e-02
3.7387755102e-01 -5.3694044800e-02
3.7396825397e-01 -5.7431508400e-02
3.7405895692e-01 -6.1835646200e-02
3.7414965986e-01 -6.6481719600e-02
3.7424036281e-01 -7.1001157400e-02
3.7433106576e-01 -7.5697898800e-02
3.7442176871e-01 -8.0669741200e-02
3.7451247166e-01 -8.5145686200e-02
3.7460317460e-01 -8.9726100000e-02
3.7469387755e-01 -9.3690909000e-02
3.7478458050e-01 -9.7243860600e-02
3.7487528345e-01 -1.0063413200e-01
3.7496598639e-01 -1.0361946140e-01
3.7505668934e-01 -1.0627889600e-01
3.7514739229e-01 -1.0907601600e-01
3.7523809524e-01 -1.1168852600e-01
3.7532879819e-01 -1.1415749000e-01
3.7541950113e-01 -1.1664896800e-01
3.7551020408e-01 -1.1900240600e-01
3.7560090703e-01 -1.2141506600e-01
3.7569160998e-01 -1.2380216800e-01
3.7578231293e-01 -1.2648436000e-01
3.7587301587e-01 -1.2882167600e-01
3.7596371882e-01 -1.3093456400e-01
3.7605442177e-01 -1.3279818200e-01
3.7614512472e-01 -1.3420285400e-01
3.7623582766e-01 -1.3527999600e-01
3.7632653061e-01 -1.3623991600e-01
3.7641723356e-01 -1.3689887200e-01
3.7650793651e-01 -1.3693915400e-01
3.7659863946e-01 -1.3663330800e-01
3.7668934240e-01 -1.3586078600e-01
3.7678004535e-01 -1.3458430400e-01
3.7687074830e-01 -1.3282032400e-01
3.7696145125e-01 -1.3068212200e-01
3.7705215420e-01 -1.2810918800e-01
3.7714285714e-01 -1.2470772200e-01
3.7723356009e-01 -1.2083920800e-01
3.7732426304e-01 -1.1655665400e-01
3.7741496599e-01 -1.1182993800e-01
3.7750566893e-01 -1.0658856900e-01
3.7759637188e-01 -1.0134980080e-01
3.7768707483e-01 -9.5651880200e-02
3.7777777778e-01 -8.9599093000e-02
3.7786848073e-01 -8.3704970600e-02
3.7795918367e-01 -7.7782615800e-02
3.7804988662e-01 -7.1600566800e-02
3.7814058957e-01 -6.5800102600e-02
3.7823129252e-01 -6.0212498000e-02
3.7832199546e-01 -5.4398898400e-02
3.7841269841e-01 -4.9090565600e-02
3.7850340136e-01 -4.4231830000e-02
3.7859410431e-01 -3.9598290800e-02
3.7868480726e-01 -3.5010485800e-02
3.7877551020e-01 -3.0909584600e-02
3.7886621315e-01 -2.7068537000e-02
3.7895691610e-01 -2.3098958200e-02
3.7904761905e-01 -1.9104213800e-02
3.7913832200e-01 -1.5339934160e-02
3.7922902494e-01 -1.1631967980e-02
3.7931972789e-01 -7.8567021600e-03
3.7941043084e-01 -4.2748351200e-03
3.7950113379e-01 -8.3600962000e-04
3.7959183673e-01 2.3748413600e-03
3.7968253968e-01 5.4712111800e-03
3.7977324263e-01 8.5007991600e-03
3.7986394558e-01 1.1382740120e-02
3.7995464853e-01 1.4603133820e-02
3.8004535147e-01 1.8062611400e-02
3.8013605442e-01 2.1316382000e-02
3.8022675737e-01 2.4821633200e-02
3.8031746032e-01 2.8649865600e-02
3.8040816327e-01 3.2201120400e-02
3.8049886621e-01 3.5650589400e-02
3.8058956916e-01 3.9688935800e-02
3.8068027211e-01 4.3989806800e-02
3.8077097506e-01 4.8019371600e-02
3.8086167800e-01 5.1963501600e-02
3.8095238095e-01 5.6230543200e-02
3.8104308390e-01 6.0182676600e-02
3.8113378685e-01 6.3796173200e-02
3.8122448980e-01 6.7094656000e-02
3.8131519274e-01 6.9998271000e-02
3.8140589569e-01 7.2339037200e-02
3.8149659864e-01 7.4244302200e-02
3.8158730159e-01 7.5835742800e-02
3.8167800454e-01 7.7347311600e-02
3.8176870748e-01 7.7866481600e-02
3.8185941043e-01 7.5982367800e-02
3.8195011338e-01 7.6943038000e-02
3.8204081633e-01 7.7707724600e-02
3.8213151927e-01 7.8533937600e-02
3.8222222222e-01 8.0146004000e-02
3.8231292517e-01 8.3952572400e-02
3.8240362812e-01 8.4963422000e-02
3.8249433107e-01 8.5942979600e-02
3.8258503401e-01 8.6872674400e-02
3.8267573696e-01 8.7844647000e-02
3.8276643991e-01 8.8788965800e-02
3.8285714286e-01 8.9422706600e-02
3.8294784580e-01 8.9717006800e-02
3.8303854875e-01 8.9548606200e-02
3.8312925170e-01 8.9164506200e-02
3.8321995465e-01 8.8349581000e-02
3.8331065760e-01 8.6996606000e-02
3.8340136054e-01 8.5380628400e-02
3.8349206349e-01 8.3723651800e-02
3.8358276644e-01 8.1826337200e-02
3.8367346939e-01 7.9412123200e-02
3.8376417234e-01 7.6938513600e-02
3.8385487528e-01 7.4274277000e-02
3.8394557823e-01 7.1093547600e-02
3.8403628118e-01 6.7487571000e-02
3.8412698413e-01 6.3679015600e-02
3.8421768707e-01 5.9517118000e-02
3.8430839002e-01 5.5423230000e-02
3.8439909297e-01 5.1417215600e-02
3.8448979592e-01 4.7256580400e-02
3.8458049887e-01 4.3304564000e-02
3.8467120181e-01 3.9644784200e-02
3.8476190476e-01 3.6338847200e-02
3.8485260771e-01 3.3591313600e-02
3.8494331066e-01 3.2313546800e-02
3.8503401361e-01 3.1834307200e-02
3.8512471655e-01 3.2494392000e-02
3.8521541950e-01 3.3604433000e-02
3.8530612245e-01 3.5052196200e-02
3.8539682540e-01 3.6708278600e-02
3.8548752834e-01 3.8932486400e-02
3.8557823129e-01 4.1222735000e-02
3.8566893424e-01 4.3995391000e-02
3.8575963719e-01 4.7215253400e-02
3.8585034014e-01 5.0095965200e-02
3.8594104308e-01 5.2460797200e-02
3.8603174603e-01 5.4759120400e-02
3.8612244898e-01 5.6306006000e-02
3.8621315193e-01 5.7504945600e-02
3.8630385488e-01 5.8443475600e-02
3.8639455782e-01 5.9835773600e-02
3.8648526077e-01 6.0957249800e-02
3.8657596372e-01 6.2243145000e-02
3.8666666667e-01 6.3204015600e-02
3.8675736961e-01 6.3951111000e-02
3.8684807256e-01 6.4220386400e-02
3.8693877551e-01 6.4567205600e-02
3.8702947846e-01 6.5111257000e-02
3.8712018141e-01 6.5963683200e-02
3.8721088435e-01 6.7220213400e-02
3.8730158730e-01 6.8498364400e-02
3.8739229025e-01 6.9409822600e-02
3.8748299320e-01 6.9892455400e-02
3.8757369615e-01 6.9886677600e-02
3.8766439909e-01 6.9120550800e-02
3.8775510204e-01 6.8459860200e-02
3.8784580499e-01 6.7390420800e-02
3.8793650794e-01 6.5726418800e-02
3.8802721088e-01 6.3522098400e-02
3.8811791383e-01 6.1394719600e-02
3.8820861678e-01 5.8031715800e-02
3.8829931973e-01 5.3894510000e-02
3.8839002268e-01 4.9575985800e-02
3.8848072562e-01 4.5089451200e-02
3.8857142857e-01 4.0214041200e-02
3.8866213152e-01 3.5544410600e-02
3.8875283447e-01 3.1656727400e-02
3.8884353741e-01 2.7520260200e-02
3.8893424036e-01 2.3722765200e-02
3.8902494331e-01 2.0062307400e-02
3.8911564626e-01 1.6363645220e-02
3.8920634921e-01 1.2822924660e-02
3.8929705215e-01 9.8394134000e-03
3.8938775510e-01 6.5848481360e-03
3.8947845805e-01 3.2813140560e-03
3.8956916100e-01 6.7899617600e-04
3.8965986395e-01 -1.7316684040e-03
3.8975056689e-01 -4.0203065640e-03
3.8984126984e-01 -5.8811845800e-03
3.8993197279e-01 -7.3570703000e-03
3.9002267574e-01 -8.9249336400e-03
3.9011337868e-01 -1.0427700500e-02
3.9020408163e-01 -1.1641227680e-02
3.9029478458e-01 -1.2295438200e-02
3.9038548753e-01 -1.2613521400e-02
3.9047619048e-01 -1.2669662000e-02
3.9056689342e-01 -1.3062270200e-02
3.9065759637e-01 -1.3844276600e-02
3.9074829932e-01 -1.5212303000e-02
3.9083900227e-01 -1.7074896200e-02
3.9092970522e-01 -1.9091005200e-02
3.9102040816e-01 -2.1445843000e-02
3.9111111111e-01 -2.4002217800e-02
3.9120181406e-01 -2.6405687600e-02
3.9129251701e-01 -2.8922820600e-02
3.9138321995e-01 -3.2008748800e-02
3.9147392290e-01 -3.4900502600e-02
3.9156462585e-01 -3.7922726600e-02
3.9165532880e-01 -4.1444787400e-02
3.9174603175e-01 -4.4927162800e-02
3.9183673469e-01 -4.8483270000e-02
3.9192743764e-01 -5.2297199400e-02
3.9201814059e-01 -5.6000477600e-02
3.9210884354e-01 -5.9709997000e-02
3.9219954649e-01 -6.3888575800e-02
3.9229024943e-01 -6.7849850800e-02
3.9238095238e-01 -7.1962442200e-02
3.9247165533e-01 -7.6300946600e-02
3.9256235828e-01 -8.0439962800e-02
3.9265306122e-01 -8.4317564400e-02
3.9274376417e-01 -8.8190983800e-02
3.9283446712e-01 -9.1679507800e-02
3.9292517007e-01 -9.4713732600e-02
3.9301587302e-01 -9.7810662000e-02
3.9310657596e-01 -1.0066366660e-01
3.9319727891e-01 -1.0353318360e-01
3.9328798186e-01 -1.0673740600e-01
3.9337868481e-01 -1.0977163800e-01
3.9346938776e-01 -1.1248652800e-01
3.9356009070e-01 -1.1494842000e-01
3.9365079365e-01 -1.1745871400e-01
3.9374149660e-01 -1.1922571600e-01
3.9383219955e-01 -1.2148131200e-01
3.9392290249e-01 -1.2398173400e-01
3.9401360544e-01 -1.2659083400e-01
3.9410430839e-01 -1.2891578200e-01
3.9419501134e-01 -1.3074041200e-01
3.9428571429e-01 -1.3401226400e-01
3.9437641723e-01 -1.3839442000e-01
3.9446712018e-01 -1.3882448800e-01
3.9455782313e-01 -1.3906006600e-01
3.9464852608e-01 -1.3910894200e-01
3.9473922902e-01 -1.3672812200e-01
3.9482993197e-01 -1.3222244600e-01
3.9492063492e-01 -1.3072601400e-01
3.9501133787e-01 -1.2888248800e-01
3.9510204082e-01 -1.2658705200e-01
3.9519274376e-01 -1.2350260200e-01
3.9528344671e-01 -1.1999939400e-01
3.9537414966e-01 -1.1594192600e-01
3.9546485261e-01 -1.1065723900e-01
3.9555555556e-01 -1.0521807740e-01
3.9564625850e-01 -9.9812136800e-02
3.9573696145e-01 -9.3753816400e-02
3.9582766440e-01 -8.7566794800e-02
3.9591836735e-01 -8.1627112600e-02
3.9600907029e-01 -7.5378809600e-02
3.9609977324e-01 -6.9155181000e-02
3.9619047619e-01 -6.3294619800e-02
3.9628117914e-01 -5.7801011600e-02
3.9637188209e-01 -5.2477976800e-02
3.9646258503e-01 -4.7490860000e-02
3.9655328798e-01 -4.2745565800e-02
3.9664399093e-01 -3.8111449600e-02
3.9673469388e-01 -3.3808998200e-02
3.9682539683e-01 -2.9926717800e-02
3.9691609977e-01 -2.6200989000e-02
3.9700680272e-01 -2.2429012200e-02
3.9709750567e-01 -1.8778394000e-02
3.9718820862e-01 -1.4974867540e-02
3.9727891156e-01 -1.1054736120e-02
3.9736961451e-01 -7.4390958780e-03
3.9746031746e-01 -3.9663433780e-03
3.9755102041e-01 -8.3895157800e-04
3.9764172336e-01 2.0660216820e-03
3.9773242630e-01 5.1115890620e-03
3.9782312925e-01 8.1484196200e-03
3.9791383220e-01 1.1014317320e-02
3.9800453515e-01 1.3887726920e-02
3.9809523810e-01 1.7172679200e-02
3.9818594104e-01 2.0233518800e-02
3.9827664399e-01 2.3187894400e-02
3.9836734694e-01 2.6712697200e-02
3.9845804989e-01 3.0577047800e-02
3.9854875283e-01 3.4051123200e-02
3.9863945578e-01 3.7605964200e-02
3.9873015873e-01 4.1331512200e-02
3.9882086168e-01 4.4929937400e-02
3.9891156463e-01 4.8533089600e-02
3.9900226757e-01 5.1985243400e-02
3.9909297052e-01 5.5174456000e-02
3.9918367347e-01 5.8878423200e-02
3.9927437642e-01 6.2381321200e-02
3.9936507937e-01 6.5486588800e-02
3.9945578231e-01 6.8410779600e-02
3.9954648526e-01 7.1070896000e-02
3.9963718821e-01 7.2868191600e-02
3.9972789116e-01 7.4324449200e-02
3.9981859410e-01 7.5675362800e-02
3.9990929705e-01 7.6779353600e-02
4.0000000000e-01 7.7699360600e-02
4.0009070295e-01 7.8493668000e-02
4.0018140590e-01 7.9307210200e-02
4.0027210884e-01 7.9380989000e-02
4.0036281179e-01 7.9765499400e-02
4.0045351474e-01 8.0619747000e-02
4.0054421769e-01 8.1884053200e-02
4.0063492063e-01 8.2723524800e-02
4.0072562358e-01 8.3970589200e-02
4.0081632653e-01 8.5008948600e-02
4.0090702948e-01 8.5378535000e-02
4.0099773243e-01 8.5250123200e-02
4.0108843537e-01 8.5187136000e-02
4.0117913832e-01 8.5140961800e-02
4.0126984127e-01 8.4352639600e-02
4.0136054422e-01 8.3359651800e-02
4.0145124717e-01 8.2087420800e-02
4.0154195011e-01 8.0905531600e-02
4.0163265306e-01 7.8990944600e-02
4.0172335601e-01 7.6918698800e-02
4.0181405896e-01 7.4472140000e-02
4.0190476190e-01 7.1660673000e-02
4.0199546485e-01 6.8224025000e-02
4.0208616780e-01 6.4621705000e-02
4.0217687075e-01 6.1297698400e-02
4.0226757370e-01 5.7841277400e-02
4.0235827664e-01 5.4105506400e-02
4.0244897959e-01 5.0137802200e-02
4.0253968254e-01 4.6055800600e-02
4.0263038549e-01 4.2348818000e-02
4.0272108844e-01 3.8937424600e-02
4.0281179138e-01 3.6042736000e-02
4.0290249433e-01 3.3829166400e-02
4.0299319728e-01 3.2138749200e-02
4.0308390023e-01 3.0944155200e-02
4.0317460317e-01 3.0609042000e-02
4.0326530612e-01 3.1005109800e-02
4.0335600907e-01 3.1987734200e-02
4.0344671202e-01 3.3856052600e-02
4.0353741497e-01 3.5926720200e-02
4.0362811791e-01 3.8330922200e-02
4.0371882086e-01 4.0928754800e-02
4.0380952381e-01 4.3425378400e-02
4.0390022676e-01 4.5946496200e-02
4.0399092971e-01 4.8621864400e-02
4.0408163265e-01 5.1188215600e-02
4.0417233560e-01 5.3375183200e-02
4.0426303855e-01 5.5563526600e-02
4.0435374150e-01 5.7681724800e-02
4.0444444444e-01 5.9162300000e-02
4.0453514739e-01 6.0328929000e-02
4.0462585034e-01 6.1571764000e-02
4.0471655329e-01 6.2616972800e-02
4.0480725624e-01 6.3400973600e-02
4.0489795918e-01 6.4348500800e-02
4.0498866213e-01 6.5165019000e-02
4.0507936508e-01 6.5618711400e-02
4.0517006803e-01 6.6532621800e-02
4.0526077098e-01 6.7503253600e-02
4.0535147392e-01 6.8282166400e-02
4.0544217687e-01 6.9331490600e-02
4.0553287982e-01 7.0663377800e-02
4.0562358277e-01 7.1071984800e-02
4.0571428571e-01 7.1142309000e-02
4.0580498866e-01 7.1000437400e-02
4.0589569161e-01 7.0244001800e-02
4.0598639456e-01 6.8769940800e-02
4.0607709751e-01 6.7143667800e-02
4.0616780045e-01 6.4701999800e-02
4.0625850340e-01 6.1793959400e-02
4.0634920635e-01 5.8670358400e-02
4.0643990930e-01 5.5400218400e-02
4.0653061224e-01 5.1884139000e-02
4.0662131519e-01 4.8065662600e-02
4.0671201814e-01 4.4354128400e-02
4.0680272109e-01 3.7867536600e-02
4.0689342404e-01 3.1001195200e-02
4.0698412698e-01 2.7199472200e-02
4.0707482993e-01 2.3280396800e-02
4.0716553288e-01 1.9398777000e-02
4.0725623583e-01 1.8203668000e-02
4.0734693878e-01 1.7201430660e-02
4.0743764172e-01 1.3191563940e-02
4.0752834467e-01 1.0169424600e-02
4.0761904762e-01 6.8022465520e-03
4.0770975057e-01 3.8164894920e-03
4.0780045351e-01 1.4377195120e-03
4.0789115646e-01 -8.0458472800e-04
4.0798185941e-01 -3.1657054080e-03
4.0807256236e-01 -4.7430992200e-03
4.0816326531e-01 -5.9831659000e-03
4.0825396825e-01 -7.3396548200e-03
4.0834467120e-01 -8.4372704600e-03
4.0843537415e-01 -9.5238060400e-03
4.0852607710e-01 -1.0281640980e-02
4.0861678005e-01 -1.1387779640e-02
4.0870748299e-01 -1.2646467200e-02
4.0879818594e-01 -1.3810251400e-02
4.0888888889e-01 -1.5203476400e-02
4.0897959184e-01 -1.7330164600e-02
4.0907029478e-01 -1.9815512000e-02
4.0916099773e-01 -2.2411825400e-02
4.0925170068e-01 -2.5356363400e-02
4.0934240363e-01 -2.8138592800e-02
4.0943310658e-01 -3.1144893200e-02
4.0952380952e-01 -3.4126335800e-02
4.0961451247e-01 -3.7302951600e-02
4.0970521542e-01 -4.0505689800e-02
4.0979591837e-01 -4.4151976200e-02
4.0988662132e-01 -4.7716489600e-02
4.0997732426e-01 -5.1005387800e-02
4.1006802721e-01 -5.4057900800e-02
4.1015873016e-01 -5.7535419200e-02
4.1024943311e-01 -6.0759818600e-02
4.1034013605e-01 -6.4010980200e-02
4.1043083900e-01 -6.7809441800e-02
4.1052154195e-01 -7.1595030600e-02
4.1061224490e-01 -7.5409772400e-02
4.1070294785e-01 -7.9183418000e-02
4.1079365079e-01 -8.2987188000e-02
4.1088435374e-01 -8.6619871000e-02
4.1097505669e-01 -9.0158368000e-02
4.1106575964e-01 -9.3082020400e-02
4.1115646259e-01 -9.5803413000e-02
4.1124716553e-01 -9.8391330200e-02
4.1133786848e-01 -1.0126356780e-01
4.1142857143e-01 -1.0390174980e-01
4.1151927438e-01 -1.0634314400e-01
4.1160997732e-01 -1.0932423800e-01
4.1170068027e-01 -1.1230904400e-01
4.1179138322e-01 -1.1487251600e-01
4.1188208617e-01 -1.1757771000e-01
4.1197278912e-01 -1.2077828000e-01
4.1206349206e-01 -1.2354310000e-01
4.1215419501e-01 -1.2617528000e-01
4.1224489796e-01 -1.2845037800e-01
4.1233560091e-01 -1.3060636800e-01
4.1242630385e-01 -1.3267687400e-01
4.1251700680e-01 -1.3432200400e-01
4.1260770975e-01 -1.3536905600e-01
4.1269841270e-01 -1.3603771400e-01
4.1278911565e-01 -1.3625063200e-01
4.1287981859e-01 -1.3554411800e-01
4.1297052154e-01 -1.3404999400e-01
4.1306122449e-01 -1.3257723000e-01
4.1315192744e-01 -1.3083007800e-01
4.1324263039e-01 -1.2827379400e-01
4.1333333333e-01 -1.2506379600e-01
4.1342403628e-01 -1.2196942200e-01
4.1351473923e-01 -1.1778846200e-01
4.1360544218e-01 -1.1281832000e-01
4.1369614512e-01 -1.0749867420e-01
4.1378684807e-01 -1.0209753700e-01
4.1387755102e-01 -9.6039360800e-02
4.1396825397e-01 -8.9840827000e-02
4.1405895692e-01 -8.3949028600e-02
4.1414965986e-01 -7.8070536000e-02
4.1424036281e-01 -7.2246770800e-02
4.1433106576e-01 -6.6445996600e-02
4.1442176871e-01 -6.0757550800e-02
4.1451247166e-01 -5.5186756600e-02
4.1460317460e-01 -5.0064835200e-02
4.1469387755e-01 -4.5023966800e-02
4.1478458050e-01 -4.0349528000e-02
4.1487528345e-01 -3.6012669800e-02
4.1496598639e-01 -3.1975420200e-02
4.1505668934e-01 -2.8160346000e-02
4.1514739229e-01 -2.4591158000e-02
4.1523809524e-01 -2.0750806200e-02
4.1532879819e-01 -1.6973305420e-02
4.1541950113e-01 -1.3022141560e-02
4.1551020408e-01 -9.0455541400e-03
4.1560090703e-01 -5.2545075780e-03
4.1569160998e-01 -1.8589400580e-03
4.1578231293e-01 1.5884677020e-03
4.1587301587e-01 4.8731666420e-03
4.1596371882e-01 8.2770440220e-03
4.1605442177e-01 1.2042973260e-02
4.1614512472e-01 1.5667638940e-02
4.1623582766e-01 1.8824583600e-02
4.1632653061e-01 2.2714834800e-02
4.1641723356e-01 2.6464615000e-02
4.1650793651e-01 3.0276435800e-02
4.1659863946e-01 3.4141267400e-02
4.1668934240e-01 3.8250050000e-02
4.1678004535e-01 4.1784798000e-02
4.1687074830e-01 4.5389246800e-02
4.1696145125e-01 4.9004146400e-02
4.1705215420e-01 5.2325332000e-02
4.1714285714e-01 5.5188423800e-02
4.1723356009e-01 5.8071546000e-02
4.1732426304e-01 6.0820984400e-02
4.1741496599e-01 6.2761671800e-02
4.1750566893e-01 6.4641932400e-02
4.1759637188e-01 6.6726532200e-02
4.1768707483e-01 6.8863695800e-02
4.1777777778e-01 7.0781737000e-02
4.1786848073e-01 7.2521248600e-02
4.1795918367e-01 7.4284526200e-02
4.1804988662e-01 7.6194413800e-02
4.1814058957e-01 7.7361344000e-02
4.1823129252e-01 7.8110373000e-02
4.1832199546e-01 7.8957850800e-02
4.1841269841e-01 7.9835167400e-02
4.1850340136e-01 8.0320821000e-02
4.1859410431e-01 8.1167846600e-02
4.1868480726e-01 8.2200065400e-02
4.1877551020e-01 8.3171737400e-02
4.1886621315e-01 8.3654225400e-02
4.1895691610e-01 8.4183090400e-02
4.1904761905e-01 8.4690558200e-02
4.1913832200e-01 8.4440012200e-02
4.1922902494e-01 8.4258111000e-02
4.1931972789e-01 8.1410268000e-02
4.1941043084e-01 7.9166955400e-02
4.1950113379e-01 7.8078283400e-02
4.1959183673e-01 7.7160042400e-02
4.1968253968e-01 7.5938608600e-02
4.1977324263e-01 7.6752483800e-02
4.1986394558e-01 7.6418338200e-02
4.1995464853e-01 7.4183953400e-02
4.2004535147e-01 7.1533508800e-02
4.2013605442e-01 6.8026142600e-02
4.2022675737e-01 6.4822381000e-02
4.2031746032e-01 6.1200400200e-02
4.2040816327e-01 5.7105855600e-02
4.2049886621e-01 5.3089490400e-02
4.2058956916e-01 4.9473516200e-02
4.2068027211e-01 4.5553602600e-02
4.2077097506e-01 4.1962621800e-02
4.2086167800e-01 3.8714023000e-02
4.2095238095e-01 3.5853262600e-02
4.2104308390e-01 3.3281447800e-02
4.2113378685e-01 3.1639518800e-02
4.2122448980e-01 3.0882793600e-02
4.2131519274e-01 3.0571655200e-02
4.2140589569e-01 3.0962638200e-02
4.2149659864e-01 3.1805625600e-02
4.2158730159e-01 3.3399534200e-02
4.2167800454e-01 3.5131367200e-02
4.2176870748e-01 3.7345348800e-02
4.2185941043e-01 3.9678485600e-02
4.2195011338e-01 4.2594783200e-02
4.2204081633e-01 4.5088648800e-02
4.2213151927e-01 4.7222838800e-02
4.2222222222e-01 4.9677822600e-02
4.2231292517e-01 5.2115414800e-02
4.2240362812e-01 5.3848444000e-02
4.2249433107e-01 5.5199645200e-02
4.2258503401e-01 5.6451219600e-02
4.2267573696e-01 5.7034543600e-02
4.2276643991e-01 5.7606312200e-02
4.2285714286e-01 5.8401761800e-02
4.2294784580e-01 5.9166790600e-02
4.2303854875e-01 6.0005220000e-02
4.2312925170e-01 6.1198370000e-02
4.2321995465e-01 6.2116118400e-02
4.2331065760e-01 6.3112030600e-02
4.2340136054e-01 6.4531573400e-02
4.2349206349e-01 6.5841386200e-02
4.2358276644e-01 6.6797718400e-02
4.2367346939e-01 6.7603628600e-02
4.2376417234e-01 6.7980097600e-02
4.2385487528e-01 6.8023539200e-02
4.2394557823e-01 6.7760660600e-02
4.2403628118e-01 6.6938226000e-02
4.2412698413e-01 6.5512966400e-02
4.2421768707e-01 6.3667145000e-02
4.2430839002e-01 6.1027188600e-02
4.2439909297e-01 5.7886571600e-02
4.2448979592e-01 5.4397074600e-02
4.2458049887e-01 5.0580533400e-02
4.2467120181e-01 4.6825916000e-02
4.2476190476e-01 4.2909055200e-02
4.2485260771e-01 3.8592542600e-02
4.2494331066e-01 3.4708156400e-02
4.2503401361e-01 3.1067913800e-02
4.2512471655e-01 2.7456216600e-02
4.2521541950e-01 2.3991953200e-02
4.2530612245e-01 2.0574258800e-02
4.2539682540e-01 1.7108365600e-02
4.2548752834e-01 1.3877630140e-02
4.2557823129e-01 1.0698860360e-02
4.2566893424e-01 7.8099432200e-03
4.2575963719e-01 5.8381947600e-03
4.2585034014e-01 3.8743462220e-03
4.2594104308e-01 1.7610292020e-03
4.2603174603e-01 2.0891770200e-04
4.2612244898e-01 -1.3134763380e-03
4.2621315193e-01 -3.0154211180e-03
4.2630385488e-01 -4.2761206600e-03
4.2639455782e-01 -4.9121370800e-03
4.2648526077e-01 -5.6988552000e-03
4.2657596372e-01 -6.0768936400e-03
4.2666666667e-01 -6.5296184200e-03
4.2675736961e-01 -7.3545235400e-03
4.2684807256e-01 -8.6883240400e-03
4.2693877551e-01 -1.0169886440e-02
4.2702947846e-01 -1.2327007420e-02
4.2712018141e-01 -1.4618763800e-02
4.2721088435e-01 -1.6936056800e-02
4.2730158730e-01 -1.9073660600e-02
4.2739229025e-01 -2.1747835200e-02
4.2748299320e-01 -2.4458401000e-02
4.2757369615e-01 -2.6780725200e-02
4.2766439909e-01 -2.9560560600e-02
4.2775510204e-01 -3.2403907800e-02
4.2784580499e-01 -3.5016613200e-02
4.2793650794e-01 -3.7762853800e-02
4.2802721088e-01 -4.0881297600e-02
4.2811791383e-01 -4.3932139200e-02
4.2820861678e-01 -4.7110053600e-02
4.2829931973e-01 -5.0541042000e-02
4.2839002268e-01 -5.3907462600e-02
4.2848072562e-01 -5.7621577600e-02
4.2857142857e-01 -6.1284119600e-02
4.2866213152e-01 -6.4891609000e-02
4.2875283447e-01 -6.8516006200e-02
4.2884353741e-01 -7.2233695000e-02
4.2893424036e-01 -7.5556045400e-02
4.2902494331e-01 -7.8893734600e-02
4.2911564626e-01 -8.2329198400e-02
4.2920634921e-01 -8.5468661400e-02
4.2929705215e-01 -8.8674660400e-02
4.2938775510e-01 -9.1678013200e-02
4.2947845805e-01 -9.4265987800e-02
4.2956916100e-01 -9.6815645600e-02
4.2965986395e-01 -9.9596195800e-02
4.2975056689e-01 -1.0228369660e-01
4.2984126984e-01 -1.0496923340e-01
4.2993197279e-01 -1.0773492000e-01
4.3002267574e-01 -1.1058253400e-01
4.3011337868e-01 -1.1343344800e-01
4.3020408163e-01 -1.1570045400e-01
4.3029478458e-01 -1.1840372000e-01
4.3038548753e-01 -1.2112202600e-01
4.3047619048e-01 -1.2357422600e-01
4.3056689342e-01 -1.2536380400e-01
4.3065759637e-01 -1.2714931800e-01
4.3074829932e-01 -1.2846674000e-01
4.3083900227e-01 -1.2931635200e-01
4.3092970522e-01 -1.2962206000e-01
4.3102040816e-01 -1.2958063800e-01
4.3111111111e-01 -1.2886019000e-01
4.3120181406e-01 -1.2762915000e-01
4.3129251701e-01 -1.2595792400e-01
4.3138321995e-01 -1.2360933000e-01
4.3147392290e-01 -1.2054440200e-01
4.3156462585e-01 -1.1719434800e-01
4.3165532880e-01 -1.1301252400e-01
4.3174603175e-01 -1.0821743300e-01
4.3183673469e-01 -1.0625432900e-01
4.3192743764e-01 -1.0204204380e-01
4.3201814059e-01 -9.6446026200e-02
4.3210884354e-01 -9.0878950400e-02
4.3219954649e-01 -8.5313398800e-02
4.3229024943e-01 -7.6927056000e-02
4.3238095238e-01 -7.0777541000e-02
4.3247165533e-01 -6.5634405800e-02
4.3256235828e-01 -6.0712788200e-02
4.3265306122e-01 -5.6031665600e-02
4.3274376417e-01 -5.1412106400e-02
4.3283446712e-01 -4.6965210800e-02
4.3292517007e-01 -4.3115425600e-02
4.3301587302e-01 -3.9094640000e-02
4.3310657596e-01 -3.5300851400e-02
4.3319727891e-01 -3.1847804000e-02
4.3328798186e-01 -2.8294257200e-02
4.3337868481e-01 -2.4837487200e-02
4.3346938776e-01 -2.1729347400e-02
4.3356009070e-01 -1.8191659000e-02
4.3365079365e-01 -1.4450322900e-02
4.3374149660e-01 -1.1047254920e-02
4.3383219955e-01 -7.6729709600e-03
4.3392290249e-01 -4.2839217800e-03
4.3401360544e-01 -8.8787354000e-04
4.3410430839e-01 2.2620920000e-03
4.3419501134e-01 5.7544670200e-03
4.3428571429e-01 9.4213904600e-03
4.3437641723e-01 1.3286693080e-02
4.3446712018e-01 1.6811695440e-02
4.3455782313e-01 2.0160061200e-02
4.3464852608e-01 2.3386100400e-02
4.3473922902e-01 2.6890755000e-02
4.3482993197e-01 3.0165451800e-02
4.3492063492e-01 3.3529074000e-02
4.3501133787e-01 3.7436124200e-02
4.3510204082e-01 4.1150146800e-02
4.3519274376e-01 4.4243280600e-02
4.3528344671e-01 4.7490419200e-02
4.3537414966e-01 5.0546297400e-02
4.3546485261e-01 5.3131330200e-02
4.3555555556e-01 5.5594800800e-02
4.3564625850e-01 5.8244424600e-02
4.3573696145e-01 6.0431687000e-02
4.3582766440e-01 6.2490306200e-02
4.3591836735e-01 6.4672514600e-02
4.3600907029e-01 6.6643710600e-02
4.3609977324e-01 6.8858096400e-02
4.3619047619e-01 7.0846851200e-02
4.3628117914e-01 7.2149439200e-02
4.3637188209e-01 7.3339117000e-02
4.3646258503e-01 7.5135490400e-02
4.3655328798e-01 7.6216267800e-02
4.3664399093e-01 7.7142803000e-02
4.3673469388e-01 7.8682587400e-02
4.3682539683e-01 7.9911871800e-02
4.3691609977e-01 8.0088003200e-02
4.3700680272e-01 8.0927604200e-02
4.3709750567e-01 8.1467274800e-02
4.3718820862e-01 8.1395316800e-02
4.3727891156e-01 8.1354289600e-02
4.3736961451e-01 8.1532004800e-02
4.3746031746e-01 8.0535833400e-02
4.3755102041e-01 7.9968767000e-02
4.3764172336e-01 7.9724759600e-02
4.3773242630e-01 7.9309910000e-02
4.3782312925e-01 7.7996214200e-02
4.3791383220e-01 7.6442074200e-02
4.3800453515e-01 7.4369325600e-02
4.3809523810e-01 7.1430924400e-02
4.3818594104e-01 6.8042292600e-02
4.3827664399e-01 6.4983904800e-02
4.3836734694e-01 6.2023443800e-02
4.3845804989e-01 5.8838277800e-02
4.3854875283e-01 5.5666348400e-02
4.3863945578e-01 5.2364939200e-02
4.3873015873e-01 4.8776981600e-02
4.3882086168e-01 4.4979068200e-02
4.3891156463e-01 4.1461371200e-02
4.3900226757e-01 3.8116969600e-02
4.3909297052e-01 3.4905287000e-02
4.3918367347e-01 3.2669635800e-02
4.3927437642e-01 3.1471335600e-02
4.3936507937e-01 3.0795415800e-02
4.3945578231e-01 3.1182161400e-02
4.3954648526e-01 3.2736776200e-02
4.3963718821e-01 3.4249718400e-02
4.3972789116e-01 3.6045340800e-02
4.3981859410e-01 3.8301029600e-02
4.3990929705e-01 4.0450066600e-02
4.4000000000e-01 4.2715067200e-02
4.4009070295e-01 4.4986307200e-02
4.4018140590e-01 4.7458850200e-02
4.4027210884e-01 4.9918631800e-02
4.4036281179e-01 5.2194880600e-02
4.4045351474e-01 5.3863011400e-02
4.4054421769e-01 5.5511485000e-02
4.4063492063e-01 5.6673685000e-02
4.4072562358e-01 5.7467566600e-02
4.4081632653e-01 5.7777584600e-02
4.4090702948e-01 5.8438723200e-02
4.4099773243e-01 5.9158259800e-02
4.4108843537e-01 6.0031698600e-02
4.4117913832e-01 6.0863584400e-02
4.4126984127e-01 6.2360319000e-02
4.4136054422e-01 6.3823122200e-02
4.4145124717e-01 6.5389184800e-02
4.4154195011e-01 6.6569210800e-02
4.4163265306e-01 6.7566753600e-02
4.4172335601e-01 6.8259676400e-02
4.4181405896e-01 6.8589502800e-02
4.4190476190e-01 6.8573683400e-02
4.4199546485e-01 6.8571874200e-02
4.4208616780e-01 6.7830041200e-02
4.4217687075e-01 6.6805444200e-02
4.4226757370e-01 6.5016671800e-02
4.4235827664e-01 6.2766048400e-02
4.4244897959e-01 5.9867234800e-02
4.4253968254e-01 5.6885329000e-02
4.4263038549e-01 5.3299327600e-02
4.4272108844e-01 4.9636735200e-02
4.4281179138e-01 4.5538987800e-02
4.4290249433e-01 4.1722359200e-02
4.4299319728e-01 3.8029869200e-02
4.4308390023e-01 3.4065803200e-02
4.4317460317e-01 3.0226375000e-02
4.4326530612e-01 2.6708828600e-02
4.4335600907e-01 2.2690057600e-02
4.4344671202e-01 1.8912558400e-02
4.4353741497e-01 1.5612459180e-02
4.4362811791e-01 1.2394578540e-02
4.4371882086e-01 9.2473646400e-03
4.4380952381e-01 6.4181773780e-03
4.4390022676e-01 3.9724166060e-03
4.4399092971e-01 1.7336517260e-03
4.4408163265e-01 -1.2249740000e-06
4.4417233560e-01 -1.4850709140e-03
4.4426303855e-01 -3.2998596920e-03
4.4435374150e-01 -7.9689581200e-03
4.4444444444e-01 -9.5236012600e-03
4.4453514739e-01 -1.0068044460e-02
4.4462585034e-01 -1.1001290260e-02
4.4471655329e-01 -1.1514867620e-02
4.4480725624e-01 -9.3489770200e-03
4.4489795918e-01 -1.0008152980e-02
4.4498866213e-01 -1.2143175440e-02
4.4507936508e-01 -1.3987392200e-02
4.4517006803e-01 -1.5677720400e-02
4.4526077098e-01 -1.7733988000e-02
4.4535147392e-01 -1.9716060400e-02
4.4544217687e-01 -2.1652981400e-02
4.4553287982e-01 -2.3712959800e-02
4.4562358277e-01 -2.6112001600e-02
4.4571428571e-01 -2.8352730800e-02
4.4580498866e-01 -3.1081194200e-02
4.4589569161e-01 -3.3660978200e-02
4.4598639456e-01 -3.6541346600e-02
4.4607709751e-01 -3.9195854400e-02
4.4616780045e-01 -4.1964385600e-02
4.4625850340e-01 -4.5038689600e-02
4.4634920635e-01 -4.8186653200e-02
4.4643990930e-01 -5.0948591000e-02
4.4653061224e-01 -5.4046083600e-02
4.4662131519e-01 -5.7254099400e-02
4.4671201814e-01 -6.0260715000e-02
4.4680272109e-01 -6.3306497000e-02
4.4689342404e-01 -6.6914643200e-02
4.4698412698e-01 -7.0135365600e-02
4.4707482993e-01 -7.3199126400e-02
4.4716553288e-01 -7.6119341200e-02
4.4725623583e-01 -7.9060152000e-02
4.4734693878e-01 -8.1806198000e-02
4.4743764172e-01 -8.4575914200e-02
4.4752834467e-01 -8.7243105200e-02
4.4761904762e-01 -9.0268987800e-02
4.4770975057e-01 -9.3238134600e-02
4.4780045351e-01 -9.5905409400e-02
4.4789115646e-01 -9.8687598600e-02
4.4798185941e-01 -1.0170272220e-01
4.4807256236e-01 -1.0444151180e-01
4.4816326531e-01 -1.0730735400e-01
4.4825396825e-01 -1.1027649600e-01
4.4834467120e-01 -1.1288576800e-01
4.4843537415e-01 -1.1545399000e-01
4.4852607710e-01 -1.1788512600e-01
4.4861678005e-01 -1.2014642400e-01
4.4870748299e-01 -1.2215724200e-01
4.4879818594e-01 -1.2369667600e-01
4.4888888889e-01 -1.2453252200e-01
4.4897959184e-01 -1.2486508000e-01
4.4907029478e-01 -1.2472154600e-01
4.4916099773e-01 -1.2403870400e-01
4.4925170068e-01 -1.2301681800e-01
4.4934240363e-01 -1.2174864600e-01
4.4943310658e-01 -1.2002477000e-01
4.4952380952e-01 -1.1778221600e-01
4.4961451247e-01 -1.1457212800e-01
4.4970521542e-01 -1.1108960800e-01
4.4979591837e-01 -1.0707532020e-01
4.4988662132e-01 -1.0277423440e-01
4.4997732426e-01 -9.7891733200e-02
4.5006802721e-01 -9.3082421400e-02
4.5015873016e-01 -8.8111625600e-02
4.5024943311e-01 -8.3031655800e-02
4.5034013605e-01 -7.7612548400e-02
4.5043083900e-01 -7.2327731000e-02
4.5052154195e-01 -6.7349807800e-02
4.5061224490e-01 -6.2639800800e-02
4.5070294785e-01 -5.7677206800e-02
4.5079365079e-01 -5.3341436200e-02
4.5088435374e-01 -4.9148417000e-02
4.5097505669e-01 -4.4745183000e-02
4.5106575964e-01 -4.0587323600e-02
4.5115646259e-01 -3.6759082000e-02
4.5124716553e-01 -3.2757909600e-02
4.5133786848e-01 -2.9257574000e-02
4.5142857143e-01 -2.5768508800e-02
4.5151927438e-01 -2.2336274200e-02
4.5160997732e-01 -1.9315384000e-02
4.5170068027e-01 -1.6021386440e-02
4.5179138322e-01 -1.2566407420e-02
4.5188208617e-01 -9.4281222000e-03
4.5197278912e-01 -6.1992662107e-03
4.5206349206e-01 -2.9975650707e-03
4.5215419501e-01 7.8120529260e-05
4.5224489796e-01 3.0895574293e-03
4.5233560091e-01 6.2810270093e-03
4.5242630385e-01 9.2951562200e-03
4.5251700680e-01 1.2240354080e-02
4.5260770975e-01 1.5033290920e-02
4.5269841270e-01 1.8323624800e-02
4.5278911565e-01 2.1403436200e-02
4.5287981859e-01 2.4594278000e-02
4.5297052154e-01 2.8025005200e-02
4.5306122449e-01 3.1632578200e-02
4.5315192744e-01 3.5386102800e-02
4.5324263039e-01 3.8703797800e-02
4.5333333333e-01 4.2240994200e-02
4.5342403628e-01 4.6167297200e-02
4.5351473923e-01 4.9578538200e-02
4.5360544218e-01 5.1900517400e-02
4.5369614512e-01 5.4418770600e-02
4.5378684807e-01 5.7010124000e-02
4.5387755102e-01 5.8742636200e-02
4.5396825397e-01 6.0426041600e-02
4.5405895692e-01 6.2496601400e-02
4.5414965986e-01 6.4455334800e-02
4.5424036281e-01 6.6041689600e-02
4.5433106576e-01 6.7940420600e-02
4.5442176871e-01 6.9765320400e-02
4.5451247166e-01 7.1574179200e-02
4.5460317460e-01 7.3383214400e-02
4.5469387755e-01 7.5213811400e-02
4.5478458050e-01 7.6710175400e-02
4.5487528345e-01 7.7986642400e-02
4.5496598639e-01 7.8739728800e-02
4.5505668934e-01 7.9316725400e-02
4.5514739229e-01 7.9429750600e-02
4.5523809524e-01 7.9388776800e-02
4.5532879819e-01 7.9333893800e-02
4.5541950113e-01 7.9352013400e-02
4.5551020408e-01 7.9373407800e-02
4.5560090703e-01 7.9179499600e-02
4.5569160998e-01 7.8457480600e-02
4.5578231293e-01 7.7334062000e-02
4.5587301587e-01 7.6054165200e-02
4.5596371882e-01 7.4310821400e-02
4.5605442177e-01 7.2142344000e-02
4.5614512472e-01 6.9879837000e-02
4.5623582766e-01 6.7466049400e-02
4.5632653061e-01 6.4293686200e-02
4.5641723356e-01 6.0887323200e-02
4.5650793651e-01 5.7266869600e-02
4.5659863946e-01 5.3569428400e-02
4.5668934240e-01 5.0198107200e-02
4.5678004535e-01 4.6169859000e-02
4.5687074830e-01 4.0280849000e-02
4.5696145125e-01 3.7211368000e-02
4.5705215420e-01 3.4307976200e-02
4.5714285714e-01 3.1029767600e-02
4.5723356009e-01 2.9326008800e-02
4.5732426304e-01 2.9855113400e-02
4.5741496599e-01 2.8574354600e-02
4.5750566893e-01 2.8281497000e-02
4.5759637188e-01 2.8748576800e-02
4.5768707483e-01 2.9616609400e-02
4.5777777778e-01 3.1462087400e-02
4.5786848073e-01 3.3703071200e-02
4.5795918367e-01 3.5796637800e-02
4.5804988662e-01 3.8484192800e-02
4.5814058957e-01 4.0858550400e-02
4.5823129252e-01 4.3252511200e-02
4.5832199546e-01 4.5558536600e-02
4.5841269841e-01 4.7935576400e-02
4.5850340136e-01 5.0473951600e-02
4.5859410431e-01 5.3236779000e-02
4.5868480726e-01 5.5355138200e-02
4.5877551020e-01 5.7175307000e-02
4.5886621315e-01 5.8832761000e-02
4.5895691610e-01 5.9924423000e-02
4.5904761905e-01 6.0901221600e-02
4.5913832200e-01 6.1929700400e-02
4.5922902494e-01 6.3066598000e-02
4.5931972789e-01 6.4052824600e-02
4.5941043084e-01 6.4911447600e-02
4.5950113379e-01 6.5883767000e-02
4.5959183673e-01 6.6787319400e-02
4.5968253968e-01 6.7579709000e-02
4.5977324263e-01 6.8596669800e-02
4.5986394558e-01 6.9125375400e-02
4.5995464853e-01 6.9060185000e-02
4.6004535147e-01 6.9101188200e-02
4.6013605442e-01 6.8508528200e-02
4.6022675737e-01 6.7049937600e-02
4.6031746032e-01 6.5725139800e-02
4.6040816327e-01 6.3931725000e-02
4.6049886621e-01 6.1255036400e-02
4.6058956916e-01 5.8371549800e-02
4.6068027211e-01 5.5086878400e-02
4.6077097506e-01 5.1232049200e-02
4.6086167800e-01 4.7134519000e-02
4.6095238095e-01 4.2797371400e-02
4.6104308390e-01 3.8230683600e-02
4.6113378685e-01 3.3941878400e-02
4.6122448980e-01 2.9806390200e-02
4.6131519274e-01 2.5837921200e-02
4.6140589569e-01 2.2322149000e-02
4.6149659864e-01 1.9310456800e-02
4.6158730159e-01 1.6258049600e-02
4.6167800454e-01 1.3361865820e-02
4.6176870748e-01 1.1083685240e-02
4.6185941043e-01 8.5540290000e-03
4.6195011338e-01 5.9579822120e-03
4.6204081633e-01 3.9462305320e-03
4.6213151927e-01 2.0847252120e-03
4.6222222222e-01 -7.1485828000e-05
4.6231292517e-01 -1.8258294080e-03
4.6240362812e-01 -3.1631438600e-03
4.6249433107e-01 -4.7044230800e-03
4.6258503401e-01 -6.0191752800e-03
4.6267573696e-01 -6.8727500200e-03
4.6276643991e-01 -7.5141945800e-03
4.6285714286e-01 -8.5764601400e-03
4.6294784580e-01 -9.4938682400e-03
4.6303854875e-01 -1.1004728540e-02
4.6312925170e-01 -1.2845062580e-02
4.6321995465e-01 -1.4670214200e-02
4.6331065760e-01 -1.6446000200e-02
4.6340136054e-01 -1.8637643200e-02
4.6349206349e-01 -2.0411672000e-02
4.6358276644e-01 -2.2305034400e-02
4.6367346939e-01 -2.4502563000e-02
4.6376417234e-01 -2.6626867000e-02
4.6385487528e-01 -2.8604204400e-02
4.6394557823e-01 -3.1186316000e-02
4.6403628118e-01 -3.3646629000e-02
4.6412698413e-01 -3.6133386200e-02
4.6421768707e-01 -3.8576047200e-02
4.6430839002e-01 -4.1208186600e-02
4.6439909297e-01 -4.3743547400e-02
4.6448979592e-01 -4.6525940400e-02
4.6458049887e-01 -4.9294022400e-02
4.6467120181e-01 -5.2254362800e-02
4.6476190476e-01 -5.5334888600e-02
4.6485260771e-01 -5.8548214600e-02
4.6494331066e-01 -6.1631802600e-02
4.6503401361e-01 -6.4838303400e-02
4.6512471655e-01 -6.7752276200e-02
4.6521541950e-01 -7.0714351200e-02
4.6530612245e-01 -7.3497304800e-02
4.6539682540e-01 -7.6169249600e-02
4.6548752834e-01 -7.9214503600e-02
4.6557823129e-01 -8.2517322800e-02
4.6566893424e-01 -8.5546645200e-02
4.6575963719e-01 -8.8537642000e-02
4.6585034014e-01 -9.1219706400e-02
4.6594104308e-01 -9.3850479400e-02
4.6603174603e-01 -9.6767319400e-02
4.6612244898e-01 -9.9258846200e-02
4.6621315193e-01 -1.0198006980e-01
4.6630385488e-01 -1.0543393960e-01
4.6639455782e-01 -1.0836208600e-01
4.6648526077e-01 -1.1095476400e-01
4.6657596372e-01 -1.1401676200e-01
4.6666666667e-01 -1.1664457600e-01
4.6675736961e-01 -1.1854385800e-01
4.6684807256e-01 -1.2026624400e-01
4.6693877551e-01 -1.2159568000e-01
4.6702947846e-01 -1.2199139600e-01
4.6712018141e-01 -1.2203095000e-01
4.6721088435e-01 -1.2199499000e-01
4.6730158730e-01 -1.2141920000e-01
4.6739229025e-01 -1.2024124400e-01
4.6748299320e-01 -1.1875573600e-01
4.6757369615e-01 -1.1679370800e-01
4.6766439909e-01 -1.1436088800e-01
4.6775510204e-01 -1.1113176800e-01
4.6784580499e-01 -1.0743892280e-01
4.6793650794e-01 -1.0377056480e-01
4.6802721088e-01 -9.9363620000e-02
4.6811791383e-01 -9.4282166600e-02
4.6820861678e-01 -8.9778091400e-02
4.6829931973e-01 -8.5033782400e-02
4.6839002268e-01 -7.9985516800e-02
4.6848072562e-01 -7.5027226800e-02
4.6857142857e-01 -7.0116704000e-02
4.6866213152e-01 -6.5085071000e-02
4.6875283447e-01 -6.0442077600e-02
4.6884353741e-01 -5.5962044400e-02
4.6893424036e-01 -5.1750130000e-02
4.6902494331e-01 -4.7557247600e-02
4.6911564626e-01 -4.3495749600e-02
4.6920634921e-01 -3.9319402200e-02
4.6929705215e-01 -3.7343158600e-02
4.6938775510e-01 -3.6503416000e-02
4.6947845805e-01 -3.3046395600e-02
4.6956916100e-01 -2.9701297600e-02
4.6965986395e-01 -2.6614497200e-02
4.6975056689e-01 -2.1315389200e-02
4.6984126984e-01 -1.4978116680e-02
4.6993197279e-01 -1.1795241300e-02
4.7002267574e-01 -8.5915398200e-03
4.7011337868e-01 -5.4268314600e-03
4.7020408163e-01 -2.6138403400e-03
4.7029478458e-01 4.8251298000e-04
4.7038548753e-01 3.5158148400e-03
4.7047619048e-01 6.6670121600e-03
4.7056689342e-01 9.7436188000e-03
4.7065759637e-01 1.3334122480e-02
4.7074829932e-01 1.6371441440e-02
4.7083900227e-01 1.9663013000e-02
4.7092970522e-01 2.3025136200e-02
4.7102040816e-01 2.6429120800e-02
4.7111111111e-01 2.9732458000e-02
4.7120181406e-01 3.2893632200e-02
4.7129251701e-01 3.5792717400e-02
4.7138321995e-01 3.9031379600e-02
4.7147392290e-01 4.2320126800e-02
4.7156462585e-01 4.5264730000e-02
4.7165532880e-01 4.8334755800e-02
4.7174603175e-01 5.1665836000e-02
4.7183673469e-01 5.4388063400e-02
4.7192743764e-01 5.6829968000e-02
4.7201814059e-01 5.8963865400e-02
4.7210884354e-01 6.1156332800e-02
4.7219954649e-01 6.2675042000e-02
4.7229024943e-01 6.4139804800e-02
4.7238095238e-01 6.5800907400e-02
4.7247165533e-01 6.7161516600e-02
4.7256235828e-01 6.8270145200e-02
4.7265306122e-01 7.0003568600e-02
4.7274376417e-01 7.1589762600e-02
4.7283446712e-01 7.2746090600e-02
4.7292517007e-01 7.4453420000e-02
4.7301587302e-01 7.6254883200e-02
4.7310657596e-01 7.7274583800e-02
4.7319727891e-01 7.8204389400e-02
4.7328798186e-01 7.8901616000e-02
4.7337868481e-01 7.8693894800e-02
4.7346938776e-01 7.8376247000e-02
4.7356009070e-01 7.8141049000e-02
4.7365079365e-01 7.7372740200e-02
4.7374149660e-01 7.6388736200e-02
4.7383219955e-01 7.5814952200e-02
4.7392290249e-01 7.4565844800e-02
4.7401360544e-01 7.2949068600e-02
4.7410430839e-01 7.1613570800e-02
4.7419501134e-01 6.9706785400e-02
4.7428571429e-01 6.7214312400e-02
4.7437641723e-01 6.4634838000e-02
4.7446712018e-01 6.1885529600e-02
4.7455782313e-01 5.8355312400e-02
4.7464852608e-01 5.5251542000e-02
4.7473922902e-01 5.2086670400e-02
4.7482993197e-01 4.8613393600e-02
4.7492063492e-01 4.5066877000e-02
4.7501133787e-01 4.1805806400e-02
4.7510204082e-01 3.8146302200e-02
4.7519274376e-01 3.4525058200e-02
4.7528344671e-01 3.1690679000e-02
4.7537414966e-01 2.9374180400e-02
4.7546485261e-01 2.7678779400e-02
4.7555555556e-01 2.6850108400e-02
4.7564625850e-01 2.6751699800e-02
4.7573696145e-01 2.7237381800e-02
4.7582766440e-01 2.8235219200e-02
4.7591836735e-01 2.9572969200e-02
4.7600907029e-01 3.1434240200e-02
4.7609977324e-01 3.3941282400e-02
4.7619047619e-01 3.6505908600e-02
4.7628117914e-01 3.9419424000e-02
4.7637188209e-01 4.2558432800e-02
4.7646258503e-01 4.5602006200e-02
4.7655328798e-01 4.8364481200e-02
4.7664399093e-01 5.0939305600e-02
4.7673469388e-01 5.3301826400e-02
4.7682539683e-01 5.5051979200e-02
4.7691609977e-01 5.6300888200e-02
4.7700680272e-01 5.7532912200e-02
4.7709750567e-01 5.8981523800e-02
4.7718820862e-01 6.0029116400e-02
4.7727891156e-01 6.1512954200e-02
4.7736961451e-01 6.2940421400e-02
4.7746031746e-01 6.4289156000e-02
4.7755102041e-01 6.5501867200e-02
4.7764172336e-01 6.6884364400e-02
4.7773242630e-01 6.7984187000e-02
4.7782312925e-01 6.9414762200e-02
4.7791383220e-01 7.0591668800e-02
4.7800453515e-01 7.1523919200e-02
4.7809523810e-01 7.1880835600e-02
4.7818594104e-01 7.2153904200e-02
4.7827664399e-01 7.2040670600e-02
4.7836734694e-01 7.0487010400e-02
4.7845804989e-01 6.8324318000e-02
4.7854875283e-01 6.5800543000e-02
4.7863945578e-01 6.2784021400e-02
4.7873015873e-01 5.9141732200e-02
4.7882086168e-01 5.6184192000e-02
4.7891156463e-01 5.3200399200e-02
4.7900226757e-01 5.0106585800e-02
4.7909297052e-01 4.6407915400e-02
4.7918367347e-01 4.2527354800e-02
4.7927437642e-01 3.8540112200e-02
4.7936507937e-01 3.4571584200e-02
4.7945578231e-01 3.0889947600e-02
4.7954648526e-01 2.7339076600e-02
4.7963718821e-01 2.4005601000e-02
4.7972789116e-01 2.1064299000e-02
4.7981859410e-01 1.8073959800e-02
4.7990929705e-01 1.5303221400e-02
4.8000000000e-01 1.2958077900e-02
4.8009070295e-01 1.0717936580e-02
4.8018140590e-01 8.3025769600e-03
4.8027210884e-01 6.1098297200e-03
4.8036281179e-01 3.9116056340e-03
4.8045351474e-01 1.7539457940e-03
4.8054421769e-01 -1.9831114600e-04
4.8063492063e-01 -1.5555136660e-03
4.8072562358e-01 -3.0615705260e-03
4.8081632653e-01 -4.6536298200e-03
4.8090702948e-01 -5.9674153200e-03
4.8099773243e-01 -7.0365079200e-03
4.8108843537e-01 -8.4900323800e-03
4.8117913832e-01 -1.0407999280e-02
4.8126984127e-01 -1.2310768700e-02
4.8136054422e-01 -1.4345888060e-02
4.8145124717e-01 -1.6669055600e-02
4.8154195011e-01 -1.9191690400e-02
4.8163265306e-01 -2.1156885800e-02
4.8172335601e-01 -2.2915603400e-02
4.8181405896e-01 -2.6607689600e-02
4.8190476190e-01 -3.0182975400e-02
4.8199546485e-01 -3.1609800600e-02
4.8208616780e-01 -3.3578107600e-02
4.8217687075e-01 -3.5781886600e-02
4.8226757370e-01 -3.6209054000e-02
4.8235827664e-01 -3.6809125400e-02
4.8244897959e-01 -3.9719798600e-02
4.8253968254e-01 -4.2288974000e-02
4.8263038549e-01 -4.5169576200e-02
4.8272108844e-01 -4.8000734200e-02
4.8281179138e-01 -5.0780609200e-02
4.8290249433e-01 -5.3833654600e-02
4.8299319728e-01 -5.6992895200e-02
4.8308390023e-01 -6.0236599400e-02
4.8317460317e-01 -6.3263425000e-02
4.8326530612e-01 -6.6472213200e-02
4.8335600907e-01 -6.9689788000e-02
4.8344671202e-01 -7.2952845200e-02
4.8353741497e-01 -7.5711509800e-02
4.8362811791e-01 -7.8717640000e-02
4.8371882086e-01 -8.2043960800e-02
4.8380952381e-01 -8.4732359800e-02
4.8390022676e-01 -8.7446411000e-02
4.8399092971e-01 -9.0654180600e-02
4.8408163265e-01 -9.4097735400e-02
4.8417233560e-01 -9.7478347600e-02
4.8426303855e-01 -1.0078081720e-01
4.8435374150e-01 -1.0409614700e-01
4.8444444444e-01 -1.0730582400e-01
4.8453514739e-01 -1.1050602000e-01
4.8462585034e-01 -1.1345554600e-01
4.8471655329e-01 -1.1649901200e-01
4.8480725624e-01 -1.1911099600e-01
4.8489795918e-01 -1.2153265000e-01
4.8498866213e-01 -1.2326308200e-01
4.8507936508e-01 -1.2444379200e-01
4.8517006803e-01 -1.2546153000e-01
4.8526077098e-01 -1.2604350200e-01
4.8535147392e-01 -1.2587623400e-01
4.8544217687e-01 -1.2553398600e-01
4.8553287982e-01 -1.2504624200e-01
4.8562358277e-01 -1.2376126200e-01
4.8571428571e-01 -1.2179455200e-01
4.8580498866e-01 -1.1959463200e-01
4.8589569161e-01 -1.1662073600e-01
4.8598639456e-01 -1.1324662000e-01
4.8607709751e-01 -1.0955399800e-01
4.8616780045e-01 -1.0520096000e-01
4.8625850340e-01 -1.0061679640e-01
4.8634920635e-01 -9.6012469200e-02
4.8643990930e-01 -9.0694912600e-02
4.8653061224e-01 -8.5347752200e-02
4.8662131519e-01 -8.0352338200e-02
4.8671201814e-01 -7.5208031600e-02
4.8680272109e-01 -7.0218154000e-02
4.8689342404e-01 -6.5244304800e-02
4.8698412698e-01 -6.0316935400e-02
4.8707482993e-01 -5.5794598800e-02
4.8716553288e-01 -5.1419478400e-02
4.8725623583e-01 -4.6894980200e-02
4.8734693878e-01 -4.2739649400e-02
4.8743764172e-01 -3.8864090200e-02
4.8752834467e-01 -3.4763152400e-02
4.8761904762e-01 -3.0638933800e-02
4.8770975057e-01 -2.6976789400e-02
4.8780045351e-01 -2.3367435400e-02
4.8789115646e-01 -1.9506460200e-02
4.8798185941e-01 -1.5853515180e-02
4.8807256236e-01 -1.2177717080e-02
4.8816326531e-01 -8.6738990600e-03
4.8825396825e-01 -5.3333690460e-03
4.8834467120e-01 -2.1430901260e-03
4.8843537415e-01 9.2717299400e-04
4.8852607710e-01 3.7323994540e-03
4.8861678005e-01 7.3033082340e-03
4.8870748299e-01 1.0565237620e-02
4.8879818594e-01 1.3898041100e-02
4.8888888889e-01 1.7599756560e-02
4.8897959184e-01 2.1484816200e-02
4.8907029478e-01 2.4745378400e-02
4.8916099773e-01 2.8690291800e-02
4.8925170068e-01 3.2519944800e-02
4.8934240363e-01 3.5757380400e-02
4.8943310658e-01 3.8894332600e-02
4.8952380952e-01 4.2342186000e-02
4.8961451247e-01 4.5339769200e-02
4.8970521542e-01 4.8209256400e-02
4.8979591837e-01 5.1025699200e-02
4.8988662132e-01 5.3766019800e-02
4.8997732426e-01 5.6206106200e-02
4.9006802721e-01 5.8361063600e-02
4.9015873016e-01 6.0429444200e-02
4.9024943311e-01 6.2640562200e-02
4.9034013605e-01 6.4810206800e-02
4.9043083900e-01 6.6802412000e-02
4.9052154195e-01 6.8869621400e-02
4.9061224490e-01 7.0825143800e-02
4.9070294785e-01 7.2650916000e-02
4.9079365079e-01 7.4391721200e-02
4.9088435374e-01 7.5834823400e-02
4.9097505669e-01 7.7151968200e-02
4.9106575964e-01 7.8132107400e-02
4.9115646259e-01 7.8752291400e-02
4.9124716553e-01 7.8928098400e-02
4.9133786848e-01 7.8975533600e-02
4.9142857143e-01 7.8979984800e-02
4.9151927438e-01 7.9073874000e-02
4.9160997732e-01 7.8896250600e-02
4.9170068027e-01 7.8456911800e-02
4.9179138322e-01 7.7998720800e-02
4.9188208617e-01 7.7515205800e-02
4.9197278912e-01 7.6485110800e-02
4.9206349206e-01 7.5495915400e-02
4.9215419501e-01 7.4337092400e-02
4.9224489796e-01 7.2840246000e-02
4.9233560091e-01 7.0388972200e-02
4.9242630385e-01 6.7712354400e-02
4.9251700680e-01 6.4861959600e-02
4.9260770975e-01 6.1780170200e-02
4.9269841270e-01 5.8095117200e-02
4.9278911565e-01 5.4672609400e-02
4.9287981859e-01 5.1185174400e-02
4.9297052154e-01 4.7192865800e-02
4.9306122449e-01 4.3301706800e-02
4.9315192744e-01 3.9644289000e-02
4.9324263039e-01 3.5621109000e-02
4.9333333333e-01 3.1775087600e-02
4.9342403628e-01 2.8926958600e-02
4.9351473923e-01 2.6399712600e-02
4.9360544218e-01 2.4188593400e-02
4.9369614512e-01 2.3076375200e-02
4.9378684807e-01 2.3031800800e-02
4.9387755102e-01 2.3123014800e-02
4.9396825397e-01 2.3741163600e-02
4.9405895692e-01 2.5793647000e-02
4.9414965986e-01 2.8033566000e-02
4.9424036281e-01 3.0678808400e-02
4.9433106576e-01 2.9614006000e-02
4.9442176871e-01 3.0552628600e-02
4.9451247166e-01 3.3640040600e-02
4.9460317460e-01 3.6291698400e-02
4.9469387755e-01 3.8892614400e-02
4.9478458050e-01 4.5294615400e-02
4.9487528345e-01 4.9901200000e-02
4.9496598639e-01 5.1834812000e-02
4.9505668934e-01 5.3897776800e-02
4.9514739229e-01 5.5516158400e-02
4.9523809524e-01 5.7021419400e-02
4.9532879819e-01 5.8015777800e-02
4.9541950113e-01 5.8988821200e-02
4.9551020408e-01 6.0486724200e-02
4.9560090703e-01 6.1725190600e-02
4.9569160998e-01 6.2793504600e-02
4.9578231293e-01 6.4365581000e-02
4.9587301587e-01 6.5609569400e-02
4.9596371882e-01 6.6525626800e-02
4.9605442177e-01 6.7466729800e-02
4.9614512472e-01 6.8288428800e-02
4.9623582766e-01 6.8432232400e-02
4.9632653061e-01 6.8236103000e-02
4.9641723356e-01 6.7563146200e-02
4.9650793651e-01 6.6356629400e-02
4.9659863946e-01 6.4670531400e-02
4.9668934240e-01 6.2529332600e-02
4.9678004535e-01 6.0053754800e-02
4.9687074830e-01 5.7296701600e-02
4.9696145125e-01 5.4144128000e-02
4.9705215420e-01 5.0624812800e-02
4.9714285714e-01 4.7286213200e-02
4.9723356009e-01 4.3526114200e-02
4.9732426304e-01 3.9710381600e-02
4.9741496599e-01 3.6178592600e-02
4.9750566893e-01 3.2971091000e-02
4.9759637188e-01 2.9787523800e-02
4.9768707483e-01 2.7043924400e-02
4.9777777778e-01 2.4579150800e-02
4.9786848073e-01 2.1955484200e-02
4.9795918367e-01 1.9109308600e-02
4.9804988662e-01 1.6704304200e-02
4.9814058957e-01 1.4312637100e-02
4.9823129252e-01 1.1805315000e-02
4.9832199546e-01 9.7691753600e-03
4.9841269841e-01 8.0973442400e-03
4.9850340136e-01 6.3025695800e-03
4.9859410431e-01 4.7533727600e-03
4.9868480726e-01 3.1917220080e-03
4.9877551020e-01 1.2511942680e-03
4.9886621315e-01 -3.5782465200e-04
4.9895691610e-01 -1.7131765720e-03
4.9904761905e-01 -3.2415772120e-03
4.9913832200e-01 -4.4316076200e-03
4.9922902494e-01 -5.4436371200e-03
4.9931972789e-01 -6.5124452400e-03
4.9941043084e-01 -7.6586794600e-03
4.9950113379e-01 -9.1571815000e-03
4.9959183673e-01 -1.0947486640e-02
4.9968253968e-01 -1.2622738360e-02
4.9977324263e-01 -1.4447472400e-02
4.9986394558e-01 -1.6793851400e-02
4.9995464853e-01 -1.8947788400e-02
5.0004535147e-01 -2.1115443200e-02
5.0013605442e-01 -2.3310642200e-02
5.0022675737e-01 -2.5865029400e-02
5.0031746032e-01 -2.8265102000e-02
5.0040816327e-01 -3.0610966000e-02
5.0049886621e-01 -3.2807386600e-02
5.0058956916e-01 -3.5107202000e-02
5.0068027211e-01 -3.7722368800e-02
5.0077097506e-01 -4.0392410600e-02
5.0086167800e-01 -4.3026822000e-02
5.0095238095e-01 -4.5604140800e-02
5.0104308390e-01 -4.8429216000e-02
5.0113378685e-01 -5.1046807800e-02
5.0122448980e-01 -5.4123943000e-02
5.0131519274e-01 -5.7404602400e-02
5.0140589569e-01 -6.1102108600e-02
5.0149659864e-01 -6.4768809600e-02
5.0158730159e-01 -6.8188473800e-02
5.0167800454e-01 -7.1261703200e-02
5.0176870748e-01 -7.4105220400e-02
5.0185941043e-01 -7.7153339600e-02
5.0195011338e-01 -8.0110881800e-02
5.0204081633e-01 -8.3161153400e-02
5.0213151927e-01 -8.6649371600e-02
5.0222222222e-01 -9.0264744800e-02
5.0231292517e-01 -9.3449074400e-02
5.0240362812e-01 -9.6756717000e-02
5.0249433107e-01 -9.9845358800e-02
5.0258503401e-01 -1.0271390700e-01
5.0267573696e-01 -1.0556067120e-01
5.0276643991e-01 -1.0829109400e-01
5.0285714286e-01 -1.1077736200e-01
5.0294784580e-01 -1.1335322800e-01
5.0303854875e-01 -1.1565574000e-01
5.0312925170e-01 -1.1765314600e-01
5.0321995465e-01 -1.1946346800e-01
5.0331065760e-01 -1.2100037600e-01
5.0340136054e-01 -1.2186396000e-01
5.0349206349e-01 -1.2232605400e-01
5.0358276644e-01 -1.2211827000e-01
5.0367346939e-01 -1.2147145200e-01
5.0376417234e-01 -1.2026438600e-01
5.0385487528e-01 -1.1897969400e-01
5.0394557823e-01 -1.1719449600e-01
5.0403628118e-01 -1.1461326800e-01
5.0412698413e-01 -1.1165667000e-01
5.0421768707e-01 -1.0809477540e-01
5.0430839002e-01 -1.0360738560e-01
5.0439909297e-01 -9.9198859400e-02
5.0448979592e-01 -9.4702079800e-02
5.0458049887e-01 -8.9781338600e-02
5.0467120181e-01 -8.4905559000e-02
5.0476190476e-01 -8.0513451200e-02
5.0485260771e-01 -7.5531119400e-02
5.0494331066e-01 -7.0814891600e-02
5.0503401361e-01 -6.6128911800e-02
5.0512471655e-01 -6.1857186600e-02
5.0521541950e-01 -5.7568899000e-02
5.0530612245e-01 -5.3489250600e-02
5.0539682540e-01 -4.9518086600e-02
5.0548752834e-01 -4.5861954600e-02
5.0557823129e-01 -4.2157008400e-02
5.0566893424e-01 -3.8574660400e-02
5.0575963719e-01 -3.4911445600e-02
5.0585034014e-01 -3.1373663400e-02
5.0594104308e-01 -2.8186971400e-02
5.0603174603e-01 -2.4806322200e-02
5.0612244898e-01 -2.1442202600e-02
5.0621315193e-01 -1.8271942800e-02
5.0630385488e-01 -1.5006633020e-02
5.0639455782e-01 -1.1040178660e-02
5.0648526077e-01 -7.7149934400e-03
5.0657596372e-01 -4.4059396400e-03
5.0666666667e-01 -5.6194820000e-04
5.0675736961e-01 3.0784702200e-03
5.0684807256e-01 3.1199155400e-03
5.0693877551e-01 5.7603509200e-03
5.0702947846e-01 1.0054033920e-02
5.0712018141e-01 1.3222774680e-02
5.0721088435e-01 1.6232581480e-02
5.0730158730e-01 2.2696358600e-02
5.0739229025e-01 2.7290033800e-02
5.0748299320e-01 3.0534058800e-02
5.0757369615e-01 3.3910248600e-02
5.0766439909e-01 3.7476215400e-02
5.0775510204e-01 4.1084475400e-02
5.0784580499e-01 4.4551835000e-02
5.0793650794e-01 4.7527169200e-02
5.0802721088e-01 5.1121061600e-02
5.0811791383e-01 5.4236186800e-02
5.0820861678e-01 5.6669492800e-02
5.0829931973e-01 5.8834048200e-02
5.0839002268e-01 6.0566125000e-02
5.0848072562e-01 6.2131652600e-02
5.0857142857e-01 6.4129022200e-02
5.0866213152e-01 6.5864461600e-02
5.0875283447e-01 6.7071781800e-02
5.0884353741e-01 6.8869973600e-02
5.0893424036e-01 7.0433747400e-02
5.0902494331e-01 7.1477158800e-02
5.0911564626e-01 7.2547785200e-02
5.0920634921e-01 7.3943254400e-02
5.0929705215e-01 7.4927128400e-02
5.0938775510e-01 7.5948340000e-02
5.0947845805e-01 7.6882084400e-02
5.0956916100e-01 7.7375338200e-02
5.0965986395e-01 7.7730574000e-02
5.0975056689e-01 7.7980995800e-02
5.0984126984e-01 7.7198442200e-02
5.0993197279e-01 7.6362792600e-02
5.1002267574e-01 7.6045401200e-02
5.1011337868e-01 7.4832580600e-02
5.1020408163e-01 7.3298096400e-02
5.1029478458e-01 7.2004810400e-02
5.1038548753e-01 7.0519776800e-02
5.1047619048e-01 6.8135625000e-02
5.1056689342e-01 6.5850145200e-02
5.1065759637e-01 6.3291722200e-02
5.1074829932e-01 6.0660157000e-02
5.1083900227e-01 5.7331446800e-02
5.1092970522e-01 5.3873348800e-02
5.1102040816e-01 5.0030089600e-02
5.1111111111e-01 4.5961395000e-02
5.1120181406e-01 4.1724904200e-02
5.1129251701e-01 3.7780161000e-02
5.1138321995e-01 3.4188338200e-02
5.1147392290e-01 3.1316845000e-02
5.1156462585e-01 2.8912233000e-02
5.1165532880e-01 2.6713825800e-02
5.1174603175e-01 2.5220468800e-02
5.1183673469e-01 2.4739696000e-02
5.1192743764e-01 2.4605942800e-02
5.1201814059e-01 2.4901434600e-02
5.1210884354e-01 2.6104626400e-02
5.1219954649e-01 2.8105843800e-02
5.1229024943e-01 3.0242902200e-02
5.1238095238e-01 3.2824504000e-02
5.1247165533e-01 3.5871611400e-02
5.1256235828e-01 3.9108875800e-02
5.1265306122e-01 4.2215852600e-02
5.1274376417e-01 4.5287595600e-02
5.1283446712e-01 4.8292098400e-02
5.1292517007e-01 5.1288038800e-02
5.1301587302e-01 5.3619004400e-02
5.1310657596e-01 5.5544947800e-02
5.1319727891e-01 5.7165201800e-02
5.1328798186e-01 5.8612804200e-02
5.1337868481e-01 5.9627543800e-02
5.1346938776e-01 6.0880714800e-02
5.1356009070e-01 6.2385902600e-02
5.1365079365e-01 6.3394678400e-02
5.1374149660e-01 6.4644802000e-02
5.1383219955e-01 6.6349926600e-02
5.1392290249e-01 6.7570193000e-02
5.1401360544e-01 6.8238197600e-02
5.1410430839e-01 6.9178940400e-02
5.1419501134e-01 6.9721806600e-02
5.1428571429e-01 6.9538163400e-02
5.1437641723e-01 6.9316495000e-02
5.1446712018e-01 6.8912990000e-02
5.1455782313e-01 6.8193308200e-02
5.1464852608e-01 6.6767430200e-02
5.1473922902e-01 6.4990221600e-02
5.1482993197e-01 6.2733882200e-02
5.1492063492e-01 6.0103995600e-02
5.1501133787e-01 5.7002123600e-02
5.1510204082e-01 5.3571720600e-02
5.1519274376e-01 5.0218077800e-02
5.1528344671e-01 4.6548381400e-02
5.1537414966e-01 4.2710540400e-02
5.1546485261e-01 3.9189564400e-02
5.1555555556e-01 3.5906198800e-02
5.1564625850e-01 3.2338984200e-02
5.1573696145e-01 2.9470826000e-02
5.1582766440e-01 2.6937756000e-02
5.1591836735e-01 2.4055859800e-02
5.1600907029e-01 2.1278121000e-02
5.1609977324e-01 1.8988771000e-02
5.1619047619e-01 1.6414881000e-02
5.1628117914e-01 1.3766635360e-02
5.1637188209e-01 1.1374885860e-02
5.1646258503e-01 9.2166622600e-03
5.1655328798e-01 7.0105940000e-03
5.1664399093e-01 5.3301133400e-03
5.1673469388e-01 3.5491569138e-03
5.1682539683e-01 1.7965107538e-03
5.1691609977e-01 3.9669033380e-04
5.1700680272e-01 -1.1552258662e-03
5.1709750567e-01 -2.8978641062e-03
5.1718820862e-01 -4.1874154600e-03
5.1727891156e-01 -5.4695895800e-03
5.1736961451e-01 -7.0975395600e-03
5.1746031746e-01 -8.7624919000e-03
5.1755102041e-01 -1.0204144400e-02
5.1764172336e-01 -1.1993092380e-02
5.1773242630e-01 -1.3957667600e-02
5.1782312925e-01 -1.5751852600e-02
5.1791383220e-01 -1.7551143000e-02
5.1800453515e-01 -1.9641087200e-02
5.1809523810e-01 -2.1443906400e-02
5.1818594104e-01 -2.3307393200e-02
5.1827664399e-01 -2.5283898000e-02
5.1836734694e-01 -2.7220392000e-02
5.1845804989e-01 -2.9255175800e-02
5.1854875283e-01 -3.1567646200e-02
5.1863945578e-01 -3.3546706600e-02
5.1873015873e-01 -3.5392801800e-02
5.1882086168e-01 -3.7333138600e-02
5.1891156463e-01 -3.9823075000e-02
5.1900226757e-01 -4.2469337800e-02
5.1909297052e-01 -4.5369461400e-02
5.1918367347e-01 -4.8435629200e-02
5.1927437642e-01 -5.1952655200e-02
5.1936507937e-01 -5.8163269600e-02
5.1945578231e-01 -6.1389741600e-02
5.1954648526e-01 -6.4071754200e-02
5.1963718821e-01 -6.7080485800e-02
5.1972789116e-01 -6.9955575400e-02
5.1981859410e-01 -6.9590377800e-02
5.1990929705e-01 -7.2010250000e-02
5.2000000000e-01 -7.5152794200e-02
5.2009070295e-01 -7.8223388200e-02
5.2018140590e-01 -8.0767345600e-02
5.2027210884e-01 -8.3662863800e-02
5.2036281179e-01 -8.6790803000e-02
5.2045351474e-01 -8.9736996000e-02
5.2054421769e-01 -9.2682141200e-02
5.2063492063e-01 -9.6008726200e-02
5.2072562358e-01 -9.8899439800e-02
5.2081632653e-01 -1.0193786640e-01
5.2090702948e-01 -1.0496996740e-01
5.2099773243e-01 -1.0761790400e-01
5.2108843537e-01 -1.0995645200e-01
5.2117913832e-01 -1.1203941000e-01
5.2126984127e-01 -1.1386538800e-01
5.2136054422e-01 -1.1539240600e-01
5.2145124717e-01 -1.1645602000e-01
5.2154195011e-01 -1.1721424600e-01
5.2163265306e-01 -1.1830744000e-01
5.2172335601e-01 -1.1844979800e-01
5.2181405896e-01 -1.1764338200e-01
5.2190476190e-01 -1.1689558600e-01
5.2199546485e-01 -1.1521486800e-01
5.2208616780e-01 -1.1233653000e-01
5.2217687075e-01 -1.0900695800e-01
5.2226757370e-01 -1.0565239380e-01
5.2235827664e-01 -1.0197476340e-01
5.2244897959e-01 -9.8110894800e-02
5.2253968254e-01 -9.4038350000e-02
5.2263038549e-01 -9.0024248000e-02
5.2272108844e-01 -8.5823082400e-02
5.2281179138e-01 -8.0832473200e-02
5.2290249433e-01 -7.6072713400e-02
5.2299319728e-01 -7.1600883400e-02
5.2308390023e-01 -6.6921338400e-02
5.2317460317e-01 -6.2264754000e-02
5.2326530612e-01 -5.7942216200e-02
5.2335600907e-01 -5.3636167400e-02
5.2344671202e-01 -4.9431076800e-02
5.2353741497e-01 -4.5380911600e-02
5.2362811791e-01 -4.1527974200e-02
5.2371882086e-01 -3.8240740600e-02
5.2380952381e-01 -3.5037878000e-02
5.2390022676e-01 -3.2110873400e-02
5.2399092971e-01 -2.9104856200e-02
5.2408163265e-01 -2.6086944800e-02
5.2417233560e-01 -2.3026173800e-02
5.2426303855e-01 -1.9893392600e-02
5.2435374150e-01 -1.6280305440e-02
5.2444444444e-01 -1.3424189900e-02
5.2453514739e-01 -1.0489511040e-02
5.2462585034e-01 -7.2004575140e-03
5.2471655329e-01 -4.4436415660e-03
5.2480725624e-01 -1.6940975460e-03
5.2489795918e-01 1.7026103940e-03
5.2498866213e-01 5.1148573340e-03
5.2507936508e-01 8.3618844080e-03
5.2517006803e-01 1.2221473460e-02
5.2526077098e-01 1.5838980080e-02
5.2535147392e-01 1.9334730800e-02
5.2544217687e-01 2.2795758800e-02
5.2553287982e-01 2.5943510800e-02
5.2562358277e-01 2.9145006800e-02
5.2571428571e-01 3.2833949000e-02
5.2580498866e-01 3.6072957800e-02
5.2589569161e-01 3.9001682400e-02
5.2598639456e-01 4.2297941400e-02
5.2607709751e-01 4.5162891200e-02
5.2616780045e-01 4.7609509000e-02
5.2625850340e-01 5.0391943200e-02
5.2634920635e-01 5.3037029200e-02
5.2643990930e-01 5.5232426200e-02
5.2653061224e-01 5.7498294400e-02
5.2662131519e-01 5.9612478800e-02
5.2671201814e-01 6.1289216200e-02
5.2680272109e-01 6.3049518000e-02
5.2689342404e-01 6.4655768400e-02
5.2698412698e-01 6.6079669000e-02
5.2707482993e-01 6.7113565600e-02
5.2716553288e-01 6.8443824000e-02
5.2725623583e-01 6.9762735600e-02
5.2734693878e-01 7.1199060800e-02
5.2743764172e-01 7.2165983000e-02
5.2752834467e-01 7.2948985000e-02
5.2761904762e-01 7.3511599000e-02
5.2770975057e-01 7.3548569200e-02
5.2780045351e-01 7.3281181400e-02
5.2789115646e-01 7.3145600400e-02
5.2798185941e-01 7.3263243800e-02
5.2807256236e-01 7.2564931200e-02
5.2816326531e-01 7.2139803000e-02
5.2825396825e-01 7.1394089800e-02
5.2834467120e-01 6.9947460800e-02
5.2843537415e-01 6.8260635400e-02
5.2852607710e-01 6.6934302200e-02
5.2861678005e-01 6.4864237400e-02
5.2870748299e-01 6.2725796600e-02
5.2879818594e-01 6.0773252800e-02
5.2888888889e-01 5.8176243800e-02
5.2897959184e-01 5.4803684400e-02
5.2907029478e-01 5.1048988400e-02
5.2916099773e-01 4.7126618800e-02
5.2925170068e-01 4.3108065200e-02
5.2934240363e-01 3.9032033400e-02
5.2943310658e-01 3.5129887600e-02
5.2952380952e-01 3.1542055800e-02
5.2961451247e-01 2.8122037800e-02
5.2970521542e-01 2.5081228600e-02
5.2979591837e-01 2.2636608600e-02
5.2988662132e-01 2.1644793400e-02
5.2997732426e-01 2.1671054600e-02
5.3006802721e-01 2.2514988600e-02
5.3015873016e-01 2.3973730800e-02
5.3024943311e-01 2.6241897400e-02
5.3034013605e-01 2.8551270000e-02
5.3043083900e-01 3.1006815800e-02
5.3052154195e-01 3.3735980200e-02
5.3061224490e-01 3.6565296800e-02
5.3070294785e-01 3.9742616200e-02
5.3079365079e-01 4.2993149400e-02
5.3088435374e-01 4.6065442200e-02
5.3097505669e-01 4.9030082200e-02
5.3106575964e-01 5.2188792400e-02
5.3115646259e-01 5.4501286000e-02
5.3124716553e-01 5.6477369200e-02
5.3133786848e-01 5.8638971800e-02
5.3142857143e-01 6.0671713400e-02
5.3151927438e-01 6.1948589000e-02
5.3160997732e-01 6.3532785200e-02
5.3170068027e-01 6.5063391600e-02
5.3179138322e-01 6.4752191400e-02
5.3188208617e-01 6.1475789600e-02
5.3197278912e-01 6.2222285600e-02
5.3206349206e-01 6.3071691800e-02
5.3215419501e-01 6.3449874400e-02
5.3224489796e-01 6.5514378400e-02
5.3233560091e-01 7.0084303800e-02
5.3242630385e-01 7.0067067000e-02
5.3251700680e-01 6.9646165000e-02
5.3260770975e-01 6.9267377200e-02
5.3269841270e-01 6.7729784000e-02
5.3278911565e-01 6.5968633400e-02
5.3287981859e-01 6.4277084400e-02
5.3297052154e-01 6.1740005000e-02
5.3306122449e-01 5.8703946600e-02
5.3315192744e-01 5.5687111800e-02
5.3324263039e-01 5.2308142000e-02
5.3333333333e-01 4.8632027000e-02
5.3342403628e-01 4.4801780400e-02
5.3351473923e-01 4.1107625400e-02
5.3360544218e-01 3.7425256600e-02
5.3369614512e-01 3.3662880200e-02
5.3378684807e-01 3.0107982400e-02
5.3387755102e-01 2.6859102600e-02
5.3396825397e-01 2.3737875000e-02
5.3405895692e-01 2.1022131600e-02
5.3414965986e-01 1.8707056000e-02
5.3424036281e-01 1.6270734400e-02
5.3433106576e-01 1.3724032580e-02
5.3442176871e-01 1.1295230080e-02
5.3451247166e-01 9.1112062600e-03
5.3460317460e-01 6.4312092200e-03
5.3469387755e-01 4.0317758780e-03
5.3478458050e-01 1.9621042380e-03
5.3487528345e-01 -1.9634022200e-04
5.3496598639e-01 -2.2281979420e-03
5.3505668934e-01 -3.8774029820e-03
5.3514739229e-01 -5.5214847800e-03
5.3523809524e-01 -6.6487225200e-03
5.3532879819e-01 -7.8318511600e-03
5.3541950113e-01 -9.6306814200e-03
5.3551020408e-01 -1.1065419540e-02
5.3560090703e-01 -1.2179483800e-02
5.3569160998e-01 -1.3735555200e-02
5.3578231293e-01 -1.5340094000e-02
5.3587301587e-01 -1.6894494600e-02
5.3596371882e-01 -1.8578503600e-02
5.3605442177e-01 -2.0260044400e-02
5.3614512472e-01 -2.2208729000e-02
5.3623582766e-01 -2.4243329400e-02
5.3632653061e-01 -2.5877264000e-02
5.3641723356e-01 -2.7736487000e-02
5.3650793651e-01 -2.9695629800e-02
5.3659863946e-01 -3.1448872400e-02
5.3668934240e-01 -3.3352566400e-02
5.3678004535e-01 -3.5408459200e-02
5.3687074830e-01 -3.7518278200e-02
5.3696145125e-01 -3.9718714000e-02
5.3705215420e-01 -4.2016601000e-02
5.3714285714e-01 -4.4318296400e-02
5.3723356009e-01 -4.6901320400e-02
5.3732426304e-01 -4.9313158200e-02
5.3741496599e-01 -5.1894685000e-02
5.3750566893e-01 -5.4681324200e-02
5.3759637188e-01 -5.7171315200e-02
5.3768707483e-01 -5.9444227000e-02
5.3777777778e-01 -6.2105370200e-02
5.3786848073e-01 -6.4778575000e-02
5.3795918367e-01 -6.7247885000e-02
5.3804988662e-01 -6.9833031800e-02
5.3814058957e-01 -7.2739205000e-02
5.3823129252e-01 -7.5333046600e-02
5.3832199546e-01 -7.8061623400e-02
5.3841269841e-01 -8.1047355400e-02
5.3850340136e-01 -8.4127114200e-02
5.3859410431e-01 -8.7156234600e-02
5.3868480726e-01 -9.0368552000e-02
5.3877551020e-01 -9.3381830800e-02
5.3886621315e-01 -9.6403421000e-02
5.3895691610e-01 -9.9344667600e-02
5.3904761905e-01 -1.0233682260e-01
5.3913832200e-01 -1.0496465740e-01
5.3922902494e-01 -1.0747239800e-01
5.3931972789e-01 -1.0965582600e-01
5.3941043084e-01 -1.1154260000e-01
5.3950113379e-01 -1.1259772800e-01
5.3959183673e-01 -1.1360792200e-01
5.3968253968e-01 -1.1417762400e-01
5.3977324263e-01 -1.1421461600e-01
5.3986394558e-01 -1.1408947000e-01
5.3995464853e-01 -1.1386231400e-01
5.4004535147e-01 -1.1276599800e-01
5.4013605442e-01 -1.1091470400e-01
5.4022675737e-01 -1.0871397200e-01
5.4031746032e-01 -1.0577088260e-01
5.4040816327e-01 -1.0206940160e-01
5.4049886621e-01 -9.8169452200e-02
5.4058956916e-01 -9.4073495600e-02
5.4068027211e-01 -8.9675720800e-02
5.4077097506e-01 -8.5234325400e-02
5.4086167800e-01 -8.0824429200e-02
5.4095238095e-01 -7.6566059000e-02
5.4104308390e-01 -7.2091600800e-02
5.4113378685e-01 -6.7660329000e-02
5.4122448980e-01 -6.3426331800e-02
5.4131519274e-01 -5.9261548600e-02
5.4140589569e-01 -5.5037511600e-02
5.4149659864e-01 -5.1492406800e-02
5.4158730159e-01 -4.8040455400e-02
5.4167800454e-01 -4.4417923200e-02
5.4176870748e-01 -4.0985025600e-02
5.4185941043e-01 -3.7559036800e-02
5.4195011338e-01 -3.4213218400e-02
5.4204081633e-01 -3.1132728800e-02
5.4213151927e-01 -2.8121784600e-02
5.4222222222e-01 -2.4999961600e-02
5.4231292517e-01 -2.1936049400e-02
5.4240362812e-01 -1.8822684600e-02
5.4249433107e-01 -1.5579513520e-02
5.4258503401e-01 -1.2317276000e-02
5.4267573696e-01 -9.4814373400e-03
5.4276643991e-01 -6.7488173800e-03
5.4285714286e-01 -3.7010114200e-03
5.4294784580e-01 -2.7461480000e-04
5.4303854875e-01 2.9946780800e-03
5.4312925170e-01 6.5145022200e-03
5.4321995465e-01 1.0062994060e-02
5.4331065760e-01 1.2965540100e-02
5.4340136054e-01 1.5571286800e-02
5.4349206349e-01 1.8532058200e-02
5.4358276644e-01 2.1496642000e-02
5.4367346939e-01 2.4341914800e-02
5.4376417234e-01 2.7712229800e-02
5.4385487528e-01 3.1116043600e-02
5.4394557823e-01 3.4598268600e-02
5.4403628118e-01 3.7816427800e-02
5.4412698413e-01 4.0893857600e-02
5.4421768707e-01 4.4103546600e-02
5.4430839002e-01 4.5512875400e-02
5.4439909297e-01 4.5541600800e-02
5.4448979592e-01 4.8185277800e-02
5.4458049887e-01 5.0736230200e-02
5.4467120181e-01 5.2517039600e-02
5.4476190476e-01 5.5775345000e-02
5.4485260771e-01 5.9601742600e-02
5.4494331066e-01 6.0497001200e-02
5.4503401361e-01 6.1292838800e-02
5.4512471655e-01 6.2260749200e-02
5.4521541950e-01 6.3109480400e-02
5.4530612245e-01 6.4261508800e-02
5.4539682540e-01 6.5575837200e-02
5.4548752834e-01 6.6577968800e-02
5.4557823129e-01 6.7657372800e-02
5.4566893424e-01 6.8703865400e-02
5.4575963719e-01 6.8997908600e-02
5.4585034014e-01 6.9498247800e-02
5.4594104308e-01 6.9845529000e-02
5.4603174603e-01 7.0049988600e-02
5.4612244898e-01 7.0026921200e-02
5.4621315193e-01 6.9708386000e-02
5.4630385488e-01 6.9327175600e-02
5.4639455782e-01 6.9022374800e-02
5.4648526077e-01 6.8136550200e-02
5.4657596372e-01 6.6815814400e-02
5.4666666667e-01 6.5417508000e-02
5.4675736961e-01 6.3148676000e-02
5.4684807256e-01 6.0561575000e-02
5.4693877551e-01 5.8048447200e-02
5.4702947846e-01 5.5170668600e-02
5.4712018141e-01 5.1843900200e-02
5.4721088435e-01 4.8414921800e-02
5.4730158730e-01 4.4697835000e-02
5.4739229025e-01 4.0284591200e-02
5.4748299320e-01 3.6175710800e-02
5.4757369615e-01 3.2453922200e-02
5.4766439909e-01 2.8916175400e-02
5.4775510204e-01 2.6015944800e-02
5.4784580499e-01 2.3640819600e-02
5.4793650794e-01 2.1579115200e-02
5.4802721088e-01 2.0599970600e-02
5.4811791383e-01 2.0517527400e-02
5.4820861678e-01 2.0983187600e-02
5.4829931973e-01 2.2211341800e-02
5.4839002268e-01 2.4306581800e-02
5.4848072562e-01 2.6909619200e-02
5.4857142857e-01 2.9930057200e-02
5.4866213152e-01 3.3070904800e-02
5.4875283447e-01 3.6608494200e-02
5.4884353741e-01 4.0618930000e-02
5.4893424036e-01 4.4181842800e-02
5.4902494331e-01 4.7606859200e-02
5.4911564626e-01 5.1051097600e-02
5.4920634921e-01 5.4117811000e-02
5.4929705215e-01 5.6238747800e-02
5.4938775510e-01 5.8567584600e-02
5.4947845805e-01 6.0586605000e-02
5.4956916100e-01 6.2214147800e-02
5.4965986395e-01 6.3938263200e-02
5.4975056689e-01 6.5714293200e-02
5.4984126984e-01 6.7169954600e-02
5.4993197279e-01 6.8501770600e-02
5.5002267574e-01 6.9879101200e-02
5.5011337868e-01 7.1115847000e-02
5.5020408163e-01 7.2263490600e-02
5.5029478458e-01 7.3337931400e-02
5.5038548753e-01 7.3683793800e-02
5.5047619048e-01 7.3801151000e-02
5.5056689342e-01 7.3990094800e-02
5.5065759637e-01 7.3510375600e-02
5.5074829932e-01 7.2624975000e-02
5.5083900227e-01 7.2019649600e-02
5.5092970522e-01 7.1006628800e-02
5.5102040816e-01 6.8837491400e-02
5.5111111111e-01 6.6458718800e-02
5.5120181406e-01 6.3456571800e-02
5.5129251701e-01 6.0379169600e-02
5.5138321995e-01 5.7047119200e-02
5.5147392290e-01 5.3440389400e-02
5.5156462585e-01 4.9881397600e-02
5.5165532880e-01 4.6707595800e-02
5.5174603175e-01 4.3209035600e-02
5.5183673469e-01 3.9510400000e-02
5.5192743764e-01 3.5929267200e-02
5.5201814059e-01 3.2526961200e-02
5.5210884354e-01 2.9009246000e-02
5.5219954649e-01 2.5151560400e-02
5.5229024943e-01 2.1576331000e-02
5.5238095238e-01 1.8565763200e-02
5.5247165533e-01 1.5339452880e-02
5.5256235828e-01 1.2134592300e-02
5.5265306122e-01 9.4552562600e-03
5.5274376417e-01 7.3532758200e-03
5.5283446712e-01 4.9889202980e-03
5.5292517007e-01 2.7487887980e-03
5.5301587302e-01 1.0353602180e-03
5.5310657596e-01 -4.7884996200e-04
5.5319727891e-01 -2.5385649820e-03
5.5328798186e-01 -4.4424053200e-03
5.5337868481e-01 -6.0433203000e-03
5.5346938776e-01 -7.8222941400e-03
5.5356009070e-01 -9.6787405200e-03
5.5365079365e-01 -1.1195989860e-02
5.5374149660e-01 -1.2714150600e-02
5.5383219955e-01 -1.4420905600e-02
5.5392290249e-01 -1.6186768400e-02
5.5401360544e-01 -1.7758813200e-02
5.5410430839e-01 -1.9547120000e-02
5.5419501134e-01 -2.1185741400e-02
5.5428571429e-01 -2.2804332000e-02
5.5437641723e-01 -2.4761112800e-02
5.5446712018e-01 -2.6919300400e-02
5.5455782313e-01 -2.8840551800e-02
5.5464852608e-01 -3.0891874200e-02
5.5473922902e-01 -3.2760110400e-02
5.5482993197e-01 -3.4564298800e-02
5.5492063492e-01 -3.6485282200e-02
5.5501133787e-01 -3.8706778600e-02
5.5510204082e-01 -4.0809216400e-02
5.5519274376e-01 -4.2914256000e-02
5.5528344671e-01 -4.5257553600e-02
5.5537414966e-01 -4.7939338000e-02
5.5546485261e-01 -5.0536109800e-02
5.5555555556e-01 -5.2962828000e-02
5.5564625850e-01 -5.5679466400e-02
5.5573696145e-01 -5.8420134600e-02
5.5582766440e-01 -6.1099634200e-02
5.5591836735e-01 -6.3644961000e-02
5.5600907029e-01 -6.6678013600e-02
5.5609977324e-01 -6.9612900800e-02
5.5619047619e-01 -7.2347174000e-02
5.5628117914e-01 -7.5181651600e-02
5.5637188209e-01 -7.8180476200e-02
5.5646258503e-01 -8.1075027800e-02
5.5655328798e-01 -8.4077745200e-02
5.5664399093e-01 -8.7277560200e-02
5.5673469388e-01 -8.9935003200e-02
5.5682539683e-01 -9.6032094800e-02
5.5691609977e-01 -1.0160803720e-01
5.5700680272e-01 -1.0420703180e-01
5.5709750567e-01 -1.0727421800e-01
5.5718820862e-01 -1.1078465400e-01
5.5727891156e-01 -1.1043535000e-01
5.5736961451e-01 -1.1053906000e-01
5.5746031746e-01 -1.1349696400e-01
5.5755102041e-01 -1.1532040400e-01
5.5764172336e-01 -1.1671382200e-01
5.5773242630e-01 -1.1795092200e-01
5.5782312925e-01 -1.1908809000e-01
5.5791383220e-01 -1.1962795200e-01
5.5800453515e-01 -1.1967580200e-01
5.5809523810e-01 -1.1874968400e-01
5.5818594104e-01 -1.1718985200e-01
5.5827664399e-01 -1.1482394200e-01
5.5836734694e-01 -1.1202832400e-01
5.5845804989e-01 -1.0889827800e-01
5.5854875283e-01 -1.0567944160e-01
5.5863945578e-01 -1.0223261900e-01
5.5873015873e-01 -9.8035254600e-02
5.5882086168e-01 -9.3404487000e-02
5.5891156463e-01 -8.8554488600e-02
5.5900226757e-01 -8.3620141600e-02
5.5909297052e-01 -7.8703083000e-02
5.5918367347e-01 -7.3878039600e-02
5.5927437642e-01 -6.9236554400e-02
5.5936507937e-01 -6.4823842000e-02
5.5945578231e-01 -6.0487859400e-02
5.5954648526e-01 -5.6059756000e-02
5.5963718821e-01 -5.2169125000e-02
5.5972789116e-01 -4.8674949600e-02
5.5981859410e-01 -4.5380620000e-02
5.5990929705e-01 -4.1741480000e-02
5.6000000000e-01 -3.8702839400e-02
5.6009070295e-01 -3.5593530200e-02
5.6018140590e-01 -3.1970160800e-02
5.6027210884e-01 -2.8266629600e-02
5.6036281179e-01 -2.5078367400e-02
5.6045351474e-01 -2.1937107200e-02
5.6054421769e-01 -1.8464968800e-02
5.6063492063e-01 -1.5235134480e-02
5.6072562358e-01 -1.1902782880e-02
5.6081632653e-01 -8.7348143600e-03
5.6090702948e-01 -5.5749782000e-03
5.6099773243e-01 -2.3895745600e-03
5.6108843537e-01 1.1673139600e-03
5.6117913832e-01 4.3645025600e-03
5.6126984127e-01 7.6913750400e-03
5.6136054422e-01 1.1066075680e-02
5.6145124717e-01 1.4419334840e-02
5.6154195011e-01 1.7324898800e-02
5.6163265306e-01 2.0393485400e-02
5.6172335601e-01 2.3740649800e-02
5.6181405896e-01 2.7392258600e-02
5.6190476190e-01 3.0890169800e-02
5.6199546485e-01 3.4397798600e-02
5.6208616780e-01 3.8189930400e-02
5.6217687075e-01 4.1563891400e-02
5.6226757370e-01 4.4550350800e-02
5.6235827664e-01 4.7015825000e-02
5.6244897959e-01 4.9284778400e-02
5.6253968254e-01 5.1401734200e-02
5.6263038549e-01 5.3172282800e-02
5.6272108844e-01 5.4784019000e-02
5.6281179138e-01 5.6474696800e-02
5.6290249433e-01 5.8277853800e-02
5.6299319728e-01 5.9900436400e-02
5.6308390023e-01 6.1438872200e-02
5.6317460317e-01 6.3081918600e-02
5.6326530612e-01 6.4760943800e-02
5.6335600907e-01 6.6066641600e-02
5.6344671202e-01 6.6758763400e-02
5.6353741497e-01 6.7715583400e-02
5.6362811791e-01 6.8693224400e-02
5.6371882086e-01 6.9330819600e-02
5.6380952381e-01 6.9876719800e-02
5.6390022676e-01 7.0810331000e-02
5.6399092971e-01 7.1725691000e-02
5.6408163265e-01 7.2188607600e-02
5.6417233560e-01 7.2415746400e-02
5.6426303855e-01 7.2463815800e-02
5.6435374150e-01 7.2280469200e-02
5.6444444444e-01 7.1409707600e-02
5.6453514739e-01 7.0229023200e-02
5.6462585034e-01 6.8822045600e-02
5.6471655329e-01 6.7080587200e-02
5.6480725624e-01 6.4943019400e-02
5.6489795918e-01 6.2704981400e-02
5.6498866213e-01 6.0090159000e-02
5.6507936508e-01 5.6825163200e-02
5.6517006803e-01 5.3657934600e-02
5.6526077098e-01 4.9926677600e-02
5.6535147392e-01 4.5650266200e-02
5.6544217687e-01 4.1438036400e-02
5.6553287982e-01 3.7432919800e-02
5.6562358277e-01 3.3005815000e-02
5.6571428571e-01 2.9104286000e-02
5.6580498866e-01 2.5838717400e-02
5.6589569161e-01 2.2768883200e-02
5.6598639456e-01 2.0332272600e-02
5.6607709751e-01 1.8837992400e-02
5.6616780045e-01 1.8016361400e-02
5.6625850340e-01 1.7697569000e-02
5.6634920635e-01 1.8135498200e-02
5.6643990930e-01 1.9628700000e-02
5.6653061224e-01 2.1853518600e-02
5.6662131519e-01 2.4126035800e-02
5.6671201814e-01 2.7459223000e-02
5.6680272109e-01 3.1090084400e-02
5.6689342404e-01 3.4264768600e-02
5.6698412698e-01 3.7680753800e-02
5.6707482993e-01 4.1579765000e-02
5.6716553288e-01 4.5113722400e-02
5.6725623583e-01 4.8987286600e-02
5.6734693878e-01 5.2389798800e-02
5.6743764172e-01 5.4576655800e-02
5.6752834467e-01 5.6338924200e-02
5.6761904762e-01 5.7686894400e-02
5.6770975057e-01 5.8727264600e-02
5.6780045351e-01 6.0380099800e-02
5.6789115646e-01 6.2109677800e-02
5.6798185941e-01 6.3852899400e-02
5.6807256236e-01 6.5746916400e-02
5.6816326531e-01 6.7202649400e-02
5.6825396825e-01 6.8365535200e-02
5.6834467120e-01 6.9376872200e-02
5.6843537415e-01 7.0257435000e-02
5.6852607710e-01 7.0769867000e-02
5.6861678005e-01 7.1207504600e-02
5.6870748299e-01 7.1330643400e-02
5.6879818594e-01 7.1375959000e-02
5.6888888889e-01 7.0660772000e-02
5.6897959184e-01 6.9281300600e-02
5.6907029478e-01 6.7450096400e-02
5.6916099773e-01 6.5149645600e-02
5.6925170068e-01 6.3205384800e-02
5.6934240363e-01 5.7794752800e-02
5.6943310658e-01 5.3853725000e-02
5.6952380952e-01 5.1398491800e-02
5.6961451247e-01 4.8349013800e-02
5.6970521542e-01 4.4914965000e-02
5.6979591837e-01 4.4699894000e-02
5.6988662132e-01 4.2908996800e-02
5.6997732426e-01 3.9431202600e-02
5.7006802721e-01 3.6338693200e-02
5.7015873016e-01 3.2885017600e-02
5.7024943311e-01 2.9722565200e-02
5.7034013605e-01 2.6485977600e-02
5.7043083900e-01 2.3468784800e-02
5.7052154195e-01 2.0600504400e-02
5.7061224490e-01 1.7777808200e-02
5.7070294785e-01 1.5009877740e-02
5.7079365079e-01 1.2633265340e-02
5.7088435374e-01 1.0337587860e-02
5.7097505669e-01 8.4088721600e-03
5.7106575964e-01 6.2829351200e-03
5.7115646259e-01 4.1154839000e-03
5.7124716553e-01 2.2312438600e-03
5.7133786848e-01 2.9543722000e-04
5.7142857143e-01 -1.6954364000e-03
5.7151927438e-01 -3.2342701800e-03
5.7160997732e-01 -4.5782849800e-03
5.7170068027e-01 -6.2173175000e-03
5.7179138322e-01 -7.6348965800e-03
5.7188208617e-01 -9.0778402600e-03
5.7197278912e-01 -1.0817825840e-02
5.7206349206e-01 -1.2340293960e-02
5.7215419501e-01 -1.3998274200e-02
5.7224489796e-01 -1.6277832800e-02
5.7233560091e-01 -1.8472330200e-02
5.7242630385e-01 -2.0000271200e-02
5.7251700680e-01 -2.1906015000e-02
5.7260770975e-01 -2.3861352000e-02
5.7269841270e-01 -2.5639220000e-02
5.7278911565e-01 -2.7370301200e-02
5.7287981859e-01 -2.9758731800e-02
5.7297052154e-01 -3.1939313800e-02
5.7306122449e-01 -3.3906708200e-02
5.7315192744e-01 -3.5681153200e-02
5.7324263039e-01 -3.8144444400e-02
5.7333333333e-01 -4.0498119800e-02
5.7342403628e-01 -4.2730602600e-02
5.7351473923e-01 -4.5175903400e-02
5.7360544218e-01 -4.7568612000e-02
5.7369614512e-01 -4.9817579800e-02
5.7378684807e-01 -5.2096256600e-02
5.7387755102e-01 -5.4369943200e-02
5.7396825397e-01 -5.6757118600e-02
5.7405895692e-01 -5.9170739200e-02
5.7414965986e-01 -6.1451945200e-02
5.7424036281e-01 -6.4008887200e-02
5.7433106576e-01 -6.6766476600e-02
5.7442176871e-01 -6.9399032600e-02
5.7451247166e-01 -7.2238957400e-02
5.7460317460e-01 -7.5332827600e-02
5.7469387755e-01 -7.8273680000e-02
5.7478458050e-01 -8.1431864200e-02
5.7487528345e-01 -8.5058386000e-02
5.7496598639e-01 -8.8426649000e-02
5.7505668934e-01 -9.1234672200e-02
5.7514739229e-01 -9.4741802600e-02
5.7523809524e-01 -9.8114288200e-02
5.7532879819e-01 -1.0084166040e-01
5.7541950113e-01 -1.0417043760e-01
5.7551020408e-01 -1.0734139400e-01
5.7560090703e-01 -1.0969793200e-01
5.7569160998e-01 -1.1226686800e-01
5.7578231293e-01 -1.1444535000e-01
5.7587301587e-01 -1.1551157800e-01
5.7596371882e-01 -1.1665169200e-01
5.7605442177e-01 -1.1689313000e-01
5.7614512472e-01 -1.1620501000e-01
5.7623582766e-01 -1.1534475400e-01
5.7632653061e-01 -1.1428135200e-01
5.7641723356e-01 -1.1237229000e-01
5.7650793651e-01 -1.1031547400e-01
5.7659863946e-01 -1.0787130200e-01
5.7668934240e-01 -1.0468932220e-01
5.7678004535e-01 -1.0114785660e-01
5.7687074830e-01 -9.7279575400e-02
5.7696145125e-01 -9.2986989800e-02
5.7705215420e-01 -8.8722354600e-02
5.7714285714e-01 -8.4429680200e-02
5.7723356009e-01 -8.0086376800e-02
5.7732426304e-01 -7.6001191200e-02
5.7741496599e-01 -7.1962834800e-02
5.7750566893e-01 -6.7952656400e-02
5.7759637188e-01 -6.4272099200e-02
5.7768707483e-01 -6.0611079600e-02
5.7777777778e-01 -5.6731057200e-02
5.7786848073e-01 -5.3243036600e-02
5.7795918367e-01 -4.9662783200e-02
5.7804988662e-01 -4.6124540200e-02
5.7814058957e-01 -4.2632907200e-02
5.7823129252e-01 -3.9535443400e-02
5.7832199546e-01 -3.6321566000e-02
5.7841269841e-01 -3.3054351200e-02
5.7850340136e-01 -2.9705373400e-02
5.7859410431e-01 -2.6503652400e-02
5.7868480726e-01 -2.3283900400e-02
5.7877551020e-01 -2.0004997400e-02
5.7886621315e-01 -1.6873900000e-02
5.7895691610e-01 -1.3654856120e-02
5.7904761905e-01 -1.0340159180e-02
5.7913832200e-01 -7.0274233380e-03
5.7922902494e-01 -3.4829807380e-03
5.7931972789e-01 -8.5007198000e-05
5.7941043084e-01 3.1875208620e-03
5.7950113379e-01 6.5878405220e-03
5.7959183673e-01 1.0329581880e-02
5.7968253968e-01 1.3556257880e-02
5.7977324263e-01 1.7094294740e-02
5.7986394558e-01 2.0659735600e-02
5.7995464853e-01 2.3881743000e-02
5.8004535147e-01 2.7016900400e-02
5.8013605442e-01 3.0431714200e-02
5.8022675737e-01 3.3639754600e-02
5.8031746032e-01 3.6234795400e-02
5.8040816327e-01 3.9357215000e-02
5.8049886621e-01 4.1996346600e-02
5.8058956916e-01 4.4061055200e-02
5.8068027211e-01 4.6087425200e-02
5.8077097506e-01 4.8671655800e-02
5.8086167800e-01 5.0464574800e-02
5.8095238095e-01 5.2158028800e-02
5.8104308390e-01 5.4250420600e-02
5.8113378685e-01 5.6175475800e-02
5.8122448980e-01 5.7569437000e-02
5.8131519274e-01 5.9122396400e-02
5.8140589569e-01 6.0821887400e-02
5.8149659864e-01 6.2101220800e-02
5.8158730159e-01 6.3601836800e-02
5.8167800454e-01 6.5165594600e-02
5.8176870748e-01 6.6303477000e-02
5.8185941043e-01 6.4700205000e-02
5.8195011338e-01 6.5136516200e-02
5.8204081633e-01 6.5740259600e-02
5.8213151927e-01 6.5677342600e-02
5.8222222222e-01 6.5922720400e-02
5.8231292517e-01 6.8631732400e-02
5.8240362812e-01 6.8924312000e-02
5.8249433107e-01 6.8202024400e-02
5.8258503401e-01 6.7534292600e-02
5.8267573696e-01 6.6587623400e-02
5.8276643991e-01 6.5741064200e-02
5.8285714286e-01 6.4612247400e-02
5.8294784580e-01 6.2836957600e-02
5.8303854875e-01 6.0990191000e-02
5.8312925170e-01 5.8361869600e-02
5.8321995465e-01 5.5028486200e-02
5.8331065760e-01 5.1259370400e-02
5.8340136054e-01 4.7564288000e-02
5.8349206349e-01 4.3593569200e-02
5.8358276644e-01 3.9709357800e-02
5.8367346939e-01 3.5463439400e-02
5.8376417234e-01 3.1250792600e-02
5.8385487528e-01 2.7409175600e-02
5.8394557823e-01 2.4155348600e-02
5.8403628118e-01 2.1285171400e-02
5.8412698413e-01 1.9298487000e-02
5.8421768707e-01 1.8395010200e-02
5.8430839002e-01 1.7980244200e-02
5.8439909297e-01 1.8066455800e-02
5.8448979592e-01 1.9020746000e-02
5.8458049887e-01 2.0646092400e-02
5.8467120181e-01 2.3028947000e-02
5.8476190476e-01 2.5792976400e-02
5.8485260771e-01 2.9135076200e-02
5.8494331066e-01 3.3022556800e-02
5.8503401361e-01 3.6440096600e-02
5.8512471655e-01 3.9605176000e-02
5.8521541950e-01 4.3167245800e-02
5.8530612245e-01 4.6602941800e-02
5.8539682540e-01 4.9438161600e-02
5.8548752834e-01 5.2502447000e-02
5.8557823129e-01 5.4901453800e-02
5.8566893424e-01 5.6771869600e-02
5.8575963719e-01 5.8098504400e-02
5.8585034014e-01 5.9334827800e-02
5.8594104308e-01 6.0470191200e-02
5.8603174603e-01 6.1642394400e-02
5.8612244898e-01 6.3284327000e-02
5.8621315193e-01 6.4797846200e-02
5.8630385488e-01 6.6222236800e-02
5.8639455782e-01 6.7742197000e-02
5.8648526077e-01 6.9277153600e-02
5.8657596372e-01 6.9829015000e-02
5.8666666667e-01 7.0567433200e-02
5.8675736961e-01 7.0952264000e-02
5.8684807256e-01 7.0888260000e-02
5.8693877551e-01 7.0502951200e-02
5.8702947846e-01 6.9846711600e-02
5.8712018141e-01 6.8616656000e-02
5.8721088435e-01 6.7119534200e-02
5.8730158730e-01 6.5053106400e-02
5.8739229025e-01 6.2822442000e-02
5.8748299320e-01 6.0678379600e-02
5.8757369615e-01 5.7900317800e-02
5.8766439909e-01 5.4815758800e-02
5.8775510204e-01 5.1432061400e-02
5.8784580499e-01 4.7839050200e-02
5.8793650794e-01 4.4150920200e-02
5.8802721088e-01 4.0657747000e-02
5.8811791383e-01 3.6994313200e-02
5.8820861678e-01 3.3796927800e-02
5.8829931973e-01 3.0576950400e-02
5.8839002268e-01 2.7073360600e-02
5.8848072562e-01 2.4023647400e-02
5.8857142857e-01 2.1021198600e-02
5.8866213152e-01 1.7797071000e-02
5.8875283447e-01 1.4581872280e-02
5.8884353741e-01 1.2102845400e-02
5.8893424036e-01 9.4686688600e-03
5.8902494331e-01 7.2075062200e-03
5.8911564626e-01 4.9993825580e-03
5.8920634921e-01 2.9517559980e-03
5.8929705215e-01 8.4260249800e-04
5.8938775510e-01 -1.0641428020e-03
5.8947845805e-01 -2.8083237820e-03
5.8956916100e-01 -4.0795299800e-03
5.8965986395e-01 -5.2570788600e-03
5.8975056689e-01 -6.7497342800e-03
5.8984126984e-01 -8.1723478400e-03
5.8993197279e-01 -9.5991366200e-03
5.9002267574e-01 -1.1054648560e-02
5.9011337868e-01 -1.2161293800e-02
5.9020408163e-01 -1.3788571400e-02
5.9029478458e-01 -1.5634704200e-02
5.9038548753e-01 -1.7662572400e-02
5.9047619048e-01 -1.9338191600e-02
5.9056689342e-01 -2.1639738000e-02
5.9065759637e-01 -2.3111090800e-02
5.9074829932e-01 -2.4442549400e-02
5.9083900227e-01 -2.5858398200e-02
5.9092970522e-01 -2.7499566000e-02
5.9102040816e-01 -2.8970369400e-02
5.9111111111e-01 -3.0763002400e-02
5.9120181406e-01 -3.2577635000e-02
5.9129251701e-01 -3.4105706200e-02
5.9138321995e-01 -3.5967347400e-02
5.9147392290e-01 -3.7985207200e-02
5.9156462585e-01 -3.9899392600e-02
5.9165532880e-01 -4.1837098400e-02
5.9174603175e-01 -4.4036207600e-02
5.9183673469e-01 -4.6404417000e-02
5.9192743764e-01 -4.8691132400e-02
5.9201814059e-01 -5.0994445000e-02
5.9210884354e-01 -5.3774852200e-02
5.9219954649e-01 -5.6372454000e-02
5.9229024943e-01 -5.9054956800e-02
5.9238095238e-01 -6.1615799600e-02
5.9247165533e-01 -6.4232237800e-02
5.9256235828e-01 -6.6821596400e-02
5.9265306122e-01 -6.9875286400e-02
5.9274376417e-01 -7.2584129000e-02
5.9283446712e-01 -7.5428956000e-02
5.9292517007e-01 -7.8767052800e-02
5.9301587302e-01 -8.1837347800e-02
5.9310657596e-01 -8.5073618200e-02
5.9319727891e-01 -8.8681418600e-02
5.9328798186e-01 -9.2225369200e-02
5.9337868481e-01 -9.5526728000e-02
5.9346938776e-01 -9.8707686000e-02
5.9356009070e-01 -1.0142006760e-01
5.9365079365e-01 -1.0428395620e-01
5.9374149660e-01 -1.0682642000e-01
5.9383219955e-01 -1.0882439400e-01
5.9392290249e-01 -1.1067589000e-01
5.9401360544e-01 -1.1219328800e-01
5.9410430839e-01 -1.1293570400e-01
5.9419501134e-01 -1.1294741400e-01
5.9428571429e-01 -1.1330125200e-01
5.9437641723e-01 -1.1617784600e-01
5.9446712018e-01 -1.1510590000e-01
5.9455782313e-01 -1.1278920200e-01
5.9464852608e-01 -1.1057825000e-01
5.9473922902e-01 -1.0736146480e-01
5.9482993197e-01 -1.0060264900e-01
5.9492063492e-01 -9.6722755600e-02
5.9501133787e-01 -9.3127265000e-02
5.9510204082e-01 -8.9205490000e-02
5.9519274376e-01 -8.5023847400e-02
5.9528344671e-01 -8.0752937400e-02
5.9537414966e-01 -7.6598456000e-02
5.9546485261e-01 -7.2651337000e-02
5.9555555556e-01 -6.8838731600e-02
5.9564625850e-01 -6.4925064800e-02
5.9573696145e-01 -6.1399038800e-02
5.9582766440e-01 -5.7863638800e-02
5.9591836735e-01 -5.4616449000e-02
5.9600907029e-01 -5.1089294000e-02
5.9609977324e-01 -4.8157690200e-02
5.9619047619e-01 -4.5277597600e-02
5.9628117914e-01 -4.2244813600e-02
5.9637188209e-01 -3.9203376200e-02
5.9646258503e-01 -3.6386512200e-02
5.9655328798e-01 -3.3389014800e-02
5.9664399093e-01 -2.9996005600e-02
5.9673469388e-01 -2.6661222000e-02
5.9682539683e-01 -2.3437771400e-02
5.9691609977e-01 -2.0178235800e-02
5.9700680272e-01 -1.6768233400e-02
5.9709750567e-01 -1.3866860720e-02
5.9718820862e-01 -1.1016846920e-02
5.9727891156e-01 -7.5086408800e-03
5.9736961451e-01 -4.0945611600e-03
5.9746031746e-01 -7.0741848000e-04
5.9755102041e-01 2.6501006400e-03
5.9764172336e-01 5.8533308400e-03
5.9773242630e-01 8.8122578000e-03
5.9782312925e-01 1.2041989680e-02
5.9791383220e-01 1.5631990000e-02
5.9800453515e-01 1.9440741600e-02
5.9809523810e-01 2.2916134600e-02
5.9818594104e-01 2.6667173800e-02
5.9827664399e-01 3.0430417200e-02
5.9836734694e-01 3.3903829400e-02
5.9845804989e-01 3.7629494200e-02
5.9854875283e-01 4.1416328200e-02
5.9863945578e-01 4.4387308800e-02
5.9873015873e-01 4.6977427600e-02
5.9882086168e-01 4.9803686800e-02
5.9891156463e-01 5.2284207400e-02
5.9900226757e-01 5.4242717400e-02
5.9909297052e-01 5.6434196800e-02
5.9918367347e-01 5.8365839800e-02
5.9927437642e-01 5.9787269800e-02
5.9936507937e-01 6.0980901800e-02
5.9945578231e-01 6.2401120400e-02
5.9954648526e-01 6.3436948000e-02
5.9963718821e-01 6.4345378600e-02
5.9972789116e-01 6.4517906600e-02
5.9981859410e-01 6.4847367000e-02
5.9990929705e-01 6.5382636000e-02
6.0000000000e-01 6.5669873400e-02
6.0009070295e-01 6.6039994600e-02
6.0018140590e-01 6.6713848800e-02
6.0027210884e-01 6.7033676800e-02
6.0036281179e-01 6.6997422200e-02
6.0045351474e-01 6.7170382400e-02
6.0054421769e-01 6.7059346200e-02
6.0063492063e-01 6.6914735400e-02
6.0072562358e-01 6.5960163800e-02
6.0081632653e-01 6.4785666400e-02
6.0090702948e-01 6.3071539000e-02
6.0099773243e-01 6.1159304800e-02
6.0108843537e-01 5.8802375200e-02
6.0117913832e-01 5.6638821000e-02
6.0126984127e-01 5.3999557800e-02
6.0136054422e-01 5.1017551800e-02
6.0145124717e-01 4.7332570800e-02
6.0154195011e-01 4.3802487600e-02
6.0163265306e-01 4.0010075000e-02
6.0172335601e-01 3.6191131800e-02
6.0181405896e-01 3.2405612600e-02
6.0190476190e-01 2.9234477800e-02
6.0199546485e-01 2.5377416400e-02
6.0208616780e-01 2.1786774400e-02
6.0217687075e-01 1.8734471800e-02
6.0226757370e-01 1.6393202400e-02
6.0235827664e-01 1.4645399800e-02
6.0244897959e-01 1.4057146200e-02
6.0253968254e-01 1.4491356400e-02
6.0263038549e-01 1.5678664200e-02
6.0272108844e-01 1.7538710400e-02
6.0281179138e-01 2.0399252600e-02
6.0290249433e-01 2.4170466400e-02
6.0299319728e-01 2.8175320800e-02
6.0308390023e-01 3.2532188600e-02
6.0317460317e-01 3.7097301400e-02
6.0326530612e-01 4.1023938800e-02
6.0335600907e-01 4.4783309200e-02
6.0344671202e-01 4.8511274800e-02
6.0353741497e-01 5.1728825400e-02
6.0362811791e-01 5.4828527000e-02
6.0371882086e-01 5.7899837800e-02
6.0380952381e-01 5.9937798200e-02
6.0390022676e-01 6.1911934600e-02
6.0399092971e-01 6.3778604000e-02
6.0408163265e-01 6.5059129800e-02
6.0417233560e-01 6.5902568200e-02
6.0426303855e-01 6.6999966200e-02
6.0435374150e-01 6.7611683200e-02
6.0444444444e-01 6.8014958600e-02
6.0453514739e-01 6.8568121000e-02
6.0462585034e-01 6.9599216000e-02
6.0471655329e-01 7.0363422200e-02
6.0480725624e-01 7.0847292000e-02
6.0489795918e-01 7.1105027800e-02
6.0498866213e-01 7.1039127200e-02
6.0507936508e-01 6.9951472200e-02
6.0517006803e-01 6.8408347800e-02
6.0526077098e-01 6.6571616200e-02
6.0535147392e-01 6.4429755800e-02
6.0544217687e-01 6.1932371600e-02
6.0553287982e-01 5.9430037000e-02
6.0562358277e-01 5.6644477000e-02
6.0571428571e-01 5.3555583600e-02
6.0580498866e-01 5.0580870800e-02
6.0589569161e-01 4.7032470600e-02
6.0598639456e-01 4.3059651200e-02
6.0607709751e-01 3.9528891600e-02
6.0616780045e-01 3.5945329000e-02
6.0625850340e-01 3.1893919400e-02
6.0634920635e-01 2.8319191800e-02
6.0643990930e-01 2.4959372200e-02
6.0653061224e-01 2.1316532200e-02
6.0662131519e-01 1.7832532000e-02
6.0671201814e-01 1.4717163160e-02
6.0680272109e-01 1.0310880192e-02
6.0689342404e-01 4.1252741920e-03
6.0698412698e-01 1.7820901720e-03
6.0707482993e-01 -2.5342656600e-04
6.0716553288e-01 -2.7060738060e-03
6.0725623583e-01 -3.5752780580e-03
6.0734693878e-01 -2.2516995980e-03
6.0743764172e-01 -4.5557061780e-03
6.0752834467e-01 -6.4715581600e-03
6.0761904762e-01 -7.3948250400e-03
6.0770975057e-01 -8.2581134800e-03
6.0780045351e-01 -9.5685995400e-03
6.0789115646e-01 -1.0546667540e-02
6.0798185941e-01 -1.1490739020e-02
6.0807256236e-01 -1.3080647660e-02
6.0816326531e-01 -1.4815292400e-02
6.0825396825e-01 -1.5669143600e-02
6.0834467120e-01 -1.6897493000e-02
6.0843537415e-01 -1.8388953000e-02
6.0852607710e-01 -1.9781568000e-02
6.0861678005e-01 -2.0955636400e-02
6.0870748299e-01 -2.2202816200e-02
6.0879818594e-01 -2.3278213200e-02
6.0888888889e-01 -2.4716695600e-02
6.0897959184e-01 -2.6213712000e-02
6.0907029478e-01 -2.7644765400e-02
6.0916099773e-01 -2.9293647800e-02
6.0925170068e-01 -3.0693027000e-02
6.0934240363e-01 -3.1737497200e-02
6.0943310658e-01 -3.2870722600e-02
6.0952380952e-01 -3.4242448800e-02
6.0961451247e-01 -3.5987654400e-02
6.0970521542e-01 -3.8007114400e-02
6.0979591837e-01 -4.0143759600e-02
6.0988662132e-01 -4.2245389000e-02
6.0997732426e-01 -4.4775981000e-02
6.1006802721e-01 -4.7228251000e-02
6.1015873016e-01 -4.9457930000e-02
6.1024943311e-01 -5.1712894800e-02
6.1034013605e-01 -5.3961058600e-02
6.1043083900e-01 -5.5832167800e-02
6.1052154195e-01 -5.8089755400e-02
6.1061224490e-01 -6.0711484600e-02
6.1070294785e-01 -6.3267041800e-02
6.1079365079e-01 -6.6067624600e-02
6.1088435374e-01 -6.9275342800e-02
6.1097505669e-01 -7.2022401600e-02
6.1106575964e-01 -7.5283605800e-02
6.1115646259e-01 -7.8881334000e-02
6.1124716553e-01 -8.2237951000e-02
6.1133786848e-01 -8.5302699000e-02
6.1142857143e-01 -8.8930199600e-02
6.1151927438e-01 -9.2236858000e-02
6.1160997732e-01 -9.5066935800e-02
6.1170068027e-01 -9.8378584400e-02
6.1179138322e-01 -1.0157843560e-01
6.1188208617e-01 -1.0399821000e-01
6.1197278912e-01 -1.0564784600e-01
6.1206349206e-01 -1.0722327400e-01
6.1215419501e-01 -1.0787680200e-01
6.1224489796e-01 -1.0822389200e-01
6.1233560091e-01 -1.0815244400e-01
6.1242630385e-01 -1.0738762200e-01
6.1251700680e-01 -1.0633681400e-01
6.1260770975e-01 -1.0493318000e-01
6.1269841270e-01 -1.0265910940e-01
6.1278911565e-01 -9.9785747400e-02
6.1287981859e-01 -9.7095652200e-02
6.1297052154e-01 -9.4191309400e-02
6.1306122449e-01 -9.0623435000e-02
6.1315192744e-01 -8.6927386400e-02
6.1324263039e-01 -8.3270745800e-02
6.1333333333e-01 -7.9941643200e-02
6.1342403628e-01 -7.6233682400e-02
6.1351473923e-01 -7.2446745600e-02
6.1360544218e-01 -6.9173269800e-02
6.1369614512e-01 -6.5921913000e-02
6.1378684807e-01 -6.2338099000e-02
6.1387755102e-01 -5.9217580800e-02
6.1396825397e-01 -5.6413065800e-02
6.1405895692e-01 -5.3379989600e-02
6.1414965986e-01 -5.0434251800e-02
6.1424036281e-01 -4.7331196600e-02
6.1433106576e-01 -4.3962595200e-02
6.1442176871e-01 -4.0698091800e-02
6.1451247166e-01 -3.7321803800e-02
6.1460317460e-01 -3.4402001600e-02
6.1469387755e-01 -3.1471592600e-02
6.1478458050e-01 -2.8368692800e-02
6.1487528345e-01 -2.5293031200e-02
6.1496598639e-01 -2.2449478800e-02
6.1505668934e-01 -1.9241046200e-02
6.1514739229e-01 -1.6374399200e-02
6.1523809524e-01 -1.3448133680e-02
6.1532879819e-01 -1.0524616660e-02
6.1541950113e-01 -7.7002127600e-03
6.1551020408e-01 -4.6900608400e-03
6.1560090703e-01 -1.6106765600e-03
6.1569160998e-01 1.0620057400e-03
6.1578231293e-01 3.9541577200e-03
6.1587301587e-01 7.1199832200e-03
6.1596371882e-01 1.0344264300e-02
6.1605442177e-01 1.3785812820e-02
6.1614512472e-01 1.7278929800e-02
6.1623582766e-01 2.0238254200e-02
6.1632653061e-01 2.3136085400e-02
6.1641723356e-01 2.5852569200e-02
6.1650793651e-01 2.8136664800e-02
6.1659863946e-01 3.0547244000e-02
6.1668934240e-01 3.3517051200e-02
6.1678004535e-01 3.6310142600e-02
6.1687074830e-01 3.8593224200e-02
6.1696145125e-01 4.1494881200e-02
6.1705215420e-01 4.4152578200e-02
6.1714285714e-01 4.6408497000e-02
6.1723356009e-01 4.8780576000e-02
6.1732426304e-01 5.1558854400e-02
6.1741496599e-01 5.3762144400e-02
6.1750566893e-01 5.5653534400e-02
6.1759637188e-01 5.7048740400e-02
6.1768707483e-01 5.8487180200e-02
6.1777777778e-01 5.9698415800e-02
6.1786848073e-01 6.0974041000e-02
6.1795918367e-01 6.2349825600e-02
6.1804988662e-01 6.3901005400e-02
6.1814058957e-01 6.5100599600e-02
6.1823129252e-01 6.5793569600e-02
6.1832199546e-01 6.6041617800e-02
6.1841269841e-01 6.6374736200e-02
6.1850340136e-01 6.6710597000e-02
6.1859410431e-01 6.6998128000e-02
6.1868480726e-01 6.6968295800e-02
6.1877551020e-01 6.6740250200e-02
6.1886621315e-01 6.6028946800e-02
6.1895691610e-01 6.4956485200e-02
6.1904761905e-01 6.3323656000e-02
6.1913832200e-01 6.1573707600e-02
6.1922902494e-01 6.0044255400e-02
6.1931972789e-01 5.6051291200e-02
6.1941043084e-01 5.0797945400e-02
6.1950113379e-01 4.7971968400e-02
6.1959183673e-01 4.4568192000e-02
6.1968253968e-01 4.0329764400e-02
6.1977324263e-01 3.8092504000e-02
6.1986394558e-01 3.6360535800e-02
6.1995464853e-01 3.1815825800e-02
6.2004535147e-01 2.7851942800e-02
6.2013605442e-01 2.4021488600e-02
6.2022675737e-01 2.0813320600e-02
6.2031746032e-01 1.8200733400e-02
6.2040816327e-01 1.6177802400e-02
6.2049886621e-01 1.4838015600e-02
6.2058956916e-01 1.4631996400e-02
6.2068027211e-01 1.4973905600e-02
6.2077097506e-01 1.6365695400e-02
6.2086167800e-01 1.8844952000e-02
6.2095238095e-01 2.1983058600e-02
6.2104308390e-01 2.5383199600e-02
6.2113378685e-01 2.9219537400e-02
6.2122448980e-01 3.2923122000e-02
6.2131519274e-01 3.6402015800e-02
6.2140589569e-01 3.9969266000e-02
6.2149659864e-01 4.3491279000e-02
6.2158730159e-01 4.7145675200e-02
6.2167800454e-01 5.0689134800e-02
6.2176870748e-01 5.3828550400e-02
6.2185941043e-01 5.6542463400e-02
6.2195011338e-01 5.9316398600e-02
6.2204081633e-01 6.1359196400e-02
6.2213151927e-01 6.2944443200e-02
6.2222222222e-01 6.4755380800e-02
6.2231292517e-01 6.6430467000e-02
6.2240362812e-01 6.7688816000e-02
6.2249433107e-01 6.8954555400e-02
6.2258503401e-01 7.0468653000e-02
6.2267573696e-01 7.1696958800e-02
6.2276643991e-01 7.2880708600e-02
6.2285714286e-01 7.4085628600e-02
6.2294784580e-01 7.4855038200e-02
6.2303854875e-01 7.5297978200e-02
6.2312925170e-01 7.5042369800e-02
6.2321995465e-01 7.4337230800e-02
6.2331065760e-01 7.3305341400e-02
6.2340136054e-01 7.1678121800e-02
6.2349206349e-01 6.9880275200e-02
6.2358276644e-01 6.7888551800e-02
6.2367346939e-01 6.5261706000e-02
6.2376417234e-01 6.2173187600e-02
6.2385487528e-01 5.9117465400e-02
6.2394557823e-01 5.5246426800e-02
6.2403628118e-01 5.1170380400e-02
6.2412698413e-01 4.7560154400e-02
6.2421768707e-01 4.3884130000e-02
6.2430839002e-01 3.9839614200e-02
6.2439909297e-01 3.6035322200e-02
6.2448979592e-01 3.2732745600e-02
6.2458049887e-01 2.9112518400e-02
6.2467120181e-01 2.5585254600e-02
6.2476190476e-01 2.2619279600e-02
6.2485260771e-01 1.9883383200e-02
6.2494331066e-01 1.6819245600e-02
6.2503401361e-01 1.3877843540e-02
6.2512471655e-01 1.1152507680e-02
6.2521541950e-01 8.5894149200e-03
6.2530612245e-01 6.0259801400e-03
6.2539682540e-01 3.5808083200e-03
6.2548752834e-01 1.4616987000e-03
6.2557823129e-01 -3.7633104000e-04
6.2566893424e-01 -2.1951898200e-03
6.2575963719e-01 -3.7374105000e-03
6.2585034014e-01 -5.0737943400e-03
6.2594104308e-01 -6.6031194600e-03
6.2603174603e-01 -8.2513818600e-03
6.2612244898e-01 -9.9318977200e-03
6.2621315193e-01 -1.1956761660e-02
6.2630385488e-01 -1.3960782600e-02
6.2639455782e-01 -1.5772799800e-02
6.2648526077e-01 -1.7561225200e-02
6.2657596372e-01 -1.9447307800e-02
6.2666666667e-01 -2.0610662800e-02
6.2675736961e-01 -2.1710431800e-02
6.2684807256e-01 -2.3153945000e-02
6.2693877551e-01 -2.4814906200e-02
6.2702947846e-01 -2.6339169000e-02
6.2712018141e-01 -2.8234072200e-02
6.2721088435e-01 -3.0215148800e-02
6.2730158730e-01 -3.1985588600e-02
6.2739229025e-01 -3.3657049000e-02
6.2748299320e-01 -3.5264029000e-02
6.2757369615e-01 -3.6553624400e-02
6.2766439909e-01 -3.7789319200e-02
6.2775510204e-01 -3.9098769600e-02
6.2784580499e-01 -4.0356371400e-02
6.2793650794e-01 -4.2032288400e-02
6.2802721088e-01 -4.3848816800e-02
6.2811791383e-01 -4.5543876400e-02
6.2820861678e-01 -4.7509567800e-02
6.2829931973e-01 -4.9726122000e-02
6.2839002268e-01 -5.1929229600e-02
6.2848072562e-01 -5.4074568400e-02
6.2857142857e-01 -5.6218569800e-02
6.2866213152e-01 -5.8533265800e-02
6.2875283447e-01 -6.0850882600e-02
6.2884353741e-01 -6.3173676000e-02
6.2893424036e-01 -6.6203727600e-02
6.2902494331e-01 -6.9525823800e-02
6.2911564626e-01 -7.2995175400e-02
6.2920634921e-01 -7.6932970800e-02
6.2929705215e-01 -8.0641485200e-02
6.2938775510e-01 -8.4361364000e-02
6.2947845805e-01 -8.8135706600e-02
6.2956916100e-01 -9.1250901000e-02
6.2965986395e-01 -9.4079081800e-02
6.2975056689e-01 -9.6990771000e-02
6.2984126984e-01 -9.9414395600e-02
6.2993197279e-01 -1.0168221820e-01
6.3002267574e-01 -1.0406699280e-01
6.3011337868e-01 -1.0621293200e-01
6.3020408163e-01 -1.0805921200e-01
6.3029478458e-01 -1.0955152600e-01
6.3038548753e-01 -1.1047363600e-01
6.3047619048e-01 -1.1065570400e-01
6.3056689342e-01 -1.1033283800e-01
6.3065759637e-01 -1.0918984400e-01
6.3074829932e-01 -1.0758998600e-01
6.3083900227e-01 -1.0560777000e-01
6.3092970522e-01 -1.0331829060e-01
6.3102040816e-01 -1.0055969040e-01
6.3111111111e-01 -9.7480609400e-02
6.3120181406e-01 -9.3851102400e-02
6.3129251701e-01 -9.0406395200e-02
6.3138321995e-01 -8.6774842400e-02
6.3147392290e-01 -8.2866675200e-02
6.3156462585e-01 -7.9343724600e-02
6.3165532880e-01 -7.5944941000e-02
6.3174603175e-01 -7.1884433800e-02
6.3183673469e-01 -7.0687444000e-02
6.3192743764e-01 -6.9248916600e-02
6.3201814059e-01 -6.5572067000e-02
6.3210884354e-01 -6.2250412200e-02
6.3219954649e-01 -5.9653668600e-02
6.3229024943e-01 -5.4253868800e-02
6.3238095238e-01 -4.9114538000e-02
6.3247165533e-01 -4.6244636000e-02
6.3256235828e-01 -4.3098514200e-02
6.3265306122e-01 -3.9709020400e-02
6.3274376417e-01 -3.6266562600e-02
6.3283446712e-01 -3.3006476800e-02
6.3292517007e-01 -2.9386981200e-02
6.3301587302e-01 -2.5733065400e-02
6.3310657596e-01 -2.2134516400e-02
6.3319727891e-01 -1.8598314000e-02
6.3328798186e-01 -1.4786594780e-02
6.3337868481e-01 -1.1359759920e-02
6.3346938776e-01 -8.1103449200e-03
6.3356009070e-01 -4.8812431080e-03
6.3365079365e-01 -1.7642792880e-03
6.3374149660e-01 1.0476817120e-03
6.3383219955e-01 4.0323368520e-03
6.3392290249e-01 7.0065732520e-03
6.3401360544e-01 1.0078904440e-02
6.3410430839e-01 1.3300457820e-02
6.3419501134e-01 1.6340906000e-02
6.3428571429e-01 1.9431864600e-02
6.3437641723e-01 2.2601328600e-02
6.3446712018e-01 2.5723849000e-02
6.3455782313e-01 2.8465321600e-02
6.3464852608e-01 3.1623700800e-02
6.3473922902e-01 3.4749165600e-02
6.3482993197e-01 3.7332653000e-02
6.3492063492e-01 3.9917914400e-02
6.3501133787e-01 4.2607046200e-02
6.3510204082e-01 4.4869021400e-02
6.3519274376e-01 4.7351533400e-02
6.3528344671e-01 4.9896401000e-02
6.3537414966e-01 5.2211367000e-02
6.3546485261e-01 5.4528903800e-02
6.3555555556e-01 5.6385196000e-02
6.3564625850e-01 5.7387478600e-02
6.3573696145e-01 5.8748423600e-02
6.3582766440e-01 6.0099289000e-02
6.3591836735e-01 6.1177579800e-02
6.3600907029e-01 6.2547359800e-02
6.3609977324e-01 6.4117540000e-02
6.3619047619e-01 6.5408002000e-02
6.3628117914e-01 6.6241943200e-02
6.3637188209e-01 6.6982115400e-02
6.3646258503e-01 6.7645979000e-02
6.3655328798e-01 6.8012067800e-02
6.3664399093e-01 6.7819074000e-02
6.3673469388e-01 6.7610164400e-02
6.3682539683e-01 6.7346437400e-02
6.3691609977e-01 6.6751636800e-02
6.3700680272e-01 6.5622789800e-02
6.3709750567e-01 6.4081638800e-02
6.3718820862e-01 6.2513915600e-02
6.3727891156e-01 6.0652858800e-02
6.3736961451e-01 5.8182511000e-02
6.3746031746e-01 5.5631447000e-02
6.3755102041e-01 5.2894866800e-02
6.3764172336e-01 4.9601813600e-02
6.3773242630e-01 4.5880717800e-02
6.3782312925e-01 4.2203834400e-02
6.3791383220e-01 3.8069702400e-02
6.3800453515e-01 3.3900210000e-02
6.3809523810e-01 2.9772190000e-02
6.3818594104e-01 2.5732889600e-02
6.3827664399e-01 2.1718491000e-02
6.3836734694e-01 1.8594507000e-02
6.3845804989e-01 1.6062527600e-02
6.3854875283e-01 1.4173616000e-02
6.3863945578e-01 1.3132837800e-02
6.3873015873e-01 1.3453858000e-02
6.3882086168e-01 1.4488211600e-02
6.3891156463e-01 1.6291961000e-02
6.3900226757e-01 1.8675893600e-02
6.3909297052e-01 2.1449112800e-02
6.3918367347e-01 2.4298242600e-02
6.3927437642e-01 2.7441591000e-02
6.3936507937e-01 3.0794103000e-02
6.3945578231e-01 3.4511978400e-02
6.3954648526e-01 3.8592676600e-02
6.3963718821e-01 4.2358912800e-02
6.3972789116e-01 4.5479131400e-02
6.3981859410e-01 4.8479331400e-02
6.3990929705e-01 5.1431647800e-02
6.4000000000e-01 5.3451777400e-02
6.4009070295e-01 5.5443771400e-02
6.4018140590e-01 5.7848788200e-02
6.4027210884e-01 5.9902338600e-02
6.4036281179e-01 6.1402939000e-02
6.4045351474e-01 6.2986588200e-02
6.4054421769e-01 6.4934297600e-02
6.4063492063e-01 6.6498389200e-02
6.4072562358e-01 6.7560086000e-02
6.4081632653e-01 6.8717093200e-02
6.4090702948e-01 7.0129904200e-02
6.4099773243e-01 7.1039560000e-02
6.4108843537e-01 7.1876421600e-02
6.4117913832e-01 7.2895204400e-02
6.4126984127e-01 7.3072057800e-02
6.4136054422e-01 7.2528363000e-02
6.4145124717e-01 7.1585319200e-02
6.4154195011e-01 6.9959677800e-02
6.4163265306e-01 6.7654028800e-02
6.4172335601e-01 6.5319189600e-02
6.4181405896e-01 6.2756888000e-02
6.4190476190e-01 5.9684219800e-02
6.4199546485e-01 5.6569308000e-02
6.4208616780e-01 5.3467816400e-02
6.4217687075e-01 5.0157548600e-02
6.4226757370e-01 4.6822059200e-02
6.4235827664e-01 4.3685778600e-02
6.4244897959e-01 4.0553083000e-02
6.4253968254e-01 3.7372183000e-02
6.4263038549e-01 3.4390647600e-02
6.4272108844e-01 3.1579578400e-02
6.4281179138e-01 2.8517606000e-02
6.4290249433e-01 2.5231397600e-02
6.4299319728e-01 2.2568814000e-02
6.4308390023e-01 2.0276342000e-02
6.4317460317e-01 1.7612731000e-02
6.4326530612e-01 1.4839405840e-02
6.4335600907e-01 1.2558618920e-02
6.4344671202e-01 1.0350724960e-02
6.4353741497e-01 7.6676401200e-03
6.4362811791e-01 5.2144598280e-03
6.4371882086e-01 3.5050962120e-03
6.4380952381e-01 1.8082177320e-03
6.4390022676e-01 -1.7563888000e-05
6.4399092971e-01 -1.7640873480e-03
6.4408163265e-01 -3.0561345160e-03
6.4417233560e-01 -5.0207818800e-03
6.4426303855e-01 -6.5996396400e-03
6.4435374150e-01 -1.1767915660e-02
6.4444444444e-01 -1.4796255160e-02
6.4453514739e-01 -1.6475348300e-02
6.4462585034e-01 -1.8060870360e-02
6.4471655329e-01 -1.9888026800e-02
6.4480725624e-01 -1.8001559800e-02
6.4489795918e-01 -1.8250055000e-02
6.4498866213e-01 -1.9551467800e-02
6.4507936508e-01 -2.1008670000e-02
6.4517006803e-01 -2.2598553400e-02
6.4526077098e-01 -2.4107034200e-02
6.4535147392e-01 -2.5424495800e-02
6.4544217687e-01 -2.6959982600e-02
6.4553287982e-01 -2.7956901000e-02
6.4562358277e-01 -2.8925584400e-02
6.4571428571e-01 -3.0220083000e-02
6.4580498866e-01 -3.1635966800e-02
6.4589569161e-01 -3.3276430800e-02
6.4598639456e-01 -3.4772681200e-02
6.4607709751e-01 -3.6445821000e-02
6.4616780045e-01 -3.8190458200e-02
6.4625850340e-01 -4.0034950400e-02
6.4634920635e-01 -4.1623022600e-02
6.4643990930e-01 -4.3788747200e-02
6.4653061224e-01 -4.6012043400e-02
6.4662131519e-01 -4.8132031400e-02
6.4671201814e-01 -5.0316160200e-02
6.4680272109e-01 -5.3166494000e-02
6.4689342404e-01 -5.5728252000e-02
6.4698412698e-01 -5.7844511000e-02
6.4707482993e-01 -6.0607311400e-02
6.4716553288e-01 -6.3711483000e-02
6.4725623583e-01 -6.6782585000e-02
6.4734693878e-01 -7.0060847800e-02
6.4743764172e-01 -7.4016054200e-02
6.4752834467e-01 -7.7733683000e-02
6.4761904762e-01 -8.1386460000e-02
6.4770975057e-01 -8.4983985800e-02
6.4780045351e-01 -8.8508807400e-02
6.4789115646e-01 -9.1769460000e-02
6.4798185941e-01 -9.4988404400e-02
6.4807256236e-01 -9.7859604000e-02
6.4816326531e-01 -1.0013314240e-01
6.4825396825e-01 -1.0195248420e-01
6.4834467120e-01 -1.0372283200e-01
6.4843537415e-01 -1.0468130400e-01
6.4852607710e-01 -1.0521385200e-01
6.4861678005e-01 -1.0536497800e-01
6.4870748299e-01 -1.0563984400e-01
6.4879818594e-01 -1.0527989000e-01
6.4888888889e-01 -1.0444247400e-01
6.4897959184e-01 -1.0297585360e-01
6.4907029478e-01 -1.0122536240e-01
6.4916099773e-01 -9.8483953200e-02
6.4925170068e-01 -9.5688071200e-02
6.4934240363e-01 -9.2968455200e-02
6.4943310658e-01 -9.0244512600e-02
6.4952380952e-01 -8.7824906200e-02
6.4961451247e-01 -8.5051606000e-02
6.4970521542e-01 -8.1567699000e-02
6.4979591837e-01 -7.8578269400e-02
6.4988662132e-01 -7.4818364200e-02
6.4997732426e-01 -7.0966499800e-02
6.5006802721e-01 -6.7525074200e-02
6.5015873016e-01 -6.4404498200e-02
6.5024943311e-01 -6.0656240400e-02
6.5034013605e-01 -5.7580510800e-02
6.5043083900e-01 -5.4290610400e-02
6.5052154195e-01 -5.0998728400e-02
6.5061224490e-01 -4.7721101400e-02
6.5070294785e-01 -4.4438813400e-02
6.5079365079e-01 -4.1169740600e-02
6.5088435374e-01 -3.7955823200e-02
6.5097505669e-01 -3.4682340400e-02
6.5106575964e-01 -3.1446575200e-02
6.5115646259e-01 -2.8099226600e-02
6.5124716553e-01 -2.4538817000e-02
6.5133786848e-01 -2.1025783600e-02
6.5142857143e-01 -1.7719641400e-02
6.5151927438e-01 -1.4456730060e-02
6.5160997732e-01 -1.1182676840e-02
6.5170068027e-01 -8.2283184200e-03
6.5179138322e-01 -4.9348174800e-03
6.5188208617e-01 -1.8965628000e-03
6.5197278912e-01 9.0303054000e-04
6.5206349206e-01 3.8545624400e-03
6.5215419501e-01 6.9707842200e-03
6.5224489796e-01 9.5223472800e-03
6.5233560091e-01 1.2572071000e-02
6.5242630385e-01 1.6293725920e-02
6.5251700680e-01 1.9377483000e-02
6.5260770975e-01 2.2569333200e-02
6.5269841270e-01 2.5903362200e-02
6.5278911565e-01 2.8818973400e-02
6.5287981859e-01 3.1313217000e-02
6.5297052154e-01 3.4350123200e-02
6.5306122449e-01 3.7321521000e-02
6.5315192744e-01 3.9853857200e-02
6.5324263039e-01 4.2397693000e-02
6.5333333333e-01 4.4888811000e-02
6.5342403628e-01 4.7025483400e-02
6.5351473923e-01 4.8892866600e-02
6.5360544218e-01 5.0910521000e-02
6.5369614512e-01 5.2946948400e-02
6.5378684807e-01 5.4773412800e-02
6.5387755102e-01 5.6278753000e-02
6.5396825397e-01 5.7524620600e-02
6.5405895692e-01 5.8756621200e-02
6.5414965986e-01 6.0168287600e-02
6.5424036281e-01 6.1543168600e-02
6.5433106576e-01 6.2644161400e-02
6.5442176871e-01 6.3380743600e-02
6.5451247166e-01 6.4210577800e-02
6.5460317460e-01 6.4567153000e-02
6.5469387755e-01 6.4435476400e-02
6.5478458050e-01 6.4246588600e-02
6.5487528345e-01 6.4408431600e-02
6.5496598639e-01 6.4188102800e-02
6.5505668934e-01 6.3602495200e-02
6.5514739229e-01 6.2856048400e-02
6.5523809524e-01 6.1939022400e-02
6.5532879819e-01 6.0473479400e-02
6.5541950113e-01 5.8875259000e-02
6.5551020408e-01 5.6815387800e-02
6.5560090703e-01 5.4364892600e-02
6.5569160998e-01 5.1575801200e-02
6.5578231293e-01 4.8339342600e-02
6.5587301587e-01 4.4284191400e-02
6.5596371882e-01 4.0323620800e-02
6.5605442177e-01 3.6408863600e-02
6.5614512472e-01 3.2222791400e-02
6.5623582766e-01 2.8313667200e-02
6.5632653061e-01 2.4534525400e-02
6.5641723356e-01 2.0994174000e-02
6.5650793651e-01 1.8139442800e-02
6.5659863946e-01 1.5758765800e-02
6.5668934240e-01 1.3726075000e-02
6.5678004535e-01 1.2748762200e-02
6.5687074830e-01 9.7902822676e-03
6.5696145125e-01 9.6721094676e-03
6.5705215420e-01 1.1209640868e-02
6.5714285714e-01 1.3330392868e-02
6.5723356009e-01 1.6110647868e-02
6.5732426304e-01 2.2234612800e-02
6.5741496599e-01 2.6023343800e-02
6.5750566893e-01 2.9399870600e-02
6.5759637188e-01 3.3040715200e-02
6.5768707483e-01 3.6644773400e-02
6.5777777778e-01 3.9827056800e-02
6.5786848073e-01 4.3291878600e-02
6.5795918367e-01 4.6560332600e-02
6.5804988662e-01 4.9870962200e-02
6.5814058957e-01 5.2511689200e-02
6.5823129252e-01 5.4711893600e-02
6.5832199546e-01 5.6577938200e-02
6.5841269841e-01 5.8073275600e-02
6.5850340136e-01 5.9354223000e-02
6.5859410431e-01 6.0973076800e-02
6.5868480726e-01 6.2488126200e-02
6.5877551020e-01 6.4177286800e-02
6.5886621315e-01 6.5580105600e-02
6.5895691610e-01 6.6956942400e-02
6.5904761905e-01 6.8164452400e-02
6.5913832200e-01 6.9516385200e-02
6.5922902494e-01 7.0340384200e-02
6.5931972789e-01 7.0921632600e-02
6.5941043084e-01 7.1306026000e-02
6.5950113379e-01 7.0753591000e-02
6.5959183673e-01 6.9476813600e-02
6.5968253968e-01 6.7923812600e-02
6.5977324263e-01 6.5823277000e-02
6.5986394558e-01 6.2939892800e-02
6.5995464853e-01 6.0449583200e-02
6.6004535147e-01 5.7706196800e-02
6.6013605442e-01 5.4507076400e-02
6.6022675737e-01 5.1539594000e-02
6.6031746032e-01 4.8580530400e-02
6.6040816327e-01 4.5044461600e-02
6.6049886621e-01 4.1803353800e-02
6.6058956916e-01 3.8842465600e-02
6.6068027211e-01 3.5618457000e-02
6.6077097506e-01 3.2620544200e-02
6.6086167800e-01 2.9850248800e-02
6.6095238095e-01 2.6968590800e-02
6.6104308390e-01 2.3929941800e-02
6.6113378685e-01 2.1338342000e-02
6.6122448980e-01 1.8460981200e-02
6.6131519274e-01 1.5880455000e-02
6.6140589569e-01 1.3607497500e-02
6.6149659864e-01 1.1325374580e-02
6.6158730159e-01 9.2901243000e-03
6.6167800454e-01 7.0048966200e-03
6.6176870748e-01 4.6784326540e-03
6.6185941043e-01 2.6289203060e-03
6.6195011338e-01 9.6432390600e-04
6.6204081633e-01 -1.0054991140e-03
6.6213151927e-01 -2.3767206540e-03
6.6222222222e-01 -3.8680784680e-03
6.6231292517e-01 -5.5088494400e-03
6.6240362812e-01 -7.1964817600e-03
6.6249433107e-01 -8.7076920600e-03
6.6258503401e-01 -1.0312490240e-02
6.6267573696e-01 -1.1578588260e-02
6.6276643991e-01 -1.3178583640e-02
6.6285714286e-01 -1.4901435800e-02
6.6294784580e-01 -1.6324444000e-02
6.6303854875e-01 -1.7564024400e-02
6.6312925170e-01 -1.8692080800e-02
6.6321995465e-01 -1.9548678000e-02
6.6331065760e-01 -2.0592117600e-02
6.6340136054e-01 -2.1818639600e-02
6.6349206349e-01 -2.3008413600e-02
6.6358276644e-01 -2.4457730600e-02
6.6367346939e-01 -2.5808473800e-02
6.6376417234e-01 -2.6525768600e-02
6.6385487528e-01 -2.7364723000e-02
6.6394557823e-01 -2.8321207800e-02
6.6403628118e-01 -2.8950508800e-02
6.6412698413e-01 -3.0053993600e-02
6.6421768707e-01 -3.1630542000e-02
6.6430839002e-01 -3.3005580200e-02
6.6439909297e-01 -3.4652500600e-02
6.6448979592e-01 -3.6753859400e-02
6.6458049887e-01 -3.8669775400e-02
6.6467120181e-01 -4.0535004000e-02
6.6476190476e-01 -4.2720397800e-02
6.6485260771e-01 -4.5085288400e-02
6.6494331066e-01 -4.7743539800e-02
6.6503401361e-01 -5.0459251800e-02
6.6512471655e-01 -5.3528866200e-02
6.6521541950e-01 -5.6608677400e-02
6.6530612245e-01 -5.9773332400e-02
6.6539682540e-01 -6.2635507000e-02
6.6548752834e-01 -6.5791160200e-02
6.6557823129e-01 -6.9148738200e-02
6.6566893424e-01 -7.2933635000e-02
6.6575963719e-01 -7.6606557800e-02
6.6585034014e-01 -8.0588069800e-02
6.6594104308e-01 -8.4387838800e-02
6.6603174603e-01 -8.7853289800e-02
6.6612244898e-01 -9.0724943400e-02
6.6621315193e-01 -9.3237809200e-02
6.6630385488e-01 -9.5446429200e-02
6.6639455782e-01 -9.7465346600e-02
6.6648526077e-01 -9.9185990400e-02
6.6657596372e-01 -1.0071217240e-01
6.6666666667e-01 -1.0190312340e-01
6.6675736961e-01 -1.0253935200e-01
6.6684807256e-01 -1.0268980400e-01
6.6693877551e-01 -1.0226937200e-01
6.6702947846e-01 -1.0139310600e-01
6.6712018141e-01 -1.0023520080e-01
6.6721088435e-01 -9.8906192000e-02
6.6730158730e-01 -9.7178896400e-02
6.6739229025e-01 -9.5073479000e-02
6.6748299320e-01 -9.2913493400e-02
6.6757369615e-01 -9.0202209400e-02
6.6766439909e-01 -8.6919227600e-02
6.6775510204e-01 -8.3746981400e-02
6.6784580499e-01 -8.0532270800e-02
6.6793650794e-01 -7.7307213800e-02
6.6802721088e-01 -7.4231942400e-02
6.6811791383e-01 -7.1324863200e-02
6.6820861678e-01 -6.7749887200e-02
6.6829931973e-01 -6.4372572000e-02
6.6839002268e-01 -6.1001474000e-02
6.6848072562e-01 -5.7524707800e-02
6.6857142857e-01 -5.4219094000e-02
6.6866213152e-01 -5.1258829800e-02
6.6875283447e-01 -4.8150720000e-02
6.6884353741e-01 -4.4942772400e-02
6.6893424036e-01 -4.1889227000e-02
6.6902494331e-01 -3.9046120200e-02
6.6911564626e-01 -3.6233248800e-02
6.6920634921e-01 -3.2863074000e-02
6.6929705215e-01 -3.0560410000e-02
6.6938775510e-01 -3.1465115000e-02
6.6947845805e-01 -2.8113558400e-02
6.6956916100e-01 -2.4235633600e-02
6.6965986395e-01 -2.1217786240e-02
6.6975056689e-01 -1.7214576040e-02
6.6984126984e-01 -1.0024278880e-02
6.6993197279e-01 -6.7206105320e-03
6.7002267574e-01 -4.0352465720e-03
6.7011337868e-01 -1.2298415920e-03
6.7020408163e-01 1.9842314680e-03
6.7029478458e-01 5.2643757080e-03
6.7038548753e-01 8.5292761600e-03
6.7047619048e-01 1.1710193600e-02
6.7056689342e-01 1.4921113660e-02
6.7065759637e-01 1.8094508200e-02
6.7074829932e-01 2.0869871000e-02
6.7083900227e-01 2.3573390800e-02
6.7092970522e-01 2.6802155200e-02
6.7102040816e-01 2.9988416400e-02
6.7111111111e-01 3.2544998200e-02
6.7120181406e-01 3.5137383400e-02
6.7129251701e-01 3.8076746600e-02
6.7138321995e-01 4.0869879200e-02
6.7147392290e-01 4.3568448400e-02
6.7156462585e-01 4.6343775800e-02
6.7165532880e-01 4.9010386400e-02
6.7174603175e-01 5.1124243600e-02
6.7183673469e-01 5.3019113800e-02
6.7192743764e-01 5.4718395000e-02
6.7201814059e-01 5.6025380600e-02
6.7210884354e-01 5.7204735400e-02
6.7219954649e-01 5.8509966600e-02
6.7229024943e-01 5.9522178600e-02
6.7238095238e-01 6.0480374000e-02
6.7247165533e-01 6.1777575400e-02
6.7256235828e-01 6.2854093200e-02
6.7265306122e-01 6.3531799400e-02
6.7274376417e-01 6.3795434200e-02
6.7283446712e-01 6.3840272200e-02
6.7292517007e-01 6.3897604600e-02
6.7301587302e-01 6.4282613400e-02
6.7310657596e-01 6.4278295200e-02
6.7319727891e-01 6.4408980600e-02
6.7328798186e-01 6.3840466400e-02
6.7337868481e-01 6.2767070400e-02
6.7346938776e-01 6.1327461400e-02
6.7356009070e-01 5.9761159800e-02
6.7365079365e-01 5.7384275000e-02
6.7374149660e-01 5.5155314400e-02
6.7383219955e-01 5.2668877000e-02
6.7392290249e-01 4.9137504800e-02
6.7401360544e-01 4.5389807400e-02
6.7410430839e-01 4.1579433000e-02
6.7419501134e-01 3.7382705400e-02
6.7428571429e-01 3.3130560000e-02
6.7437641723e-01 2.9317936200e-02
6.7446712018e-01 2.5216755000e-02
6.7455782313e-01 2.1595608400e-02
6.7464852608e-01 1.8677707400e-02
6.7473922902e-01 1.6210498200e-02
6.7482993197e-01 1.4522339000e-02
6.7492063492e-01 1.3766504600e-02
6.7501133787e-01 1.3351403400e-02
6.7510204082e-01 1.3976638600e-02
6.7519274376e-01 1.5444460000e-02
6.7528344671e-01 1.7208243400e-02
6.7537414966e-01 1.9699746600e-02
6.7546485261e-01 2.2979176400e-02
6.7555555556e-01 2.6169055600e-02
6.7564625850e-01 2.9380617200e-02
6.7573696145e-01 3.2993169000e-02
6.7582766440e-01 3.6923410800e-02
6.7591836735e-01 4.0470326200e-02
6.7600907029e-01 4.3587936800e-02
6.7609977324e-01 4.6724909000e-02
6.7619047619e-01 4.9625621000e-02
6.7628117914e-01 5.2130685400e-02
6.7637188209e-01 5.4079598800e-02
6.7646258503e-01 5.6047159600e-02
6.7655328798e-01 5.7810514000e-02
6.7664399093e-01 5.9565533800e-02
6.7673469388e-01 6.1140627400e-02
6.7682539683e-01 6.3181138400e-02
6.7691609977e-01 6.4995253400e-02
6.7700680272e-01 6.6586498000e-02
6.7709750567e-01 6.7354684400e-02
6.7718820862e-01 6.8012921400e-02
6.7727891156e-01 6.8362143400e-02
6.7736961451e-01 6.8575215200e-02
6.7746031746e-01 6.8632398600e-02
6.7755102041e-01 6.8268442800e-02
6.7764172336e-01 6.7264047800e-02
6.7773242630e-01 6.6044776000e-02
6.7782312925e-01 6.4256619000e-02
6.7791383220e-01 6.1763880600e-02
6.7800453515e-01 5.9757128600e-02
6.7809523810e-01 5.7464873800e-02
6.7818594104e-01 5.4622667400e-02
6.7827664399e-01 5.1569459800e-02
6.7836734694e-01 4.8454480000e-02
6.7845804989e-01 4.5010728800e-02
6.7854875283e-01 4.1401155600e-02
6.7863945578e-01 3.7762659800e-02
6.7873015873e-01 3.4516045200e-02
6.7882086168e-01 3.1127741800e-02
6.7891156463e-01 2.7621222800e-02
6.7900226757e-01 2.4244739000e-02
6.7909297052e-01 2.1139494800e-02
6.7918367347e-01 1.8086828600e-02
6.7927437642e-01 1.5481866800e-02
6.7936507937e-01 1.2902936200e-02
6.7945578231e-01 1.0305264000e-02
6.7954648526e-01 7.9267276400e-03
6.7963718821e-01 5.6186361600e-03
6.7972789116e-01 3.0571780200e-03
6.7981859410e-01 6.9458910000e-04
6.7990929705e-01 -1.2051892800e-03
6.8000000000e-01 -3.1733890400e-03
6.8009070295e-01 -5.5002487600e-03
6.8018140590e-01 -7.2476544200e-03
6.8027210884e-01 -8.7383357000e-03
6.8036281179e-01 -1.0239474920e-02
6.8045351474e-01 -1.2047134400e-02
6.8054421769e-01 -1.3265492600e-02
6.8063492063e-01 -1.4447802800e-02
6.8072562358e-01 -1.5949949200e-02
6.8081632653e-01 -1.7563928600e-02
6.8090702948e-01 -1.8536812800e-02
6.8099773243e-01 -1.9485966200e-02
6.8108843537e-01 -2.0811797000e-02
6.8117913832e-01 -2.1667471800e-02
6.8126984127e-01 -2.2374483000e-02
6.8136054422e-01 -2.3264646200e-02
6.8145124717e-01 -2.3826171600e-02
6.8154195011e-01 -2.3889644000e-02
6.8163265306e-01 -2.4209822600e-02
6.8172335601e-01 -2.4698296400e-02
6.8181405896e-01 -2.6337190800e-02
6.8190476190e-01 -2.9274234600e-02
6.8199546485e-01 -3.0224641800e-02
6.8208616780e-01 -3.1242148400e-02
6.8217687075e-01 -3.2349919000e-02
6.8226757370e-01 -3.2114096600e-02
6.8235827664e-01 -3.1157684200e-02
6.8244897959e-01 -3.2334572800e-02
6.8253968254e-01 -3.3592461600e-02
6.8263038549e-01 -3.4903467000e-02
6.8272108844e-01 -3.6516941200e-02
6.8281179138e-01 -3.8164221600e-02
6.8290249433e-01 -4.0211449600e-02
6.8299319728e-01 -4.2097684400e-02
6.8308390023e-01 -4.4144062000e-02
6.8317460317e-01 -4.6161452000e-02
6.8326530612e-01 -4.8745736400e-02
6.8335600907e-01 -5.1506631400e-02
6.8344671202e-01 -5.4430227400e-02
6.8353741497e-01 -5.7557957200e-02
6.8362811791e-01 -6.1215531600e-02
6.8371882086e-01 -6.4547918000e-02
6.8380952381e-01 -6.7816060800e-02
6.8390022676e-01 -7.1722373000e-02
6.8399092971e-01 -7.5227131800e-02
6.8408163265e-01 -7.8568401200e-02
6.8417233560e-01 -8.1743769200e-02
6.8426303855e-01 -8.4645421600e-02
6.8435374150e-01 -8.7147990400e-02
6.8444444444e-01 -8.9769297400e-02
6.8453514739e-01 -9.1771350000e-02
6.8462585034e-01 -9.3506940400e-02
6.8471655329e-01 -9.4908357400e-02
6.8480725624e-01 -9.5948801800e-02
6.8489795918e-01 -9.6358353800e-02
6.8498866213e-01 -9.6761021200e-02
6.8507936508e-01 -9.7004822600e-02
6.8517006803e-01 -9.6809992400e-02
6.8526077098e-01 -9.6231939400e-02
6.8535147392e-01 -9.5135885400e-02
6.8544217687e-01 -9.3519134000e-02
6.8553287982e-01 -9.1381272800e-02
6.8562358277e-01 -8.9177233800e-02
6.8571428571e-01 -8.6092607400e-02
6.8580498866e-01 -8.3196339600e-02
6.8589569161e-01 -8.0252263000e-02
6.8598639456e-01 -7.7007706800e-02
6.8607709751e-01 -7.3933030000e-02
6.8616780045e-01 -7.0968882800e-02
6.8625850340e-01 -6.7779519000e-02
6.8634920635e-01 -6.4387263600e-02
6.8643990930e-01 -6.1303547000e-02
6.8653061224e-01 -5.8265860200e-02
6.8662131519e-01 -5.5551694600e-02
6.8671201814e-01 -5.2887660000e-02
6.8680272109e-01 -5.0320526200e-02
6.8689342404e-01 -4.7260552800e-02
6.8698412698e-01 -4.3931250600e-02
6.8707482993e-01 -4.0586467400e-02
6.8716553288e-01 -3.7224746600e-02
6.8725623583e-01 -3.3927584400e-02
6.8734693878e-01 -3.1156970000e-02
6.8743764172e-01 -2.8262955600e-02
6.8752834467e-01 -2.5353312000e-02
6.8761904762e-01 -2.2380902400e-02
6.8770975057e-01 -1.9236617200e-02
6.8780045351e-01 -1.6076071200e-02
6.8789115646e-01 -1.3351771260e-02
6.8798185941e-01 -1.0538445100e-02
6.8807256236e-01 -7.9470358800e-03
6.8816326531e-01 -5.5943102800e-03
6.8825396825e-01 -3.1295494000e-03
6.8834467120e-01 -4.8695188000e-04
6.8843537415e-01 2.1218605800e-03
6.8852607710e-01 5.2204123600e-03
6.8861678005e-01 8.0204831600e-03
6.8870748299e-01 1.0551239880e-02
6.8879818594e-01 1.3437110420e-02
6.8888888889e-01 1.6290691200e-02
6.8897959184e-01 1.8812284800e-02
6.8907029478e-01 2.1906567400e-02
6.8916099773e-01 2.5344273200e-02
6.8925170068e-01 2.8182374800e-02
6.8934240363e-01 3.1189246000e-02
6.8943310658e-01 3.3969902400e-02
6.8952380952e-01 3.6501230600e-02
6.8961451247e-01 3.8958087400e-02
6.8970521542e-01 4.1697419200e-02
6.8979591837e-01 4.4254600000e-02
6.8988662132e-01 4.6537749400e-02
6.8997732426e-01 4.8868848400e-02
6.9006802721e-01 5.0649404400e-02
6.9015873016e-01 5.2125628800e-02
6.9024943311e-01 5.3713075800e-02
6.9034013605e-01 5.5233905000e-02
6.9043083900e-01 5.6563759400e-02
6.9052154195e-01 5.8007966600e-02
6.9061224490e-01 5.9036320800e-02
6.9070294785e-01 5.9489117400e-02
6.9079365079e-01 6.0122397600e-02
6.9088435374e-01 6.0687865000e-02
6.9097505669e-01 6.1565232400e-02
6.9106575964e-01 6.2307640600e-02
6.9115646259e-01 6.2958973400e-02
6.9124716553e-01 6.3275973600e-02
6.9133786848e-01 6.2852480000e-02
6.9142857143e-01 6.1751942000e-02
6.9151927438e-01 6.0648583000e-02
6.9160997732e-01 5.9489052000e-02
6.9170068027e-01 5.8165606000e-02
6.9179138322e-01 5.6448472200e-02
6.9188208617e-01 5.3829331600e-02
6.9197278912e-01 5.0845229200e-02
6.9206349206e-01 4.7219882800e-02
6.9215419501e-01 4.2959903200e-02
6.9224489796e-01 3.8591658600e-02
6.9233560091e-01 3.4514951600e-02
6.9242630385e-01 3.0412191400e-02
6.9251700680e-01 2.6069260600e-02
6.9260770975e-01 2.1941697400e-02
6.9269841270e-01 1.8589568600e-02
6.9278911565e-01 1.5690121200e-02
6.9287981859e-01 1.3344139800e-02
6.9297052154e-01 1.2059868000e-02
6.9306122449e-01 1.1637055600e-02
6.9315192744e-01 1.1574992400e-02
6.9324263039e-01 1.2220999200e-02
6.9333333333e-01 1.3746274600e-02
6.9342403628e-01 1.6341224800e-02
6.9351473923e-01 1.9129652200e-02
6.9360544218e-01 2.2109592600e-02
6.9369614512e-01 2.5844328400e-02
6.9378684807e-01 2.9766712200e-02
6.9387755102e-01 3.3251297800e-02
6.9396825397e-01 3.6883347600e-02
6.9405895692e-01 4.0773022000e-02
6.9414965986e-01 4.4034725800e-02
6.9424036281e-01 4.7363632200e-02
6.9433106576e-01 4.8506930800e-02
6.9442176871e-01 4.8915084400e-02
6.9451247166e-01 5.1649610400e-02
6.9460317460e-01 5.3846569000e-02
6.9469387755e-01 5.5461082200e-02
6.9478458050e-01 5.9254585200e-02
6.9487528345e-01 6.3470888400e-02
6.9496598639e-01 6.5046162600e-02
6.9505668934e-01 6.7078373600e-02
6.9514739229e-01 6.8861060800e-02
6.9523809524e-01 7.0112837400e-02
6.9532879819e-01 7.1207578200e-02
6.9541950113e-01 7.2030020000e-02
6.9551020408e-01 7.2253221800e-02
6.9560090703e-01 7.2149262000e-02
6.9569160998e-01 7.1741812600e-02
6.9578231293e-01 7.0521200800e-02
6.9587301587e-01 6.8917293000e-02
6.9596371882e-01 6.7062249800e-02
6.9605442177e-01 6.4668776400e-02
6.9614512472e-01 6.2296338200e-02
6.9623582766e-01 6.0295324800e-02
6.9632653061e-01 5.7885110400e-02
6.9641723356e-01 5.5090076400e-02
6.9650793651e-01 5.2171843200e-02
6.9659863946e-01 4.8770631400e-02
6.9668934240e-01 4.5101902400e-02
6.9678004535e-01 4.1256227200e-02
6.9687074830e-01 3.7801172800e-02
6.9696145125e-01 3.4693619600e-02
6.9705215420e-01 3.1520270000e-02
6.9714285714e-01 2.8311430800e-02
6.9723356009e-01 2.5315446400e-02
6.9732426304e-01 2.2300557400e-02
6.9741496599e-01 1.9122633600e-02
6.9750566893e-01 1.6172117400e-02
6.9759637188e-01 1.3078000120e-02
6.9768707483e-01 1.0256361500e-02
6.9777777778e-01 7.5736604200e-03
6.9786848073e-01 5.2234806600e-03
6.9795918367e-01 2.6174509000e-03
6.9804988662e-01 4.4286878000e-04
6.9814058957e-01 -1.5804052400e-03
6.9823129252e-01 -3.2999224400e-03
6.9832199546e-01 -5.1965292800e-03
6.9841269841e-01 -7.0690319200e-03
6.9850340136e-01 -8.7160813200e-03
6.9859410431e-01 -1.0183925080e-02
6.9868480726e-01 -1.1831290400e-02
6.9877551020e-01 -1.3383472600e-02
6.9886621315e-01 -1.4606533000e-02
6.9895691610e-01 -1.5879287400e-02
6.9904761905e-01 -1.7223930400e-02
6.9913832200e-01 -1.8627346000e-02
6.9922902494e-01 -1.9922270600e-02
6.9931972789e-01 -2.1063954200e-02
6.9941043084e-01 -2.2069320400e-02
6.9950113379e-01 -2.2864243000e-02
6.9959183673e-01 -2.3607727200e-02
6.9968253968e-01 -2.4033845600e-02
6.9977324263e-01 -2.4324831600e-02
6.9986394558e-01 -2.4612189800e-02
6.9995464853e-01 -2.5184349200e-02
7.0004535147e-01 -2.5792750200e-02
7.0013605442e-01 -2.6262951800e-02
7.0022675737e-01 -2.7044581600e-02
7.0031746032e-01 -2.7937812200e-02
7.0040816327e-01 -2.9099691400e-02
7.0049886621e-01 -3.0216625800e-02
7.0058956916e-01 -3.1983535200e-02
7.0068027211e-01 -3.3827971200e-02
7.0077097506e-01 -3.5792526200e-02
7.0086167800e-01 -3.7760658200e-02
7.0095238095e-01 -3.9925267800e-02
7.0104308390e-01 -4.1865840800e-02
7.0113378685e-01 -4.3789719200e-02
7.0122448980e-01 -4.6177530600e-02
7.0131519274e-01 -4.8696933800e-02
7.0140589569e-01 -5.1084184600e-02
7.0149659864e-01 -5.3891645800e-02
7.0158730159e-01 -5.7067433800e-02
7.0167800454e-01 -6.0233858000e-02
7.0176870748e-01 -6.3216908600e-02
7.0185941043e-01 -6.6371965800e-02
7.0195011338e-01 -6.9566062200e-02
7.0204081633e-01 -7.2562408600e-02
7.0213151927e-01 -7.5631344800e-02
7.0222222222e-01 -7.9043098000e-02
7.0231292517e-01 -8.2259990000e-02
7.0240362812e-01 -8.5212277600e-02
7.0249433107e-01 -8.8051873000e-02
7.0258503401e-01 -9.0380331200e-02
7.0267573696e-01 -9.2464334200e-02
7.0276643991e-01 -9.4606027600e-02
7.0285714286e-01 -9.6194506000e-02
7.0294784580e-01 -9.7371118800e-02
7.0303854875e-01 -9.8346951800e-02
7.0312925170e-01 -9.8783814000e-02
7.0321995465e-01 -9.8547179600e-02
7.0331065760e-01 -9.8196086600e-02
7.0340136054e-01 -9.7407346200e-02
7.0349206349e-01 -9.5951973200e-02
7.0358276644e-01 -9.4521920400e-02
7.0367346939e-01 -9.2434960000e-02
7.0376417234e-01 -8.9890718400e-02
7.0385487528e-01 -8.7530509200e-02
7.0394557823e-01 -8.5067459800e-02
7.0403628118e-01 -8.2155483000e-02
7.0412698413e-01 -7.9260474200e-02
7.0421768707e-01 -7.6311408200e-02
7.0430839002e-01 -7.2774892000e-02
7.0439909297e-01 -6.9236718600e-02
7.0448979592e-01 -6.5389375200e-02
7.0458049887e-01 -6.2134443000e-02
7.0467120181e-01 -5.8646823400e-02
7.0476190476e-01 -5.5283000800e-02
7.0485260771e-01 -5.2065770200e-02
7.0494331066e-01 -4.9083574400e-02
7.0503401361e-01 -4.5841661400e-02
7.0512471655e-01 -4.2990972600e-02
7.0521541950e-01 -4.0482110000e-02
7.0530612245e-01 -3.7918941200e-02
7.0539682540e-01 -3.5182916400e-02
7.0548752834e-01 -3.2216359600e-02
7.0557823129e-01 -2.9344402600e-02
7.0566893424e-01 -2.6403399200e-02
7.0575963719e-01 -2.3202006000e-02
7.0585034014e-01 -2.0131681800e-02
7.0594104308e-01 -1.7274357600e-02
7.0603174603e-01 -1.4241513480e-02
7.0612244898e-01 -1.1236499740e-02
7.0621315193e-01 -8.3755818200e-03
7.0630385488e-01 -5.0020080600e-03
7.0639455782e-01 -1.6394286200e-03
7.0648526077e-01 1.5122805800e-03
7.0657596372e-01 4.8406466400e-03
7.0666666667e-01 8.0520719200e-03
7.0675736961e-01 1.1275089160e-02
7.0684807256e-01 1.1782751400e-02
7.0693877551e-01 1.3352500280e-02
7.0702947846e-01 1.6638815080e-02
7.0712018141e-01 1.9833022080e-02
7.0721088435e-01 2.2551173280e-02
7.0730158730e-01 2.7855918000e-02
7.0739229025e-01 3.2171979200e-02
7.0748299320e-01 3.4903596000e-02
7.0757369615e-01 3.7618521600e-02
7.0766439909e-01 3.9898767800e-02
7.0775510204e-01 4.2277884000e-02
7.0784580499e-01 4.4633631000e-02
7.0793650794e-01 4.6886819200e-02
7.0802721088e-01 4.9110146200e-02
7.0811791383e-01 5.1253761800e-02
7.0820861678e-01 5.3205035000e-02
7.0829931973e-01 5.4770937000e-02
7.0839002268e-01 5.5602197000e-02
7.0848072562e-01 5.6250860800e-02
7.0857142857e-01 5.6976181800e-02
7.0866213152e-01 5.7529108800e-02
7.0875283447e-01 5.7860224200e-02
7.0884353741e-01 5.8677505000e-02
7.0893424036e-01 5.9511959600e-02
7.0902494331e-01 6.0255710800e-02
7.0911564626e-01 6.0613222800e-02
7.0920634921e-01 6.0790149200e-02
7.0929705215e-01 6.0691025800e-02
7.0938775510e-01 6.0469764200e-02
7.0947845805e-01 5.9983544400e-02
7.0956916100e-01 5.9367710800e-02
7.0965986395e-01 5.8683842000e-02
7.0975056689e-01 5.7225317000e-02
7.0984126984e-01 5.5308933800e-02
7.0993197279e-01 5.2941291000e-02
7.1002267574e-01 5.0031204800e-02
7.1011337868e-01 4.6737212800e-02
7.1020408163e-01 4.3185602600e-02
7.1029478458e-01 3.8998468600e-02
7.1038548753e-01 3.4437600800e-02
7.1047619048e-01 3.0294713400e-02
7.1056689342e-01 2.5737948600e-02
7.1065759637e-01 2.1213774400e-02
7.1074829932e-01 1.7216608620e-02
7.1083900227e-01 1.3676849240e-02
7.1092970522e-01 1.0022107880e-02
7.1102040816e-01 7.7763083000e-03
7.1111111111e-01 6.7970556600e-03
7.1120181406e-01 6.3501735800e-03
7.1129251701e-01 6.6500716600e-03
7.1138321995e-01 7.8015572200e-03
7.1147392290e-01 9.5789952000e-03
7.1156462585e-01 1.1918099240e-02
7.1165532880e-01 1.4747845900e-02
7.1174603175e-01 1.8172782600e-02
7.1183673469e-01 2.2057212800e-02
7.1192743764e-01 2.5910805600e-02
7.1201814059e-01 2.9491585800e-02
7.1210884354e-01 3.3134195600e-02
7.1219954649e-01 3.6861131600e-02
7.1229024943e-01 4.0319388000e-02
7.1238095238e-01 4.3617103600e-02
7.1247165533e-01 4.6636522800e-02
7.1256235828e-01 4.9623374200e-02
7.1265306122e-01 5.2317969400e-02
7.1274376417e-01 5.5002562200e-02
7.1283446712e-01 5.7275914200e-02
7.1292517007e-01 5.9494461000e-02
7.1301587302e-01 6.1510843600e-02
7.1310657596e-01 6.3356394600e-02
7.1319727891e-01 6.5107822400e-02
7.1328798186e-01 6.6762258600e-02
7.1337868481e-01 6.8209819200e-02
7.1346938776e-01 6.9166369600e-02
7.1356009070e-01 6.9719374400e-02
7.1365079365e-01 6.9979555600e-02
7.1374149660e-01 7.0218303000e-02
7.1383219955e-01 6.9739747200e-02
7.1392290249e-01 6.8897010000e-02
7.1401360544e-01 6.7622808600e-02
7.1410430839e-01 6.5928622200e-02
7.1419501134e-01 6.3612449800e-02
7.1428571429e-01 6.1476914600e-02
7.1437641723e-01 5.9160263600e-02
7.1446712018e-01 5.6376881600e-02
7.1455782313e-01 5.3580604000e-02
7.1464852608e-01 5.0531065400e-02
7.1473922902e-01 4.7362155200e-02
7.1482993197e-01 4.3995275800e-02
7.1492063492e-01 4.0999578200e-02
7.1501133787e-01 3.7718721400e-02
7.1510204082e-01 3.4330055600e-02
7.1519274376e-01 3.1372346800e-02
7.1528344671e-01 2.8818475400e-02
7.1537414966e-01 2.6036067600e-02
7.1546485261e-01 2.3284793800e-02
7.1555555556e-01 2.1006185400e-02
7.1564625850e-01 1.8354178600e-02
7.1573696145e-01 1.5484332200e-02
7.1582766440e-01 1.3013138440e-02
7.1591836735e-01 1.0608974460e-02
7.1600907029e-01 7.9041581800e-03
7.1609977324e-01 5.6819158200e-03
7.1619047619e-01 3.4380826200e-03
7.1628117914e-01 1.2791359000e-03
7.1637188209e-01 -5.7689240000e-04
7.1646258503e-01 -2.0503953000e-03
7.1655328798e-01 -4.0180765200e-03
7.1664399093e-01 -5.7247422400e-03
7.1673469388e-01 -7.2351111600e-03
7.1682539683e-01 -8.6715056800e-03
7.1691609977e-01 -1.0364515100e-02
7.1700680272e-01 -1.1907592920e-02
7.1709750567e-01 -1.3165576200e-02
7.1718820862e-01 -1.4473740600e-02
7.1727891156e-01 -1.6025186000e-02
7.1736961451e-01 -1.7108404400e-02
7.1746031746e-01 -1.7917270000e-02
7.1755102041e-01 -1.8631367000e-02
7.1764172336e-01 -1.9140639200e-02
7.1773242630e-01 -1.9519919200e-02
7.1782312925e-01 -2.0197819000e-02
7.1791383220e-01 -2.0585864400e-02
7.1800453515e-01 -2.1214759200e-02
7.1809523810e-01 -2.1913323600e-02
7.1818594104e-01 -2.2257972800e-02
7.1827664399e-01 -2.2766025800e-02
7.1836734694e-01 -2.3583913600e-02
7.1845804989e-01 -2.4598632800e-02
7.1854875283e-01 -2.5797947400e-02
7.1863945578e-01 -2.7521556600e-02
7.1873015873e-01 -2.9114313400e-02
7.1882086168e-01 -3.0870323800e-02
7.1891156463e-01 -3.2394908600e-02
7.1900226757e-01 -3.4229694400e-02
7.1909297052e-01 -3.5977611800e-02
7.1918367347e-01 -3.7903848000e-02
7.1927437642e-01 -3.9862618200e-02
7.1936507937e-01 -4.5160302600e-02
7.1945578231e-01 -4.8773017400e-02
7.1954648526e-01 -5.1530047800e-02
7.1963718821e-01 -5.4465000400e-02
7.1972789116e-01 -5.7379161000e-02
7.1981859410e-01 -5.7369653600e-02
7.1990929705e-01 -5.9481872600e-02
7.2000000000e-01 -6.2977117600e-02
7.2009070295e-01 -6.6260972800e-02
7.2018140590e-01 -6.9671927800e-02
7.2027210884e-01 -7.3313825000e-02
7.2036281179e-01 -7.6522727800e-02
7.2045351474e-01 -7.9262642600e-02
7.2054421769e-01 -8.2156232000e-02
7.2063492063e-01 -8.4807651200e-02
7.2072562358e-01 -8.7216659000e-02
7.2081632653e-01 -8.9458612400e-02
7.2090702948e-01 -9.1805918600e-02
7.2099773243e-01 -9.3390733200e-02
7.2108843537e-01 -9.5035067400e-02
7.2117913832e-01 -9.6212954800e-02
7.2126984127e-01 -9.7110217200e-02
7.2136054422e-01 -9.7186934600e-02
7.2145124717e-01 -9.7051465600e-02
7.2154195011e-01 -9.6397906400e-02
7.2163265306e-01 -9.5340140000e-02
7.2172335601e-01 -9.3606821400e-02
7.2181405896e-01 -9.1695895400e-02
7.2190476190e-01 -8.9560339400e-02
7.2199546485e-01 -8.7011547600e-02
7.2208616780e-01 -8.4219779800e-02
7.2217687075e-01 -8.1243190800e-02
7.2226757370e-01 -7.8055820200e-02
7.2235827664e-01 -7.5013993000e-02
7.2244897959e-01 -7.1893107800e-02
7.2253968254e-01 -6.8471471800e-02
7.2263038549e-01 -6.5052300400e-02
7.2272108844e-01 -6.2025618200e-02
7.2281179138e-01 -5.8919820000e-02
7.2290249433e-01 -5.5751886800e-02
7.2299319728e-01 -5.2653407400e-02
7.2308390023e-01 -4.9976641400e-02
7.2317460317e-01 -4.6838677400e-02
7.2326530612e-01 -4.3560058600e-02
7.2335600907e-01 -4.1113380200e-02
7.2344671202e-01 -3.8732596000e-02
7.2353741497e-01 -3.5885346600e-02
7.2362811791e-01 -3.3514526800e-02
7.2371882086e-01 -3.1259044800e-02
7.2380952381e-01 -2.8220761000e-02
7.2390022676e-01 -2.5173841200e-02
7.2399092971e-01 -2.2536988600e-02
7.2408163265e-01 -1.9574244200e-02
7.2417233560e-01 -1.6257157500e-02
7.2426303855e-01 -1.3118439020e-02
7.2435374150e-01 -1.0101563540e-02
7.2444444444e-01 -6.9770095000e-03
7.2453514739e-01 -3.9822534600e-03
7.2462585034e-01 -1.2853073600e-03
7.2471655329e-01 1.7233774200e-03
7.2480725624e-01 4.8456639400e-03
7.2489795918e-01 7.7704101000e-03
7.2498866213e-01 1.0849824660e-02
7.2507936508e-01 1.4165794260e-02
7.2517006803e-01 1.7377730000e-02
7.2526077098e-01 2.0469227200e-02
7.2535147392e-01 2.3593032200e-02
7.2544217687e-01 2.6688135800e-02
7.2553287982e-01 2.9505186400e-02
7.2562358277e-01 3.2056836200e-02
7.2571428571e-01 3.4722184600e-02
7.2580498866e-01 3.7627431200e-02
7.2589569161e-01 4.0535252200e-02
7.2598639456e-01 4.3030025400e-02
7.2607709751e-01 4.4996608400e-02
7.2616780045e-01 4.7087167400e-02
7.2625850340e-01 4.9069712800e-02
7.2634920635e-01 5.0467411200e-02
7.2643990930e-01 5.2309004800e-02
7.2653061224e-01 5.4599189000e-02
7.2662131519e-01 5.6001480800e-02
7.2671201814e-01 5.6986687000e-02
7.2680272109e-01 5.8052001400e-02
7.2689342404e-01 5.8254974400e-02
7.2698412698e-01 5.8456696400e-02
7.2707482993e-01 5.8928950000e-02
7.2716553288e-01 5.9279195400e-02
7.2725623583e-01 5.9477113800e-02
7.2734693878e-01 5.9845814600e-02
7.2743764172e-01 5.9581193800e-02
7.2752834467e-01 5.9261638400e-02
7.2761904762e-01 5.8752154200e-02
7.2770975057e-01 5.7919165200e-02
7.2780045351e-01 5.6597026200e-02
7.2789115646e-01 5.5177898600e-02
7.2798185941e-01 5.3066216200e-02
7.2807256236e-01 5.0330296400e-02
7.2816326531e-01 4.7346847800e-02
7.2825396825e-01 4.3905619800e-02
7.2834467120e-01 3.9822259600e-02
7.2843537415e-01 3.5475858600e-02
7.2852607710e-01 3.0879953400e-02
7.2861678005e-01 2.6062686600e-02
7.2870748299e-01 2.1457985200e-02
7.2879818594e-01 1.7102953340e-02
7.2888888889e-01 1.3093323960e-02
7.2897959184e-01 9.5149811400e-03
7.2907029478e-01 6.7461204400e-03
7.2916099773e-01 4.7730227200e-03
7.2925170068e-01 3.5489966400e-03
7.2934240363e-01 3.1622014400e-03
7.2943310658e-01 3.5463987800e-03
7.2952380952e-01 4.5451654400e-03
7.2961451247e-01 6.2063969600e-03
7.2970521542e-01 8.5636897000e-03
7.2979591837e-01 1.1645927680e-02
7.2988662132e-01 1.5078978160e-02
7.2997732426e-01 1.8904572800e-02
7.3006802721e-01 2.2852870800e-02
7.3015873016e-01 2.6642546000e-02
7.3024943311e-01 3.0414268200e-02
7.3034013605e-01 3.4458824200e-02
7.3043083900e-01 3.8193633400e-02
7.3052154195e-01 4.2028431800e-02
7.3061224490e-01 4.5335565600e-02
7.3070294785e-01 4.8436629400e-02
7.3079365079e-01 5.1281558600e-02
7.3088435374e-01 5.3472900600e-02
7.3097505669e-01 5.5462431400e-02
7.3106575964e-01 5.7573087400e-02
7.3115646259e-01 5.9354506400e-02
7.3124716553e-01 6.0868357600e-02
7.3133786848e-01 6.2655479400e-02
7.3142857143e-01 6.4269735600e-02
7.3151927438e-01 6.5695991600e-02
7.3160997732e-01 6.6410169000e-02
7.3170068027e-01 6.7044230600e-02
7.3179138322e-01 6.7029482800e-02
7.3188208617e-01 6.3019734200e-02
7.3197278912e-01 6.2178578600e-02
7.3206349206e-01 6.1996162800e-02
7.3215419501e-01 6.0827053400e-02
7.3224489796e-01 5.9844051000e-02
7.3233560091e-01 6.1983757000e-02
7.3242630385e-01 6.0651697200e-02
7.3251700680e-01 5.8190662200e-02
7.3260770975e-01 5.5793574400e-02
7.3269841270e-01 5.3131923200e-02
7.3278911565e-01 5.0371581400e-02
7.3287981859e-01 4.7380271200e-02
7.3297052154e-01 4.4277856600e-02
7.3306122449e-01 4.1282314000e-02
7.3315192744e-01 3.8305611600e-02
7.3324263039e-01 3.5274736000e-02
7.3333333333e-01 3.2101739400e-02
7.3342403628e-01 2.8865660000e-02
7.3351473923e-01 2.5551494200e-02
7.3360544218e-01 2.2580366000e-02
7.3369614512e-01 1.9491107000e-02
7.3378684807e-01 1.6586983800e-02
7.3387755102e-01 1.4178303360e-02
7.3396825397e-01 1.1932510180e-02
7.3405895692e-01 9.6125019800e-03
7.3414965986e-01 7.4734577200e-03
7.3424036281e-01 5.1787368040e-03
7.3433106576e-01 3.0595431380e-03
7.3442176871e-01 1.3484399580e-03
7.3451247166e-01 -6.8683172200e-04
7.3460317460e-01 -2.2376996220e-03
7.3469387755e-01 -3.2681937460e-03
7.3478458050e-01 -4.5099404200e-03
7.3487528345e-01 -5.9272779600e-03
7.3496598639e-01 -7.1223142800e-03
7.3505668934e-01 -8.2680817200e-03
7.3514739229e-01 -9.4605990800e-03
7.3523809524e-01 -1.0447566300e-02
7.3532879819e-01 -1.1313258000e-02
7.3541950113e-01 -1.2174326000e-02
7.3551020408e-01 -1.3193106200e-02
7.3560090703e-01 -1.4170628400e-02
7.3569160998e-01 -1.4998404600e-02
7.3578231293e-01 -1.5686314200e-02
7.3587301587e-01 -1.6270586000e-02
7.3596371882e-01 -1.6879125000e-02
7.3605442177e-01 -1.7101006000e-02
7.3614512472e-01 -1.7336903000e-02
7.3623582766e-01 -1.7687691800e-02
7.3632653061e-01 -1.8109226600e-02
7.3641723356e-01 -1.8398235000e-02
7.3650793651e-01 -1.8968517200e-02
7.3659863946e-01 -1.9936646800e-02
7.3668934240e-01 -2.0998341200e-02
7.3678004535e-01 -2.2048104800e-02
7.3687074830e-01 -2.3511873400e-02
7.3696145125e-01 -2.5293305000e-02
7.3705215420e-01 -2.6810038000e-02
7.3714285714e-01 -2.8488241000e-02
7.3723356009e-01 -3.0589523200e-02
7.3732426304e-01 -3.2470010600e-02
7.3741496599e-01 -3.4824066800e-02
7.3750566893e-01 -3.7361577000e-02
7.3759637188e-01 -3.9927716800e-02
7.3768707483e-01 -4.2659243200e-02
7.3777777778e-01 -4.5752397200e-02
7.3786848073e-01 -4.8502358200e-02
7.3795918367e-01 -5.1717880000e-02
7.3804988662e-01 -5.5216853200e-02
7.3814058957e-01 -5.8321924400e-02
7.3823129252e-01 -6.1562823600e-02
7.3832199546e-01 -6.4921347800e-02
7.3841269841e-01 -6.8118278400e-02
7.3850340136e-01 -7.1084827000e-02
7.3859410431e-01 -7.4330773600e-02
7.3868480726e-01 -7.7098671200e-02
7.3877551020e-01 -8.0298365800e-02
7.3886621315e-01 -8.3086942200e-02
7.3895691610e-01 -8.5727248600e-02
7.3904761905e-01 -8.8108538000e-02
7.3913832200e-01 -9.0419943200e-02
7.3922902494e-01 -9.1440994200e-02
7.3931972789e-01 -9.2295335200e-02
7.3941043084e-01 -9.2830533600e-02
7.3950113379e-01 -9.3290249400e-02
7.3959183673e-01 -9.3214225400e-02
7.3968253968e-01 -9.2988526400e-02
7.3977324263e-01 -9.2387210400e-02
7.3986394558e-01 -9.1350178400e-02
7.3995464853e-01 -8.9421017800e-02
7.4004535147e-01 -8.7412299600e-02
7.4013605442e-01 -8.5374998000e-02
7.4022675737e-01 -8.3016398000e-02
7.4031746032e-01 -8.0483040000e-02
7.4040816327e-01 -7.7920883600e-02
7.4049886621e-01 -7.5043363000e-02
7.4058956916e-01 -7.2080706800e-02
7.4068027211e-01 -6.9275561800e-02
7.4077097506e-01 -6.6519662600e-02
7.4086167800e-01 -6.3672183000e-02
7.4095238095e-01 -6.0921739200e-02
7.4104308390e-01 -5.8236023600e-02
7.4113378685e-01 -5.5450929400e-02
7.4122448980e-01 -5.2549580600e-02
7.4131519274e-01 -5.0146787200e-02
7.4140589569e-01 -4.7763683600e-02
7.4149659864e-01 -4.5332640200e-02
7.4158730159e-01 -4.2896791800e-02
7.4167800454e-01 -4.0240451000e-02
7.4176870748e-01 -3.7315382600e-02
7.4185941043e-01 -3.4227793600e-02
7.4195011338e-01 -3.1266709200e-02
7.4204081633e-01 -2.8316724800e-02
7.4213151927e-01 -2.5145861000e-02
7.4222222222e-01 -2.2077793600e-02
7.4231292517e-01 -1.9154560800e-02
7.4240362812e-01 -1.6057824400e-02
7.4249433107e-01 -1.2885510700e-02
7.4258503401e-01 -9.9948219400e-03
7.4267573696e-01 -6.5816482200e-03
7.4276643991e-01 -3.0692992800e-03
7.4285714286e-01 6.5054674000e-04
7.4294784580e-01 4.4189830400e-03
7.4303854875e-01 8.1174550800e-03
7.4312925170e-01 1.1479861760e-02
7.4321995465e-01 1.4892172820e-02
7.4331065760e-01 1.8153708200e-02
7.4340136054e-01 2.1175407200e-02
7.4349206349e-01 2.4029650800e-02
7.4358276644e-01 2.6964206200e-02
7.4367346939e-01 2.9722180800e-02
7.4376417234e-01 3.2150932600e-02
7.4385487528e-01 3.4745223200e-02
7.4394557823e-01 3.7248917200e-02
7.4403628118e-01 3.9409871800e-02
7.4412698413e-01 4.1385729200e-02
7.4421768707e-01 4.3699656400e-02
7.4430839002e-01 4.5296615800e-02
7.4439909297e-01 4.4717817400e-02
7.4448979592e-01 4.7011633600e-02
7.4458049887e-01 4.9637874400e-02
7.4467120181e-01 5.1340763200e-02
7.4476190476e-01 5.3270617800e-02
7.4485260771e-01 5.7014963200e-02
7.4494331066e-01 5.7827904000e-02
7.4503401361e-01 5.8227691200e-02
7.4512471655e-01 5.9247599000e-02
7.4521541950e-01 6.0319942000e-02
7.4530612245e-01 6.0855274200e-02
7.4539682540e-01 6.1172128600e-02
7.4548752834e-01 6.1147043400e-02
7.4557823129e-01 6.1221905200e-02
7.4566893424e-01 6.0947194000e-02
7.4575963719e-01 6.0673455200e-02
7.4585034014e-01 6.0227279200e-02
7.4594104308e-01 5.9654164200e-02
7.4603174603e-01 5.8097300600e-02
7.4612244898e-01 5.6059063600e-02
7.4621315193e-01 5.3490714600e-02
7.4630385488e-01 4.9990172400e-02
7.4639455782e-01 4.5781514000e-02
7.4648526077e-01 4.1133102000e-02
7.4657596372e-01 3.6019285800e-02
7.4666666667e-01 3.0752288400e-02
7.4675736961e-01 2.5848496800e-02
7.4684807256e-01 2.1225597200e-02
7.4693877551e-01 1.6851692840e-02
7.4702947846e-01 1.3039157860e-02
7.4712018141e-01 9.7710520200e-03
7.4721088435e-01 7.0793932200e-03
7.4730158730e-01 4.7752204000e-03
7.4739229025e-01 3.5188935400e-03
7.4748299320e-01 3.0067363800e-03
7.4757369615e-01 3.4294803400e-03
7.4766439909e-01 4.9301833400e-03
7.4775510204e-01 6.9659923600e-03
7.4784580499e-01 9.2591995800e-03
7.4793650794e-01 1.2207698320e-02
7.4802721088e-01 1.5427456000e-02
7.4811791383e-01 1.8728330800e-02
7.4820861678e-01 2.2490659000e-02
7.4829931973e-01 2.6545015200e-02
7.4839002268e-01 3.0641220600e-02
7.4848072562e-01 3.4693690400e-02
7.4857142857e-01 3.8149588600e-02
7.4866213152e-01 4.1212761000e-02
7.4875283447e-01 4.4301128400e-02
7.4884353741e-01 4.7133244000e-02
7.4893424036e-01 4.9943894800e-02
7.4902494331e-01 5.2526695600e-02
7.4911564626e-01 5.4786818200e-02
7.4920634921e-01 5.6511815800e-02
7.4929705215e-01 5.8255389400e-02
7.4938775510e-01 5.9699622400e-02
7.4947845805e-01 6.1003062800e-02
7.4956916100e-01 6.2616751800e-02
7.4965986395e-01 6.3878195600e-02
7.4975056689e-01 6.4437930800e-02
7.4984126984e-01 6.5000105000e-02
7.4993197279e-01 6.5686983000e-02
7.5002267574e-01 6.5714205600e-02
7.5011337868e-01 6.5170184200e-02
7.5020408163e-01 6.4231368800e-02
7.5029478458e-01 6.2658553800e-02
7.5038548753e-01 6.0494570200e-02
7.5047619048e-01 5.8241995000e-02
7.5056689342e-01 5.6239265000e-02
7.5065759637e-01 5.4114113600e-02
7.5074829932e-01 5.1656117800e-02
7.5083900227e-01 4.9116974200e-02
7.5092970522e-01 4.6096315600e-02
7.5102040816e-01 4.3019522200e-02
7.5111111111e-01 3.9926771800e-02
7.5120181406e-01 3.6821533200e-02
7.5129251701e-01 3.3695613600e-02
7.5138321995e-01 3.0950710000e-02
7.5147392290e-01 2.8149802000e-02
7.5156462585e-01 2.5224184000e-02
7.5165532880e-01 2.2405508400e-02
7.5174603175e-01 1.9640026200e-02
7.5183673469e-01 1.6855618400e-02
7.5192743764e-01 1.4101227400e-02
7.5201814059e-01 1.1299201040e-02
7.5210884354e-01 8.5495814200e-03
7.5219954649e-01 6.2188101800e-03
7.5229024943e-01 3.8543054700e-03
7.5238095238e-01 1.4167844100e-03
7.5247165533e-01 -5.0479341000e-04
7.5256235828e-01 -2.2581053500e-03
7.5265306122e-01 -4.1884998100e-03
7.5274376417e-01 -5.6420053600e-03
7.5283446712e-01 -6.8471212200e-03
7.5292517007e-01 -8.2670930400e-03
7.5301587302e-01 -9.8956476800e-03
7.5310657596e-01 -1.0974475980e-02
7.5319727891e-01 -1.2223442320e-02
7.5328798186e-01 -1.3373965400e-02
7.5337868481e-01 -1.4129976200e-02
7.5346938776e-01 -1.4141384200e-02
7.5356009070e-01 -1.4431259000e-02
7.5365079365e-01 -1.4865501600e-02
7.5374149660e-01 -1.5211951400e-02
7.5383219955e-01 -1.5490485800e-02
7.5392290249e-01 -1.5974630000e-02
7.5401360544e-01 -1.6496994800e-02
7.5410430839e-01 -1.6459404400e-02
7.5419501134e-01 -1.6553412000e-02
7.5428571429e-01 -1.6635862400e-02
7.5437641723e-01 -1.6806404200e-02
7.5446712018e-01 -1.7162244600e-02
7.5455782313e-01 -1.7886672000e-02
7.5464852608e-01 -1.8251578400e-02
7.5473922902e-01 -1.9125464000e-02
7.5482993197e-01 -2.0173373200e-02
7.5492063492e-01 -2.0978831200e-02
7.5501133787e-01 -2.1689061400e-02
7.5510204082e-01 -2.3073433000e-02
7.5519274376e-01 -2.4181468000e-02
7.5528344671e-01 -2.5343713600e-02
7.5537414966e-01 -2.7021559600e-02
7.5546485261e-01 -2.8902203600e-02
7.5555555556e-01 -3.0881448200e-02
7.5564625850e-01 -3.2901892400e-02
7.5573696145e-01 -3.4986315400e-02
7.5582766440e-01 -3.7462086600e-02
7.5591836735e-01 -4.0205884400e-02
7.5600907029e-01 -4.3057264000e-02
7.5609977324e-01 -4.6133462000e-02
7.5619047619e-01 -4.9430700000e-02
7.5628117914e-01 -5.2531843000e-02
7.5637188209e-01 -5.5825689600e-02
7.5646258503e-01 -5.9207879800e-02
7.5655328798e-01 -6.2769219600e-02
7.5664399093e-01 -6.6402098200e-02
7.5673469388e-01 -6.9287332000e-02
7.5682539683e-01 -7.3512404200e-02
7.5691609977e-01 -7.8368049400e-02
7.5700680272e-01 -8.0628195800e-02
7.5709750567e-01 -8.2966851600e-02
7.5718820862e-01 -8.5454330400e-02
7.5727891156e-01 -8.6114063200e-02
7.5736961451e-01 -8.5526146600e-02
7.5746031746e-01 -8.6955262600e-02
7.5755102041e-01 -8.7514560600e-02
7.5764172336e-01 -8.8105562600e-02
7.5773242630e-01 -8.8166713200e-02
7.5782312925e-01 -8.8044111400e-02
7.5791383220e-01 -8.7397050800e-02
7.5800453515e-01 -8.6448952000e-02
7.5809523810e-01 -8.4975709000e-02
7.5818594104e-01 -8.3395249600e-02
7.5827664399e-01 -8.1243680800e-02
7.5836734694e-01 -7.9105209200e-02
7.5845804989e-01 -7.6279710600e-02
7.5854875283e-01 -7.3568000200e-02
7.5863945578e-01 -7.0873394600e-02
7.5873015873e-01 -6.8128679800e-02
7.5882086168e-01 -6.5232791200e-02
7.5891156463e-01 -6.2941719400e-02
7.5900226757e-01 -6.0308262800e-02
7.5909297052e-01 -5.7517940400e-02
7.5918367347e-01 -5.4960749800e-02
7.5927437642e-01 -5.2589255000e-02
7.5936507937e-01 -5.0085982200e-02
7.5945578231e-01 -4.7828747400e-02
7.5954648526e-01 -4.5575669200e-02
7.5963718821e-01 -4.3414897200e-02
7.5972789116e-01 -4.0761809800e-02
7.5981859410e-01 -3.8091728000e-02
7.5990929705e-01 -3.5461994000e-02
7.6000000000e-01 -3.2872639800e-02
7.6009070295e-01 -3.0312335000e-02
7.6018140590e-01 -2.7925173800e-02
7.6027210884e-01 -2.5498736800e-02
7.6036281179e-01 -2.3086608800e-02
7.6045351474e-01 -2.0293443000e-02
7.6054421769e-01 -1.7455368200e-02
7.6063492063e-01 -1.4655428300e-02
7.6072562358e-01 -1.1836778480e-02
7.6081632653e-01 -8.7368072000e-03
7.6090702948e-01 -5.7029809600e-03
7.6099773243e-01 -2.2867545200e-03
7.6108843537e-01 7.7629528000e-04
7.6117913832e-01 4.0053412600e-03
7.6126984127e-01 7.0239695800e-03
7.6136054422e-01 9.8995673400e-03
7.6145124717e-01 1.2969715300e-02
7.6154195011e-01 1.6310804600e-02
7.6163265306e-01 1.9432253000e-02
7.6172335601e-01 2.2410442800e-02
7.6181405896e-01 2.5249848400e-02
7.6190476190e-01 2.7740494800e-02
7.6199546485e-01 3.0276621400e-02
7.6208616780e-01 3.2624552200e-02
7.6217687075e-01 3.4998481600e-02
7.6226757370e-01 3.7385997000e-02
7.6235827664e-01 3.9806815600e-02
7.6244897959e-01 4.1991744800e-02
7.6253968254e-01 4.3951757200e-02
7.6263038549e-01 4.5965782000e-02
7.6272108844e-01 4.8026428000e-02
7.6281179138e-01 4.9657254800e-02
7.6290249433e-01 5.0959104600e-02
7.6299319728e-01 5.2488248400e-02
7.6308390023e-01 5.3933278400e-02
7.6317460317e-01 5.4928755800e-02
7.6326530612e-01 5.5721335200e-02
7.6335600907e-01 5.6697679400e-02
7.6344671202e-01 5.7327969000e-02
7.6353741497e-01 5.7645348200e-02
7.6362811791e-01 5.7901704000e-02
7.6371882086e-01 5.8220175200e-02
7.6380952381e-01 5.7918748400e-02
7.6390022676e-01 5.7220223800e-02
7.6399092971e-01 5.6429002200e-02
7.6408163265e-01 5.4805966000e-02
7.6417233560e-01 5.2468048800e-02
7.6426303855e-01 4.9943761400e-02
7.6435374150e-01 4.6969165200e-02
7.6444444444e-01 4.3480899400e-02
7.6453514739e-01 3.9864696200e-02
7.6462585034e-01 3.6054631800e-02
7.6471655329e-01 3.1800732800e-02
7.6480725624e-01 2.7529022800e-02
7.6489795918e-01 2.2682131400e-02
7.6498866213e-01 1.8265966000e-02
7.6507936508e-01 1.4463432240e-02
7.6517006803e-01 1.0818515280e-02
7.6526077098e-01 7.5781066800e-03
7.6535147392e-01 5.2035106540e-03
7.6544217687e-01 3.0485417460e-03
7.6553287982e-01 1.5374891460e-03
7.6562358277e-01 1.3187632460e-03
7.6571428571e-01 1.7194720460e-03
7.6580498866e-01 2.8139949120e-03
7.6589569161e-01 5.1797744200e-03
7.6598639456e-01 7.9949639800e-03
7.6607709751e-01 1.1085771840e-02
7.6616780045e-01 1.4754041040e-02
7.6625850340e-01 1.8772433000e-02
7.6634920635e-01 2.2870636800e-02
7.6643990930e-01 2.6671664400e-02
7.6653061224e-01 3.0663872000e-02
7.6662131519e-01 3.4627304600e-02
7.6671201814e-01 3.8489728800e-02
7.6680272109e-01 4.1971774600e-02
7.6689342404e-01 4.5498345600e-02
7.6698412698e-01 4.8873009200e-02
7.6707482993e-01 5.1522869600e-02
7.6716553288e-01 5.3688286800e-02
7.6725623583e-01 5.5448389600e-02
7.6734693878e-01 5.7326955800e-02
7.6743764172e-01 5.8869014200e-02
7.6752834467e-01 6.0711946800e-02
7.6761904762e-01 6.2791605200e-02
7.6770975057e-01 6.4695000200e-02
7.6780045351e-01 6.6075595800e-02
7.6789115646e-01 6.7082358400e-02
7.6798185941e-01 6.7583762000e-02
7.6807256236e-01 6.7709748000e-02
7.6816326531e-01 6.7836326600e-02
7.6825396825e-01 6.7449066600e-02
7.6834467120e-01 6.6844690600e-02
7.6843537415e-01 6.6166621800e-02
7.6852607710e-01 6.5192455000e-02
7.6861678005e-01 6.3489069800e-02
7.6870748299e-01 6.1337546800e-02
7.6879818594e-01 5.9144099600e-02
7.6888888889e-01 5.6903198000e-02
7.6897959184e-01 5.4290256200e-02
7.6907029478e-01 5.1812265800e-02
7.6916099773e-01 4.9577999800e-02
7.6925170068e-01 4.7035095000e-02
7.6934240363e-01 4.1222395000e-02
7.6943310658e-01 3.5136606200e-02
7.6952380952e-01 3.2097017800e-02
7.6961451247e-01 2.8662434400e-02
7.6970521542e-01 2.5092299000e-02
7.6979591837e-01 2.4448398200e-02
7.6988662132e-01 2.4072563400e-02
7.6997732426e-01 2.0319843400e-02
7.7006802721e-01 1.6967435000e-02
7.7015873016e-01 1.3786446840e-02
7.7024943311e-01 1.0978478080e-02
7.7034013605e-01 8.4842279200e-03
7.7043083900e-01 6.1029963600e-03
7.7052154195e-01 3.6577202200e-03
7.7061224490e-01 1.4189602600e-03
7.7070294785e-01 -6.7407752000e-04
7.7079365079e-01 -2.7719047800e-03
7.7088435374e-01 -4.7084234000e-03
7.7097505669e-01 -6.1161834200e-03
7.7106575964e-01 -7.2632470600e-03
7.7115646259e-01 -8.9462875200e-03
7.7124716553e-01 -9.9379403000e-03
7.7133786848e-01 -1.0581305920e-02
7.7142857143e-01 -1.1612101760e-02
7.7151927438e-01 -1.2321626400e-02
7.7160997732e-01 -1.2584042000e-02
7.7170068027e-01 -1.3212445000e-02
7.7179138322e-01 -1.3771929400e-02
7.7188208617e-01 -1.3979571800e-02
7.7197278912e-01 -1.4598203200e-02
7.7206349206e-01 -1.5012141200e-02
7.7215419501e-01 -1.5527934000e-02
7.7224489796e-01 -1.5778575600e-02
7.7233560091e-01 -1.6052103600e-02
7.7242630385e-01 -1.6341810200e-02
7.7251700680e-01 -1.6860112000e-02
7.7260770975e-01 -1.7250083600e-02
7.7269841270e-01 -1.7765191600e-02
7.7278911565e-01 -1.8330239200e-02
7.7287981859e-01 -1.9097395000e-02
7.7297052154e-01 -1.9685839600e-02
7.7306122449e-01 -2.0543515400e-02
7.7315192744e-01 -2.1787131400e-02
7.7324263039e-01 -2.3225195800e-02
7.7333333333e-01 -2.4771661000e-02
7.7342403628e-01 -2.6674853400e-02
7.7351473923e-01 -2.8736733800e-02
7.7360544218e-01 -3.0821505600e-02
7.7369614512e-01 -3.3181225000e-02
7.7378684807e-01 -3.4995706200e-02
7.7387755102e-01 -3.6972918200e-02
7.7396825397e-01 -3.9392454800e-02
7.7405895692e-01 -4.1988308800e-02
7.7414965986e-01 -4.4248019400e-02
7.7424036281e-01 -4.7545707200e-02
7.7433106576e-01 -5.0858193000e-02
7.7442176871e-01 -5.3439261000e-02
7.7451247166e-01 -5.6700474400e-02
7.7460317460e-01 -6.0368665400e-02
7.7469387755e-01 -6.3595032000e-02
7.7478458050e-01 -6.6847033800e-02
7.7487528345e-01 -7.0111773400e-02
7.7496598639e-01 -7.3012644400e-02
7.7505668934e-01 -7.5908847600e-02
7.7514739229e-01 -7.8668114200e-02
7.7523809524e-01 -8.0878761200e-02
7.7532879819e-01 -8.3246970400e-02
7.7541950113e-01 -8.5073145400e-02
7.7551020408e-01 -8.6326175200e-02
7.7560090703e-01 -8.6986568800e-02
7.7569160998e-01 -8.7808674800e-02
7.7578231293e-01 -8.8128180600e-02
7.7587301587e-01 -8.7665460000e-02
7.7596371882e-01 -8.7076531000e-02
7.7605442177e-01 -8.6953291200e-02
7.7614512472e-01 -8.6059416000e-02
7.7623582766e-01 -8.4745381600e-02
7.7632653061e-01 -8.3518111600e-02
7.7641723356e-01 -8.2190358400e-02
7.7650793651e-01 -7.9990985800e-02
7.7659863946e-01 -7.7746339800e-02
7.7668934240e-01 -7.5633562000e-02
7.7678004535e-01 -7.3324589200e-02
7.7687074830e-01 -7.0479105000e-02
7.7696145125e-01 -6.7722913800e-02
7.7705215420e-01 -6.4867237200e-02
7.7714285714e-01 -6.1727287400e-02
7.7723356009e-01 -5.9004072000e-02
7.7732426304e-01 -5.6431133600e-02
7.7741496599e-01 -5.3898306400e-02
7.7750566893e-01 -5.1430202800e-02
7.7759637188e-01 -4.9186348600e-02
7.7768707483e-01 -4.6842352800e-02
7.7777777778e-01 -4.4487453800e-02
7.7786848073e-01 -4.2016545000e-02
7.7795918367e-01 -3.9632155800e-02
7.7804988662e-01 -3.6947727400e-02
7.7814058957e-01 -3.3697384600e-02
7.7823129252e-01 -3.0442188800e-02
7.7832199546e-01 -2.7279847600e-02
7.7841269841e-01 -2.3973001600e-02
7.7850340136e-01 -2.0971898800e-02
7.7859410431e-01 -1.8203679200e-02
7.7868480726e-01 -1.5212655880e-02
7.7877551020e-01 -1.2339970660e-02
7.7886621315e-01 -9.5903821200e-03
7.7895691610e-01 -6.7002810460e-03
7.7904761905e-01 -3.5744925660e-03
7.7913832200e-01 -6.9900904600e-04
7.7922902494e-01 2.4991900540e-03
7.7931972789e-01 5.4376105140e-03
7.7941043084e-01 8.1489654400e-03
7.7950113379e-01 1.1035100760e-02
7.7959183673e-01 1.3846143920e-02
7.7968253968e-01 1.6604396800e-02
7.7977324263e-01 1.9516874800e-02
7.7986394558e-01 2.2531857400e-02
7.7995464853e-01 2.5025943800e-02
7.8004535147e-01 2.7388074000e-02
7.8013605442e-01 2.9451076400e-02
7.8022675737e-01 3.1466689600e-02
7.8031746032e-01 3.3605193600e-02
7.8040816327e-01 3.5565557400e-02
7.8049886621e-01 3.7763218400e-02
7.8058956916e-01 4.0095602800e-02
7.8068027211e-01 4.2359254200e-02
7.8077097506e-01 4.4268260600e-02
7.8086167800e-01 4.6073059200e-02
7.8095238095e-01 4.7791110800e-02
7.8104308390e-01 4.9173794600e-02
7.8113378685e-01 5.0697816600e-02
7.8122448980e-01 5.2114196600e-02
7.8131519274e-01 5.3502081600e-02
7.8140589569e-01 5.4623091200e-02
7.8149659864e-01 5.5719635200e-02
7.8158730159e-01 5.6354963000e-02
7.8167800454e-01 5.6834847000e-02
7.8176870748e-01 5.7351446400e-02
7.8185941043e-01 5.4158433200e-02
7.8195011338e-01 5.1879418800e-02
7.8204081633e-01 5.1550428200e-02
7.8213151927e-01 5.0070349200e-02
7.8222222222e-01 4.8149138600e-02
7.8231292517e-01 4.9464914800e-02
7.8240362812e-01 4.8761929000e-02
7.8249433107e-01 4.5131856400e-02
7.8258503401e-01 4.2100075800e-02
7.8267573696e-01 3.8515833200e-02
7.8276643991e-01 3.4043913600e-02
7.8285714286e-01 2.9440893800e-02
7.8294784580e-01 2.5153186000e-02
7.8303854875e-01 2.0580293000e-02
7.8312925170e-01 1.5897913460e-02
7.8321995465e-01 1.1721614360e-02
7.8331065760e-01 8.0251152380e-03
7.8340136054e-01 4.8594002400e-03
7.8349206349e-01 2.5596434260e-03
7.8358276644e-01 1.0542333664e-03
7.8367346939e-01 3.1501665280e-04
7.8376417234e-01 4.8809543480e-04
7.8385487528e-01 9.9619323280e-04
7.8394557823e-01 2.1900087268e-03
7.8403628118e-01 4.0240429464e-03
7.8412698413e-01 6.8073523600e-03
7.8421768707e-01 1.0069344100e-02
7.8430839002e-01 1.4158551700e-02
7.8439909297e-01 1.7963048020e-02
7.8448979592e-01 2.2258582600e-02
7.8458049887e-01 2.6460975800e-02
7.8467120181e-01 3.0397111800e-02
7.8476190476e-01 3.4258748200e-02
7.8485260771e-01 3.8050778600e-02
7.8494331066e-01 4.1219894600e-02
7.8503401361e-01 4.4156293400e-02
7.8512471655e-01 4.6974860200e-02
7.8521541950e-01 4.9371352800e-02
7.8530612245e-01 5.2025182600e-02
7.8539682540e-01 5.4296744600e-02
7.8548752834e-01 5.6300794600e-02
7.8557823129e-01 5.8306416200e-02
7.8566893424e-01 6.0219879000e-02
7.8575963719e-01 6.1850157600e-02
7.8585034014e-01 6.3591988400e-02
7.8594104308e-01 6.5037540600e-02
7.8603174603e-01 6.6010996400e-02
7.8612244898e-01 6.6919565200e-02
7.8621315193e-01 6.7628205400e-02
7.8630385488e-01 6.7680910000e-02
7.8639455782e-01 6.7567430800e-02
7.8648526077e-01 6.7373631200e-02
7.8657596372e-01 6.6030434800e-02
7.8666666667e-01 6.4073439800e-02
7.8675736961e-01 6.2153898200e-02
7.8684807256e-01 6.0000013000e-02
7.8693877551e-01 5.7700258200e-02
7.8702947846e-01 5.5562372000e-02
7.8712018141e-01 5.3342693200e-02
7.8721088435e-01 5.1150162200e-02
7.8730158730e-01 4.8523387800e-02
7.8739229025e-01 4.5559416000e-02
7.8748299320e-01 4.2452484200e-02
7.8757369615e-01 3.9248080400e-02
7.8766439909e-01 3.5703110600e-02
7.8775510204e-01 3.2340130800e-02
7.8784580499e-01 2.9084143800e-02
7.8793650794e-01 2.6117698400e-02
7.8802721088e-01 2.3399199400e-02
7.8811791383e-01 2.0959076400e-02
7.8820861678e-01 1.8554565400e-02
7.8829931973e-01 1.5994899200e-02
7.8839002268e-01 1.3301072700e-02
7.8848072562e-01 1.0901162860e-02
7.8857142857e-01 8.2479157800e-03
7.8866213152e-01 6.0261009000e-03
7.8875283447e-01 4.2699872400e-03
7.8884353741e-01 2.7345760560e-03
7.8893424036e-01 1.2136959480e-03
7.8902494331e-01 -8.2018792000e-05
7.8911564626e-01 -1.5847282120e-03
7.8920634921e-01 -2.9132797520e-03
7.8929705215e-01 -4.6159143280e-03
7.8938775510e-01 -6.6151113800e-03
7.8947845805e-01 -8.0467421600e-03
7.8956916100e-01 -9.2931028600e-03
7.8965986395e-01 -1.0898984060e-02
7.8975056689e-01 -1.1812828000e-02
7.8984126984e-01 -1.2209793200e-02
7.8993197279e-01 -1.2859075400e-02
7.9002267574e-01 -1.3586311800e-02
7.9011337868e-01 -1.3887496400e-02
7.9020408163e-01 -1.4019762800e-02
7.9029478458e-01 -1.4422592000e-02
7.9038548753e-01 -1.4323192800e-02
7.9047619048e-01 -1.4243182000e-02
7.9056689342e-01 -1.4360460400e-02
7.9065759637e-01 -1.4630856400e-02
7.9074829932e-01 -1.4918503400e-02
7.9083900227e-01 -1.5521421800e-02
7.9092970522e-01 -1.6078365600e-02
7.9102040816e-01 -1.6311209000e-02
7.9111111111e-01 -1.6870584600e-02
7.9120181406e-01 -1.7341511600e-02
7.9129251701e-01 -1.8017726200e-02
7.9138321995e-01 -1.9109839400e-02
7.9147392290e-01 -2.0892773800e-02
7.9156462585e-01 -2.2404778200e-02
7.9165532880e-01 -2.4110251200e-02
7.9174603175e-01 -2.5883338800e-02
7.9183673469e-01 -2.7380364400e-02
7.9192743764e-01 -2.9245201000e-02
7.9201814059e-01 -3.1617704000e-02
7.9210884354e-01 -3.4302884800e-02
7.9219954649e-01 -3.7448081200e-02
7.9229024943e-01 -4.0935416800e-02
7.9238095238e-01 -4.4243492800e-02
7.9247165533e-01 -4.7695795600e-02
7.9256235828e-01 -5.1194965000e-02
7.9265306122e-01 -5.4390960800e-02
7.9274376417e-01 -5.7521811400e-02
7.9283446712e-01 -6.0788085800e-02
7.9292517007e-01 -6.3935685600e-02
7.9301587302e-01 -6.6811472000e-02
7.9310657596e-01 -6.9972656600e-02
7.9319727891e-01 -7.3005776200e-02
7.9328798186e-01 -7.5659633600e-02
7.9337868481e-01 -7.8367113600e-02
7.9346938776e-01 -8.1041210200e-02
7.9356009070e-01 -8.3330783800e-02
7.9365079365e-01 -8.5270318200e-02
7.9374149660e-01 -8.6687248600e-02
7.9383219955e-01 -8.7502598200e-02
7.9392290249e-01 -8.7998765800e-02
7.9401360544e-01 -8.8173842800e-02
7.9410430839e-01 -8.7667356000e-02
7.9419501134e-01 -8.6954272000e-02
7.9428571429e-01 -8.5884764000e-02
7.9437641723e-01 -8.8379690200e-02
7.9446712018e-01 -8.7443809000e-02
7.9455782313e-01 -8.5413819400e-02
7.9464852608e-01 -8.3590809800e-02
7.9473922902e-01 -8.1629421400e-02
7.9482993197e-01 -7.5747538400e-02
7.9492063492e-01 -7.2454789200e-02
7.9501133787e-01 -7.0278427000e-02
7.9510204082e-01 -6.8091993800e-02
7.9519274376e-01 -6.5810623800e-02
7.9528344671e-01 -6.3274114600e-02
7.9537414966e-01 -6.1152199600e-02
7.9546485261e-01 -5.8852007200e-02
7.9555555556e-01 -5.6152902800e-02
7.9564625850e-01 -5.3508712800e-02
7.9573696145e-01 -5.0865346800e-02
7.9582766440e-01 -4.8323383600e-02
7.9591836735e-01 -4.6034603200e-02
7.9600907029e-01 -4.3745615400e-02
7.9609977324e-01 -4.1105221800e-02
7.9619047619e-01 -3.8569844600e-02
7.9628117914e-01 -3.5595420400e-02
7.9637188209e-01 -3.2820908600e-02
7.9646258503e-01 -2.9731844600e-02
7.9655328798e-01 -2.6963081800e-02
7.9664399093e-01 -2.4007617200e-02
7.9673469388e-01 -2.1300183400e-02
7.9682539683e-01 -1.8408645400e-02
7.9691609977e-01 -1.5820547600e-02
7.9700680272e-01 -1.3088456500e-02
7.9709750567e-01 -1.0381432200e-02
7.9718820862e-01 -7.5065496000e-03
7.9727891156e-01 -4.3740473000e-03
7.9736961451e-01 -1.0260522200e-03
7.9746031746e-01 2.0949686000e-03
7.9755102041e-01 5.0223327000e-03
7.9764172336e-01 7.9743087000e-03
7.9773242630e-01 1.0764339000e-02
7.9782312925e-01 1.3406018520e-02
7.9791383220e-01 1.6143814400e-02
7.9800453515e-01 1.9225106400e-02
7.9809523810e-01 2.1999607200e-02
7.9818594104e-01 2.4632954800e-02
7.9827664399e-01 2.7756372200e-02
7.9836734694e-01 3.0675983800e-02
7.9845804989e-01 3.2891958400e-02
7.9854875283e-01 3.5379700400e-02
7.9863945578e-01 3.7714902800e-02
7.9873015873e-01 3.9717355200e-02
7.9882086168e-01 4.1906743400e-02
7.9891156463e-01 4.4024396600e-02
7.9900226757e-01 4.5984483400e-02
7.9909297052e-01 4.8043040200e-02
7.9918367347e-01 4.9707859000e-02
7.9927437642e-01 5.1253217800e-02
7.9936507937e-01 5.2708867000e-02
7.9945578231e-01 5.3634816200e-02
7.9954648526e-01 5.4159567400e-02
7.9963718821e-01 5.4635578600e-02
7.9972789116e-01 5.4830747600e-02
7.9981859410e-01 5.5016489600e-02
7.9990929705e-01 5.5247042600e-02
8.0000000000e-01 5.5389513400e-02
8.0009070295e-01 5.4705087800e-02
8.0018140590e-01 5.3694469600e-02
8.0027210884e-01 5.2418207800e-02
8.0036281179e-01 5.0523542400e-02
8.0045351474e-01 4.8175077600e-02
8.0054421769e-01 4.5528176000e-02
8.0063492063e-01 4.2305568200e-02
8.0072562358e-01 3.8682398800e-02
8.0081632653e-01 3.4880650600e-02
8.0090702948e-01 3.0643726400e-02
8.0099773243e-01 2.6423643200e-02
8.0108843537e-01 2.2220531800e-02
8.0117913832e-01 1.7796795600e-02
8.0126984127e-01 1.3163880780e-02
8.0136054422e-01 9.1070620000e-03
8.0145124717e-01 5.4044629580e-03
8.0154195011e-01 2.0376529980e-03
8.0163265306e-01 -6.8643900200e-04
8.0172335601e-01 -2.1888735220e-03
8.0181405896e-01 -3.3122284620e-03
8.0190476190e-01 -3.8012168400e-03
8.0199546485e-01 -3.2936877660e-03
8.0208616780e-01 -1.7790960860e-03
8.0217687075e-01 2.9839163400e-04
8.0226757370e-01 2.8992704740e-03
8.0235827664e-01 6.1136760940e-03
8.0244897959e-01 9.7801307800e-03
8.0253968254e-01 1.3506837300e-02
8.0263038549e-01 1.7339312920e-02
8.0272108844e-01 2.1500772200e-02
8.0281179138e-01 2.5858543800e-02
8.0290249433e-01 2.9964376400e-02
8.0299319728e-01 3.4182164600e-02
8.0308390023e-01 3.8158510600e-02
8.0317460317e-01 4.1475938600e-02
8.0326530612e-01 4.4475913600e-02
8.0335600907e-01 4.7295667200e-02
8.0344671202e-01 4.9617210000e-02
8.0353741497e-01 5.1717440800e-02
8.0362811791e-01 5.4289668200e-02
8.0371882086e-01 5.6342096000e-02
8.0380952381e-01 5.8183555400e-02
8.0390022676e-01 6.0106799000e-02
8.0399092971e-01 6.2126612600e-02
8.0408163265e-01 6.3438789400e-02
8.0417233560e-01 6.4999279200e-02
8.0426303855e-01 6.6346957600e-02
8.0435374150e-01 6.7250080000e-02
8.0444444444e-01 6.7230327600e-02
8.0453514739e-01 6.7452730400e-02
8.0462585034e-01 6.7078653000e-02
8.0471655329e-01 6.6223861600e-02
8.0480725624e-01 6.4791781000e-02
8.0489795918e-01 6.3484517200e-02
8.0498866213e-01 6.1541417000e-02
8.0507936508e-01 5.9341896600e-02
8.0517006803e-01 5.7311089800e-02
8.0526077098e-01 5.5194866000e-02
8.0535147392e-01 5.2572810600e-02
8.0544217687e-01 4.9671508000e-02
8.0553287982e-01 4.6563796200e-02
8.0562358277e-01 4.3146172200e-02
8.0571428571e-01 3.9841640600e-02
8.0580498866e-01 3.6601379200e-02
8.0589569161e-01 3.3579153800e-02
8.0598639456e-01 3.0755214800e-02
8.0607709751e-01 2.7752681600e-02
8.0616780045e-01 2.5058463200e-02
8.0625850340e-01 2.2419917600e-02
8.0634920635e-01 1.9528681400e-02
8.0643990930e-01 1.6845495400e-02
8.0653061224e-01 1.4533214600e-02
8.0662131519e-01 1.2096229600e-02
8.0671201814e-01 9.8735036400e-03
8.0680272109e-01 7.7807620800e-03
8.0689342404e-01 3.4014310800e-03
8.0698412698e-01 1.4082815660e-03
8.0707482993e-01 -6.0231314000e-05
8.0716553288e-01 -1.2880140066e-03
8.0725623583e-01 -2.2295313466e-03
8.0734693878e-01 -7.2967284660e-04
8.0743764172e-01 -1.5814585926e-03
8.0752834467e-01 -2.8821736326e-03
8.0761904762e-01 -4.1606656400e-03
8.0770975057e-01 -5.4101810800e-03
8.0780045351e-01 -6.5003538000e-03
8.0789115646e-01 -7.2670939200e-03
8.0798185941e-01 -7.5584202800e-03
8.0807256236e-01 -8.0052399400e-03
8.0816326531e-01 -8.0032348000e-03
8.0825396825e-01 -7.9462289600e-03
8.0834467120e-01 -7.8543241200e-03
8.0843537415e-01 -8.1727319600e-03
8.0852607710e-01 -8.0358889800e-03
8.0861678005e-01 -8.0196869400e-03
8.0870748299e-01 -8.3425886400e-03
8.0879818594e-01 -8.7721550200e-03
8.0888888889e-01 -9.0938691000e-03
8.0897959184e-01 -9.6662125600e-03
8.0907029478e-01 -1.0369833800e-02
8.0916099773e-01 -1.1099046320e-02
8.0925170068e-01 -1.1801797000e-02
8.0934240363e-01 -1.2440182600e-02
8.0943310658e-01 -1.3208866000e-02
8.0952380952e-01 -1.4384671400e-02
8.0961451247e-01 -1.5385477400e-02
8.0970521542e-01 -1.7004837000e-02
8.0979591837e-01 -1.8711657400e-02
8.0988662132e-01 -2.0602247200e-02
8.0997732426e-01 -2.2680659600e-02
8.1006802721e-01 -2.5211722000e-02
8.1015873016e-01 -2.7920274400e-02
8.1024943311e-01 -3.0867434400e-02
8.1034013605e-01 -3.3930645000e-02
8.1043083900e-01 -3.7030740000e-02
8.1052154195e-01 -4.0083772600e-02
8.1061224490e-01 -4.3045845200e-02
8.1070294785e-01 -4.6669280600e-02
8.1079365079e-01 -4.9958317600e-02
8.1088435374e-01 -5.3454874600e-02
8.1097505669e-01 -5.7171610200e-02
8.1106575964e-01 -6.0566341600e-02
8.1115646259e-01 -6.3514435800e-02
8.1124716553e-01 -6.7030741000e-02
8.1133786848e-01 -7.0126398200e-02
8.1142857143e-01 -7.2652760000e-02
8.1151927438e-01 -7.5509702400e-02
8.1160997732e-01 -7.8297256000e-02
8.1170068027e-01 -8.0489409200e-02
8.1179138322e-01 -8.2109848400e-02
8.1188208617e-01 -8.4004659000e-02
8.1197278912e-01 -8.5214323400e-02
8.1206349206e-01 -8.5910741600e-02
8.1215419501e-01 -8.6246285600e-02
8.1224489796e-01 -8.6379236200e-02
8.1233560091e-01 -8.5973893000e-02
8.1242630385e-01 -8.5353439800e-02
8.1251700680e-01 -8.4590131600e-02
8.1260770975e-01 -8.3346859600e-02
8.1269841270e-01 -8.2182824200e-02
8.1278911565e-01 -8.0825556600e-02
8.1287981859e-01 -7.9084951400e-02
8.1297052154e-01 -7.7009061200e-02
8.1306122449e-01 -7.5208996200e-02
8.1315192744e-01 -7.3141023800e-02
8.1324263039e-01 -7.0913074400e-02
8.1333333333e-01 -6.8791288800e-02
8.1342403628e-01 -6.6583447000e-02
8.1351473923e-01 -6.4340700800e-02
8.1360544218e-01 -6.2311609000e-02
8.1369614512e-01 -6.0265115400e-02
8.1378684807e-01 -5.7853506600e-02
8.1387755102e-01 -5.5483262600e-02
8.1396825397e-01 -5.3226168000e-02
8.1405895692e-01 -5.0279400000e-02
8.1414965986e-01 -4.7208207000e-02
8.1424036281e-01 -4.4575085800e-02
8.1433106576e-01 -4.1978474000e-02
8.1442176871e-01 -3.8949170000e-02
8.1451247166e-01 -3.6048784600e-02
8.1460317460e-01 -3.3215222000e-02
8.1469387755e-01 -3.0338284400e-02
8.1478458050e-01 -2.7231631600e-02
8.1487528345e-01 -2.4432640200e-02
8.1496598639e-01 -2.1499613800e-02
8.1505668934e-01 -1.8397789000e-02
8.1514739229e-01 -1.5675536200e-02
8.1523809524e-01 -1.2923034520e-02
8.1532879819e-01 -9.9804462000e-03
8.1541950113e-01 -7.1915811400e-03
8.1551020408e-01 -4.5850769600e-03
8.1560090703e-01 -1.1431333800e-03
8.1569160998e-01 2.2871322400e-03
8.1578231293e-01 5.3856545200e-03
8.1587301587e-01 8.0332832600e-03
8.1596371882e-01 1.0781385880e-02
8.1605442177e-01 1.3539873100e-02
8.1614512472e-01 1.6373306000e-02
8.1623582766e-01 1.9158632400e-02
8.1632653061e-01 2.2418959200e-02
8.1641723356e-01 2.5678538000e-02
8.1650793651e-01 2.8616137000e-02
8.1659863946e-01 3.1347961400e-02
8.1668934240e-01 3.4347843400e-02
8.1678004535e-01 3.6949930800e-02
8.1687074830e-01 3.9487715000e-02
8.1696145125e-01 4.2010622200e-02
8.1705215420e-01 4.4339616800e-02
8.1714285714e-01 4.6597759600e-02
8.1723356009e-01 4.8887529400e-02
8.1732426304e-01 5.0608513200e-02
8.1741496599e-01 5.2059339600e-02
8.1750566893e-01 5.3570488400e-02
8.1759637188e-01 5.4760899400e-02
8.1768707483e-01 5.5781905000e-02
8.1777777778e-01 5.6741171600e-02
8.1786848073e-01 5.7659030800e-02
8.1795918367e-01 5.8038804600e-02
8.1804988662e-01 5.8527397000e-02
8.1814058957e-01 5.8620505600e-02
8.1823129252e-01 5.8536081800e-02
8.1832199546e-01 5.7835218800e-02
8.1841269841e-01 5.7065644800e-02
8.1850340136e-01 5.5485340600e-02
8.1859410431e-01 5.3312145600e-02
8.1868480726e-01 5.0567962400e-02
8.1877551020e-01 4.7365888600e-02
8.1886621315e-01 4.3435389200e-02
8.1895691610e-01 3.9210901600e-02
8.1904761905e-01 3.4556164600e-02
8.1913832200e-01 2.9421634400e-02
8.1922902494e-01 2.4339055400e-02
8.1931972789e-01 1.7872962880e-02
8.1941043084e-01 9.1097224800e-03
8.1950113379e-01 4.7907202400e-03
8.1959183673e-01 6.8036888000e-04
8.1968253968e-01 -3.0202674600e-03
8.1977324263e-01 -4.6035031000e-03
8.1986394558e-01 -2.9257222600e-03
8.1995464853e-01 -4.4708606200e-03
8.2004535147e-01 -4.6298114000e-03
8.2013605442e-01 -3.9648324400e-03
8.2022675737e-01 -2.7173567800e-03
8.2031746032e-01 -1.0388806800e-03
8.2040816327e-01 1.7443849400e-03
8.2049886621e-01 5.2926902800e-03
8.2058956916e-01 8.8644670600e-03
8.2068027211e-01 1.2920598760e-02
8.2077097506e-01 1.7290750220e-02
8.2086167800e-01 2.1069696200e-02
8.2095238095e-01 2.4619038000e-02
8.2104308390e-01 2.8478571800e-02
8.2113378685e-01 3.2084262800e-02
8.2122448980e-01 3.5502005200e-02
8.2131519274e-01 3.8850581800e-02
8.2140589569e-01 4.2298361200e-02
8.2149659864e-01 4.5404505600e-02
8.2158730159e-01 4.8257310400e-02
8.2167800454e-01 5.0827493000e-02
8.2176870748e-01 5.3347017800e-02
8.2185941043e-01 5.4973527200e-02
8.2195011338e-01 5.6603611400e-02
8.2204081633e-01 5.8294826600e-02
8.2213151927e-01 5.9917290400e-02
8.2222222222e-01 6.1631442400e-02
8.2231292517e-01 6.3392206200e-02
8.2240362812e-01 6.4943619600e-02
8.2249433107e-01 6.5808732600e-02
8.2258503401e-01 6.6049223600e-02
8.2267573696e-01 6.5815269200e-02
8.2276643991e-01 6.5266768000e-02
8.2285714286e-01 6.4139996400e-02
8.2294784580e-01 6.2787295800e-02
8.2303854875e-01 6.1324945200e-02
8.2312925170e-01 5.9536598000e-02
8.2321995465e-01 5.7610730800e-02
8.2331065760e-01 5.5185342000e-02
8.2340136054e-01 5.2748902000e-02
8.2349206349e-01 4.9998405200e-02
8.2358276644e-01 4.6793705000e-02
8.2367346939e-01 4.3523134200e-02
8.2376417234e-01 4.0566624400e-02
8.2385487528e-01 3.7395994800e-02
8.2394557823e-01 3.4114064000e-02
8.2403628118e-01 3.0913327000e-02
8.2412698413e-01 2.7762741000e-02
8.2421768707e-01 2.4379903600e-02
8.2430839002e-01 2.0959852600e-02
8.2439909297e-01 1.7745254600e-02
8.2448979592e-01 1.4969450720e-02
8.2458049887e-01 1.2204766900e-02
8.2467120181e-01 9.7602814800e-03
8.2476190476e-01 7.7176097400e-03
8.2485260771e-01 5.9442836400e-03
8.2494331066e-01 3.8836314360e-03
8.2503401361e-01 2.1453105260e-03
8.2512471655e-01 7.6765312600e-04
8.2521541950e-01 -6.5732799400e-04
8.2530612245e-01 -2.2018864940e-03
8.2539682540e-01 -3.1376796300e-03
8.2548752834e-01 -4.1428590000e-03
8.2557823129e-01 -5.3724482200e-03
8.2566893424e-01 -6.3412803800e-03
8.2575963719e-01 -6.9188742200e-03
8.2585034014e-01 -7.9563272000e-03
8.2594104308e-01 -8.6357282000e-03
8.2603174603e-01 -9.0353133400e-03
8.2612244898e-01 -9.6158847200e-03
8.2621315193e-01 -1.0190979880e-02
8.2630385488e-01 -1.0048234980e-02
8.2639455782e-01 -1.0259205080e-02
8.2648526077e-01 -1.0371392500e-02
8.2657596372e-01 -1.0277174700e-02
8.2666666667e-01 -1.0171003500e-02
8.2675736961e-01 -1.0596863000e-02
8.2684807256e-01 -1.0587379000e-02
8.2693877551e-01 -1.0462174280e-02
8.2702947846e-01 -1.0590325480e-02
8.2712018141e-01 -1.0561843480e-02
8.2721088435e-01 -1.0259537680e-02
8.2730158730e-01 -1.0538250080e-02
8.2739229025e-01 -1.1120146000e-02
8.2748299320e-01 -1.1638338400e-02
8.2757369615e-01 -1.2303142600e-02
8.2766439909e-01 -1.3136853800e-02
8.2775510204e-01 -1.4071689400e-02
8.2784580499e-01 -1.5417243200e-02
8.2793650794e-01 -1.6932822600e-02
8.2802721088e-01 -1.8696886200e-02
8.2811791383e-01 -2.0692092800e-02
8.2820861678e-01 -2.2965847800e-02
8.2829931973e-01 -2.5086592800e-02
8.2839002268e-01 -2.7373586000e-02
8.2848072562e-01 -2.9887133400e-02
8.2857142857e-01 -3.2844860600e-02
8.2866213152e-01 -3.5808436000e-02
8.2875283447e-01 -3.8939756400e-02
8.2884353741e-01 -4.2346515600e-02
8.2893424036e-01 -4.5822839200e-02
8.2902494331e-01 -4.8987584000e-02
8.2911564626e-01 -5.2056860600e-02
8.2920634921e-01 -5.5334362200e-02
8.2929705215e-01 -5.8340230200e-02
8.2938775510e-01 -6.1565968400e-02
8.2947845805e-01 -6.4594463400e-02
8.2956916100e-01 -6.7775281200e-02
8.2965986395e-01 -7.0767136200e-02
8.2975056689e-01 -7.3426716000e-02
8.2984126984e-01 -7.5356749800e-02
8.2993197279e-01 -7.7183611800e-02
8.3002267574e-01 -7.8739571800e-02
8.3011337868e-01 -8.0098042400e-02
8.3020408163e-01 -8.1271948200e-02
8.3029478458e-01 -8.1935757000e-02
8.3038548753e-01 -8.2714439800e-02
8.3047619048e-01 -8.2791082400e-02
8.3056689342e-01 -8.2145020400e-02
8.3065759637e-01 -8.1214731200e-02
8.3074829932e-01 -8.0624038800e-02
8.3083900227e-01 -7.9653177800e-02
8.3092970522e-01 -7.8385094200e-02
8.3102040816e-01 -7.7041591200e-02
8.3111111111e-01 -7.5506243800e-02
8.3120181406e-01 -7.3506203600e-02
8.3129251701e-01 -7.1206660400e-02
8.3138321995e-01 -6.8939845800e-02
8.3147392290e-01 -6.6751283600e-02
8.3156462585e-01 -6.4930775800e-02
8.3165532880e-01 -6.2910314400e-02
8.3174603175e-01 -6.0612484000e-02
8.3183673469e-01 -5.9986575000e-02
8.3192743764e-01 -5.9959047400e-02
8.3201814059e-01 -5.7130651000e-02
8.3210884354e-01 -5.4719810600e-02
8.3219954649e-01 -5.2231846800e-02
8.3229024943e-01 -4.8209685400e-02
8.3238095238e-01 -4.3700988200e-02
8.3247165533e-01 -4.1347720400e-02
8.3256235828e-01 -3.8874875200e-02
8.3265306122e-01 -3.6605663200e-02
8.3274376417e-01 -3.4393630800e-02
8.3283446712e-01 -3.1815325400e-02
8.3292517007e-01 -2.9392314800e-02
8.3301587302e-01 -2.6889016000e-02
8.3310657596e-01 -2.4260565200e-02
8.3319727891e-01 -2.1668304800e-02
8.3328798186e-01 -1.9063934600e-02
8.3337868481e-01 -1.6411653000e-02
8.3346938776e-01 -1.3648937020e-02
8.3356009070e-01 -1.0961693060e-02
8.3365079365e-01 -7.9358258800e-03
8.3374149660e-01 -4.9080184800e-03
8.3383219955e-01 -1.8921470800e-03
8.3392290249e-01 8.8476534000e-04
8.3401360544e-01 3.7050824400e-03
8.3410430839e-01 7.0073890600e-03
8.3419501134e-01 9.9862558600e-03
8.3428571429e-01 1.2654971460e-02
8.3437641723e-01 1.5851846060e-02
8.3446712018e-01 1.8859238800e-02
8.3455782313e-01 2.1193450800e-02
8.3464852608e-01 2.3841784000e-02
8.3473922902e-01 2.6756681800e-02
8.3482993197e-01 2.9111601400e-02
8.3492063492e-01 3.1560127000e-02
8.3501133787e-01 3.4330087000e-02
8.3510204082e-01 3.7028034200e-02
8.3519274376e-01 3.9135755400e-02
8.3528344671e-01 4.1334230800e-02
8.3537414966e-01 4.3437283600e-02
8.3546485261e-01 4.4833150000e-02
8.3555555556e-01 4.5919734800e-02
8.3564625850e-01 4.7490206400e-02
8.3573696145e-01 4.9120831800e-02
8.3582766440e-01 5.0185265600e-02
8.3591836735e-01 5.1107125600e-02
8.3600907029e-01 5.1725593600e-02
8.3609977324e-01 5.1964026000e-02
8.3619047619e-01 5.2121710200e-02
8.3628117914e-01 5.2085044200e-02
8.3637188209e-01 5.1956514400e-02
8.3646258503e-01 5.1419602600e-02
8.3655328798e-01 5.0584259800e-02
8.3664399093e-01 4.8743974000e-02
8.3673469388e-01 4.6713603200e-02
8.3682539683e-01 4.4331355400e-02
8.3691609977e-01 4.1301999200e-02
8.3700680272e-01 3.7708254000e-02
8.3709750567e-01 3.4076798800e-02
8.3718820862e-01 2.9910311400e-02
8.3727891156e-01 2.4960026800e-02
8.3736961451e-01 2.0375233200e-02
8.3746031746e-01 1.6127798960e-02
8.3755102041e-01 1.1461549240e-02
8.3764172336e-01 7.1222494160e-03
8.3773242630e-01 3.6096387560e-03
8.3782312925e-01 5.8457303600e-04
8.3791383220e-01 -1.8852864440e-03
8.3800453515e-01 -3.1992596040e-03
8.3809523810e-01 -4.2799428000e-03
8.3818594104e-01 -4.5380967600e-03
8.3827664399e-01 -3.8549416780e-03
8.3836734694e-01 -3.0798590412e-03
8.3845804989e-01 -1.8233343812e-03
8.3854875283e-01 8.2788853880e-04
8.3863945578e-01 4.1739747588e-03
8.3873015873e-01 7.7132557968e-03
8.3882086168e-01 1.2012724280e-02
8.3891156463e-01 1.6707730700e-02
8.3900226757e-01 2.1302927600e-02
8.3909297052e-01 2.5597726800e-02
8.3918367347e-01 3.0016960200e-02
8.3927437642e-01 3.4293257600e-02
8.3936507937e-01 3.8230238000e-02
8.3945578231e-01 4.2036795200e-02
8.3954648526e-01 4.5791314800e-02
8.3963718821e-01 4.9184033600e-02
8.3972789116e-01 5.2085889600e-02
8.3981859410e-01 5.4388295800e-02
8.3990929705e-01 5.6908014800e-02
8.4000000000e-01 5.9168672000e-02
8.4009070295e-01 6.0705564200e-02
8.4018140590e-01 6.2494743000e-02
8.4027210884e-01 6.4495869800e-02
8.4036281179e-01 6.5694530000e-02
8.4045351474e-01 6.6791163400e-02
8.4054421769e-01 6.8239293600e-02
8.4063492063e-01 6.9279279000e-02
8.4072562358e-01 6.9741351200e-02
8.4081632653e-01 6.9570693400e-02
8.4090702948e-01 6.8899088800e-02
8.4099773243e-01 6.7915881600e-02
8.4108843537e-01 6.6309063000e-02
8.4117913832e-01 6.4407344800e-02
8.4126984127e-01 6.2384430600e-02
8.4136054422e-01 6.0265097800e-02
8.4145124717e-01 5.7962684000e-02
8.4154195011e-01 5.5246514600e-02
8.4163265306e-01 5.2462898400e-02
8.4172335601e-01 4.9914544000e-02
8.4181405896e-01 4.7031249400e-02
8.4190476190e-01 4.3658239800e-02
8.4199546485e-01 4.0451811600e-02
8.4208616780e-01 3.7853270200e-02
8.4217687075e-01 3.4876429400e-02
8.4226757370e-01 3.1652512800e-02
8.4235827664e-01 2.8761276600e-02
8.4244897959e-01 2.6019889800e-02
8.4253968254e-01 2.2619055800e-02
8.4263038549e-01 1.9415589000e-02
8.4272108844e-01 1.7034078400e-02
8.4281179138e-01 1.4593408200e-02
8.4290249433e-01 1.2240598180e-02
8.4299319728e-01 1.0224931440e-02
8.4308390023e-01 8.4804386800e-03
8.4317460317e-01 6.6016796200e-03
8.4326530612e-01 4.6940837600e-03
8.4335600907e-01 3.0232372500e-03
8.4344671202e-01 1.4311612900e-03
8.4353741497e-01 -2.0041451000e-04
8.4362811791e-01 -1.7794236300e-03
8.4371882086e-01 -2.9971020900e-03
8.4380952381e-01 -4.3754957400e-03
8.4390022676e-01 -5.3961307800e-03
8.4399092971e-01 -6.3412221600e-03
8.4408163265e-01 -7.2536385200e-03
8.4417233560e-01 -8.2320604200e-03
8.4426303855e-01 -8.3343551400e-03
8.4435374150e-01 -1.0738356800e-02
8.4444444444e-01 -1.2580679260e-02
8.4453514739e-01 -1.2055037580e-02
8.4462585034e-01 -1.1841873900e-02
8.4471655329e-01 -1.2060115460e-02
8.4480725624e-01 -9.9762879000e-03
8.4489795918e-01 -7.9464949200e-03
8.4498866213e-01 -8.2274420800e-03
8.4507936508e-01 -8.2806159200e-03
8.4517006803e-01 -8.2908276400e-03
8.4526077098e-01 -8.4361880000e-03
8.4535147392e-01 -8.8250013000e-03
8.4544217687e-01 -9.0736608000e-03
8.4553287982e-01 -9.2023043600e-03
8.4562358277e-01 -9.9503211800e-03
8.4571428571e-01 -1.0858763180e-02
8.4580498866e-01 -1.1826090260e-02
8.4589569161e-01 -1.3198534940e-02
8.4598639456e-01 -1.4710703400e-02
8.4607709751e-01 -1.6406591200e-02
8.4616780045e-01 -1.8119327200e-02
8.4625850340e-01 -2.0162424800e-02
8.4634920635e-01 -2.2654217400e-02
8.4643990930e-01 -2.4991967800e-02
8.4653061224e-01 -2.7163304800e-02
8.4662131519e-01 -2.9638158000e-02
8.4671201814e-01 -3.2446354000e-02
8.4680272109e-01 -3.5280806200e-02
8.4689342404e-01 -3.8310679200e-02
8.4698412698e-01 -4.1293901400e-02
8.4707482993e-01 -4.4363230400e-02
8.4716553288e-01 -4.7512318000e-02
8.4725623583e-01 -5.0722087000e-02
8.4734693878e-01 -5.4365600400e-02
8.4743764172e-01 -5.8274518600e-02
8.4752834467e-01 -6.1621107400e-02
8.4761904762e-01 -6.4864748600e-02
8.4770975057e-01 -6.7733370000e-02
8.4780045351e-01 -7.0108207000e-02
8.4789115646e-01 -7.2046111800e-02
8.4798185941e-01 -7.4623792000e-02
8.4807256236e-01 -7.6735475800e-02
8.4816326531e-01 -7.8584811000e-02
8.4825396825e-01 -8.0386821400e-02
8.4834467120e-01 -8.1808778000e-02
8.4843537415e-01 -8.2629985800e-02
8.4852607710e-01 -8.3063685800e-02
8.4861678005e-01 -8.3346671600e-02
8.4870748299e-01 -8.3120405200e-02
8.4879818594e-01 -8.2745800200e-02
8.4888888889e-01 -8.1835239400e-02
8.4897959184e-01 -8.0807584800e-02
8.4907029478e-01 -7.9476575800e-02
8.4916099773e-01 -7.7879739600e-02
8.4925170068e-01 -7.6057978800e-02
8.4934240363e-01 -7.4643337200e-02
8.4943310658e-01 -7.2899421400e-02
8.4952380952e-01 -7.0768360000e-02
8.4961451247e-01 -6.8648087200e-02
8.4970521542e-01 -6.6544600800e-02
8.4979591837e-01 -6.3848522800e-02
8.4988662132e-01 -6.1302553600e-02
8.4997732426e-01 -5.9102192800e-02
8.5006802721e-01 -5.6726260600e-02
8.5015873016e-01 -5.4349690400e-02
8.5024943311e-01 -5.2251981000e-02
8.5034013605e-01 -4.9829426600e-02
8.5043083900e-01 -4.7135025800e-02
8.5052154195e-01 -4.4663838600e-02
8.5061224490e-01 -4.2153381800e-02
8.5070294785e-01 -3.9380683200e-02
8.5079365079e-01 -3.6754010200e-02
8.5088435374e-01 -3.4204214400e-02
8.5097505669e-01 -3.1560549800e-02
8.5106575964e-01 -2.8927597000e-02
8.5115646259e-01 -2.6083456000e-02
8.5124716553e-01 -2.3519794600e-02
8.5133786848e-01 -2.1128178600e-02
8.5142857143e-01 -1.9145650600e-02
8.5151927438e-01 -1.6765911600e-02
8.5160997732e-01 -1.4488071400e-02
8.5170068027e-01 -1.1500244540e-02
8.5179138322e-01 -8.5071190800e-03
8.5188208617e-01 -5.4343574720e-03
8.5197278912e-01 -2.7142110520e-03
8.5206349206e-01 1.6086708800e-04
8.5215419501e-01 2.9323308280e-03
8.5224489796e-01 6.0276547680e-03
8.5233560091e-01 9.1391169600e-03
8.5242630385e-01 1.2368702740e-02
8.5251700680e-01 1.5443553600e-02
8.5260770975e-01 1.8212222600e-02
8.5269841270e-01 2.0932156400e-02
8.5278911565e-01 2.3891072200e-02
8.5287981859e-01 2.6810319400e-02
8.5297052154e-01 2.9612411400e-02
8.5306122449e-01 3.2053819200e-02
8.5315192744e-01 3.4644161600e-02
8.5324263039e-01 3.6934173000e-02
8.5333333333e-01 3.9287654200e-02
8.5342403628e-01 4.1406004600e-02
8.5351473923e-01 4.3474975000e-02
8.5360544218e-01 4.4815772000e-02
8.5369614512e-01 4.6012391200e-02
8.5378684807e-01 4.6901837000e-02
8.5387755102e-01 4.7815329800e-02
8.5396825397e-01 4.8410953400e-02
8.5405895692e-01 4.8969048400e-02
8.5414965986e-01 4.9682952600e-02
8.5424036281e-01 5.0091918600e-02
8.5433106576e-01 5.0110539600e-02
8.5442176871e-01 5.0151129000e-02
8.5451247166e-01 4.9835710600e-02
8.5460317460e-01 4.9052489200e-02
8.5469387755e-01 4.7699017800e-02
8.5478458050e-01 4.6066272800e-02
8.5487528345e-01 4.4144906400e-02
8.5496598639e-01 4.1967814400e-02
8.5505668934e-01 3.9321159600e-02
8.5514739229e-01 3.6265750000e-02
8.5523809524e-01 3.2845858400e-02
8.5532879819e-01 2.8776693400e-02
8.5541950113e-01 2.4176143600e-02
8.5551020408e-01 1.9382855280e-02
8.5560090703e-01 1.4756379540e-02
8.5569160998e-01 1.0072303600e-02
8.5578231293e-01 5.5793601200e-03
8.5587301587e-01 1.9186494200e-03
8.5596371882e-01 -1.0037165200e-03
8.5605442177e-01 -3.2688798000e-03
8.5614512472e-01 -5.0636380800e-03
8.5623582766e-01 -6.0191618800e-03
8.5632653061e-01 -6.2311542400e-03
8.5641723356e-01 -5.9107282600e-03
8.5650793651e-01 -4.6938883760e-03
8.5659863946e-01 -2.2727839760e-03
8.5668934240e-01 6.0063492400e-04
8.5678004535e-01 4.0680523840e-03
8.5687074830e-01 5.6657254640e-03
8.5696145125e-01 8.4944314000e-03
8.5705215420e-01 1.2862981620e-02
8.5714285714e-01 1.7177610600e-02
8.5723356009e-01 2.1550402600e-02
8.5732426304e-01 2.7873397600e-02
8.5741496599e-01 3.2988856200e-02
8.5750566893e-01 3.6638276200e-02
8.5759637188e-01 4.0746957400e-02
8.5768707483e-01 4.4205915400e-02
8.5777777778e-01 4.7738178400e-02
8.5786848073e-01 5.1099790600e-02
8.5795918367e-01 5.3962628000e-02
8.5804988662e-01 5.6268220000e-02
8.5814058957e-01 5.8595238600e-02
8.5823129252e-01 6.0827854600e-02
8.5832199546e-01 6.2850878400e-02
8.5841269841e-01 6.4571782600e-02
8.5850340136e-01 6.6200625400e-02
8.5859410431e-01 6.7596078800e-02
8.5868480726e-01 6.8609867200e-02
8.5877551020e-01 6.9142227000e-02
8.5886621315e-01 6.9594518000e-02
8.5895691610e-01 6.9634052600e-02
8.5904761905e-01 6.9250574600e-02
8.5913832200e-01 6.8255223600e-02
8.5922902494e-01 6.7107414800e-02
8.5931972789e-01 6.5421538600e-02
8.5941043084e-01 6.3304767000e-02
8.5950113379e-01 6.1331914200e-02
8.5959183673e-01 5.9316528000e-02
8.5968253968e-01 5.6774644600e-02
8.5977324263e-01 5.4428045800e-02
8.5986394558e-01 5.2206329800e-02
8.5995464853e-01 4.9375216200e-02
8.6004535147e-01 4.6216632800e-02
8.6013605442e-01 4.3184176800e-02
8.6022675737e-01 3.9875435400e-02
8.6031746032e-01 3.6876257800e-02
8.6040816327e-01 3.3965703200e-02
8.6049886621e-01 3.1199800800e-02
8.6058956916e-01 2.8610931400e-02
8.6068027211e-01 2.6225284400e-02
8.6077097506e-01 2.3257581000e-02
8.6086167800e-01 2.0459354200e-02
8.6095238095e-01 1.8045599400e-02
8.6104308390e-01 1.5591310600e-02
8.6113378685e-01 1.2851535540e-02
8.6122448980e-01 1.0711796900e-02
8.6131519274e-01 8.5442683800e-03
8.6140589569e-01 6.1697860800e-03
8.6149659864e-01 4.0053545508e-03
8.6158730159e-01 2.2239900108e-03
8.6167800454e-01 4.5210161080e-04
8.6176870748e-01 -1.1940669092e-03
8.6185941043e-01 -2.4852213692e-03
8.6195011338e-01 -3.5074618600e-03
8.6204081633e-01 -4.7884818800e-03
8.6213151927e-01 -5.8310287600e-03
8.6222222222e-01 -6.5930485200e-03
8.6231292517e-01 -7.0431379000e-03
8.6240362812e-01 -7.3039406800e-03
8.6249433107e-01 -7.3598620600e-03
8.6258503401e-01 -7.5481041400e-03
8.6267573696e-01 -7.5805904200e-03
8.6276643991e-01 -7.3838042200e-03
8.6285714286e-01 -7.3220526000e-03
8.6294784580e-01 -6.9548169200e-03
8.6303854875e-01 -6.2365592000e-03
8.6312925170e-01 -5.4980074600e-03
8.6321995465e-01 -5.3902888000e-03
8.6331065760e-01 -5.6093289000e-03
8.6340136054e-01 -6.1025019200e-03
8.6349206349e-01 -7.0761480400e-03
8.6358276644e-01 -7.9226801000e-03
8.6367346939e-01 -8.2950663800e-03
8.6376417234e-01 -8.6723204800e-03
8.6385487528e-01 -9.1322033400e-03
8.6394557823e-01 -9.4424525400e-03
8.6403628118e-01 -1.0554860140e-02
8.6412698413e-01 -1.2126509980e-02
8.6421768707e-01 -1.4041579600e-02
8.6430839002e-01 -1.5802766600e-02
8.6439909297e-01 -1.8198360600e-02
8.6448979592e-01 -2.0568891000e-02
8.6458049887e-01 -2.3068659400e-02
8.6467120181e-01 -2.5633233400e-02
8.6476190476e-01 -2.8591888600e-02
8.6485260771e-01 -3.1385624400e-02
8.6494331066e-01 -3.4285173600e-02
8.6503401361e-01 -3.7135832200e-02
8.6512471655e-01 -3.9830732400e-02
8.6521541950e-01 -4.2799397600e-02
8.6530612245e-01 -4.6051690800e-02
8.6539682540e-01 -4.9228613800e-02
8.6548752834e-01 -5.2475104400e-02
8.6557823129e-01 -5.5793479800e-02
8.6566893424e-01 -5.8885902200e-02
8.6575963719e-01 -6.1843302200e-02
8.6585034014e-01 -6.4761585800e-02
8.6594104308e-01 -6.7600365200e-02
8.6603174603e-01 -7.0195916400e-02
8.6612244898e-01 -7.2322312200e-02
8.6621315193e-01 -7.4217739000e-02
8.6630385488e-01 -7.5991507200e-02
8.6639455782e-01 -7.7612930000e-02
8.6648526077e-01 -7.9070971400e-02
8.6657596372e-01 -8.0439324400e-02
8.6666666667e-01 -8.1108387600e-02
8.6675736961e-01 -8.1344541600e-02
8.6684807256e-01 -8.1294080600e-02
8.6693877551e-01 -8.0836187000e-02
8.6702947846e-01 -7.9946343200e-02
8.6712018141e-01 -7.9033368000e-02
8.6721088435e-01 -7.7946361000e-02
8.6730158730e-01 -7.6597713000e-02
8.6739229025e-01 -7.5132725600e-02
8.6748299320e-01 -7.3787055200e-02
8.6757369615e-01 -7.2329388000e-02
8.6766439909e-01 -7.0493642600e-02
8.6775510204e-01 -6.8610798400e-02
8.6784580499e-01 -6.6575445200e-02
8.6793650794e-01 -6.4482852200e-02
8.6802721088e-01 -6.2383431000e-02
8.6811791383e-01 -6.0384915600e-02
8.6820861678e-01 -5.8377312400e-02
8.6829931973e-01 -5.6318683600e-02
8.6839002268e-01 -5.3912969600e-02
8.6848072562e-01 -5.1535921200e-02
8.6857142857e-01 -4.9121227400e-02
8.6866213152e-01 -4.6552172000e-02
8.6875283447e-01 -4.3931762600e-02
8.6884353741e-01 -4.1584609800e-02
8.6893424036e-01 -3.9133749800e-02
8.6902494331e-01 -3.6638439800e-02
8.6911564626e-01 -3.4068405800e-02
8.6920634921e-01 -3.1390362600e-02
8.6929705215e-01 -2.8609900400e-02
8.6938775510e-01 -2.8498653400e-02
8.6947845805e-01 -2.6396834600e-02
8.6956916100e-01 -2.3560104400e-02
8.6965986395e-01 -2.0775388000e-02
8.6975056689e-01 -1.8070051840e-02
8.6984126984e-01 -1.2916681940e-02
8.6993197279e-01 -9.7693999600e-03
8.7002267574e-01 -7.0337900860e-03
8.7011337868e-01 -4.0351149860e-03
8.7020408163e-01 -1.1362064260e-03
8.7029478458e-01 2.1603711940e-03
8.7038548753e-01 5.5413174140e-03
8.7047619048e-01 8.6266073400e-03
8.7056689342e-01 1.1435167640e-02
8.7065759637e-01 1.4364510320e-02
8.7074829932e-01 1.7519231400e-02
8.7083900227e-01 2.0573562600e-02
8.7092970522e-01 2.3151101600e-02
8.7102040816e-01 2.5771675400e-02
8.7111111111e-01 2.8724815000e-02
8.7120181406e-01 3.1205362400e-02
8.7129251701e-01 3.3255469200e-02
8.7138321995e-01 3.5420834400e-02
8.7147392290e-01 3.7412604400e-02
8.7156462585e-01 3.8966584800e-02
8.7165532880e-01 4.0433853400e-02
8.7174603175e-01 4.1744677200e-02
8.7183673469e-01 4.3259745600e-02
8.7192743764e-01 4.4377011000e-02
8.7201814059e-01 4.5414679000e-02
8.7210884354e-01 4.6412906200e-02
8.7219954649e-01 4.7450072200e-02
8.7229024943e-01 4.7827861200e-02
8.7238095238e-01 4.7893311600e-02
8.7247165533e-01 4.7831726200e-02
8.7256235828e-01 4.7680278400e-02
8.7265306122e-01 4.7156729400e-02
8.7274376417e-01 4.6292335600e-02
8.7283446712e-01 4.5068526400e-02
8.7292517007e-01 4.3156374400e-02
8.7301587302e-01 4.0651331800e-02
8.7310657596e-01 3.7893120000e-02
8.7319727891e-01 3.5038001200e-02
8.7328798186e-01 3.1777722200e-02
8.7337868481e-01 2.8346126600e-02
8.7346938776e-01 2.3988169800e-02
8.7356009070e-01 1.9764542000e-02
8.7365079365e-01 1.4905455440e-02
8.7374149660e-01 1.0166576898e-02
8.7383219955e-01 5.8894324980e-03
8.7392290249e-01 1.9339852780e-03
8.7401360544e-01 -1.9895890020e-03
8.7410430839e-01 -4.6199505220e-03
8.7419501134e-01 -6.8762521800e-03
8.7428571429e-01 -8.9354277800e-03
8.7437641723e-01 -9.6122783200e-03
8.7446712018e-01 -9.8862031400e-03
8.7455782313e-01 -9.5907875800e-03
8.7464852608e-01 -8.2088900200e-03
8.7473922902e-01 -6.1318651540e-03
8.7482993197e-01 -3.8144462740e-03
8.7492063492e-01 -4.0616797400e-04
8.7501133787e-01 3.1530591460e-03
8.7510204082e-01 7.1433529860e-03
8.7519274376e-01 1.1223498520e-02
8.7528344671e-01 1.5843121000e-02
8.7537414966e-01 2.0452905800e-02
8.7546485261e-01 2.4847900200e-02
8.7555555556e-01 2.9102904400e-02
8.7564625850e-01 3.3521078800e-02
8.7573696145e-01 3.7736569200e-02
8.7582766440e-01 4.1336369000e-02
8.7591836735e-01 4.4925900000e-02
8.7600907029e-01 4.8180377400e-02
8.7609977324e-01 5.1166206800e-02
8.7619047619e-01 5.3638434400e-02
8.7628117914e-01 5.6011306800e-02
8.7637188209e-01 5.8393601600e-02
8.7646258503e-01 6.0764947800e-02
8.7655328798e-01 6.2866453600e-02
8.7664399093e-01 6.4596263000e-02
8.7673469388e-01 6.6262342200e-02
8.7682539683e-01 6.7270249000e-02
8.7691609977e-01 6.7922469400e-02
8.7700680272e-01 6.8243028200e-02
8.7709750567e-01 6.8403764600e-02
8.7718820862e-01 6.7657508600e-02
8.7727891156e-01 6.6799034600e-02
8.7736961451e-01 6.5567442800e-02
8.7746031746e-01 6.3880931000e-02
8.7755102041e-01 6.2056803200e-02
8.7764172336e-01 6.0663144200e-02
8.7773242630e-01 5.9019118400e-02
8.7782312925e-01 5.6752700600e-02
8.7791383220e-01 5.4808711800e-02
8.7800453515e-01 5.2441110200e-02
8.7809523810e-01 4.9830740400e-02
8.7818594104e-01 4.7349598000e-02
8.7827664399e-01 4.5037126600e-02
8.7836734694e-01 4.2236763400e-02
8.7845804989e-01 3.9631087800e-02
8.7854875283e-01 3.6665416000e-02
8.7863945578e-01 3.3545851400e-02
8.7873015873e-01 3.0486642200e-02
8.7882086168e-01 2.7645068800e-02
8.7891156463e-01 2.5016643800e-02
8.7900226757e-01 2.2769903000e-02
8.7909297052e-01 2.0228584000e-02
8.7918367347e-01 1.8185160800e-02
8.7927437642e-01 1.5941884000e-02
8.7936507937e-01 1.3357697080e-02
8.7945578231e-01 1.1242607080e-02
8.7954648526e-01 9.7658755000e-03
8.7963718821e-01 7.9427793400e-03
8.7972789116e-01 6.3583855400e-03
8.7981859410e-01 5.3059146600e-03
8.7990929705e-01 3.9716862000e-03
8.8000000000e-01 2.5040691200e-03
8.8009070295e-01 1.3076436940e-03
8.8018140590e-01 5.4804916800e-04
8.8027210884e-01 -1.3440236200e-04
8.8036281179e-01 -6.9081046200e-04
8.8045351474e-01 -1.1385101620e-03
8.8054421769e-01 -1.7057272160e-03
8.8063492063e-01 -2.1452132700e-03
8.8072562358e-01 -2.4890861400e-03
8.8081632653e-01 -2.6261535400e-03
8.8090702948e-01 -2.8478502000e-03
8.8099773243e-01 -2.2114203300e-03
8.8108843537e-01 -1.8499051900e-03
8.8117913832e-01 -1.6778771900e-03
8.8126984127e-01 -1.5078000100e-03
8.8136054422e-01 -1.2789249100e-03
8.8145124717e-01 -1.7125911200e-03
8.8154195011e-01 -2.1771927800e-03
8.8163265306e-01 -2.6322165000e-03
8.8172335601e-01 -3.3579512800e-03
8.8181405896e-01 -4.6557369400e-03
8.8190476190e-01 -8.9993509600e-03
8.8199546485e-01 -1.0216434980e-02
8.8208616780e-01 -1.1364871180e-02
8.8217687075e-01 -1.2380063220e-02
8.8226757370e-01 -1.2739629840e-02
8.8235827664e-01 -1.0298855440e-02
8.8244897959e-01 -1.1249822320e-02
8.8253968254e-01 -1.2835167400e-02
8.8263038549e-01 -1.4927135200e-02
8.8272108844e-01 -1.7334588800e-02
8.8281179138e-01 -1.9913368200e-02
8.8290249433e-01 -2.2937637000e-02
8.8299319728e-01 -2.5817423400e-02
8.8308390023e-01 -2.8774822600e-02
8.8317460317e-01 -3.2081783600e-02
8.8326530612e-01 -3.5443264800e-02
8.8335600907e-01 -3.8712294000e-02
8.8344671202e-01 -4.2294675000e-02
8.8353741497e-01 -4.5895224000e-02
8.8362811791e-01 -4.9313960800e-02
8.8371882086e-01 -5.2472820200e-02
8.8380952381e-01 -5.5368043600e-02
8.8390022676e-01 -5.8268361000e-02
8.8399092971e-01 -6.1227618600e-02
8.8408163265e-01 -6.4158061600e-02
8.8417233560e-01 -6.7059915400e-02
8.8426303855e-01 -7.0043633000e-02
8.8435374150e-01 -7.2622896800e-02
8.8444444444e-01 -7.5026334800e-02
8.8453514739e-01 -7.6745911400e-02
8.8462585034e-01 -7.8290868600e-02
8.8471655329e-01 -7.9601632600e-02
8.8480725624e-01 -8.0462551000e-02
8.8489795918e-01 -8.0867898400e-02
8.8498866213e-01 -8.1252539200e-02
8.8507936508e-01 -8.1614768400e-02
8.8517006803e-01 -8.1475283200e-02
8.8526077098e-01 -8.0973349000e-02
8.8535147392e-01 -8.0238441400e-02
8.8544217687e-01 -7.9531199200e-02
8.8553287982e-01 -7.8189064600e-02
8.8562358277e-01 -7.6635542000e-02
8.8571428571e-01 -7.5414111200e-02
8.8580498866e-01 -7.3997276800e-02
8.8589569161e-01 -7.2270844200e-02
8.8598639456e-01 -7.0693823800e-02
8.8607709751e-01 -6.9142586600e-02
8.8616780045e-01 -6.6875868400e-02
8.8625850340e-01 -6.4573393400e-02
8.8634920635e-01 -6.2061130200e-02
8.8643990930e-01 -5.9534416800e-02
8.8653061224e-01 -5.6949267800e-02
8.8662131519e-01 -5.4551658800e-02
8.8671201814e-01 -5.2054099200e-02
8.8680272109e-01 -4.9521169400e-02
8.8689342404e-01 -4.6940179000e-02
8.8698412698e-01 -4.4135261600e-02
8.8707482993e-01 -4.1538574400e-02
8.8716553288e-01 -3.8805201600e-02
8.8725623583e-01 -3.6003627200e-02
8.8734693878e-01 -3.3444196200e-02
8.8743764172e-01 -3.0729515200e-02
8.8752834467e-01 -2.7922063400e-02
8.8761904762e-01 -2.5444636800e-02
8.8770975057e-01 -2.3039112600e-02
8.8780045351e-01 -2.0389248600e-02
8.8789115646e-01 -1.7648301200e-02
8.8798185941e-01 -1.5139950420e-02
8.8807256236e-01 -1.2470617200e-02
8.8816326531e-01 -9.6440933600e-03
8.8825396825e-01 -6.5828907380e-03
8.8834467120e-01 -3.5906989380e-03
8.8843537415e-01 -1.9856049800e-04
8.8852607710e-01 3.2766755820e-03
8.8861678005e-01 6.7396835420e-03
8.8870748299e-01 9.8209609200e-03
8.8879818594e-01 1.2935178920e-02
8.8888888889e-01 1.6144257100e-02
8.8897959184e-01 1.9105121000e-02
8.8907029478e-01 2.2028171400e-02
8.8916099773e-01 2.5302454000e-02
8.8925170068e-01 2.8003096600e-02
8.8934240363e-01 3.0603047600e-02
8.8943310658e-01 3.3470277800e-02
8.8952380952e-01 3.5976046600e-02
8.8961451247e-01 3.7776482000e-02
8.8970521542e-01 3.9581095200e-02
8.8979591837e-01 4.1186630200e-02
8.8988662132e-01 4.2663382200e-02
8.8997732426e-01 4.4108825600e-02
8.9006802721e-01 4.5600654200e-02
8.9015873016e-01 4.7244340800e-02
8.9024943311e-01 4.8321008000e-02
8.9034013605e-01 4.9142814800e-02
8.9043083900e-01 4.9736742800e-02
8.9052154195e-01 5.0531114400e-02
8.9061224490e-01 5.0528695200e-02
8.9070294785e-01 5.0636021400e-02
8.9079365079e-01 5.0619379600e-02
8.9088435374e-01 4.9913325000e-02
8.9097505669e-01 4.8701380200e-02
8.9106575964e-01 4.7335531000e-02
8.9115646259e-01 4.4849860800e-02
8.9124716553e-01 4.2001302200e-02
8.9133786848e-01 3.8903751600e-02
8.9142857143e-01 3.5156870400e-02
8.9151927438e-01 3.1082469800e-02
8.9160997732e-01 2.7002110000e-02
8.9170068027e-01 2.2236791200e-02
8.9179138322e-01 1.7545614880e-02
8.9188208617e-01 1.2962861120e-02
8.9197278912e-01 8.3590032000e-03
8.9206349206e-01 4.1691699800e-03
8.9215419501e-01 7.6177034000e-04
8.9224489796e-01 -2.2836543800e-03
8.9233560091e-01 -5.2201742200e-03
8.9242630385e-01 -6.9667784400e-03
8.9251700680e-01 -7.6352670600e-03
8.9260770975e-01 -8.0667503800e-03
8.9269841270e-01 -7.8177428000e-03
8.9278911565e-01 -6.4460680600e-03
8.9287981859e-01 -4.4627007260e-03
8.9297052154e-01 -2.3187200860e-03
8.9306122449e-01 5.1139883400e-04
8.9315192744e-01 3.8458812940e-03
8.9324263039e-01 7.7058751540e-03
8.9333333333e-01 1.1736069160e-02
8.9342403628e-01 1.5852359960e-02
8.9351473923e-01 2.0136420200e-02
8.9360544218e-01 2.4440717200e-02
8.9369614512e-01 2.8312943800e-02
8.9378684807e-01 3.1631029400e-02
8.9387755102e-01 3.5663751000e-02
8.9396825397e-01 3.9322478600e-02
8.9405895692e-01 4.2710976000e-02
8.9414965986e-01 4.6147541000e-02
8.9424036281e-01 4.9834859600e-02
8.9433106576e-01 5.1606537000e-02
8.9442176871e-01 5.1815436400e-02
8.9451247166e-01 5.3857222400e-02
8.9460317460e-01 5.5589709000e-02
8.9469387755e-01 5.7185829000e-02
8.9478458050e-01 5.9412455400e-02
8.9487528345e-01 6.2983226400e-02
8.9496598639e-01 6.4175086000e-02
8.9505668934e-01 6.5019406600e-02
8.9514739229e-01 6.5325076200e-02
8.9523809524e-01 6.5372573000e-02
8.9532879819e-01 6.5128490600e-02
8.9541950113e-01 6.4554189400e-02
8.9551020408e-01 6.3560136200e-02
8.9560090703e-01 6.1904105600e-02
8.9569160998e-01 6.0329573400e-02
8.9578231293e-01 5.8587496400e-02
8.9587301587e-01 5.6785102200e-02
8.9596371882e-01 5.4645646000e-02
8.9605442177e-01 5.2543674200e-02
8.9614512472e-01 4.9985009000e-02
8.9623582766e-01 4.7114236000e-02
8.9632653061e-01 4.4324234600e-02
8.9641723356e-01 4.1459274400e-02
8.9650793651e-01 3.8749549800e-02
8.9659863946e-01 3.6133548800e-02
8.9668934240e-01 3.3345401200e-02
8.9678004535e-01 3.0672409400e-02
8.9687074830e-01 2.8153139000e-02
8.9696145125e-01 2.5602263400e-02
8.9705215420e-01 2.3007255200e-02
8.9714285714e-01 2.0304407000e-02
8.9723356009e-01 1.7336554200e-02
8.9732426304e-01 1.4980853200e-02
8.9741496599e-01 1.2612196200e-02
8.9750566893e-01 1.0242679080e-02
8.9759637188e-01 8.4752930800e-03
8.9768707483e-01 6.7093257400e-03
8.9777777778e-01 4.9784534600e-03
8.9786848073e-01 3.3469341640e-03
8.9795918367e-01 2.1375311528e-03
8.9804988662e-01 9.8658710276e-04
8.9814058957e-01 1.2642102760e-05
8.9823129252e-01 -1.0160332572e-03
8.9832199546e-01 -1.7860843412e-03
8.9841269841e-01 -2.9597104900e-03
8.9850340136e-01 -3.6541960800e-03
8.9859410431e-01 -4.1825415400e-03
8.9868480726e-01 -4.8149380200e-03
8.9877551020e-01 -5.0576792600e-03
8.9886621315e-01 -4.6818097200e-03
8.9895691610e-01 -4.5012324200e-03
8.9904761905e-01 -4.2468949000e-03
8.9913832200e-01 -3.5347786800e-03
8.9922902494e-01 -3.0421746400e-03
8.9931972789e-01 -2.6365609000e-03
8.9941043084e-01 -2.4281310000e-03
8.9950113379e-01 -1.8421881040e-03
8.9959183673e-01 -1.5027306080e-03
8.9968253968e-01 -1.0912931386e-03
8.9977324263e-01 -8.3308971860e-04
8.9986394558e-01 -7.3668845860e-04
8.9995464853e-01 -1.0569196546e-03
9.0004535147e-01 -1.4790802906e-03
9.0013605442e-01 -2.3649392800e-03
9.0022675737e-01 -3.3372614200e-03
9.0031746032e-01 -4.1839359600e-03
9.0040816327e-01 -5.3678236600e-03
9.0049886621e-01 -6.5905284600e-03
9.0058956916e-01 -7.8409547600e-03
9.0068027211e-01 -9.2903864400e-03
9.0077097506e-01 -1.1338201720e-02
9.0086167800e-01 -1.3401535840e-02
9.0095238095e-01 -1.5778196200e-02
9.0104308390e-01 -1.8218565000e-02
9.0113378685e-01 -2.0825155000e-02
9.0122448980e-01 -2.3762155600e-02
9.0131519274e-01 -2.6660593400e-02
9.0140589569e-01 -2.9839517600e-02
9.0149659864e-01 -3.3565155600e-02
9.0158730159e-01 -3.7169737000e-02
9.0167800454e-01 -3.9929575200e-02
9.0176870748e-01 -4.3319292600e-02
9.0185941043e-01 -4.6476594400e-02
9.0195011338e-01 -4.9464989000e-02
9.0204081633e-01 -5.2769679200e-02
9.0213151927e-01 -5.6137348600e-02
9.0222222222e-01 -5.9208424400e-02
9.0231292517e-01 -6.2164956600e-02
9.0240362812e-01 -6.5060761000e-02
9.0249433107e-01 -6.7635970000e-02
9.0258503401e-01 -7.0406521000e-02
9.0267573696e-01 -7.2879816400e-02
9.0276643991e-01 -7.4954653200e-02
9.0285714286e-01 -7.6305756200e-02
9.0294784580e-01 -7.7262172800e-02
9.0303854875e-01 -7.7930705000e-02
9.0312925170e-01 -7.8201550400e-02
9.0321995465e-01 -7.8554579800e-02
9.0331065760e-01 -7.8779392000e-02
9.0340136054e-01 -7.8679845400e-02
9.0349206349e-01 -7.8476451000e-02
9.0358276644e-01 -7.7765743000e-02
9.0367346939e-01 -7.6430267400e-02
9.0376417234e-01 -7.4714548600e-02
9.0385487528e-01 -7.3039574600e-02
9.0394557823e-01 -7.0989172000e-02
9.0403628118e-01 -6.9427860000e-02
9.0412698413e-01 -6.7685839200e-02
9.0421768707e-01 -6.6065410200e-02
9.0430839002e-01 -6.4365290000e-02
9.0439909297e-01 -6.2283047800e-02
9.0448979592e-01 -5.9694115600e-02
9.0458049887e-01 -5.7560475000e-02
9.0467120181e-01 -5.5338768800e-02
9.0476190476e-01 -5.3217296800e-02
9.0485260771e-01 -5.1320095400e-02
9.0494331066e-01 -4.9035701800e-02
9.0503401361e-01 -4.6259056000e-02
9.0512471655e-01 -4.3795498000e-02
9.0521541950e-01 -4.1183663400e-02
9.0530612245e-01 -3.8696041600e-02
9.0539682540e-01 -3.6542418600e-02
9.0548752834e-01 -3.4401845200e-02
9.0557823129e-01 -3.2327039200e-02
9.0566893424e-01 -3.0234847400e-02
9.0575963719e-01 -2.8200535400e-02
9.0585034014e-01 -2.5850189800e-02
9.0594104308e-01 -2.3693065800e-02
9.0603174603e-01 -2.1167905800e-02
9.0612244898e-01 -1.8101359400e-02
9.0621315193e-01 -1.5052214520e-02
9.0630385488e-01 -1.2380923480e-02
9.0639455782e-01 -9.5865117800e-03
9.0648526077e-01 -6.3398576480e-03
9.0657596372e-01 -3.3304451080e-03
9.0666666667e-01 -4.7647502800e-04
9.0675736961e-01 2.8686164920e-03
9.0684807256e-01 4.5062801720e-03
9.0693877551e-01 4.7743139600e-03
9.0702947846e-01 8.3018504200e-03
9.0712018141e-01 1.1716541260e-02
9.0721088435e-01 1.4722252700e-02
9.0730158730e-01 1.9361607120e-02
9.0739229025e-01 2.4791399600e-02
9.0748299320e-01 2.6794951000e-02
9.0757369615e-01 2.9197667200e-02
9.0766439909e-01 3.1587794000e-02
9.0775510204e-01 3.3538496000e-02
9.0784580499e-01 3.5916447800e-02
9.0793650794e-01 3.7870441800e-02
9.0802721088e-01 3.9598151800e-02
9.0811791383e-01 4.1173702600e-02
9.0820861678e-01 4.2811766200e-02
9.0829931973e-01 4.4121685200e-02
9.0839002268e-01 4.5543981600e-02
9.0848072562e-01 4.6525745600e-02
9.0857142857e-01 4.7225332200e-02
9.0866213152e-01 4.7838426600e-02
9.0875283447e-01 4.7596123800e-02
9.0884353741e-01 4.7418656400e-02
9.0893424036e-01 4.7486570600e-02
9.0902494331e-01 4.6691822800e-02
9.0911564626e-01 4.5481939800e-02
9.0920634921e-01 4.4113765600e-02
9.0929705215e-01 4.1999032600e-02
9.0938775510e-01 3.9218683000e-02
9.0947845805e-01 3.6045921200e-02
9.0956916100e-01 3.2579704600e-02
9.0965986395e-01 2.9119617400e-02
9.0975056689e-01 2.5143293400e-02
9.0984126984e-01 2.0779708600e-02
9.0993197279e-01 1.6662833000e-02
9.1002267574e-01 1.2205526120e-02
9.1011337868e-01 7.4774386000e-03
9.1020408163e-01 3.2439392000e-03
9.1029478458e-01 -4.3646452000e-04
9.1038548753e-01 -3.4666277800e-03
9.1047619048e-01 -5.8595183000e-03
9.1056689342e-01 -7.4725944200e-03
9.1065759637e-01 -8.4836120200e-03
9.1074829932e-01 -8.9092266000e-03
9.1083900227e-01 -8.5671168000e-03
9.1092970522e-01 -7.1973014400e-03
9.1102040816e-01 -5.1989866160e-03
9.1111111111e-01 -2.7550308760e-03
9.1120181406e-01 4.7232710400e-04
9.1129251701e-01 3.8015621640e-03
9.1138321995e-01 7.5904352040e-03
9.1147392290e-01 1.1703836820e-02
9.1156462585e-01 1.6153149280e-02
9.1165532880e-01 2.0413466400e-02
9.1174603175e-01 2.4925518400e-02
9.1183673469e-01 2.9157091800e-02
9.1192743764e-01 3.3122992000e-02
9.1201814059e-01 3.6973571600e-02
9.1210884354e-01 4.0786861800e-02
9.1219954649e-01 4.4126392200e-02
9.1229024943e-01 4.7417093000e-02
9.1238095238e-01 5.0623974200e-02
9.1247165533e-01 5.3620514600e-02
9.1256235828e-01 5.6010630400e-02
9.1265306122e-01 5.8410375200e-02
9.1274376417e-01 6.0406168200e-02
9.1283446712e-01 6.2193685200e-02
9.1292517007e-01 6.3846604600e-02
9.1301587302e-01 6.5216062400e-02
9.1310657596e-01 6.6563253000e-02
9.1319727891e-01 6.7489467800e-02
9.1328798186e-01 6.8080464200e-02
9.1337868481e-01 6.8145069200e-02
9.1346938776e-01 6.8060495400e-02
9.1356009070e-01 6.7479599800e-02
9.1365079365e-01 6.6525957200e-02
9.1374149660e-01 6.5080093600e-02
9.1383219955e-01 6.3385092000e-02
9.1392290249e-01 6.1902166600e-02
9.1401360544e-01 6.0066705200e-02
9.1410430839e-01 5.7765217400e-02
9.1419501134e-01 5.5495845000e-02
9.1428571429e-01 5.3155501800e-02
9.1437641723e-01 5.0414596600e-02
9.1446712018e-01 4.7394125000e-02
9.1455782313e-01 4.4837845800e-02
9.1464852608e-01 4.2052244000e-02
9.1473922902e-01 3.9260961400e-02
9.1482993197e-01 3.6132990000e-02
9.1492063492e-01 3.3043567600e-02
9.1501133787e-01 3.0224864400e-02
9.1510204082e-01 2.7429237400e-02
9.1519274376e-01 2.4332618800e-02
9.1528344671e-01 2.1312723800e-02
9.1537414966e-01 1.8805292800e-02
9.1546485261e-01 1.5834148000e-02
9.1555555556e-01 1.3296194520e-02
9.1564625850e-01 1.1074467740e-02
9.1573696145e-01 9.2321172000e-03
9.1582766440e-01 7.0269183200e-03
9.1591836735e-01 5.2439119600e-03
9.1600907029e-01 3.1793117340e-03
9.1609977324e-01 1.6359372000e-03
9.1619047619e-01 4.2255583400e-04
9.1628117914e-01 -4.7404696600e-04
9.1637188209e-01 -1.3300060660e-03
9.1646258503e-01 -1.9251325000e-03
9.1655328798e-01 -2.4907245460e-03
9.1664399093e-01 -2.8441818800e-03
9.1673469388e-01 -3.2854028600e-03
9.1682539683e-01 -3.5055765400e-03
9.1691609977e-01 -3.4799120600e-03
9.1700680272e-01 -3.4895682600e-03
9.1709750567e-01 -3.8099111400e-03
9.1718820862e-01 -3.5428581200e-03
9.1727891156e-01 -3.2052235200e-03
9.1736961451e-01 -2.6189493160e-03
9.1746031746e-01 -2.1514986080e-03
9.1755102041e-01 -1.2161140300e-03
9.1764172336e-01 -8.6050047000e-04
9.1773242630e-01 -3.6235217000e-04
9.1782312925e-01 -2.3772559380e-04
9.1791383220e-01 -3.7807340180e-04
9.1800453515e-01 -1.0304004598e-03
9.1809523810e-01 -1.2654905798e-03
9.1818594104e-01 -2.1353135398e-03
9.1827664399e-01 -3.2038340200e-03
9.1836734694e-01 -4.1643561600e-03
9.1845804989e-01 -5.0614718800e-03
9.1854875283e-01 -6.2848168000e-03
9.1863945578e-01 -7.4728109800e-03
9.1873015873e-01 -8.9857836200e-03
9.1882086168e-01 -1.0674578020e-02
9.1891156463e-01 -1.2534117100e-02
9.1900226757e-01 -1.4490463180e-02
9.1909297052e-01 -1.6963226000e-02
9.1918367347e-01 -1.9108336200e-02
9.1927437642e-01 -2.1239642800e-02
9.1936507937e-01 -2.5734047200e-02
9.1945578231e-01 -3.0054700600e-02
9.1954648526e-01 -3.2459382400e-02
9.1963718821e-01 -3.5809399800e-02
9.1972789116e-01 -3.9298631400e-02
9.1981859410e-01 -4.0731600800e-02
9.1990929705e-01 -4.2717796400e-02
9.2000000000e-01 -4.6529596200e-02
9.2009070295e-01 -4.9768396200e-02
9.2018140590e-01 -5.2972266800e-02
9.2027210884e-01 -5.6252650800e-02
9.2036281179e-01 -5.9434201600e-02
9.2045351474e-01 -6.2233036600e-02
9.2054421769e-01 -6.5050277600e-02
9.2063492063e-01 -6.7799944000e-02
9.2072562358e-01 -6.9692362800e-02
9.2081632653e-01 -7.1515772400e-02
9.2090702948e-01 -7.3655048200e-02
9.2099773243e-01 -7.4941478000e-02
9.2108843537e-01 -7.6060044800e-02
9.2117913832e-01 -7.7249826200e-02
9.2126984127e-01 -7.7986553400e-02
9.2136054422e-01 -7.7993276400e-02
9.2145124717e-01 -7.8158111200e-02
9.2154195011e-01 -7.7947603600e-02
9.2163265306e-01 -7.7394224800e-02
9.2172335601e-01 -7.6649842600e-02
9.2181405896e-01 -7.5766316000e-02
9.2190476190e-01 -7.4300362600e-02
9.2199546485e-01 -7.2780580600e-02
9.2208616780e-01 -7.1431316400e-02
9.2217687075e-01 -7.0115117400e-02
9.2226757370e-01 -6.8040541000e-02
9.2235827664e-01 -6.6240428400e-02
9.2244897959e-01 -6.4581898800e-02
9.2253968254e-01 -6.2792775400e-02
9.2263038549e-01 -6.0594624000e-02
9.2272108844e-01 -5.8937099800e-02
9.2281179138e-01 -5.7278718600e-02
9.2290249433e-01 -5.4996993600e-02
9.2299319728e-01 -5.2873696800e-02
9.2308390023e-01 -5.0990006600e-02
9.2317460317e-01 -4.9097516000e-02
9.2326530612e-01 -4.6949507800e-02
9.2335600907e-01 -4.4987983400e-02
9.2344671202e-01 -4.2551285000e-02
9.2353741497e-01 -4.0010761800e-02
9.2362811791e-01 -3.7358143200e-02
9.2371882086e-01 -3.4931255800e-02
9.2380952381e-01 -3.2308039600e-02
9.2390022676e-01 -2.9699009000e-02
9.2399092971e-01 -2.7192821400e-02
9.2408163265e-01 -2.4723850400e-02
9.2417233560e-01 -2.1945229000e-02
9.2426303855e-01 -1.9240020600e-02
9.2435374150e-01 -1.6623460600e-02
9.2444444444e-01 -1.3662064000e-02
9.2453514739e-01 -1.0547152720e-02
9.2462585034e-01 -7.6332525800e-03
9.2471655329e-01 -4.6698857400e-03
9.2480725624e-01 -1.6129661000e-03
9.2489795918e-01 1.4413100200e-03
9.2498866213e-01 4.2541440400e-03
9.2507936508e-01 7.3510699000e-03
9.2517006803e-01 1.0134162660e-02
9.2526077098e-01 1.2906592220e-02
9.2535147392e-01 1.5734268900e-02
9.2544217687e-01 1.8733615400e-02
9.2553287982e-01 2.1679768000e-02
9.2562358277e-01 2.4405805000e-02
9.2571428571e-01 2.7044022000e-02
9.2580498866e-01 2.9783386800e-02
9.2589569161e-01 3.2097430400e-02
9.2598639456e-01 3.4074633000e-02
9.2607709751e-01 3.6078053200e-02
9.2616780045e-01 3.7872574200e-02
9.2625850340e-01 3.9232803000e-02
9.2634920635e-01 4.0932988200e-02
9.2643990930e-01 4.2439995200e-02
9.2653061224e-01 4.3647088400e-02
9.2662131519e-01 4.4905342200e-02
9.2671201814e-01 4.5931283200e-02
9.2680272109e-01 4.5988028800e-02
9.2689342404e-01 4.6051850200e-02
9.2698412698e-01 4.6008591600e-02
9.2707482993e-01 4.5187802600e-02
9.2716553288e-01 4.4016407800e-02
9.2725623583e-01 4.2960483800e-02
9.2734693878e-01 4.1397712000e-02
9.2743764172e-01 3.9671373400e-02
9.2752834467e-01 3.7510399800e-02
9.2761904762e-01 3.4684547400e-02
9.2770975057e-01 3.1406989200e-02
9.2780045351e-01 2.7545923200e-02
9.2789115646e-01 2.3354412600e-02
9.2798185941e-01 1.9104757400e-02
9.2807256236e-01 1.4855745180e-02
9.2816326531e-01 1.0543356360e-02
9.2825396825e-01 6.1139560400e-03
9.2834467120e-01 1.8665163000e-03
9.2843537415e-01 -1.9788643800e-03
9.2852607710e-01 -5.1080712600e-03
9.2861678005e-01 -7.5640466400e-03
9.2870748299e-01 -9.1279731200e-03
9.2879818594e-01 -1.0019112580e-02
9.2888888889e-01 -1.0102751000e-02
9.2897959184e-01 -9.3063565200e-03
9.2907029478e-01 -7.8931465400e-03
9.2916099773e-01 -5.9900760400e-03
9.2925170068e-01 -3.4571350000e-03
9.2934240363e-01 -3.1889234000e-04
9.2943310658e-01 3.0000224800e-03
9.2952380952e-01 6.9800083000e-03
9.2961451247e-01 1.1410790400e-02
9.2970521542e-01 1.5658171960e-02
9.2979591837e-01 1.9845693800e-02
9.2988662132e-01 2.3972048200e-02
9.2997732426e-01 2.8150801400e-02
9.3006802721e-01 3.2198926400e-02
9.3015873016e-01 3.6458936400e-02
9.3024943311e-01 4.0652282200e-02
9.3034013605e-01 4.4568285400e-02
9.3043083900e-01 4.7832910600e-02
9.3052154195e-01 5.0953465200e-02
9.3061224490e-01 5.3503281200e-02
9.3070294785e-01 5.5974241800e-02
9.3079365079e-01 5.8387289600e-02
9.3088435374e-01 6.0216860000e-02
9.3097505669e-01 6.2038390000e-02
9.3106575964e-01 6.3691935600e-02
9.3115646259e-01 6.5150277800e-02
9.3124716553e-01 6.6188814200e-02
9.3133786848e-01 6.7538740000e-02
9.3142857143e-01 6.8235497800e-02
9.3151927438e-01 6.8846141400e-02
9.3160997732e-01 6.8738140600e-02
9.3170068027e-01 6.8718935400e-02
9.3179138322e-01 6.8194188400e-02
9.3188208617e-01 6.3473513200e-02
9.3197278912e-01 6.0607545600e-02
9.3206349206e-01 5.9658537400e-02
9.3215419501e-01 5.7519805000e-02
9.3224489796e-01 5.5313278600e-02
9.3233560091e-01 5.6898400200e-02
9.3242630385e-01 5.5941454200e-02
9.3251700680e-01 5.2431665600e-02
9.3260770975e-01 4.9409705000e-02
9.3269841270e-01 4.6208707400e-02
9.3278911565e-01 4.2851458400e-02
9.3287981859e-01 4.0040253600e-02
9.3297052154e-01 3.7538741800e-02
9.3306122449e-01 3.4452587800e-02
9.3315192744e-01 3.1696684800e-02
9.3324263039e-01 2.8860332000e-02
9.3333333333e-01 2.5660871400e-02
9.3342403628e-01 2.2348491600e-02
9.3351473923e-01 1.9857074400e-02
9.3360544218e-01 1.7186808600e-02
9.3369614512e-01 1.4998391800e-02
9.3378684807e-01 1.2760369080e-02
9.3387755102e-01 1.0629628200e-02
9.3396825397e-01 8.5544829200e-03
9.3405895692e-01 6.6305590000e-03
9.3414965986e-01 4.7989057400e-03
9.3424036281e-01 3.2866966540e-03
9.3433106576e-01 2.0724458080e-03
9.3442176871e-01 1.2633260080e-03
9.3451247166e-01 4.7600139200e-04
9.3460317460e-01 -1.8589822800e-04
9.3469387755e-01 -1.0067986620e-03
9.3478458050e-01 -1.4704703160e-03
9.3487528345e-01 -2.1953379360e-03
9.3496598639e-01 -2.6425493400e-03
9.3505668934e-01 -2.8573566400e-03
9.3514739229e-01 -2.7631323800e-03
9.3523809524e-01 -2.4682496200e-03
9.3532879819e-01 -1.8952000280e-03
9.3541950113e-01 -1.3394310980e-03
9.3551020408e-01 -8.8425695800e-04
9.3560090703e-01 -2.3927445400e-04
9.3569160998e-01 -1.5402731200e-04
9.3578231293e-01 2.6657910000e-05
9.3587301587e-01 3.1801498000e-05
9.3596371882e-01 -2.0660402200e-04
9.3605442177e-01 -5.1727966600e-04
9.3614512472e-01 -6.4169828800e-04
9.3623582766e-01 -9.9950858200e-04
9.3632653061e-01 -1.6016504800e-03
9.3641723356e-01 -2.2218934600e-03
9.3650793651e-01 -2.8546845600e-03
9.3659863946e-01 -3.5254089400e-03
9.3668934240e-01 -4.5422145400e-03
9.3678004535e-01 -5.9918598200e-03
9.3687074830e-01 -7.2749250800e-03
9.3696145125e-01 -8.5022388600e-03
9.3705215420e-01 -1.0078475180e-02
9.3714285714e-01 -1.2041148600e-02
9.3723356009e-01 -1.3828096800e-02
9.3732426304e-01 -1.5839225400e-02
9.3741496599e-01 -1.8735653800e-02
9.3750566893e-01 -2.2144025800e-02
9.3759637188e-01 -2.5220278000e-02
9.3768707483e-01 -2.8291543200e-02
9.3777777778e-01 -3.1537914200e-02
9.3786848073e-01 -3.4906853800e-02
9.3795918367e-01 -3.7901225800e-02
9.3804988662e-01 -4.1025447800e-02
9.3814058957e-01 -4.4212354600e-02
9.3823129252e-01 -4.7439486800e-02
9.3832199546e-01 -5.0217992000e-02
9.3841269841e-01 -5.3524656000e-02
9.3850340136e-01 -5.6691260000e-02
9.3859410431e-01 -5.9528556200e-02
9.3868480726e-01 -6.2315947200e-02
9.3877551020e-01 -6.5219630600e-02
9.3886621315e-01 -6.7387617800e-02
9.3895691610e-01 -6.9530690400e-02
9.3904761905e-01 -7.1556707000e-02
9.3913832200e-01 -7.3266398200e-02
9.3922902494e-01 -7.4375263200e-02
9.3931972789e-01 -7.5445746400e-02
9.3941043084e-01 -7.6287884800e-02
9.3950113379e-01 -7.6284116600e-02
9.3959183673e-01 -7.6294325000e-02
9.3968253968e-01 -7.6152665600e-02
9.3977324263e-01 -7.5549470600e-02
9.3986394558e-01 -7.4808973800e-02
9.3995464853e-01 -7.4205440000e-02
9.4004535147e-01 -7.3274642600e-02
9.4013605442e-01 -7.2197557800e-02
9.4022675737e-01 -7.0979129400e-02
9.4031746032e-01 -6.9317320000e-02
9.4040816327e-01 -6.8081920800e-02
9.4049886621e-01 -6.6990086200e-02
9.4058956916e-01 -6.5459680000e-02
9.4068027211e-01 -6.3673116200e-02
9.4077097506e-01 -6.1981458800e-02
9.4086167800e-01 -6.0016349200e-02
9.4095238095e-01 -5.7708326600e-02
9.4104308390e-01 -5.5905642200e-02
9.4113378685e-01 -5.4014714800e-02
9.4122448980e-01 -5.1843387400e-02
9.4131519274e-01 -4.9699497200e-02
9.4140589569e-01 -4.7508398400e-02
9.4149659864e-01 -4.4956703600e-02
9.4158730159e-01 -4.2594141400e-02
9.4167800454e-01 -4.0510079000e-02
9.4176870748e-01 -3.7991839200e-02
9.4185941043e-01 -3.5114752800e-02
9.4195011338e-01 -3.2444506800e-02
9.4204081633e-01 -2.9937038400e-02
9.4213151927e-01 -2.7215494200e-02
9.4222222222e-01 -2.4721538600e-02
9.4231292517e-01 -2.2615295000e-02
9.4240362812e-01 -2.0180305600e-02
9.4249433107e-01 -1.7384097800e-02
9.4258503401e-01 -1.4547598740e-02
9.4267573696e-01 -1.1607538500e-02
9.4276643991e-01 -8.4788177000e-03
9.4285714286e-01 -5.3891534260e-03
9.4294784580e-01 -2.2960019060e-03
9.4303854875e-01 6.2838237400e-04
9.4312925170e-01 3.7298023340e-03
9.4321995465e-01 6.7252081340e-03
9.4331065760e-01 9.3760792600e-03
9.4340136054e-01 1.2040995340e-02
9.4349206349e-01 1.4784782400e-02
9.4358276644e-01 1.7328605400e-02
9.4367346939e-01 1.9907333600e-02
9.4376417234e-01 2.2789590600e-02
9.4385487528e-01 2.5455070000e-02
9.4394557823e-01 2.7772366600e-02
9.4403628118e-01 2.9702988600e-02
9.4412698413e-01 3.1483163400e-02
9.4421768707e-01 3.3240004000e-02
9.4430839002e-01 3.4474729400e-02
9.4439909297e-01 3.2018691200e-02
9.4448979592e-01 3.2884131200e-02
9.4458049887e-01 3.4672337400e-02
9.4467120181e-01 3.5673131200e-02
9.4476190476e-01 3.6963390000e-02
9.4485260771e-01 4.1989603400e-02
9.4494331066e-01 4.3161721000e-02
9.4503401361e-01 4.2982397200e-02
9.4512471655e-01 4.3148636000e-02
9.4521541950e-01 4.2608094000e-02
9.4530612245e-01 4.1460040600e-02
9.4539682540e-01 4.0562025600e-02
9.4548752834e-01 3.9006436600e-02
9.4557823129e-01 3.6741565600e-02
9.4566893424e-01 3.4023092200e-02
9.4575963719e-01 3.0675851800e-02
9.4585034014e-01 2.6566012600e-02
9.4594104308e-01 2.2561162800e-02
9.4603174603e-01 1.8289808600e-02
9.4612244898e-01 1.4012028280e-02
9.4621315193e-01 9.8812900200e-03
9.4630385488e-01 5.6238086800e-03
9.4639455782e-01 1.3430079000e-03
9.4648526077e-01 -2.7446155000e-03
9.4657596372e-01 -6.3870607800e-03
9.4666666667e-01 -9.4496611200e-03
9.4675736961e-01 -1.1644464980e-02
9.4684807256e-01 -1.3168007000e-02
9.4693877551e-01 -1.4020674800e-02
9.4702947846e-01 -1.3962732800e-02
9.4712018141e-01 -1.3591423600e-02
9.4721088435e-01 -1.2059907860e-02
9.4730158730e-01 -1.0124545200e-02
9.4739229025e-01 -7.5089980800e-03
9.4748299320e-01 -4.5310341600e-03
9.4757369615e-01 -4.8354368000e-04
9.4766439909e-01 3.4580695800e-03
9.4775510204e-01 7.6811463200e-03
9.4784580499e-01 1.1859953800e-02
9.4793650794e-01 1.6055984080e-02
9.4802721088e-01 1.9932382000e-02
9.4811791383e-01 2.3614810000e-02
9.4820861678e-01 2.7819736400e-02
9.4829931973e-01 3.2439118600e-02
9.4839002268e-01 3.6639271200e-02
9.4848072562e-01 4.0432388800e-02
9.4857142857e-01 4.3983247200e-02
9.4866213152e-01 4.7192937000e-02
9.4875283447e-01 4.9965905600e-02
9.4884353741e-01 5.2994187400e-02
9.4893424036e-01 5.5717625000e-02
9.4902494331e-01 5.8473027000e-02
9.4911564626e-01 6.0871788200e-02
9.4920634921e-01 6.2697802800e-02
9.4929705215e-01 6.4012843600e-02
9.4938775510e-01 6.5785797600e-02
9.4947845805e-01 6.6995666600e-02
9.4956916100e-01 6.7460020600e-02
9.4965986395e-01 6.7816331600e-02
9.4975056689e-01 6.7784842000e-02
9.4984126984e-01 6.6857368000e-02
9.4993197279e-01 6.5866925800e-02
9.5002267574e-01 6.4911358400e-02
9.5011337868e-01 6.3872950200e-02
9.5020408163e-01 6.2662834400e-02
9.5029478458e-01 6.1329514000e-02
9.5038548753e-01 5.9753084600e-02
9.5047619048e-01 5.7566185400e-02
9.5056689342e-01 5.4915759600e-02
9.5065759637e-01 5.2601007600e-02
9.5074829932e-01 5.0279505600e-02
9.5083900227e-01 4.7621409800e-02
9.5092970522e-01 4.4967770000e-02
9.5102040816e-01 4.2461258000e-02
9.5111111111e-01 3.9421352200e-02
9.5120181406e-01 3.6352295400e-02
9.5129251701e-01 3.3364403600e-02
9.5138321995e-01 3.0405017000e-02
9.5147392290e-01 2.7565562000e-02
9.5156462585e-01 2.4975372800e-02
9.5165532880e-01 2.2432186400e-02
9.5174603175e-01 1.9817130600e-02
9.5183673469e-01 1.7463920000e-02
9.5192743764e-01 1.5217244000e-02
9.5201814059e-01 1.3039847400e-02
9.5210884354e-01 1.1222076540e-02
9.5219954649e-01 9.6602921600e-03
9.5229024943e-01 8.5505641800e-03
9.5238095238e-01 7.1671291000e-03
9.5247165533e-01 6.0676751800e-03
9.5256235828e-01 4.9886602600e-03
9.5265306122e-01 3.8769973800e-03
9.5274376417e-01 2.8230144800e-03
9.5283446712e-01 2.5812694800e-03
9.5292517007e-01 1.8538950160e-03
9.5301587302e-01 1.5247373360e-03
9.5310657596e-01 1.7586560360e-03
9.5319727891e-01 1.7538939160e-03
9.5328798186e-01 1.3829916760e-03
9.5337868481e-01 1.6465884000e-03
9.5346938776e-01 1.8122184800e-03
9.5356009070e-01 1.9372016200e-03
9.5365079365e-01 2.3801612200e-03
9.5374149660e-01 2.7267229200e-03
9.5383219955e-01 3.1450919600e-03
9.5392290249e-01 3.5279275000e-03
9.5401360544e-01 3.8044066400e-03
9.5410430839e-01 3.8339745800e-03
9.5419501134e-01 3.5694113200e-03
9.5428571429e-01 3.3105186000e-03
9.5437641723e-01 3.0740272600e-03
9.5446712018e-01 2.7152436000e-03
9.5455782313e-01 2.0245988580e-03
9.5464852608e-01 1.7048246644e-03
9.5473922902e-01 8.2566220440e-04
9.5482993197e-01 -6.9203537560e-04
9.5492063492e-01 -2.0383147156e-03
9.5501133787e-01 -3.4763378136e-03
9.5510204082e-01 -5.3263368400e-03
9.5519274376e-01 -7.0562462400e-03
9.5528344671e-01 -9.0918946800e-03
9.5537414966e-01 -1.1496626600e-02
9.5546485261e-01 -1.3882369500e-02
9.5555555556e-01 -1.6469181800e-02
9.5564625850e-01 -1.9241860800e-02
9.5573696145e-01 -2.2176065400e-02
9.5582766440e-01 -2.5306920000e-02
9.5591836735e-01 -2.8670978400e-02
9.5600907029e-01 -3.1965488400e-02
9.5609977324e-01 -3.5486026400e-02
9.5619047619e-01 -3.8980689600e-02
9.5628117914e-01 -4.2354451400e-02
9.5637188209e-01 -4.5814194000e-02
9.5646258503e-01 -4.9236647400e-02
9.5655328798e-01 -5.2622373000e-02
9.5664399093e-01 -5.5720839000e-02
9.5673469388e-01 -5.8870104200e-02
9.5682539683e-01 -6.2763854600e-02
9.5691609977e-01 -6.9560435800e-02
9.5700680272e-01 -7.2272186200e-02
9.5709750567e-01 -7.4511909800e-02
9.5718820862e-01 -7.6752897800e-02
9.5727891156e-01 -7.7568985000e-02
9.5736961451e-01 -7.5070755400e-02
9.5746031746e-01 -7.6081350400e-02
9.5755102041e-01 -7.7626019600e-02
9.5764172336e-01 -7.8691713200e-02
9.5773242630e-01 -8.0982168000e-02
