ISO-10303-21;
HEADER;
FILE_DESCRIPTION(('FreeCAD Model'),'2;1');
FILE_NAME('Open CASCADE Shape Model','2026-08-18T18:07:26',('Author'),(
    ''),'Open CASCADE STEP processor 7.8','FreeCAD','Unknown');
FILE_SCHEMA(('AUTOMOTIVE_DESIGN { 1 0 10303 214 1 1 1 1 }'));
ENDSEC;
DATA;
#1 = APPLICATION_PROTOCOL_DEFINITION('international standard',
  'automotive_design',2000,#2);
#2 = APPLICATION_CONTEXT(
  'core data for automotive mechanical design processes');
#3 = SHAPE_DEFINITION_REPRESENTATION(#4,#10);
#4 = PRODUCT_DEFINITION_SHAPE('','',#5);
#5 = PRODUCT_DEFINITION('design','',#6,#9);
#6 = PRODUCT_DEFINITION_FORMATION('','',#7);
#7 = PRODUCT('LabelPlate','LabelPlate','',(#8));
#8 = PRODUCT_CONTEXT('',#2,'mechanical');
#9 = PRODUCT_DEFINITION_CONTEXT('part definition',#2,'design');
#10 = SHAPE_REPRESENTATION('',(#11,#15,#19),#23);
#11 = AXIS2_PLACEMENT_3D('',#12,#13,#14);
#12 = CARTESIAN_POINT('',(0.,0.,0.));
#13 = DIRECTION('',(0.,0.,1.));
#14 = DIRECTION('',(1.,0.,-0.));
#15 = AXIS2_PLACEMENT_3D('',#16,#17,#18);
#16 = CARTESIAN_POINT('',(0.,0.,0.));
#17 = DIRECTION('',(0.,0.,1.));
#18 = DIRECTION('',(1.,0.,0.));
#19 = AXIS2_PLACEMENT_3D('',#20,#21,#22);
#20 = CARTESIAN_POINT('',(0.,0.,0.39));
#21 = DIRECTION('',(0.,0.,1.));
#22 = DIRECTION('',(1.,0.,0.));
#23 = ( GEOMETRIC_REPRESENTATION_CONTEXT(3) 
GLOBAL_UNCERTAINTY_ASSIGNED_CONTEXT((#27)) GLOBAL_UNIT_ASSIGNED_CONTEXT(
(#24,#25,#26)) REPRESENTATION_CONTEXT('Context #1',
  '3D Context with UNIT and UNCERTAINTY') );
#24 = ( LENGTH_UNIT() NAMED_UNIT(*) SI_UNIT(.MILLI.,.METRE.) );
#25 = ( NAMED_UNIT(*) PLANE_ANGLE_UNIT() SI_UNIT($,.RADIAN.) );
#26 = ( NAMED_UNIT(*) SI_UNIT($,.STERADIAN.) SOLID_ANGLE_UNIT() );
#27 = UNCERTAINTY_MEASURE_WITH_UNIT(LENGTH_MEASURE(1.E-07),#24,
  'distance_accuracy_value','confusion accuracy');
#28 = PRODUCT_RELATED_PRODUCT_CATEGORY('part',$,(#7));
#29 = SHAPE_DEFINITION_REPRESENTATION(#30,#36);
#30 = PRODUCT_DEFINITION_SHAPE('','',#31);
#31 = PRODUCT_DEFINITION('design','',#32,#35);
#32 = PRODUCT_DEFINITION_FORMATION('','',#33);
#33 = PRODUCT('LabelPlateBack','LabelPlateBack','',(#34));
#34 = PRODUCT_CONTEXT('',#2,'mechanical');
#35 = PRODUCT_DEFINITION_CONTEXT('part definition',#2,'design');
#36 = ADVANCED_BREP_SHAPE_REPRESENTATION('',(#11,#37),#519);
#37 = MANIFOLD_SOLID_BREP('',#38);
#38 = CLOSED_SHELL('',(#39,#148,#173,#205,#229,#253,#278,#303,#327,#351,
    #369,#394,#419,#444,#485,#502));
#39 = ADVANCED_FACE('',(#40,#51,#121,#132),#143,.T.);
#40 = FACE_BOUND('',#41,.T.);
#41 = EDGE_LOOP('',(#42));
#42 = ORIENTED_EDGE('',*,*,#43,.F.);
#43 = EDGE_CURVE('',#44,#44,#46,.T.);
#44 = VERTEX_POINT('',#45);
#45 = CARTESIAN_POINT('',(152.75438475638,105.939422,40.687926375688));
#46 = CIRCLE('',#47,8.55);
#47 = AXIS2_PLACEMENT_3D('',#48,#49,#50);
#48 = CARTESIAN_POINT('',(161.30438475638,105.939422,40.687926375688));
#49 = DIRECTION('',(0.,1.,-4.719632400672E-16));
#50 = DIRECTION('',(-1.,0.,0.));
#51 = FACE_BOUND('',#52,.T.);
#52 = EDGE_LOOP('',(#53,#64,#72,#81,#89,#98,#106,#115));
#53 = ORIENTED_EDGE('',*,*,#54,.T.);
#54 = EDGE_CURVE('',#55,#57,#59,.T.);
#55 = VERTEX_POINT('',#56);
#56 = CARTESIAN_POINT('',(175.47577966733,105.939422,57.7));
#57 = VERTEX_POINT('',#58);
#58 = CARTESIAN_POINT('',(178.17577966733,105.939422,55.));
#59 = CIRCLE('',#60,2.7);
#60 = AXIS2_PLACEMENT_3D('',#61,#62,#63);
#61 = CARTESIAN_POINT('',(175.47577966733,105.939422,55.));
#62 = DIRECTION('',(0.,1.,-2.22044604925E-16));
#63 = DIRECTION('',(-1.,0.,0.));
#64 = ORIENTED_EDGE('',*,*,#65,.T.);
#65 = EDGE_CURVE('',#57,#66,#68,.T.);
#66 = VERTEX_POINT('',#67);
#67 = CARTESIAN_POINT('',(178.17577966733,105.939422,32.));
#68 = LINE('',#69,#70);
#69 = CARTESIAN_POINT('',(178.17577966733,105.939422,55.));
#70 = VECTOR('',#71,1.);
#71 = DIRECTION('',(0.,-2.22044604925E-16,-1.));
#72 = ORIENTED_EDGE('',*,*,#73,.T.);
#73 = EDGE_CURVE('',#66,#74,#76,.T.);
#74 = VERTEX_POINT('',#75);
#75 = CARTESIAN_POINT('',(175.47577966733,105.939422,29.3));
#76 = CIRCLE('',#77,2.7);
#77 = AXIS2_PLACEMENT_3D('',#78,#79,#80);
#78 = CARTESIAN_POINT('',(175.47577966733,105.939422,32.));
#79 = DIRECTION('',(0.,1.,-2.22044604925E-16));
#80 = DIRECTION('',(-1.,0.,0.));
#81 = ORIENTED_EDGE('',*,*,#82,.T.);
#82 = EDGE_CURVE('',#74,#83,#85,.T.);
#83 = VERTEX_POINT('',#84);
#84 = CARTESIAN_POINT('',(95.475779667339,105.939422,29.3));
#85 = LINE('',#86,#87);
#86 = CARTESIAN_POINT('',(175.47577966733,105.939422,29.3));
#87 = VECTOR('',#88,1.);
#88 = DIRECTION('',(-1.,0.,0.));
#89 = ORIENTED_EDGE('',*,*,#90,.T.);
#90 = EDGE_CURVE('',#83,#91,#93,.T.);
#91 = VERTEX_POINT('',#92);
#92 = CARTESIAN_POINT('',(92.775779667339,105.939422,32.));
#93 = CIRCLE('',#94,2.7);
#94 = AXIS2_PLACEMENT_3D('',#95,#96,#97);
#95 = CARTESIAN_POINT('',(95.475779667339,105.939422,32.));
#96 = DIRECTION('',(0.,1.,-2.22044604925E-16));
#97 = DIRECTION('',(-1.,0.,0.));
#98 = ORIENTED_EDGE('',*,*,#99,.T.);
#99 = EDGE_CURVE('',#91,#100,#102,.T.);
#100 = VERTEX_POINT('',#101);
#101 = CARTESIAN_POINT('',(92.775779667339,105.939422,55.));
#102 = LINE('',#103,#104);
#103 = CARTESIAN_POINT('',(92.775779667339,105.939422,32.));
#104 = VECTOR('',#105,1.);
#105 = DIRECTION('',(0.,2.22044604925E-16,1.));
#106 = ORIENTED_EDGE('',*,*,#107,.T.);
#107 = EDGE_CURVE('',#100,#108,#110,.T.);
#108 = VERTEX_POINT('',#109);
#109 = CARTESIAN_POINT('',(95.475779667339,105.939422,57.7));
#110 = CIRCLE('',#111,2.7);
#111 = AXIS2_PLACEMENT_3D('',#112,#113,#114);
#112 = CARTESIAN_POINT('',(95.475779667339,105.939422,55.));
#113 = DIRECTION('',(0.,1.,-2.22044604925E-16));
#114 = DIRECTION('',(-1.,0.,0.));
#115 = ORIENTED_EDGE('',*,*,#116,.T.);
#116 = EDGE_CURVE('',#108,#55,#117,.T.);
#117 = LINE('',#118,#119);
#118 = CARTESIAN_POINT('',(95.475779667339,105.939422,57.7));
#119 = VECTOR('',#120,1.);
#120 = DIRECTION('',(1.,1.972152263053E-32,8.881784197001E-17));
#121 = FACE_BOUND('',#122,.T.);
#122 = EDGE_LOOP('',(#123));
#123 = ORIENTED_EDGE('',*,*,#124,.F.);
#124 = EDGE_CURVE('',#125,#125,#127,.T.);
#125 = VERTEX_POINT('',#126);
#126 = CARTESIAN_POINT('',(126.75438475638,105.939422,40.687926375688));
#127 = CIRCLE('',#128,8.55);
#128 = AXIS2_PLACEMENT_3D('',#129,#130,#131);
#129 = CARTESIAN_POINT('',(135.30438475638,105.939422,40.687926375688));
#130 = DIRECTION('',(0.,1.,-4.719632400672E-16));
#131 = DIRECTION('',(-1.,0.,0.));
#132 = FACE_BOUND('',#133,.T.);
#133 = EDGE_LOOP('',(#134));
#134 = ORIENTED_EDGE('',*,*,#135,.F.);
#135 = EDGE_CURVE('',#136,#136,#138,.T.);
#136 = VERTEX_POINT('',#137);
#137 = CARTESIAN_POINT('',(100.75438475638,105.939422,40.687926375688));
#138 = CIRCLE('',#139,8.55);
#139 = AXIS2_PLACEMENT_3D('',#140,#141,#142);
#140 = CARTESIAN_POINT('',(109.30438475638,105.939422,40.687926375688));
#141 = DIRECTION('',(0.,1.,-4.719632400672E-16));
#142 = DIRECTION('',(-1.,0.,0.));
#143 = PLANE('',#144);
#144 = AXIS2_PLACEMENT_3D('',#145,#146,#147);
#145 = CARTESIAN_POINT('',(135.47577966733,105.939422,43.5));
#146 = DIRECTION('',(0.,1.,-4.719632400672E-16));
#147 = DIRECTION('',(0.,4.719632400672E-16,1.));
#148 = ADVANCED_FACE('',(#149),#168,.F.);
#149 = FACE_BOUND('',#150,.T.);
#150 = EDGE_LOOP('',(#151,#159,#160,#161));
#151 = ORIENTED_EDGE('',*,*,#152,.F.);
#152 = EDGE_CURVE('',#44,#153,#155,.T.);
#153 = VERTEX_POINT('',#154);
#154 = CARTESIAN_POINT('',(153.65438475638,105.039422,40.687926375688));
#155 = LINE('',#156,#157);
#156 = CARTESIAN_POINT('',(153.65438475638,105.039422,40.687926375688));
#157 = VECTOR('',#158,1.);
#158 = DIRECTION('',(0.707106781187,-0.707106781187,3.337284075223E-16)
  );
#159 = ORIENTED_EDGE('',*,*,#43,.T.);
#160 = ORIENTED_EDGE('',*,*,#152,.T.);
#161 = ORIENTED_EDGE('',*,*,#162,.F.);
#162 = EDGE_CURVE('',#153,#153,#163,.T.);
#163 = CIRCLE('',#164,7.65);
#164 = AXIS2_PLACEMENT_3D('',#165,#166,#167);
#165 = CARTESIAN_POINT('',(161.30438475638,105.039422,40.687926375688));
#166 = DIRECTION('',(0.,1.,-4.719632400672E-16));
#167 = DIRECTION('',(-1.,0.,0.));
#168 = CONICAL_SURFACE('',#169,7.65,0.785398163397);
#169 = AXIS2_PLACEMENT_3D('',#170,#171,#172);
#170 = CARTESIAN_POINT('',(161.30438475638,105.039422,40.687926375688));
#171 = DIRECTION('',(-0.,1.,-4.719632400672E-16));
#172 = DIRECTION('',(-1.,0.,0.));
#173 = ADVANCED_FACE('',(#174),#200,.T.);
#174 = FACE_BOUND('',#175,.F.);
#175 = EDGE_LOOP('',(#176,#184,#185,#193));
#176 = ORIENTED_EDGE('',*,*,#177,.T.);
#177 = EDGE_CURVE('',#178,#55,#180,.T.);
#178 = VERTEX_POINT('',#179);
#179 = CARTESIAN_POINT('',(175.47577966733,104.939422,57.7));
#180 = LINE('',#181,#182);
#181 = CARTESIAN_POINT('',(175.47577966733,104.939422,57.7));
#182 = VECTOR('',#183,1.);
#183 = DIRECTION('',(0.,1.,-2.22044604925E-16));
#184 = ORIENTED_EDGE('',*,*,#54,.T.);
#185 = ORIENTED_EDGE('',*,*,#186,.F.);
#186 = EDGE_CURVE('',#187,#57,#189,.T.);
#187 = VERTEX_POINT('',#188);
#188 = CARTESIAN_POINT('',(178.17577966733,104.939422,55.));
#189 = LINE('',#190,#191);
#190 = CARTESIAN_POINT('',(178.17577966733,104.939422,55.));
#191 = VECTOR('',#192,1.);
#192 = DIRECTION('',(0.,1.,-2.22044604925E-16));
#193 = ORIENTED_EDGE('',*,*,#194,.F.);
#194 = EDGE_CURVE('',#178,#187,#195,.T.);
#195 = CIRCLE('',#196,2.7);
#196 = AXIS2_PLACEMENT_3D('',#197,#198,#199);
#197 = CARTESIAN_POINT('',(175.47577966733,104.939422,55.));
#198 = DIRECTION('',(0.,1.,-2.22044604925E-16));
#199 = DIRECTION('',(-1.,0.,0.));
#200 = CYLINDRICAL_SURFACE('',#201,2.7);
#201 = AXIS2_PLACEMENT_3D('',#202,#203,#204);
#202 = CARTESIAN_POINT('',(175.47577966733,104.939422,55.));
#203 = DIRECTION('',(0.,-1.,2.22044604925E-16));
#204 = DIRECTION('',(-1.,0.,0.));
#205 = ADVANCED_FACE('',(#206),#224,.F.);
#206 = FACE_BOUND('',#207,.F.);
#207 = EDGE_LOOP('',(#208,#216,#217,#218));
#208 = ORIENTED_EDGE('',*,*,#209,.T.);
#209 = EDGE_CURVE('',#210,#108,#212,.T.);
#210 = VERTEX_POINT('',#211);
#211 = CARTESIAN_POINT('',(95.475779667339,104.939422,57.7));
#212 = LINE('',#213,#214);
#213 = CARTESIAN_POINT('',(95.475779667339,104.939422,57.7));
#214 = VECTOR('',#215,1.);
#215 = DIRECTION('',(0.,1.,-2.22044604925E-16));
#216 = ORIENTED_EDGE('',*,*,#116,.T.);
#217 = ORIENTED_EDGE('',*,*,#177,.F.);
#218 = ORIENTED_EDGE('',*,*,#219,.F.);
#219 = EDGE_CURVE('',#210,#178,#220,.T.);
#220 = LINE('',#221,#222);
#221 = CARTESIAN_POINT('',(95.475779667339,104.939422,57.7));
#222 = VECTOR('',#223,1.);
#223 = DIRECTION('',(1.,1.972152263053E-32,8.881784197001E-17));
#224 = PLANE('',#225);
#225 = AXIS2_PLACEMENT_3D('',#226,#227,#228);
#226 = CARTESIAN_POINT('',(95.475779667339,104.939422,57.7));
#227 = DIRECTION('',(8.881784197001E-17,-2.22044604925E-16,-1.));
#228 = DIRECTION('',(1.,1.972152263053E-32,8.881784197001E-17));
#229 = ADVANCED_FACE('',(#230),#248,.F.);
#230 = FACE_BOUND('',#231,.F.);
#231 = EDGE_LOOP('',(#232,#233,#234,#242));
#232 = ORIENTED_EDGE('',*,*,#186,.T.);
#233 = ORIENTED_EDGE('',*,*,#65,.T.);
#234 = ORIENTED_EDGE('',*,*,#235,.F.);
#235 = EDGE_CURVE('',#236,#66,#238,.T.);
#236 = VERTEX_POINT('',#237);
#237 = CARTESIAN_POINT('',(178.17577966733,104.939422,32.));
#238 = LINE('',#239,#240);
#239 = CARTESIAN_POINT('',(178.17577966733,104.939422,32.));
#240 = VECTOR('',#241,1.);
#241 = DIRECTION('',(0.,1.,-2.22044604925E-16));
#242 = ORIENTED_EDGE('',*,*,#243,.F.);
#243 = EDGE_CURVE('',#187,#236,#244,.T.);
#244 = LINE('',#245,#246);
#245 = CARTESIAN_POINT('',(178.17577966733,104.939422,55.));
#246 = VECTOR('',#247,1.);
#247 = DIRECTION('',(0.,-2.22044604925E-16,-1.));
#248 = PLANE('',#249);
#249 = AXIS2_PLACEMENT_3D('',#250,#251,#252);
#250 = CARTESIAN_POINT('',(178.17577966733,104.939422,55.));
#251 = DIRECTION('',(-1.,0.,0.));
#252 = DIRECTION('',(0.,-2.22044604925E-16,-1.));
#253 = ADVANCED_FACE('',(#254),#273,.T.);
#254 = FACE_BOUND('',#255,.F.);
#255 = EDGE_LOOP('',(#256,#264,#265,#266));
#256 = ORIENTED_EDGE('',*,*,#257,.T.);
#257 = EDGE_CURVE('',#258,#100,#260,.T.);
#258 = VERTEX_POINT('',#259);
#259 = CARTESIAN_POINT('',(92.775779667339,104.939422,55.));
#260 = LINE('',#261,#262);
#261 = CARTESIAN_POINT('',(92.775779667339,104.939422,55.));
#262 = VECTOR('',#263,1.);
#263 = DIRECTION('',(0.,1.,-2.22044604925E-16));
#264 = ORIENTED_EDGE('',*,*,#107,.T.);
#265 = ORIENTED_EDGE('',*,*,#209,.F.);
#266 = ORIENTED_EDGE('',*,*,#267,.F.);
#267 = EDGE_CURVE('',#258,#210,#268,.T.);
#268 = CIRCLE('',#269,2.7);
#269 = AXIS2_PLACEMENT_3D('',#270,#271,#272);
#270 = CARTESIAN_POINT('',(95.475779667339,104.939422,55.));
#271 = DIRECTION('',(0.,1.,-2.22044604925E-16));
#272 = DIRECTION('',(-1.,0.,0.));
#273 = CYLINDRICAL_SURFACE('',#274,2.7);
#274 = AXIS2_PLACEMENT_3D('',#275,#276,#277);
#275 = CARTESIAN_POINT('',(95.475779667339,104.939422,55.));
#276 = DIRECTION('',(0.,-1.,2.22044604925E-16));
#277 = DIRECTION('',(-1.,0.,0.));
#278 = ADVANCED_FACE('',(#279),#298,.T.);
#279 = FACE_BOUND('',#280,.F.);
#280 = EDGE_LOOP('',(#281,#282,#283,#291));
#281 = ORIENTED_EDGE('',*,*,#235,.T.);
#282 = ORIENTED_EDGE('',*,*,#73,.T.);
#283 = ORIENTED_EDGE('',*,*,#284,.F.);
#284 = EDGE_CURVE('',#285,#74,#287,.T.);
#285 = VERTEX_POINT('',#286);
#286 = CARTESIAN_POINT('',(175.47577966733,104.939422,29.3));
#287 = LINE('',#288,#289);
#288 = CARTESIAN_POINT('',(175.47577966733,104.939422,29.3));
#289 = VECTOR('',#290,1.);
#290 = DIRECTION('',(0.,1.,-2.22044604925E-16));
#291 = ORIENTED_EDGE('',*,*,#292,.F.);
#292 = EDGE_CURVE('',#236,#285,#293,.T.);
#293 = CIRCLE('',#294,2.7);
#294 = AXIS2_PLACEMENT_3D('',#295,#296,#297);
#295 = CARTESIAN_POINT('',(175.47577966733,104.939422,32.));
#296 = DIRECTION('',(0.,1.,-2.22044604925E-16));
#297 = DIRECTION('',(-1.,0.,0.));
#298 = CYLINDRICAL_SURFACE('',#299,2.7);
#299 = AXIS2_PLACEMENT_3D('',#300,#301,#302);
#300 = CARTESIAN_POINT('',(175.47577966733,104.939422,32.));
#301 = DIRECTION('',(0.,-1.,2.22044604925E-16));
#302 = DIRECTION('',(-1.,0.,0.));
#303 = ADVANCED_FACE('',(#304),#322,.F.);
#304 = FACE_BOUND('',#305,.F.);
#305 = EDGE_LOOP('',(#306,#314,#315,#316));
#306 = ORIENTED_EDGE('',*,*,#307,.T.);
#307 = EDGE_CURVE('',#308,#91,#310,.T.);
#308 = VERTEX_POINT('',#309);
#309 = CARTESIAN_POINT('',(92.775779667339,104.939422,32.));
#310 = LINE('',#311,#312);
#311 = CARTESIAN_POINT('',(92.775779667339,104.939422,32.));
#312 = VECTOR('',#313,1.);
#313 = DIRECTION('',(0.,1.,-2.22044604925E-16));
#314 = ORIENTED_EDGE('',*,*,#99,.T.);
#315 = ORIENTED_EDGE('',*,*,#257,.F.);
#316 = ORIENTED_EDGE('',*,*,#317,.F.);
#317 = EDGE_CURVE('',#308,#258,#318,.T.);
#318 = LINE('',#319,#320);
#319 = CARTESIAN_POINT('',(92.775779667339,104.939422,32.));
#320 = VECTOR('',#321,1.);
#321 = DIRECTION('',(0.,2.22044604925E-16,1.));
#322 = PLANE('',#323);
#323 = AXIS2_PLACEMENT_3D('',#324,#325,#326);
#324 = CARTESIAN_POINT('',(92.775779667339,104.939422,32.));
#325 = DIRECTION('',(1.,0.,0.));
#326 = DIRECTION('',(0.,2.22044604925E-16,1.));
#327 = ADVANCED_FACE('',(#328),#346,.F.);
#328 = FACE_BOUND('',#329,.F.);
#329 = EDGE_LOOP('',(#330,#331,#332,#340));
#330 = ORIENTED_EDGE('',*,*,#284,.T.);
#331 = ORIENTED_EDGE('',*,*,#82,.T.);
#332 = ORIENTED_EDGE('',*,*,#333,.F.);
#333 = EDGE_CURVE('',#334,#83,#336,.T.);
#334 = VERTEX_POINT('',#335);
#335 = CARTESIAN_POINT('',(95.475779667339,104.939422,29.3));
#336 = LINE('',#337,#338);
#337 = CARTESIAN_POINT('',(95.475779667339,104.939422,29.3));
#338 = VECTOR('',#339,1.);
#339 = DIRECTION('',(0.,1.,-2.22044604925E-16));
#340 = ORIENTED_EDGE('',*,*,#341,.F.);
#341 = EDGE_CURVE('',#285,#334,#342,.T.);
#342 = LINE('',#343,#344);
#343 = CARTESIAN_POINT('',(175.47577966733,104.939422,29.3));
#344 = VECTOR('',#345,1.);
#345 = DIRECTION('',(-1.,0.,0.));
#346 = PLANE('',#347);
#347 = AXIS2_PLACEMENT_3D('',#348,#349,#350);
#348 = CARTESIAN_POINT('',(175.47577966733,104.939422,29.3));
#349 = DIRECTION('',(0.,2.22044604925E-16,1.));
#350 = DIRECTION('',(-1.,0.,0.));
#351 = ADVANCED_FACE('',(#352),#364,.T.);
#352 = FACE_BOUND('',#353,.F.);
#353 = EDGE_LOOP('',(#354,#355,#356,#357));
#354 = ORIENTED_EDGE('',*,*,#333,.T.);
#355 = ORIENTED_EDGE('',*,*,#90,.T.);
#356 = ORIENTED_EDGE('',*,*,#307,.F.);
#357 = ORIENTED_EDGE('',*,*,#358,.F.);
#358 = EDGE_CURVE('',#334,#308,#359,.T.);
#359 = CIRCLE('',#360,2.7);
#360 = AXIS2_PLACEMENT_3D('',#361,#362,#363);
#361 = CARTESIAN_POINT('',(95.475779667339,104.939422,32.));
#362 = DIRECTION('',(0.,1.,-2.22044604925E-16));
#363 = DIRECTION('',(-1.,0.,0.));
#364 = CYLINDRICAL_SURFACE('',#365,2.7);
#365 = AXIS2_PLACEMENT_3D('',#366,#367,#368);
#366 = CARTESIAN_POINT('',(95.475779667339,104.939422,32.));
#367 = DIRECTION('',(0.,-1.,2.22044604925E-16));
#368 = DIRECTION('',(-1.,0.,0.));
#369 = ADVANCED_FACE('',(#370),#389,.F.);
#370 = FACE_BOUND('',#371,.T.);
#371 = EDGE_LOOP('',(#372,#380,#381,#382));
#372 = ORIENTED_EDGE('',*,*,#373,.F.);
#373 = EDGE_CURVE('',#125,#374,#376,.T.);
#374 = VERTEX_POINT('',#375);
#375 = CARTESIAN_POINT('',(127.65438475638,105.039422,40.687926375688));
#376 = LINE('',#377,#378);
#377 = CARTESIAN_POINT('',(127.65438475638,105.039422,40.687926375688));
#378 = VECTOR('',#379,1.);
#379 = DIRECTION('',(0.707106781187,-0.707106781187,3.337284075223E-16)
  );
#380 = ORIENTED_EDGE('',*,*,#124,.T.);
#381 = ORIENTED_EDGE('',*,*,#373,.T.);
#382 = ORIENTED_EDGE('',*,*,#383,.F.);
#383 = EDGE_CURVE('',#374,#374,#384,.T.);
#384 = CIRCLE('',#385,7.65);
#385 = AXIS2_PLACEMENT_3D('',#386,#387,#388);
#386 = CARTESIAN_POINT('',(135.30438475638,105.039422,40.687926375688));
#387 = DIRECTION('',(0.,1.,-4.719632400672E-16));
#388 = DIRECTION('',(-1.,0.,0.));
#389 = CONICAL_SURFACE('',#390,7.65,0.785398163397);
#390 = AXIS2_PLACEMENT_3D('',#391,#392,#393);
#391 = CARTESIAN_POINT('',(135.30438475638,105.039422,40.687926375688));
#392 = DIRECTION('',(-0.,1.,-4.719632400672E-16));
#393 = DIRECTION('',(-1.,0.,0.));
#394 = ADVANCED_FACE('',(#395),#414,.F.);
#395 = FACE_BOUND('',#396,.T.);
#396 = EDGE_LOOP('',(#397,#405,#406,#407));
#397 = ORIENTED_EDGE('',*,*,#398,.F.);
#398 = EDGE_CURVE('',#136,#399,#401,.T.);
#399 = VERTEX_POINT('',#400);
#400 = CARTESIAN_POINT('',(101.65438475638,105.039422,40.687926375688));
#401 = LINE('',#402,#403);
#402 = CARTESIAN_POINT('',(101.65438475638,105.039422,40.687926375688));
#403 = VECTOR('',#404,1.);
#404 = DIRECTION('',(0.707106781187,-0.707106781187,3.337284075223E-16)
  );
#405 = ORIENTED_EDGE('',*,*,#135,.T.);
#406 = ORIENTED_EDGE('',*,*,#398,.T.);
#407 = ORIENTED_EDGE('',*,*,#408,.F.);
#408 = EDGE_CURVE('',#399,#399,#409,.T.);
#409 = CIRCLE('',#410,7.65);
#410 = AXIS2_PLACEMENT_3D('',#411,#412,#413);
#411 = CARTESIAN_POINT('',(109.30438475638,105.039422,40.687926375688));
#412 = DIRECTION('',(0.,1.,-4.719632400672E-16));
#413 = DIRECTION('',(-1.,0.,0.));
#414 = CONICAL_SURFACE('',#415,7.65,0.785398163397);
#415 = AXIS2_PLACEMENT_3D('',#416,#417,#418);
#416 = CARTESIAN_POINT('',(109.30438475638,105.039422,40.687926375688));
#417 = DIRECTION('',(-0.,1.,-4.719632400672E-16));
#418 = DIRECTION('',(-1.,0.,0.));
#419 = ADVANCED_FACE('',(#420),#439,.F.);
#420 = FACE_BOUND('',#421,.F.);
#421 = EDGE_LOOP('',(#422,#430,#431,#432));
#422 = ORIENTED_EDGE('',*,*,#423,.F.);
#423 = EDGE_CURVE('',#153,#424,#426,.T.);
#424 = VERTEX_POINT('',#425);
#425 = CARTESIAN_POINT('',(153.65438475638,104.939422,40.687926375688));
#426 = LINE('',#427,#428);
#427 = CARTESIAN_POINT('',(153.65438475638,105.939422,40.687926375688));
#428 = VECTOR('',#429,1.);
#429 = DIRECTION('',(0.,-1.,2.22044604925E-16));
#430 = ORIENTED_EDGE('',*,*,#162,.F.);
#431 = ORIENTED_EDGE('',*,*,#423,.T.);
#432 = ORIENTED_EDGE('',*,*,#433,.T.);
#433 = EDGE_CURVE('',#424,#424,#434,.T.);
#434 = CIRCLE('',#435,7.65);
#435 = AXIS2_PLACEMENT_3D('',#436,#437,#438);
#436 = CARTESIAN_POINT('',(161.30438475638,104.939422,40.687926375688));
#437 = DIRECTION('',(0.,1.,-2.22044604925E-16));
#438 = DIRECTION('',(-1.,0.,0.));
#439 = CYLINDRICAL_SURFACE('',#440,7.65);
#440 = AXIS2_PLACEMENT_3D('',#441,#442,#443);
#441 = CARTESIAN_POINT('',(161.30438475638,105.939422,40.687926375688));
#442 = DIRECTION('',(0.,1.,-2.22044604925E-16));
#443 = DIRECTION('',(-1.,0.,0.));
#444 = ADVANCED_FACE('',(#445,#455,#466,#477),#480,.F.);
#445 = FACE_BOUND('',#446,.F.);
#446 = EDGE_LOOP('',(#447,#448,#449,#450,#451,#452,#453,#454));
#447 = ORIENTED_EDGE('',*,*,#194,.T.);
#448 = ORIENTED_EDGE('',*,*,#243,.T.);
#449 = ORIENTED_EDGE('',*,*,#292,.T.);
#450 = ORIENTED_EDGE('',*,*,#341,.T.);
#451 = ORIENTED_EDGE('',*,*,#358,.T.);
#452 = ORIENTED_EDGE('',*,*,#317,.T.);
#453 = ORIENTED_EDGE('',*,*,#267,.T.);
#454 = ORIENTED_EDGE('',*,*,#219,.T.);
#455 = FACE_BOUND('',#456,.F.);
#456 = EDGE_LOOP('',(#457));
#457 = ORIENTED_EDGE('',*,*,#458,.F.);
#458 = EDGE_CURVE('',#459,#459,#461,.T.);
#459 = VERTEX_POINT('',#460);
#460 = CARTESIAN_POINT('',(101.65438475638,104.939422,40.687926375688));
#461 = CIRCLE('',#462,7.65);
#462 = AXIS2_PLACEMENT_3D('',#463,#464,#465);
#463 = CARTESIAN_POINT('',(109.30438475638,104.939422,40.687926375688));
#464 = DIRECTION('',(0.,1.,-2.22044604925E-16));
#465 = DIRECTION('',(-1.,0.,0.));
#466 = FACE_BOUND('',#467,.F.);
#467 = EDGE_LOOP('',(#468));
#468 = ORIENTED_EDGE('',*,*,#469,.F.);
#469 = EDGE_CURVE('',#470,#470,#472,.T.);
#470 = VERTEX_POINT('',#471);
#471 = CARTESIAN_POINT('',(127.65438475638,104.939422,40.687926375688));
#472 = CIRCLE('',#473,7.65);
#473 = AXIS2_PLACEMENT_3D('',#474,#475,#476);
#474 = CARTESIAN_POINT('',(135.30438475638,104.939422,40.687926375688));
#475 = DIRECTION('',(0.,1.,-2.22044604925E-16));
#476 = DIRECTION('',(-1.,0.,0.));
#477 = FACE_BOUND('',#478,.F.);
#478 = EDGE_LOOP('',(#479));
#479 = ORIENTED_EDGE('',*,*,#433,.F.);
#480 = PLANE('',#481);
#481 = AXIS2_PLACEMENT_3D('',#482,#483,#484);
#482 = CARTESIAN_POINT('',(135.47577966733,104.939422,43.5));
#483 = DIRECTION('',(0.,1.,-4.719632400672E-16));
#484 = DIRECTION('',(0.,4.719632400672E-16,1.));
#485 = ADVANCED_FACE('',(#486),#497,.F.);
#486 = FACE_BOUND('',#487,.F.);
#487 = EDGE_LOOP('',(#488,#494,#495,#496));
#488 = ORIENTED_EDGE('',*,*,#489,.F.);
#489 = EDGE_CURVE('',#374,#470,#490,.T.);
#490 = LINE('',#491,#492);
#491 = CARTESIAN_POINT('',(127.65438475638,105.939422,40.687926375688));
#492 = VECTOR('',#493,1.);
#493 = DIRECTION('',(0.,-1.,2.22044604925E-16));
#494 = ORIENTED_EDGE('',*,*,#383,.F.);
#495 = ORIENTED_EDGE('',*,*,#489,.T.);
#496 = ORIENTED_EDGE('',*,*,#469,.T.);
#497 = CYLINDRICAL_SURFACE('',#498,7.65);
#498 = AXIS2_PLACEMENT_3D('',#499,#500,#501);
#499 = CARTESIAN_POINT('',(135.30438475638,105.939422,40.687926375688));
#500 = DIRECTION('',(0.,1.,-2.22044604925E-16));
#501 = DIRECTION('',(-1.,0.,0.));
#502 = ADVANCED_FACE('',(#503),#514,.F.);
#503 = FACE_BOUND('',#504,.F.);
#504 = EDGE_LOOP('',(#505,#511,#512,#513));
#505 = ORIENTED_EDGE('',*,*,#506,.F.);
#506 = EDGE_CURVE('',#399,#459,#507,.T.);
#507 = LINE('',#508,#509);
#508 = CARTESIAN_POINT('',(101.65438475638,105.939422,40.687926375688));
#509 = VECTOR('',#510,1.);
#510 = DIRECTION('',(0.,-1.,2.22044604925E-16));
#511 = ORIENTED_EDGE('',*,*,#408,.F.);
#512 = ORIENTED_EDGE('',*,*,#506,.T.);
#513 = ORIENTED_EDGE('',*,*,#458,.T.);
#514 = CYLINDRICAL_SURFACE('',#515,7.65);
#515 = AXIS2_PLACEMENT_3D('',#516,#517,#518);
#516 = CARTESIAN_POINT('',(109.30438475638,105.939422,40.687926375688));
#517 = DIRECTION('',(0.,1.,-2.22044604925E-16));
#518 = DIRECTION('',(-1.,0.,0.));
#519 = ( GEOMETRIC_REPRESENTATION_CONTEXT(3) 
GLOBAL_UNCERTAINTY_ASSIGNED_CONTEXT((#523)) GLOBAL_UNIT_ASSIGNED_CONTEXT
((#520,#521,#522)) REPRESENTATION_CONTEXT('Context #1',
  '3D Context with UNIT and UNCERTAINTY') );
#520 = ( LENGTH_UNIT() NAMED_UNIT(*) SI_UNIT(.MILLI.,.METRE.) );
#521 = ( NAMED_UNIT(*) PLANE_ANGLE_UNIT() SI_UNIT($,.RADIAN.) );
#522 = ( NAMED_UNIT(*) SI_UNIT($,.STERADIAN.) SOLID_ANGLE_UNIT() );
#523 = UNCERTAINTY_MEASURE_WITH_UNIT(LENGTH_MEASURE(1.E-07),#520,
  'distance_accuracy_value','confusion accuracy');
#524 = CONTEXT_DEPENDENT_SHAPE_REPRESENTATION(#525,#527);
#525 = ( REPRESENTATION_RELATIONSHIP('','',#36,#10) 
REPRESENTATION_RELATIONSHIP_WITH_TRANSFORMATION(#526) 
SHAPE_REPRESENTATION_RELATIONSHIP() );
#526 = ITEM_DEFINED_TRANSFORMATION('','',#11,#15);
#527 = PRODUCT_DEFINITION_SHAPE('Placement','Placement of an item',#528
  );
#528 = NEXT_ASSEMBLY_USAGE_OCCURRENCE('5','LabelPlateBack','',#5,#31,$);
#529 = PRODUCT_RELATED_PRODUCT_CATEGORY('part',$,(#33));
#530 = SHAPE_DEFINITION_REPRESENTATION(#531,#537);
#531 = PRODUCT_DEFINITION_SHAPE('','',#532);
#532 = PRODUCT_DEFINITION('design','',#533,#536);
#533 = PRODUCT_DEFINITION_FORMATION('','',#534);
#534 = PRODUCT('LabelText','LabelText','',(#535));
#535 = PRODUCT_CONTEXT('',#2,'mechanical');
#536 = PRODUCT_DEFINITION_CONTEXT('part definition',#2,'design');
#537 = SHAPE_REPRESENTATION('',(#11,#538,#1480,#1854,#2256,#2594,#2831,
    #3105,#3969,#4371,#5697,#5907,#6309,#6455,#6607,#6759,#8085,#8459,
    #9725,#10991,#11137,#11289),#11441);
#538 = MANIFOLD_SOLID_BREP('',#539);
#539 = CLOSED_SHELL('',(#540,#582,#615,#648,#681,#714,#747,#780,#813,
    #843,#873,#906,#939,#972,#1005,#1038,#1071,#1104,#1137,#1170,#1203,
    #1236,#1269,#1299,#1329,#1359,#1389,#1410,#1445));
#540 = ADVANCED_FACE('',(#541),#575,.T.);
#541 = FACE_BOUND('',#542,.T.);
#542 = EDGE_LOOP('',(#543,#553,#561,#569));
#543 = ORIENTED_EDGE('',*,*,#544,.T.);
#544 = EDGE_CURVE('',#545,#547,#549,.T.);
#545 = VERTEX_POINT('',#546);
#546 = CARTESIAN_POINT('',(164.74312634945,105.939422,53.077357856522));
#547 = VERTEX_POINT('',#548);
#548 = CARTESIAN_POINT('',(164.74312634945,106.939422,53.077357856522));
#549 = LINE('',#550,#551);
#550 = CARTESIAN_POINT('',(164.74312634945,105.939422,53.077357856522));
#551 = VECTOR('',#552,1.);
#552 = DIRECTION('',(0.,1.,0.));
#553 = ORIENTED_EDGE('',*,*,#554,.T.);
#554 = EDGE_CURVE('',#547,#555,#557,.T.);
#555 = VERTEX_POINT('',#556);
#556 = CARTESIAN_POINT('',(165.32447033345,106.939422,52.906244888522));
#557 = B_SPLINE_CURVE_WITH_KNOTS('',2,(#558,#559,#560),.UNSPECIFIED.,.F.
  ,.F.,(3,3),(0.,1.),.PIECEWISE_BEZIER_KNOTS.);
#558 = CARTESIAN_POINT('',(164.74312634945,106.939422,53.077357856522));
#559 = CARTESIAN_POINT('',(164.96250134945,106.939422,52.991801840522));
#560 = CARTESIAN_POINT('',(165.32447033345,106.939422,52.906244888522));
#561 = ORIENTED_EDGE('',*,*,#562,.F.);
#562 = EDGE_CURVE('',#563,#555,#565,.T.);
#563 = VERTEX_POINT('',#564);
#564 = CARTESIAN_POINT('',(165.32447033345,105.939422,52.906244888522));
#565 = LINE('',#566,#567);
#566 = CARTESIAN_POINT('',(165.32447033345,105.939422,52.906244888522));
#567 = VECTOR('',#568,1.);
#568 = DIRECTION('',(0.,1.,0.));
#569 = ORIENTED_EDGE('',*,*,#570,.F.);
#570 = EDGE_CURVE('',#545,#563,#571,.T.);
#571 = B_SPLINE_CURVE_WITH_KNOTS('',2,(#572,#573,#574),.UNSPECIFIED.,.F.
  ,.F.,(3,3),(0.,1.),.PIECEWISE_BEZIER_KNOTS.);
#572 = CARTESIAN_POINT('',(164.74312634945,105.939422,53.077357856522));
#573 = CARTESIAN_POINT('',(164.96250134945,105.939422,52.991801840522));
#574 = CARTESIAN_POINT('',(165.32447033345,105.939422,52.906244888522));
#575 = SURFACE_OF_LINEAR_EXTRUSION('',#576,#580);
#576 = B_SPLINE_CURVE_WITH_KNOTS('',2,(#577,#578,#579),.UNSPECIFIED.,.F.
  ,.F.,(3,3),(0.,1.),.PIECEWISE_BEZIER_KNOTS.);
#577 = CARTESIAN_POINT('',(164.74312634945,105.939422,53.077357856522));
#578 = CARTESIAN_POINT('',(164.96250134945,105.939422,52.991801840522));
#579 = CARTESIAN_POINT('',(165.32447033345,105.939422,52.906244888522));
#580 = VECTOR('',#581,1.);
#581 = DIRECTION('',(-0.,-1.,-0.));
#582 = ADVANCED_FACE('',(#583),#608,.T.);
#583 = FACE_BOUND('',#584,.T.);
#584 = EDGE_LOOP('',(#585,#586,#594,#602));
#585 = ORIENTED_EDGE('',*,*,#562,.T.);
#586 = ORIENTED_EDGE('',*,*,#587,.T.);
#587 = EDGE_CURVE('',#555,#588,#590,.T.);
#588 = VERTEX_POINT('',#589);
#589 = CARTESIAN_POINT('',(166.04621338145,106.939422,52.822882856522));
#590 = B_SPLINE_CURVE_WITH_KNOTS('',2,(#591,#592,#593),.UNSPECIFIED.,.F.
  ,.F.,(3,3),(0.,1.),.PIECEWISE_BEZIER_KNOTS.);
#591 = CARTESIAN_POINT('',(165.32447033345,106.939422,52.906244888522));
#592 = CARTESIAN_POINT('',(165.68643838145,106.939422,52.822882856522));
#593 = CARTESIAN_POINT('',(166.04621338145,106.939422,52.822882856522));
#594 = ORIENTED_EDGE('',*,*,#595,.F.);
#595 = EDGE_CURVE('',#596,#588,#598,.T.);
#596 = VERTEX_POINT('',#597);
#597 = CARTESIAN_POINT('',(166.04621338145,105.939422,52.822882856522));
#598 = LINE('',#599,#600);
#599 = CARTESIAN_POINT('',(166.04621338145,105.939422,52.822882856522));
#600 = VECTOR('',#601,1.);
#601 = DIRECTION('',(0.,1.,0.));
#602 = ORIENTED_EDGE('',*,*,#603,.F.);
#603 = EDGE_CURVE('',#563,#596,#604,.T.);
#604 = B_SPLINE_CURVE_WITH_KNOTS('',2,(#605,#606,#607),.UNSPECIFIED.,.F.
  ,.F.,(3,3),(0.,1.),.PIECEWISE_BEZIER_KNOTS.);
#605 = CARTESIAN_POINT('',(165.32447033345,105.939422,52.906244888522));
#606 = CARTESIAN_POINT('',(165.68643838145,105.939422,52.822882856522));
#607 = CARTESIAN_POINT('',(166.04621338145,105.939422,52.822882856522));
#608 = SURFACE_OF_LINEAR_EXTRUSION('',#609,#613);
#609 = B_SPLINE_CURVE_WITH_KNOTS('',2,(#610,#611,#612),.UNSPECIFIED.,.F.
  ,.F.,(3,3),(0.,1.),.PIECEWISE_BEZIER_KNOTS.);
#610 = CARTESIAN_POINT('',(165.32447033345,105.939422,52.906244888522));
#611 = CARTESIAN_POINT('',(165.68643838145,105.939422,52.822882856522));
#612 = CARTESIAN_POINT('',(166.04621338145,105.939422,52.822882856522));
#613 = VECTOR('',#614,1.);
#614 = DIRECTION('',(-0.,-1.,-0.));
#615 = ADVANCED_FACE('',(#616),#641,.T.);
#616 = FACE_BOUND('',#617,.T.);
#617 = EDGE_LOOP('',(#618,#619,#627,#635));
#618 = ORIENTED_EDGE('',*,*,#595,.T.);
#619 = ORIENTED_EDGE('',*,*,#620,.T.);
#620 = EDGE_CURVE('',#588,#621,#623,.T.);
#621 = VERTEX_POINT('',#622);
#622 = CARTESIAN_POINT('',(167.35149533345,106.939422,53.274794888522));
#623 = B_SPLINE_CURVE_WITH_KNOTS('',2,(#624,#625,#626),.UNSPECIFIED.,.F.
  ,.F.,(3,3),(0.,1.),.PIECEWISE_BEZIER_KNOTS.);
#624 = CARTESIAN_POINT('',(166.04621338145,106.939422,52.822882856522));
#625 = CARTESIAN_POINT('',(166.87983838145,106.939422,52.822882856522));
#626 = CARTESIAN_POINT('',(167.35149533345,106.939422,53.274794888522));
#627 = ORIENTED_EDGE('',*,*,#628,.F.);
#628 = EDGE_CURVE('',#629,#621,#631,.T.);
#629 = VERTEX_POINT('',#630);
#630 = CARTESIAN_POINT('',(167.35149533345,105.939422,53.274794888522));
#631 = LINE('',#632,#633);
#632 = CARTESIAN_POINT('',(167.35149533345,105.939422,53.274794888522));
#633 = VECTOR('',#634,1.);
#634 = DIRECTION('',(0.,1.,0.));
#635 = ORIENTED_EDGE('',*,*,#636,.F.);
#636 = EDGE_CURVE('',#596,#629,#637,.T.);
#637 = B_SPLINE_CURVE_WITH_KNOTS('',2,(#638,#639,#640),.UNSPECIFIED.,.F.
  ,.F.,(3,3),(0.,1.),.PIECEWISE_BEZIER_KNOTS.);
#638 = CARTESIAN_POINT('',(166.04621338145,105.939422,52.822882856522));
#639 = CARTESIAN_POINT('',(166.87983838145,105.939422,52.822882856522));
#640 = CARTESIAN_POINT('',(167.35149533345,105.939422,53.274794888522));
#641 = SURFACE_OF_LINEAR_EXTRUSION('',#642,#646);
#642 = B_SPLINE_CURVE_WITH_KNOTS('',2,(#643,#644,#645),.UNSPECIFIED.,.F.
  ,.F.,(3,3),(0.,1.),.PIECEWISE_BEZIER_KNOTS.);
#643 = CARTESIAN_POINT('',(166.04621338145,105.939422,52.822882856522));
#644 = CARTESIAN_POINT('',(166.87983838145,105.939422,52.822882856522));
#645 = CARTESIAN_POINT('',(167.35149533345,105.939422,53.274794888522));
#646 = VECTOR('',#647,1.);
#647 = DIRECTION('',(-0.,-1.,-0.));
#648 = ADVANCED_FACE('',(#649),#674,.T.);
#649 = FACE_BOUND('',#650,.T.);
#650 = EDGE_LOOP('',(#651,#652,#660,#668));
#651 = ORIENTED_EDGE('',*,*,#628,.T.);
#652 = ORIENTED_EDGE('',*,*,#653,.T.);
#653 = EDGE_CURVE('',#621,#654,#656,.T.);
#654 = VERTEX_POINT('',#655);
#655 = CARTESIAN_POINT('',(167.82315134945,106.939422,54.527426840522));
#656 = B_SPLINE_CURVE_WITH_KNOTS('',2,(#657,#658,#659),.UNSPECIFIED.,.F.
  ,.F.,(3,3),(0.,1.),.PIECEWISE_BEZIER_KNOTS.);
#657 = CARTESIAN_POINT('',(167.35149533345,106.939422,53.274794888522));
#658 = CARTESIAN_POINT('',(167.82315134945,106.939422,53.728901840522));
#659 = CARTESIAN_POINT('',(167.82315134945,106.939422,54.527426840522));
#660 = ORIENTED_EDGE('',*,*,#661,.F.);
#661 = EDGE_CURVE('',#662,#654,#664,.T.);
#662 = VERTEX_POINT('',#663);
#663 = CARTESIAN_POINT('',(167.82315134945,105.939422,54.527426840522));
#664 = LINE('',#665,#666);
#665 = CARTESIAN_POINT('',(167.82315134945,105.939422,54.527426840522));
#666 = VECTOR('',#667,1.);
#667 = DIRECTION('',(0.,1.,0.));
#668 = ORIENTED_EDGE('',*,*,#669,.F.);
#669 = EDGE_CURVE('',#629,#662,#670,.T.);
#670 = B_SPLINE_CURVE_WITH_KNOTS('',2,(#671,#672,#673),.UNSPECIFIED.,.F.
  ,.F.,(3,3),(0.,1.),.PIECEWISE_BEZIER_KNOTS.);
#671 = CARTESIAN_POINT('',(167.35149533345,105.939422,53.274794888522));
#672 = CARTESIAN_POINT('',(167.82315134945,105.939422,53.728901840522));
#673 = CARTESIAN_POINT('',(167.82315134945,105.939422,54.527426840522));
#674 = SURFACE_OF_LINEAR_EXTRUSION('',#675,#679);
#675 = B_SPLINE_CURVE_WITH_KNOTS('',2,(#676,#677,#678),.UNSPECIFIED.,.F.
  ,.F.,(3,3),(0.,1.),.PIECEWISE_BEZIER_KNOTS.);
#676 = CARTESIAN_POINT('',(167.35149533345,105.939422,53.274794888522));
#677 = CARTESIAN_POINT('',(167.82315134945,105.939422,53.728901840522));
#678 = CARTESIAN_POINT('',(167.82315134945,105.939422,54.527426840522));
#679 = VECTOR('',#680,1.);
#680 = DIRECTION('',(-0.,-1.,-0.));
#681 = ADVANCED_FACE('',(#682),#707,.T.);
#682 = FACE_BOUND('',#683,.T.);
#683 = EDGE_LOOP('',(#684,#685,#693,#701));
#684 = ORIENTED_EDGE('',*,*,#661,.T.);
#685 = ORIENTED_EDGE('',*,*,#686,.T.);
#686 = EDGE_CURVE('',#654,#687,#689,.T.);
#687 = VERTEX_POINT('',#688);
#688 = CARTESIAN_POINT('',(167.34710736545,106.939422,55.753732856522));
#689 = B_SPLINE_CURVE_WITH_KNOTS('',2,(#690,#691,#692),.UNSPECIFIED.,.F.
  ,.F.,(3,3),(0.,1.),.PIECEWISE_BEZIER_KNOTS.);
#690 = CARTESIAN_POINT('',(167.82315134945,106.939422,54.527426840522));
#691 = CARTESIAN_POINT('',(167.82315134945,106.939422,55.288657856522));
#692 = CARTESIAN_POINT('',(167.34710736545,106.939422,55.753732856522));
#693 = ORIENTED_EDGE('',*,*,#694,.F.);
#694 = EDGE_CURVE('',#695,#687,#697,.T.);
#695 = VERTEX_POINT('',#696);
#696 = CARTESIAN_POINT('',(167.34710736545,105.939422,55.753732856522));
#697 = LINE('',#698,#699);
#698 = CARTESIAN_POINT('',(167.34710736545,105.939422,55.753732856522));
#699 = VECTOR('',#700,1.);
#700 = DIRECTION('',(0.,1.,0.));
#701 = ORIENTED_EDGE('',*,*,#702,.F.);
#702 = EDGE_CURVE('',#662,#695,#703,.T.);
#703 = B_SPLINE_CURVE_WITH_KNOTS('',2,(#704,#705,#706),.UNSPECIFIED.,.F.
  ,.F.,(3,3),(0.,1.),.PIECEWISE_BEZIER_KNOTS.);
#704 = CARTESIAN_POINT('',(167.82315134945,105.939422,54.527426840522));
#705 = CARTESIAN_POINT('',(167.82315134945,105.939422,55.288657856522));
#706 = CARTESIAN_POINT('',(167.34710736545,105.939422,55.753732856522));
#707 = SURFACE_OF_LINEAR_EXTRUSION('',#708,#712);
#708 = B_SPLINE_CURVE_WITH_KNOTS('',2,(#709,#710,#711),.UNSPECIFIED.,.F.
  ,.F.,(3,3),(0.,1.),.PIECEWISE_BEZIER_KNOTS.);
#709 = CARTESIAN_POINT('',(167.82315134945,105.939422,54.527426840522));
#710 = CARTESIAN_POINT('',(167.82315134945,105.939422,55.288657856522));
#711 = CARTESIAN_POINT('',(167.34710736545,105.939422,55.753732856522));
#712 = VECTOR('',#713,1.);
#713 = DIRECTION('',(-0.,-1.,-0.));
#714 = ADVANCED_FACE('',(#715),#740,.T.);
#715 = FACE_BOUND('',#716,.T.);
#716 = EDGE_LOOP('',(#717,#718,#726,#734));
#717 = ORIENTED_EDGE('',*,*,#694,.T.);
#718 = ORIENTED_EDGE('',*,*,#719,.T.);
#719 = EDGE_CURVE('',#687,#720,#722,.T.);
#720 = VERTEX_POINT('',#721);
#721 = CARTESIAN_POINT('',(166.01988838145,106.939422,56.221000904522));
#722 = B_SPLINE_CURVE_WITH_KNOTS('',2,(#723,#724,#725),.UNSPECIFIED.,.F.
  ,.F.,(3,3),(0.,1.),.PIECEWISE_BEZIER_KNOTS.);
#723 = CARTESIAN_POINT('',(167.34710736545,106.939422,55.753732856522));
#724 = CARTESIAN_POINT('',(166.87106338145,106.939422,56.221000904522));
#725 = CARTESIAN_POINT('',(166.01988838145,106.939422,56.221000904522));
#726 = ORIENTED_EDGE('',*,*,#727,.F.);
#727 = EDGE_CURVE('',#728,#720,#730,.T.);
#728 = VERTEX_POINT('',#729);
#729 = CARTESIAN_POINT('',(166.01988838145,105.939422,56.221000904522));
#730 = LINE('',#731,#732);
#731 = CARTESIAN_POINT('',(166.01988838145,105.939422,56.221000904522));
#732 = VECTOR('',#733,1.);
#733 = DIRECTION('',(0.,1.,0.));
#734 = ORIENTED_EDGE('',*,*,#735,.F.);
#735 = EDGE_CURVE('',#695,#728,#736,.T.);
#736 = B_SPLINE_CURVE_WITH_KNOTS('',2,(#737,#738,#739),.UNSPECIFIED.,.F.
  ,.F.,(3,3),(0.,1.),.PIECEWISE_BEZIER_KNOTS.);
#737 = CARTESIAN_POINT('',(167.34710736545,105.939422,55.753732856522));
#738 = CARTESIAN_POINT('',(166.87106338145,105.939422,56.221000904522));
#739 = CARTESIAN_POINT('',(166.01988838145,105.939422,56.221000904522));
#740 = SURFACE_OF_LINEAR_EXTRUSION('',#741,#745);
#741 = B_SPLINE_CURVE_WITH_KNOTS('',2,(#742,#743,#744),.UNSPECIFIED.,.F.
  ,.F.,(3,3),(0.,1.),.PIECEWISE_BEZIER_KNOTS.);
#742 = CARTESIAN_POINT('',(167.34710736545,105.939422,55.753732856522));
#743 = CARTESIAN_POINT('',(166.87106338145,105.939422,56.221000904522));
#744 = CARTESIAN_POINT('',(166.01988838145,105.939422,56.221000904522));
#745 = VECTOR('',#746,1.);
#746 = DIRECTION('',(-0.,-1.,-0.));
#747 = ADVANCED_FACE('',(#748),#773,.T.);
#748 = FACE_BOUND('',#749,.T.);
#749 = EDGE_LOOP('',(#750,#751,#759,#767));
#750 = ORIENTED_EDGE('',*,*,#727,.T.);
#751 = ORIENTED_EDGE('',*,*,#752,.T.);
#752 = EDGE_CURVE('',#720,#753,#755,.T.);
#753 = VERTEX_POINT('',#754);
#754 = CARTESIAN_POINT('',(165.40563838145,106.939422,56.161769888522));
#755 = B_SPLINE_CURVE_WITH_KNOTS('',2,(#756,#757,#758),.UNSPECIFIED.,.F.
  ,.F.,(3,3),(0.,1.),.PIECEWISE_BEZIER_KNOTS.);
#756 = CARTESIAN_POINT('',(166.01988838145,106.939422,56.221000904522));
#757 = CARTESIAN_POINT('',(165.69740736545,106.939422,56.221000904522));
#758 = CARTESIAN_POINT('',(165.40563838145,106.939422,56.161769888522));
#759 = ORIENTED_EDGE('',*,*,#760,.F.);
#760 = EDGE_CURVE('',#761,#753,#763,.T.);
#761 = VERTEX_POINT('',#762);
#762 = CARTESIAN_POINT('',(165.40563838145,105.939422,56.161769888522));
#763 = LINE('',#764,#765);
#764 = CARTESIAN_POINT('',(165.40563838145,105.939422,56.161769888522));
#765 = VECTOR('',#766,1.);
#766 = DIRECTION('',(0.,1.,0.));
#767 = ORIENTED_EDGE('',*,*,#768,.F.);
#768 = EDGE_CURVE('',#728,#761,#769,.T.);
#769 = B_SPLINE_CURVE_WITH_KNOTS('',2,(#770,#771,#772),.UNSPECIFIED.,.F.
  ,.F.,(3,3),(0.,1.),.PIECEWISE_BEZIER_KNOTS.);
#770 = CARTESIAN_POINT('',(166.01988838145,105.939422,56.221000904522));
#771 = CARTESIAN_POINT('',(165.69740736545,105.939422,56.221000904522));
#772 = CARTESIAN_POINT('',(165.40563838145,105.939422,56.161769888522));
#773 = SURFACE_OF_LINEAR_EXTRUSION('',#774,#778);
#774 = B_SPLINE_CURVE_WITH_KNOTS('',2,(#775,#776,#777),.UNSPECIFIED.,.F.
  ,.F.,(3,3),(0.,1.),.PIECEWISE_BEZIER_KNOTS.);
#775 = CARTESIAN_POINT('',(166.01988838145,105.939422,56.221000904522));
#776 = CARTESIAN_POINT('',(165.69740736545,105.939422,56.221000904522));
#777 = CARTESIAN_POINT('',(165.40563838145,105.939422,56.161769888522));
#778 = VECTOR('',#779,1.);
#779 = DIRECTION('',(-0.,-1.,-0.));
#780 = ADVANCED_FACE('',(#781),#806,.T.);
#781 = FACE_BOUND('',#782,.T.);
#782 = EDGE_LOOP('',(#783,#784,#792,#800));
#783 = ORIENTED_EDGE('',*,*,#760,.T.);
#784 = ORIENTED_EDGE('',*,*,#785,.T.);
#785 = EDGE_CURVE('',#753,#786,#788,.T.);
#786 = VERTEX_POINT('',#787);
#787 = CARTESIAN_POINT('',(164.75628838145,106.939422,55.931425904522));
#788 = B_SPLINE_CURVE_WITH_KNOTS('',2,(#789,#790,#791),.UNSPECIFIED.,.F.
  ,.F.,(3,3),(0.,1.),.PIECEWISE_BEZIER_KNOTS.);
#789 = CARTESIAN_POINT('',(165.40563838145,106.939422,56.161769888522));
#790 = CARTESIAN_POINT('',(165.11387033345,106.939422,56.104732856522));
#791 = CARTESIAN_POINT('',(164.75628838145,106.939422,55.931425904522));
#792 = ORIENTED_EDGE('',*,*,#793,.F.);
#793 = EDGE_CURVE('',#794,#786,#796,.T.);
#794 = VERTEX_POINT('',#795);
#795 = CARTESIAN_POINT('',(164.75628838145,105.939422,55.931425904522));
#796 = LINE('',#797,#798);
#797 = CARTESIAN_POINT('',(164.75628838145,105.939422,55.931425904522));
#798 = VECTOR('',#799,1.);
#799 = DIRECTION('',(0.,1.,0.));
#800 = ORIENTED_EDGE('',*,*,#801,.F.);
#801 = EDGE_CURVE('',#761,#794,#802,.T.);
#802 = B_SPLINE_CURVE_WITH_KNOTS('',2,(#803,#804,#805),.UNSPECIFIED.,.F.
  ,.F.,(3,3),(0.,1.),.PIECEWISE_BEZIER_KNOTS.);
#803 = CARTESIAN_POINT('',(165.40563838145,105.939422,56.161769888522));
#804 = CARTESIAN_POINT('',(165.11387033345,105.939422,56.104732856522));
#805 = CARTESIAN_POINT('',(164.75628838145,105.939422,55.931425904522));
#806 = SURFACE_OF_LINEAR_EXTRUSION('',#807,#811);
#807 = B_SPLINE_CURVE_WITH_KNOTS('',2,(#808,#809,#810),.UNSPECIFIED.,.F.
  ,.F.,(3,3),(0.,1.),.PIECEWISE_BEZIER_KNOTS.);
#808 = CARTESIAN_POINT('',(165.40563838145,105.939422,56.161769888522));
#809 = CARTESIAN_POINT('',(165.11387033345,105.939422,56.104732856522));
#810 = CARTESIAN_POINT('',(164.75628838145,105.939422,55.931425904522));
#811 = VECTOR('',#812,1.);
#812 = DIRECTION('',(-0.,-1.,-0.));
#813 = ADVANCED_FACE('',(#814),#837,.T.);
#814 = FACE_BOUND('',#815,.T.);
#815 = EDGE_LOOP('',(#816,#817,#824,#832));
#816 = ORIENTED_EDGE('',*,*,#793,.T.);
#817 = ORIENTED_EDGE('',*,*,#818,.T.);
#818 = EDGE_CURVE('',#786,#819,#821,.T.);
#819 = VERTEX_POINT('',#820);
#820 = CARTESIAN_POINT('',(164.75628838145,106.939422,55.165807856522));
#821 = B_SPLINE_CURVE_WITH_KNOTS('',1,(#822,#823),.UNSPECIFIED.,.F.,.F.,
  (2,2),(0.,8.17968),.PIECEWISE_BEZIER_KNOTS.);
#822 = CARTESIAN_POINT('',(164.75628838145,106.939422,55.931425904522));
#823 = CARTESIAN_POINT('',(164.75628838145,106.939422,55.165807856522));
#824 = ORIENTED_EDGE('',*,*,#825,.F.);
#825 = EDGE_CURVE('',#826,#819,#828,.T.);
#826 = VERTEX_POINT('',#827);
#827 = CARTESIAN_POINT('',(164.75628838145,105.939422,55.165807856522));
#828 = LINE('',#829,#830);
#829 = CARTESIAN_POINT('',(164.75628838145,105.939422,55.165807856522));
#830 = VECTOR('',#831,1.);
#831 = DIRECTION('',(0.,1.,0.));
#832 = ORIENTED_EDGE('',*,*,#833,.F.);
#833 = EDGE_CURVE('',#794,#826,#834,.T.);
#834 = B_SPLINE_CURVE_WITH_KNOTS('',1,(#835,#836),.UNSPECIFIED.,.F.,.F.,
  (2,2),(0.,8.17968),.PIECEWISE_BEZIER_KNOTS.);
#835 = CARTESIAN_POINT('',(164.75628838145,105.939422,55.931425904522));
#836 = CARTESIAN_POINT('',(164.75628838145,105.939422,55.165807856522));
#837 = SURFACE_OF_LINEAR_EXTRUSION('',#838,#841);
#838 = B_SPLINE_CURVE_WITH_KNOTS('',1,(#839,#840),.UNSPECIFIED.,.F.,.F.,
  (2,2),(0.,8.17968),.PIECEWISE_BEZIER_KNOTS.);
#839 = CARTESIAN_POINT('',(164.75628838145,105.939422,55.931425904522));
#840 = CARTESIAN_POINT('',(164.75628838145,105.939422,55.165807856522));
#841 = VECTOR('',#842,1.);
#842 = DIRECTION('',(-0.,-1.,-0.));
#843 = ADVANCED_FACE('',(#844),#867,.T.);
#844 = FACE_BOUND('',#845,.T.);
#845 = EDGE_LOOP('',(#846,#847,#854,#862));
#846 = ORIENTED_EDGE('',*,*,#825,.T.);
#847 = ORIENTED_EDGE('',*,*,#848,.T.);
#848 = EDGE_CURVE('',#819,#849,#851,.T.);
#849 = VERTEX_POINT('',#850);
#850 = CARTESIAN_POINT('',(164.85062033345,106.939422,55.165807856522));
#851 = B_SPLINE_CURVE_WITH_KNOTS('',1,(#852,#853),.UNSPECIFIED.,.F.,.F.,
  (2,2),(0.,1.00782),.PIECEWISE_BEZIER_KNOTS.);
#852 = CARTESIAN_POINT('',(164.75628838145,106.939422,55.165807856522));
#853 = CARTESIAN_POINT('',(164.85062033345,106.939422,55.165807856522));
#854 = ORIENTED_EDGE('',*,*,#855,.F.);
#855 = EDGE_CURVE('',#856,#849,#858,.T.);
#856 = VERTEX_POINT('',#857);
#857 = CARTESIAN_POINT('',(164.85062033345,105.939422,55.165807856522));
#858 = LINE('',#859,#860);
#859 = CARTESIAN_POINT('',(164.85062033345,105.939422,55.165807856522));
#860 = VECTOR('',#861,1.);
#861 = DIRECTION('',(0.,1.,0.));
#862 = ORIENTED_EDGE('',*,*,#863,.F.);
#863 = EDGE_CURVE('',#826,#856,#864,.T.);
#864 = B_SPLINE_CURVE_WITH_KNOTS('',1,(#865,#866),.UNSPECIFIED.,.F.,.F.,
  (2,2),(0.,1.00782),.PIECEWISE_BEZIER_KNOTS.);
#865 = CARTESIAN_POINT('',(164.75628838145,105.939422,55.165807856522));
#866 = CARTESIAN_POINT('',(164.85062033345,105.939422,55.165807856522));
#867 = SURFACE_OF_LINEAR_EXTRUSION('',#868,#871);
#868 = B_SPLINE_CURVE_WITH_KNOTS('',1,(#869,#870),.UNSPECIFIED.,.F.,.F.,
  (2,2),(0.,1.00782),.PIECEWISE_BEZIER_KNOTS.);
#869 = CARTESIAN_POINT('',(164.75628838145,105.939422,55.165807856522));
#870 = CARTESIAN_POINT('',(164.85062033345,105.939422,55.165807856522));
#871 = VECTOR('',#872,1.);
#872 = DIRECTION('',(-0.,-1.,-0.));
#873 = ADVANCED_FACE('',(#874),#899,.T.);
#874 = FACE_BOUND('',#875,.T.);
#875 = EDGE_LOOP('',(#876,#877,#885,#893));
#876 = ORIENTED_EDGE('',*,*,#855,.T.);
#877 = ORIENTED_EDGE('',*,*,#878,.T.);
#878 = EDGE_CURVE('',#849,#879,#881,.T.);
#879 = VERTEX_POINT('',#880);
#880 = CARTESIAN_POINT('',(165.03050736545,106.939422,55.295238872522));
#881 = B_SPLINE_CURVE_WITH_KNOTS('',2,(#882,#883,#884),.UNSPECIFIED.,.F.
  ,.F.,(3,3),(0.,1.),.PIECEWISE_BEZIER_KNOTS.);
#882 = CARTESIAN_POINT('',(164.85062033345,106.939422,55.165807856522));
#883 = CARTESIAN_POINT('',(164.91204533345,106.939422,55.211876840522));
#884 = CARTESIAN_POINT('',(165.03050736545,106.939422,55.295238872522));
#885 = ORIENTED_EDGE('',*,*,#886,.F.);
#886 = EDGE_CURVE('',#887,#879,#889,.T.);
#887 = VERTEX_POINT('',#888);
#888 = CARTESIAN_POINT('',(165.03050736545,105.939422,55.295238872522));
#889 = LINE('',#890,#891);
#890 = CARTESIAN_POINT('',(165.03050736545,105.939422,55.295238872522));
#891 = VECTOR('',#892,1.);
#892 = DIRECTION('',(0.,1.,0.));
#893 = ORIENTED_EDGE('',*,*,#894,.F.);
#894 = EDGE_CURVE('',#856,#887,#895,.T.);
#895 = B_SPLINE_CURVE_WITH_KNOTS('',2,(#896,#897,#898),.UNSPECIFIED.,.F.
  ,.F.,(3,3),(0.,1.),.PIECEWISE_BEZIER_KNOTS.);
#896 = CARTESIAN_POINT('',(164.85062033345,105.939422,55.165807856522));
#897 = CARTESIAN_POINT('',(164.91204533345,105.939422,55.211876840522));
#898 = CARTESIAN_POINT('',(165.03050736545,105.939422,55.295238872522));
#899 = SURFACE_OF_LINEAR_EXTRUSION('',#900,#904);
#900 = B_SPLINE_CURVE_WITH_KNOTS('',2,(#901,#902,#903),.UNSPECIFIED.,.F.
  ,.F.,(3,3),(0.,1.),.PIECEWISE_BEZIER_KNOTS.);
#901 = CARTESIAN_POINT('',(164.85062033345,105.939422,55.165807856522));
#902 = CARTESIAN_POINT('',(164.91204533345,105.939422,55.211876840522));
#903 = CARTESIAN_POINT('',(165.03050736545,105.939422,55.295238872522));
#904 = VECTOR('',#905,1.);
#905 = DIRECTION('',(-0.,-1.,-0.));
#906 = ADVANCED_FACE('',(#907),#932,.T.);
#907 = FACE_BOUND('',#908,.T.);
#908 = EDGE_LOOP('',(#909,#910,#918,#926));
#909 = ORIENTED_EDGE('',*,*,#886,.T.);
#910 = ORIENTED_EDGE('',*,*,#911,.T.);
#911 = EDGE_CURVE('',#879,#912,#914,.T.);
#912 = VERTEX_POINT('',#913);
#913 = CARTESIAN_POINT('',(165.25865736545,106.939422,55.440026840522));
#914 = B_SPLINE_CURVE_WITH_KNOTS('',2,(#915,#916,#917),.UNSPECIFIED.,.F.
  ,.F.,(3,3),(0.,1.),.PIECEWISE_BEZIER_KNOTS.);
#915 = CARTESIAN_POINT('',(165.03050736545,106.939422,55.295238872522));
#916 = CARTESIAN_POINT('',(165.14897033345,106.939422,55.380794888522));
#917 = CARTESIAN_POINT('',(165.25865736545,106.939422,55.440026840522));
#918 = ORIENTED_EDGE('',*,*,#919,.F.);
#919 = EDGE_CURVE('',#920,#912,#922,.T.);
#920 = VERTEX_POINT('',#921);
#921 = CARTESIAN_POINT('',(165.25865736545,105.939422,55.440026840522));
#922 = LINE('',#923,#924);
#923 = CARTESIAN_POINT('',(165.25865736545,105.939422,55.440026840522));
#924 = VECTOR('',#925,1.);
#925 = DIRECTION('',(0.,1.,0.));
#926 = ORIENTED_EDGE('',*,*,#927,.F.);
#927 = EDGE_CURVE('',#887,#920,#928,.T.);
#928 = B_SPLINE_CURVE_WITH_KNOTS('',2,(#929,#930,#931),.UNSPECIFIED.,.F.
  ,.F.,(3,3),(0.,1.),.PIECEWISE_BEZIER_KNOTS.);
#929 = CARTESIAN_POINT('',(165.03050736545,105.939422,55.295238872522));
#930 = CARTESIAN_POINT('',(165.14897033345,105.939422,55.380794888522));
#931 = CARTESIAN_POINT('',(165.25865736545,105.939422,55.440026840522));
#932 = SURFACE_OF_LINEAR_EXTRUSION('',#933,#937);
#933 = B_SPLINE_CURVE_WITH_KNOTS('',2,(#934,#935,#936),.UNSPECIFIED.,.F.
  ,.F.,(3,3),(0.,1.),.PIECEWISE_BEZIER_KNOTS.);
#934 = CARTESIAN_POINT('',(165.03050736545,105.939422,55.295238872522));
#935 = CARTESIAN_POINT('',(165.14897033345,105.939422,55.380794888522));
#936 = CARTESIAN_POINT('',(165.25865736545,105.939422,55.440026840522));
#937 = VECTOR('',#938,1.);
#938 = DIRECTION('',(-0.,-1.,-0.));
#939 = ADVANCED_FACE('',(#940),#965,.T.);
#940 = FACE_BOUND('',#941,.T.);
#941 = EDGE_LOOP('',(#942,#943,#951,#959));
#942 = ORIENTED_EDGE('',*,*,#919,.T.);
#943 = ORIENTED_EDGE('',*,*,#944,.T.);
#944 = EDGE_CURVE('',#912,#945,#947,.T.);
#945 = VERTEX_POINT('',#946);
#946 = CARTESIAN_POINT('',(165.55700736545,106.939422,55.560682856522));
#947 = B_SPLINE_CURVE_WITH_KNOTS('',2,(#948,#949,#950),.UNSPECIFIED.,.F.
  ,.F.,(3,3),(0.,1.),.PIECEWISE_BEZIER_KNOTS.);
#948 = CARTESIAN_POINT('',(165.25865736545,106.939422,55.440026840522));
#949 = CARTESIAN_POINT('',(165.38589533345,106.939422,55.510226840522));
#950 = CARTESIAN_POINT('',(165.55700736545,106.939422,55.560682856522));
#951 = ORIENTED_EDGE('',*,*,#952,.F.);
#952 = EDGE_CURVE('',#953,#945,#955,.T.);
#953 = VERTEX_POINT('',#954);
#954 = CARTESIAN_POINT('',(165.55700736545,105.939422,55.560682856522));
#955 = LINE('',#956,#957);
#956 = CARTESIAN_POINT('',(165.55700736545,105.939422,55.560682856522));
#957 = VECTOR('',#958,1.);
#958 = DIRECTION('',(0.,1.,0.));
#959 = ORIENTED_EDGE('',*,*,#960,.F.);
#960 = EDGE_CURVE('',#920,#953,#961,.T.);
#961 = B_SPLINE_CURVE_WITH_KNOTS('',2,(#962,#963,#964),.UNSPECIFIED.,.F.
  ,.F.,(3,3),(0.,1.),.PIECEWISE_BEZIER_KNOTS.);
#962 = CARTESIAN_POINT('',(165.25865736545,105.939422,55.440026840522));
#963 = CARTESIAN_POINT('',(165.38589533345,105.939422,55.510226840522));
#964 = CARTESIAN_POINT('',(165.55700736545,105.939422,55.560682856522));
#965 = SURFACE_OF_LINEAR_EXTRUSION('',#966,#970);
#966 = B_SPLINE_CURVE_WITH_KNOTS('',2,(#967,#968,#969),.UNSPECIFIED.,.F.
  ,.F.,(3,3),(0.,1.),.PIECEWISE_BEZIER_KNOTS.);
#967 = CARTESIAN_POINT('',(165.25865736545,105.939422,55.440026840522));
#968 = CARTESIAN_POINT('',(165.38589533345,105.939422,55.510226840522));
#969 = CARTESIAN_POINT('',(165.55700736545,105.939422,55.560682856522));
#970 = VECTOR('',#971,1.);
#971 = DIRECTION('',(-0.,-1.,-0.));
#972 = ADVANCED_FACE('',(#973),#998,.T.);
#973 = FACE_BOUND('',#974,.T.);
#974 = EDGE_LOOP('',(#975,#976,#984,#992));
#975 = ORIENTED_EDGE('',*,*,#952,.T.);
#976 = ORIENTED_EDGE('',*,*,#977,.T.);
#977 = EDGE_CURVE('',#945,#978,#980,.T.);
#978 = VERTEX_POINT('',#979);
#979 = CARTESIAN_POINT('',(165.91678236545,106.939422,55.611138872522));
#980 = B_SPLINE_CURVE_WITH_KNOTS('',2,(#981,#982,#983),.UNSPECIFIED.,.F.
  ,.F.,(3,3),(0.,1.),.PIECEWISE_BEZIER_KNOTS.);
#981 = CARTESIAN_POINT('',(165.55700736545,106.939422,55.560682856522));
#982 = CARTESIAN_POINT('',(165.72592634945,106.939422,55.611138872522));
#983 = CARTESIAN_POINT('',(165.91678236545,106.939422,55.611138872522));
#984 = ORIENTED_EDGE('',*,*,#985,.F.);
#985 = EDGE_CURVE('',#986,#978,#988,.T.);
#986 = VERTEX_POINT('',#987);
#987 = CARTESIAN_POINT('',(165.91678236545,105.939422,55.611138872522));
#988 = LINE('',#989,#990);
#989 = CARTESIAN_POINT('',(165.91678236545,105.939422,55.611138872522));
#990 = VECTOR('',#991,1.);
#991 = DIRECTION('',(0.,1.,0.));
#992 = ORIENTED_EDGE('',*,*,#993,.F.);
#993 = EDGE_CURVE('',#953,#986,#994,.T.);
#994 = B_SPLINE_CURVE_WITH_KNOTS('',2,(#995,#996,#997),.UNSPECIFIED.,.F.
  ,.F.,(3,3),(0.,1.),.PIECEWISE_BEZIER_KNOTS.);
#995 = CARTESIAN_POINT('',(165.55700736545,105.939422,55.560682856522));
#996 = CARTESIAN_POINT('',(165.72592634945,105.939422,55.611138872522));
#997 = CARTESIAN_POINT('',(165.91678236545,105.939422,55.611138872522));
#998 = SURFACE_OF_LINEAR_EXTRUSION('',#999,#1003);
#999 = B_SPLINE_CURVE_WITH_KNOTS('',2,(#1000,#1001,#1002),
  .UNSPECIFIED.,.F.,.F.,(3,3),(0.,1.),.PIECEWISE_BEZIER_KNOTS.);
#1000 = CARTESIAN_POINT('',(165.55700736545,105.939422,55.560682856522)
  );
#1001 = CARTESIAN_POINT('',(165.72592634945,105.939422,55.611138872522)
  );
#1002 = CARTESIAN_POINT('',(165.91678236545,105.939422,55.611138872522)
  );
#1003 = VECTOR('',#1004,1.);
#1004 = DIRECTION('',(-0.,-1.,-0.));
#1005 = ADVANCED_FACE('',(#1006),#1031,.T.);
#1006 = FACE_BOUND('',#1007,.T.);
#1007 = EDGE_LOOP('',(#1008,#1009,#1017,#1025));
#1008 = ORIENTED_EDGE('',*,*,#985,.T.);
#1009 = ORIENTED_EDGE('',*,*,#1010,.T.);
#1010 = EDGE_CURVE('',#978,#1011,#1013,.T.);
#1011 = VERTEX_POINT('',#1012);
#1012 = CARTESIAN_POINT('',(166.32262634945,106.939422,55.545326840522)
  );
#1013 = B_SPLINE_CURVE_WITH_KNOTS('',2,(#1014,#1015,#1016),
  .UNSPECIFIED.,.F.,.F.,(3,3),(0.,1.),.PIECEWISE_BEZIER_KNOTS.);
#1014 = CARTESIAN_POINT('',(165.91678236545,106.939422,55.611138872522)
  );
#1015 = CARTESIAN_POINT('',(166.14054533345,106.939422,55.611138872522)
  );
#1016 = CARTESIAN_POINT('',(166.32262634945,106.939422,55.545326840522)
  );
#1017 = ORIENTED_EDGE('',*,*,#1018,.F.);
#1018 = EDGE_CURVE('',#1019,#1011,#1021,.T.);
#1019 = VERTEX_POINT('',#1020);
#1020 = CARTESIAN_POINT('',(166.32262634945,105.939422,55.545326840522)
  );
#1021 = LINE('',#1022,#1023);
#1022 = CARTESIAN_POINT('',(166.32262634945,105.939422,55.545326840522)
  );
#1023 = VECTOR('',#1024,1.);
#1024 = DIRECTION('',(0.,1.,0.));
#1025 = ORIENTED_EDGE('',*,*,#1026,.F.);
#1026 = EDGE_CURVE('',#986,#1019,#1027,.T.);
#1027 = B_SPLINE_CURVE_WITH_KNOTS('',2,(#1028,#1029,#1030),
  .UNSPECIFIED.,.F.,.F.,(3,3),(0.,1.),.PIECEWISE_BEZIER_KNOTS.);
#1028 = CARTESIAN_POINT('',(165.91678236545,105.939422,55.611138872522)
  );
#1029 = CARTESIAN_POINT('',(166.14054533345,105.939422,55.611138872522)
  );
#1030 = CARTESIAN_POINT('',(166.32262634945,105.939422,55.545326840522)
  );
#1031 = SURFACE_OF_LINEAR_EXTRUSION('',#1032,#1036);
#1032 = B_SPLINE_CURVE_WITH_KNOTS('',2,(#1033,#1034,#1035),
  .UNSPECIFIED.,.F.,.F.,(3,3),(0.,1.),.PIECEWISE_BEZIER_KNOTS.);
#1033 = CARTESIAN_POINT('',(165.91678236545,105.939422,55.611138872522)
  );
#1034 = CARTESIAN_POINT('',(166.14054533345,105.939422,55.611138872522)
  );
#1035 = CARTESIAN_POINT('',(166.32262634945,105.939422,55.545326840522)
  );
#1036 = VECTOR('',#1037,1.);
#1037 = DIRECTION('',(-0.,-1.,-0.));
#1038 = ADVANCED_FACE('',(#1039),#1064,.T.);
#1039 = FACE_BOUND('',#1040,.T.);
#1040 = EDGE_LOOP('',(#1041,#1042,#1050,#1058));
#1041 = ORIENTED_EDGE('',*,*,#1018,.T.);
#1042 = ORIENTED_EDGE('',*,*,#1043,.T.);
#1043 = EDGE_CURVE('',#1011,#1044,#1046,.T.);
#1044 = VERTEX_POINT('',#1045);
#1045 = CARTESIAN_POINT('',(166.64949533345,106.939422,55.343501840522)
  );
#1046 = B_SPLINE_CURVE_WITH_KNOTS('',2,(#1047,#1048,#1049),
  .UNSPECIFIED.,.F.,.F.,(3,3),(0.,1.),.PIECEWISE_BEZIER_KNOTS.);
#1047 = CARTESIAN_POINT('',(166.32262634945,106.939422,55.545326840522)
  );
#1048 = CARTESIAN_POINT('',(166.50470736545,106.939422,55.479513872522)
  );
#1049 = CARTESIAN_POINT('',(166.64949533345,106.939422,55.343501840522)
  );
#1050 = ORIENTED_EDGE('',*,*,#1051,.F.);
#1051 = EDGE_CURVE('',#1052,#1044,#1054,.T.);
#1052 = VERTEX_POINT('',#1053);
#1053 = CARTESIAN_POINT('',(166.64949533345,105.939422,55.343501840522)
  );
#1054 = LINE('',#1055,#1056);
#1055 = CARTESIAN_POINT('',(166.64949533345,105.939422,55.343501840522)
  );
#1056 = VECTOR('',#1057,1.);
#1057 = DIRECTION('',(0.,1.,0.));
#1058 = ORIENTED_EDGE('',*,*,#1059,.F.);
#1059 = EDGE_CURVE('',#1019,#1052,#1060,.T.);
#1060 = B_SPLINE_CURVE_WITH_KNOTS('',2,(#1061,#1062,#1063),
  .UNSPECIFIED.,.F.,.F.,(3,3),(0.,1.),.PIECEWISE_BEZIER_KNOTS.);
#1061 = CARTESIAN_POINT('',(166.32262634945,105.939422,55.545326840522)
  );
#1062 = CARTESIAN_POINT('',(166.50470736545,105.939422,55.479513872522)
  );
#1063 = CARTESIAN_POINT('',(166.64949533345,105.939422,55.343501840522)
  );
#1064 = SURFACE_OF_LINEAR_EXTRUSION('',#1065,#1069);
#1065 = B_SPLINE_CURVE_WITH_KNOTS('',2,(#1066,#1067,#1068),
  .UNSPECIFIED.,.F.,.F.,(3,3),(0.,1.),.PIECEWISE_BEZIER_KNOTS.);
#1066 = CARTESIAN_POINT('',(166.32262634945,105.939422,55.545326840522)
  );
#1067 = CARTESIAN_POINT('',(166.50470736545,105.939422,55.479513872522)
  );
#1068 = CARTESIAN_POINT('',(166.64949533345,105.939422,55.343501840522)
  );
#1069 = VECTOR('',#1070,1.);
#1070 = DIRECTION('',(-0.,-1.,-0.));
#1071 = ADVANCED_FACE('',(#1072),#1097,.T.);
#1072 = FACE_BOUND('',#1073,.T.);
#1073 = EDGE_LOOP('',(#1074,#1075,#1083,#1091));
#1074 = ORIENTED_EDGE('',*,*,#1051,.T.);
#1075 = ORIENTED_EDGE('',*,*,#1076,.T.);
#1076 = EDGE_CURVE('',#1044,#1077,#1079,.T.);
#1077 = VERTEX_POINT('',#1078);
#1078 = CARTESIAN_POINT('',(166.86887033345,106.939422,55.007857856522)
  );
#1079 = B_SPLINE_CURVE_WITH_KNOTS('',2,(#1080,#1081,#1082),
  .UNSPECIFIED.,.F.,.F.,(3,3),(0.,1.),.PIECEWISE_BEZIER_KNOTS.);
#1080 = CARTESIAN_POINT('',(166.64949533345,106.939422,55.343501840522)
  );
#1081 = CARTESIAN_POINT('',(166.78770134945,106.939422,55.211876840522)
  );
#1082 = CARTESIAN_POINT('',(166.86887033345,106.939422,55.007857856522)
  );
#1083 = ORIENTED_EDGE('',*,*,#1084,.F.);
#1084 = EDGE_CURVE('',#1085,#1077,#1087,.T.);
#1085 = VERTEX_POINT('',#1086);
#1086 = CARTESIAN_POINT('',(166.86887033345,105.939422,55.007857856522)
  );
#1087 = LINE('',#1088,#1089);
#1088 = CARTESIAN_POINT('',(166.86887033345,105.939422,55.007857856522)
  );
#1089 = VECTOR('',#1090,1.);
#1090 = DIRECTION('',(0.,1.,0.));
#1091 = ORIENTED_EDGE('',*,*,#1092,.F.);
#1092 = EDGE_CURVE('',#1052,#1085,#1093,.T.);
#1093 = B_SPLINE_CURVE_WITH_KNOTS('',2,(#1094,#1095,#1096),
  .UNSPECIFIED.,.F.,.F.,(3,3),(0.,1.),.PIECEWISE_BEZIER_KNOTS.);
#1094 = CARTESIAN_POINT('',(166.64949533345,105.939422,55.343501840522)
  );
#1095 = CARTESIAN_POINT('',(166.78770134945,105.939422,55.211876840522)
  );
#1096 = CARTESIAN_POINT('',(166.86887033345,105.939422,55.007857856522)
  );
#1097 = SURFACE_OF_LINEAR_EXTRUSION('',#1098,#1102);
#1098 = B_SPLINE_CURVE_WITH_KNOTS('',2,(#1099,#1100,#1101),
  .UNSPECIFIED.,.F.,.F.,(3,3),(0.,1.),.PIECEWISE_BEZIER_KNOTS.);
#1099 = CARTESIAN_POINT('',(166.64949533345,105.939422,55.343501840522)
  );
#1100 = CARTESIAN_POINT('',(166.78770134945,105.939422,55.211876840522)
  );
#1101 = CARTESIAN_POINT('',(166.86887033345,105.939422,55.007857856522)
  );
#1102 = VECTOR('',#1103,1.);
#1103 = DIRECTION('',(-0.,-1.,-0.));
#1104 = ADVANCED_FACE('',(#1105),#1130,.T.);
#1105 = FACE_BOUND('',#1106,.T.);
#1106 = EDGE_LOOP('',(#1107,#1108,#1116,#1124));
#1107 = ORIENTED_EDGE('',*,*,#1084,.T.);
#1108 = ORIENTED_EDGE('',*,*,#1109,.T.);
#1109 = EDGE_CURVE('',#1077,#1110,#1112,.T.);
#1110 = VERTEX_POINT('',#1111);
#1111 = CARTESIAN_POINT('',(166.94784533345,106.939422,54.540588872522)
  );
#1112 = B_SPLINE_CURVE_WITH_KNOTS('',2,(#1113,#1114,#1115),
  .UNSPECIFIED.,.F.,.F.,(3,3),(0.,1.),.PIECEWISE_BEZIER_KNOTS.);
#1113 = CARTESIAN_POINT('',(166.86887033345,106.939422,55.007857856522)
  );
#1114 = CARTESIAN_POINT('',(166.94784533345,106.939422,54.806032856522)
  );
#1115 = CARTESIAN_POINT('',(166.94784533345,106.939422,54.540588872522)
  );
#1116 = ORIENTED_EDGE('',*,*,#1117,.F.);
#1117 = EDGE_CURVE('',#1118,#1110,#1120,.T.);
#1118 = VERTEX_POINT('',#1119);
#1119 = CARTESIAN_POINT('',(166.94784533345,105.939422,54.540588872522)
  );
#1120 = LINE('',#1121,#1122);
#1121 = CARTESIAN_POINT('',(166.94784533345,105.939422,54.540588872522)
  );
#1122 = VECTOR('',#1123,1.);
#1123 = DIRECTION('',(0.,1.,0.));
#1124 = ORIENTED_EDGE('',*,*,#1125,.F.);
#1125 = EDGE_CURVE('',#1085,#1118,#1126,.T.);
#1126 = B_SPLINE_CURVE_WITH_KNOTS('',2,(#1127,#1128,#1129),
  .UNSPECIFIED.,.F.,.F.,(3,3),(0.,1.),.PIECEWISE_BEZIER_KNOTS.);
#1127 = CARTESIAN_POINT('',(166.86887033345,105.939422,55.007857856522)
  );
#1128 = CARTESIAN_POINT('',(166.94784533345,105.939422,54.806032856522)
  );
#1129 = CARTESIAN_POINT('',(166.94784533345,105.939422,54.540588872522)
  );
#1130 = SURFACE_OF_LINEAR_EXTRUSION('',#1131,#1135);
#1131 = B_SPLINE_CURVE_WITH_KNOTS('',2,(#1132,#1133,#1134),
  .UNSPECIFIED.,.F.,.F.,(3,3),(0.,1.),.PIECEWISE_BEZIER_KNOTS.);
#1132 = CARTESIAN_POINT('',(166.86887033345,105.939422,55.007857856522)
  );
#1133 = CARTESIAN_POINT('',(166.94784533345,105.939422,54.806032856522)
  );
#1134 = CARTESIAN_POINT('',(166.94784533345,105.939422,54.540588872522)
  );
#1135 = VECTOR('',#1136,1.);
#1136 = DIRECTION('',(-0.,-1.,-0.));
#1137 = ADVANCED_FACE('',(#1138),#1163,.T.);
#1138 = FACE_BOUND('',#1139,.T.);
#1139 = EDGE_LOOP('',(#1140,#1141,#1149,#1157));
#1140 = ORIENTED_EDGE('',*,*,#1117,.T.);
#1141 = ORIENTED_EDGE('',*,*,#1142,.T.);
#1142 = EDGE_CURVE('',#1110,#1143,#1145,.T.);
#1143 = VERTEX_POINT('',#1144);
#1144 = CARTESIAN_POINT('',(166.66046338145,106.939422,53.711351840522)
  );
#1145 = B_SPLINE_CURVE_WITH_KNOTS('',2,(#1146,#1147,#1148),
  .UNSPECIFIED.,.F.,.F.,(3,3),(0.,1.),.PIECEWISE_BEZIER_KNOTS.);
#1146 = CARTESIAN_POINT('',(166.94784533345,106.939422,54.540588872522)
  );
#1147 = CARTESIAN_POINT('',(166.94784533345,106.939422,53.998732856522)
  );
#1148 = CARTESIAN_POINT('',(166.66046338145,106.939422,53.711351840522)
  );
#1149 = ORIENTED_EDGE('',*,*,#1150,.F.);
#1150 = EDGE_CURVE('',#1151,#1143,#1153,.T.);
#1151 = VERTEX_POINT('',#1152);
#1152 = CARTESIAN_POINT('',(166.66046338145,105.939422,53.711351840522)
  );
#1153 = LINE('',#1154,#1155);
#1154 = CARTESIAN_POINT('',(166.66046338145,105.939422,53.711351840522)
  );
#1155 = VECTOR('',#1156,1.);
#1156 = DIRECTION('',(0.,1.,0.));
#1157 = ORIENTED_EDGE('',*,*,#1158,.F.);
#1158 = EDGE_CURVE('',#1118,#1151,#1159,.T.);
#1159 = B_SPLINE_CURVE_WITH_KNOTS('',2,(#1160,#1161,#1162),
  .UNSPECIFIED.,.F.,.F.,(3,3),(0.,1.),.PIECEWISE_BEZIER_KNOTS.);
#1160 = CARTESIAN_POINT('',(166.94784533345,105.939422,54.540588872522)
  );
#1161 = CARTESIAN_POINT('',(166.94784533345,105.939422,53.998732856522)
  );
#1162 = CARTESIAN_POINT('',(166.66046338145,105.939422,53.711351840522)
  );
#1163 = SURFACE_OF_LINEAR_EXTRUSION('',#1164,#1168);
#1164 = B_SPLINE_CURVE_WITH_KNOTS('',2,(#1165,#1166,#1167),
  .UNSPECIFIED.,.F.,.F.,(3,3),(0.,1.),.PIECEWISE_BEZIER_KNOTS.);
#1165 = CARTESIAN_POINT('',(166.94784533345,105.939422,54.540588872522)
  );
#1166 = CARTESIAN_POINT('',(166.94784533345,105.939422,53.998732856522)
  );
#1167 = CARTESIAN_POINT('',(166.66046338145,105.939422,53.711351840522)
  );
#1168 = VECTOR('',#1169,1.);
#1169 = DIRECTION('',(-0.,-1.,-0.));
#1170 = ADVANCED_FACE('',(#1171),#1196,.T.);
#1171 = FACE_BOUND('',#1172,.T.);
#1172 = EDGE_LOOP('',(#1173,#1174,#1182,#1190));
#1173 = ORIENTED_EDGE('',*,*,#1150,.T.);
#1174 = ORIENTED_EDGE('',*,*,#1175,.T.);
#1175 = EDGE_CURVE('',#1143,#1176,#1178,.T.);
#1176 = VERTEX_POINT('',#1177);
#1177 = CARTESIAN_POINT('',(165.81148236545,106.939422,53.423969888522)
  );
#1178 = B_SPLINE_CURVE_WITH_KNOTS('',2,(#1179,#1180,#1181),
  .UNSPECIFIED.,.F.,.F.,(3,3),(0.,1.),.PIECEWISE_BEZIER_KNOTS.);
#1179 = CARTESIAN_POINT('',(166.66046338145,106.939422,53.711351840522)
  );
#1180 = CARTESIAN_POINT('',(166.37308236545,106.939422,53.423969888522)
  );
#1181 = CARTESIAN_POINT('',(165.81148236545,106.939422,53.423969888522)
  );
#1182 = ORIENTED_EDGE('',*,*,#1183,.F.);
#1183 = EDGE_CURVE('',#1184,#1176,#1186,.T.);
#1184 = VERTEX_POINT('',#1185);
#1185 = CARTESIAN_POINT('',(165.81148236545,105.939422,53.423969888522)
  );
#1186 = LINE('',#1187,#1188);
#1187 = CARTESIAN_POINT('',(165.81148236545,105.939422,53.423969888522)
  );
#1188 = VECTOR('',#1189,1.);
#1189 = DIRECTION('',(0.,1.,0.));
#1190 = ORIENTED_EDGE('',*,*,#1191,.F.);
#1191 = EDGE_CURVE('',#1151,#1184,#1192,.T.);
#1192 = B_SPLINE_CURVE_WITH_KNOTS('',2,(#1193,#1194,#1195),
  .UNSPECIFIED.,.F.,.F.,(3,3),(0.,1.),.PIECEWISE_BEZIER_KNOTS.);
#1193 = CARTESIAN_POINT('',(166.66046338145,105.939422,53.711351840522)
  );
#1194 = CARTESIAN_POINT('',(166.37308236545,105.939422,53.423969888522)
  );
#1195 = CARTESIAN_POINT('',(165.81148236545,105.939422,53.423969888522)
  );
#1196 = SURFACE_OF_LINEAR_EXTRUSION('',#1197,#1201);
#1197 = B_SPLINE_CURVE_WITH_KNOTS('',2,(#1198,#1199,#1200),
  .UNSPECIFIED.,.F.,.F.,(3,3),(0.,1.),.PIECEWISE_BEZIER_KNOTS.);
#1198 = CARTESIAN_POINT('',(166.66046338145,105.939422,53.711351840522)
  );
#1199 = CARTESIAN_POINT('',(166.37308236545,105.939422,53.423969888522)
  );
#1200 = CARTESIAN_POINT('',(165.81148236545,105.939422,53.423969888522)
  );
#1201 = VECTOR('',#1202,1.);
#1202 = DIRECTION('',(-0.,-1.,-0.));
#1203 = ADVANCED_FACE('',(#1204),#1229,.T.);
#1204 = FACE_BOUND('',#1205,.T.);
#1205 = EDGE_LOOP('',(#1206,#1207,#1215,#1223));
#1206 = ORIENTED_EDGE('',*,*,#1183,.T.);
#1207 = ORIENTED_EDGE('',*,*,#1208,.T.);
#1208 = EDGE_CURVE('',#1176,#1209,#1211,.T.);
#1209 = VERTEX_POINT('',#1210);
#1210 = CARTESIAN_POINT('',(165.70618236545,106.939422,53.426160128522)
  );
#1211 = B_SPLINE_CURVE_WITH_KNOTS('',2,(#1212,#1213,#1214),
  .UNSPECIFIED.,.F.,.F.,(3,3),(0.,1.),.PIECEWISE_BEZIER_KNOTS.);
#1212 = CARTESIAN_POINT('',(165.81148236545,106.939422,53.423969888522)
  );
#1213 = CARTESIAN_POINT('',(165.76322033345,106.939422,53.423969888522)
  );
#1214 = CARTESIAN_POINT('',(165.70618236545,106.939422,53.426160128522)
  );
#1215 = ORIENTED_EDGE('',*,*,#1216,.F.);
#1216 = EDGE_CURVE('',#1217,#1209,#1219,.T.);
#1217 = VERTEX_POINT('',#1218);
#1218 = CARTESIAN_POINT('',(165.70618236545,105.939422,53.426160128522)
  );
#1219 = LINE('',#1220,#1221);
#1220 = CARTESIAN_POINT('',(165.70618236545,105.939422,53.426160128522)
  );
#1221 = VECTOR('',#1222,1.);
#1222 = DIRECTION('',(0.,1.,0.));
#1223 = ORIENTED_EDGE('',*,*,#1224,.F.);
#1224 = EDGE_CURVE('',#1184,#1217,#1225,.T.);
#1225 = B_SPLINE_CURVE_WITH_KNOTS('',2,(#1226,#1227,#1228),
  .UNSPECIFIED.,.F.,.F.,(3,3),(0.,1.),.PIECEWISE_BEZIER_KNOTS.);
#1226 = CARTESIAN_POINT('',(165.81148236545,105.939422,53.423969888522)
  );
#1227 = CARTESIAN_POINT('',(165.76322033345,105.939422,53.423969888522)
  );
#1228 = CARTESIAN_POINT('',(165.70618236545,105.939422,53.426160128522)
  );
#1229 = SURFACE_OF_LINEAR_EXTRUSION('',#1230,#1234);
#1230 = B_SPLINE_CURVE_WITH_KNOTS('',2,(#1231,#1232,#1233),
  .UNSPECIFIED.,.F.,.F.,(3,3),(0.,1.),.PIECEWISE_BEZIER_KNOTS.);
#1231 = CARTESIAN_POINT('',(165.81148236545,105.939422,53.423969888522)
  );
#1232 = CARTESIAN_POINT('',(165.76322033345,105.939422,53.423969888522)
  );
#1233 = CARTESIAN_POINT('',(165.70618236545,105.939422,53.426160128522)
  );
#1234 = VECTOR('',#1235,1.);
#1235 = DIRECTION('',(-0.,-1.,-0.));
#1236 = ADVANCED_FACE('',(#1237),#1262,.T.);
#1237 = FACE_BOUND('',#1238,.T.);
#1238 = EDGE_LOOP('',(#1239,#1240,#1248,#1256));
#1239 = ORIENTED_EDGE('',*,*,#1216,.T.);
#1240 = ORIENTED_EDGE('',*,*,#1241,.T.);
#1241 = EDGE_CURVE('',#1209,#1242,#1244,.T.);
#1242 = VERTEX_POINT('',#1243);
#1243 = CARTESIAN_POINT('',(165.59868838145,106.939422,53.432740208522)
  );
#1244 = B_SPLINE_CURVE_WITH_KNOTS('',2,(#1245,#1246,#1247),
  .UNSPECIFIED.,.F.,.F.,(3,3),(0.,1.),.PIECEWISE_BEZIER_KNOTS.);
#1245 = CARTESIAN_POINT('',(165.70618236545,106.939422,53.426160128522)
  );
#1246 = CARTESIAN_POINT('',(165.64695134945,106.939422,53.428350368522)
  );
#1247 = CARTESIAN_POINT('',(165.59868838145,106.939422,53.432740208522)
  );
#1248 = ORIENTED_EDGE('',*,*,#1249,.F.);
#1249 = EDGE_CURVE('',#1250,#1242,#1252,.T.);
#1250 = VERTEX_POINT('',#1251);
#1251 = CARTESIAN_POINT('',(165.59868838145,105.939422,53.432740208522)
  );
#1252 = LINE('',#1253,#1254);
#1253 = CARTESIAN_POINT('',(165.59868838145,105.939422,53.432740208522)
  );
#1254 = VECTOR('',#1255,1.);
#1255 = DIRECTION('',(0.,1.,0.));
#1256 = ORIENTED_EDGE('',*,*,#1257,.F.);
#1257 = EDGE_CURVE('',#1217,#1250,#1258,.T.);
#1258 = B_SPLINE_CURVE_WITH_KNOTS('',2,(#1259,#1260,#1261),
  .UNSPECIFIED.,.F.,.F.,(3,3),(0.,1.),.PIECEWISE_BEZIER_KNOTS.);
#1259 = CARTESIAN_POINT('',(165.70618236545,105.939422,53.426160128522)
  );
#1260 = CARTESIAN_POINT('',(165.64695134945,105.939422,53.428350368522)
  );
#1261 = CARTESIAN_POINT('',(165.59868838145,105.939422,53.432740208522)
  );
#1262 = SURFACE_OF_LINEAR_EXTRUSION('',#1263,#1267);
#1263 = B_SPLINE_CURVE_WITH_KNOTS('',2,(#1264,#1265,#1266),
  .UNSPECIFIED.,.F.,.F.,(3,3),(0.,1.),.PIECEWISE_BEZIER_KNOTS.);
#1264 = CARTESIAN_POINT('',(165.70618236545,105.939422,53.426160128522)
  );
#1265 = CARTESIAN_POINT('',(165.64695134945,105.939422,53.428350368522)
  );
#1266 = CARTESIAN_POINT('',(165.59868838145,105.939422,53.432740208522)
  );
#1267 = VECTOR('',#1268,1.);
#1268 = DIRECTION('',(-0.,-1.,-0.));
#1269 = ADVANCED_FACE('',(#1270),#1293,.T.);
#1270 = FACE_BOUND('',#1271,.T.);
#1271 = EDGE_LOOP('',(#1272,#1273,#1280,#1288));
#1272 = ORIENTED_EDGE('',*,*,#1249,.T.);
#1273 = ORIENTED_EDGE('',*,*,#1274,.T.);
#1274 = EDGE_CURVE('',#1242,#1275,#1277,.T.);
#1275 = VERTEX_POINT('',#1276);
#1276 = CARTESIAN_POINT('',(165.59868838145,106.939422,54.073315208522)
  );
#1277 = B_SPLINE_CURVE_WITH_KNOTS('',1,(#1278,#1279),.UNSPECIFIED.,.F.,
  .F.,(2,2),(0.,6.84375),.PIECEWISE_BEZIER_KNOTS.);
#1278 = CARTESIAN_POINT('',(165.59868838145,106.939422,53.432740208522)
  );
#1279 = CARTESIAN_POINT('',(165.59868838145,106.939422,54.073315208522)
  );
#1280 = ORIENTED_EDGE('',*,*,#1281,.F.);
#1281 = EDGE_CURVE('',#1282,#1275,#1284,.T.);
#1282 = VERTEX_POINT('',#1283);
#1283 = CARTESIAN_POINT('',(165.59868838145,105.939422,54.073315208522)
  );
#1284 = LINE('',#1285,#1286);
#1285 = CARTESIAN_POINT('',(165.59868838145,105.939422,54.073315208522)
  );
#1286 = VECTOR('',#1287,1.);
#1287 = DIRECTION('',(0.,1.,0.));
#1288 = ORIENTED_EDGE('',*,*,#1289,.F.);
#1289 = EDGE_CURVE('',#1250,#1282,#1290,.T.);
#1290 = B_SPLINE_CURVE_WITH_KNOTS('',1,(#1291,#1292),.UNSPECIFIED.,.F.,
  .F.,(2,2),(0.,6.84375),.PIECEWISE_BEZIER_KNOTS.);
#1291 = CARTESIAN_POINT('',(165.59868838145,105.939422,53.432740208522)
  );
#1292 = CARTESIAN_POINT('',(165.59868838145,105.939422,54.073315208522)
  );
#1293 = SURFACE_OF_LINEAR_EXTRUSION('',#1294,#1297);
#1294 = B_SPLINE_CURVE_WITH_KNOTS('',1,(#1295,#1296),.UNSPECIFIED.,.F.,
  .F.,(2,2),(0.,6.84375),.PIECEWISE_BEZIER_KNOTS.);
#1295 = CARTESIAN_POINT('',(165.59868838145,105.939422,53.432740208522)
  );
#1296 = CARTESIAN_POINT('',(165.59868838145,105.939422,54.073315208522)
  );
#1297 = VECTOR('',#1298,1.);
#1298 = DIRECTION('',(-0.,-1.,-0.));
#1299 = ADVANCED_FACE('',(#1300),#1323,.T.);
#1300 = FACE_BOUND('',#1301,.T.);
#1301 = EDGE_LOOP('',(#1302,#1303,#1310,#1318));
#1302 = ORIENTED_EDGE('',*,*,#1281,.T.);
#1303 = ORIENTED_EDGE('',*,*,#1304,.T.);
#1304 = EDGE_CURVE('',#1275,#1305,#1307,.T.);
#1305 = VERTEX_POINT('',#1306);
#1306 = CARTESIAN_POINT('',(166.25023236545,106.939422,54.073315208522)
  );
#1307 = B_SPLINE_CURVE_WITH_KNOTS('',1,(#1308,#1309),.UNSPECIFIED.,.F.,
  .F.,(2,2),(0.,6.96094),.PIECEWISE_BEZIER_KNOTS.);
#1308 = CARTESIAN_POINT('',(165.59868838145,106.939422,54.073315208522)
  );
#1309 = CARTESIAN_POINT('',(166.25023236545,106.939422,54.073315208522)
  );
#1310 = ORIENTED_EDGE('',*,*,#1311,.F.);
#1311 = EDGE_CURVE('',#1312,#1305,#1314,.T.);
#1312 = VERTEX_POINT('',#1313);
#1313 = CARTESIAN_POINT('',(166.25023236545,105.939422,54.073315208522)
  );
#1314 = LINE('',#1315,#1316);
#1315 = CARTESIAN_POINT('',(166.25023236545,105.939422,54.073315208522)
  );
#1316 = VECTOR('',#1317,1.);
#1317 = DIRECTION('',(0.,1.,0.));
#1318 = ORIENTED_EDGE('',*,*,#1319,.F.);
#1319 = EDGE_CURVE('',#1282,#1312,#1320,.T.);
#1320 = B_SPLINE_CURVE_WITH_KNOTS('',1,(#1321,#1322),.UNSPECIFIED.,.F.,
  .F.,(2,2),(0.,6.96094),.PIECEWISE_BEZIER_KNOTS.);
#1321 = CARTESIAN_POINT('',(165.59868838145,105.939422,54.073315208522)
  );
#1322 = CARTESIAN_POINT('',(166.25023236545,105.939422,54.073315208522)
  );
#1323 = SURFACE_OF_LINEAR_EXTRUSION('',#1324,#1327);
#1324 = B_SPLINE_CURVE_WITH_KNOTS('',1,(#1325,#1326),.UNSPECIFIED.,.F.,
  .F.,(2,2),(0.,6.96094),.PIECEWISE_BEZIER_KNOTS.);
#1325 = CARTESIAN_POINT('',(165.59868838145,105.939422,54.073315208522)
  );
#1326 = CARTESIAN_POINT('',(166.25023236545,105.939422,54.073315208522)
  );
#1327 = VECTOR('',#1328,1.);
#1328 = DIRECTION('',(-0.,-1.,-0.));
#1329 = ADVANCED_FACE('',(#1330),#1353,.T.);
#1330 = FACE_BOUND('',#1331,.T.);
#1331 = EDGE_LOOP('',(#1332,#1333,#1340,#1348));
#1332 = ORIENTED_EDGE('',*,*,#1311,.T.);
#1333 = ORIENTED_EDGE('',*,*,#1334,.T.);
#1334 = EDGE_CURVE('',#1305,#1335,#1337,.T.);
#1335 = VERTEX_POINT('',#1336);
#1336 = CARTESIAN_POINT('',(166.25023236545,106.939422,54.689759192522)
  );
#1337 = B_SPLINE_CURVE_WITH_KNOTS('',1,(#1338,#1339),.UNSPECIFIED.,.F.,
  .F.,(2,2),(0.,6.58594),.PIECEWISE_BEZIER_KNOTS.);
#1338 = CARTESIAN_POINT('',(166.25023236545,106.939422,54.073315208522)
  );
#1339 = CARTESIAN_POINT('',(166.25023236545,106.939422,54.689759192522)
  );
#1340 = ORIENTED_EDGE('',*,*,#1341,.F.);
#1341 = EDGE_CURVE('',#1342,#1335,#1344,.T.);
#1342 = VERTEX_POINT('',#1343);
#1343 = CARTESIAN_POINT('',(166.25023236545,105.939422,54.689759192522)
  );
#1344 = LINE('',#1345,#1346);
#1345 = CARTESIAN_POINT('',(166.25023236545,105.939422,54.689759192522)
  );
#1346 = VECTOR('',#1347,1.);
#1347 = DIRECTION('',(0.,1.,0.));
#1348 = ORIENTED_EDGE('',*,*,#1349,.F.);
#1349 = EDGE_CURVE('',#1312,#1342,#1350,.T.);
#1350 = B_SPLINE_CURVE_WITH_KNOTS('',1,(#1351,#1352),.UNSPECIFIED.,.F.,
  .F.,(2,2),(0.,6.58594),.PIECEWISE_BEZIER_KNOTS.);
#1351 = CARTESIAN_POINT('',(166.25023236545,105.939422,54.073315208522)
  );
#1352 = CARTESIAN_POINT('',(166.25023236545,105.939422,54.689759192522)
  );
#1353 = SURFACE_OF_LINEAR_EXTRUSION('',#1354,#1357);
#1354 = B_SPLINE_CURVE_WITH_KNOTS('',1,(#1355,#1356),.UNSPECIFIED.,.F.,
  .F.,(2,2),(0.,6.58594),.PIECEWISE_BEZIER_KNOTS.);
#1355 = CARTESIAN_POINT('',(166.25023236545,105.939422,54.073315208522)
  );
#1356 = CARTESIAN_POINT('',(166.25023236545,105.939422,54.689759192522)
  );
#1357 = VECTOR('',#1358,1.);
#1358 = DIRECTION('',(-0.,-1.,-0.));
#1359 = ADVANCED_FACE('',(#1360),#1383,.T.);
#1360 = FACE_BOUND('',#1361,.T.);
#1361 = EDGE_LOOP('',(#1362,#1363,#1370,#1378));
#1362 = ORIENTED_EDGE('',*,*,#1341,.T.);
#1363 = ORIENTED_EDGE('',*,*,#1364,.T.);
#1364 = EDGE_CURVE('',#1335,#1365,#1367,.T.);
#1365 = VERTEX_POINT('',#1366);
#1366 = CARTESIAN_POINT('',(164.74312634945,106.939422,54.689759192522)
  );
#1367 = B_SPLINE_CURVE_WITH_KNOTS('',1,(#1368,#1369),.UNSPECIFIED.,.F.,
  .F.,(2,2),(0.,16.10156),.PIECEWISE_BEZIER_KNOTS.);
#1368 = CARTESIAN_POINT('',(166.25023236545,106.939422,54.689759192522)
  );
#1369 = CARTESIAN_POINT('',(164.74312634945,106.939422,54.689759192522)
  );
#1370 = ORIENTED_EDGE('',*,*,#1371,.F.);
#1371 = EDGE_CURVE('',#1372,#1365,#1374,.T.);
#1372 = VERTEX_POINT('',#1373);
#1373 = CARTESIAN_POINT('',(164.74312634945,105.939422,54.689759192522)
  );
#1374 = LINE('',#1375,#1376);
#1375 = CARTESIAN_POINT('',(164.74312634945,105.939422,54.689759192522)
  );
#1376 = VECTOR('',#1377,1.);
#1377 = DIRECTION('',(0.,1.,0.));
#1378 = ORIENTED_EDGE('',*,*,#1379,.F.);
#1379 = EDGE_CURVE('',#1342,#1372,#1380,.T.);
#1380 = B_SPLINE_CURVE_WITH_KNOTS('',1,(#1381,#1382),.UNSPECIFIED.,.F.,
  .F.,(2,2),(0.,16.10156),.PIECEWISE_BEZIER_KNOTS.);
#1381 = CARTESIAN_POINT('',(166.25023236545,105.939422,54.689759192522)
  );
#1382 = CARTESIAN_POINT('',(164.74312634945,105.939422,54.689759192522)
  );
#1383 = SURFACE_OF_LINEAR_EXTRUSION('',#1384,#1387);
#1384 = B_SPLINE_CURVE_WITH_KNOTS('',1,(#1385,#1386),.UNSPECIFIED.,.F.,
  .F.,(2,2),(0.,16.10156),.PIECEWISE_BEZIER_KNOTS.);
#1385 = CARTESIAN_POINT('',(166.25023236545,105.939422,54.689759192522)
  );
#1386 = CARTESIAN_POINT('',(164.74312634945,105.939422,54.689759192522)
  );
#1387 = VECTOR('',#1388,1.);
#1388 = DIRECTION('',(-0.,-1.,-0.));
#1389 = ADVANCED_FACE('',(#1390),#1404,.T.);
#1390 = FACE_BOUND('',#1391,.T.);
#1391 = EDGE_LOOP('',(#1392,#1393,#1398,#1399));
#1392 = ORIENTED_EDGE('',*,*,#1371,.T.);
#1393 = ORIENTED_EDGE('',*,*,#1394,.T.);
#1394 = EDGE_CURVE('',#1365,#547,#1395,.T.);
#1395 = B_SPLINE_CURVE_WITH_KNOTS('',1,(#1396,#1397),.UNSPECIFIED.,.F.,
  .F.,(2,2),(0.,17.22651),.PIECEWISE_BEZIER_KNOTS.);
#1396 = CARTESIAN_POINT('',(164.74312634945,106.939422,54.689759192522)
  );
#1397 = CARTESIAN_POINT('',(164.74312634945,106.939422,53.077357856522)
  );
#1398 = ORIENTED_EDGE('',*,*,#544,.F.);
#1399 = ORIENTED_EDGE('',*,*,#1400,.F.);
#1400 = EDGE_CURVE('',#1372,#545,#1401,.T.);
#1401 = B_SPLINE_CURVE_WITH_KNOTS('',1,(#1402,#1403),.UNSPECIFIED.,.F.,
  .F.,(2,2),(0.,17.22651),.PIECEWISE_BEZIER_KNOTS.);
#1402 = CARTESIAN_POINT('',(164.74312634945,105.939422,54.689759192522)
  );
#1403 = CARTESIAN_POINT('',(164.74312634945,105.939422,53.077357856522)
  );
#1404 = SURFACE_OF_LINEAR_EXTRUSION('',#1405,#1408);
#1405 = B_SPLINE_CURVE_WITH_KNOTS('',1,(#1406,#1407),.UNSPECIFIED.,.F.,
  .F.,(2,2),(0.,17.22651),.PIECEWISE_BEZIER_KNOTS.);
#1406 = CARTESIAN_POINT('',(164.74312634945,105.939422,54.689759192522)
  );
#1407 = CARTESIAN_POINT('',(164.74312634945,105.939422,53.077357856522)
  );
#1408 = VECTOR('',#1409,1.);
#1409 = DIRECTION('',(-0.,-1.,-0.));
#1410 = ADVANCED_FACE('',(#1411),#1440,.T.);
#1411 = FACE_BOUND('',#1412,.T.);
#1412 = EDGE_LOOP('',(#1413,#1414,#1415,#1416,#1417,#1418,#1419,#1420,
    #1421,#1422,#1423,#1424,#1425,#1426,#1427,#1428,#1429,#1430,#1431,
    #1432,#1433,#1434,#1435,#1436,#1437,#1438,#1439));
#1413 = ORIENTED_EDGE('',*,*,#570,.T.);
#1414 = ORIENTED_EDGE('',*,*,#603,.T.);
#1415 = ORIENTED_EDGE('',*,*,#636,.T.);
#1416 = ORIENTED_EDGE('',*,*,#669,.T.);
#1417 = ORIENTED_EDGE('',*,*,#702,.T.);
#1418 = ORIENTED_EDGE('',*,*,#735,.T.);
#1419 = ORIENTED_EDGE('',*,*,#768,.T.);
#1420 = ORIENTED_EDGE('',*,*,#801,.T.);
#1421 = ORIENTED_EDGE('',*,*,#833,.T.);
#1422 = ORIENTED_EDGE('',*,*,#863,.T.);
#1423 = ORIENTED_EDGE('',*,*,#894,.T.);
#1424 = ORIENTED_EDGE('',*,*,#927,.T.);
#1425 = ORIENTED_EDGE('',*,*,#960,.T.);
#1426 = ORIENTED_EDGE('',*,*,#993,.T.);
#1427 = ORIENTED_EDGE('',*,*,#1026,.T.);
#1428 = ORIENTED_EDGE('',*,*,#1059,.T.);
#1429 = ORIENTED_EDGE('',*,*,#1092,.T.);
#1430 = ORIENTED_EDGE('',*,*,#1125,.T.);
#1431 = ORIENTED_EDGE('',*,*,#1158,.T.);
#1432 = ORIENTED_EDGE('',*,*,#1191,.T.);
#1433 = ORIENTED_EDGE('',*,*,#1224,.T.);
#1434 = ORIENTED_EDGE('',*,*,#1257,.T.);
#1435 = ORIENTED_EDGE('',*,*,#1289,.T.);
#1436 = ORIENTED_EDGE('',*,*,#1319,.T.);
#1437 = ORIENTED_EDGE('',*,*,#1349,.T.);
#1438 = ORIENTED_EDGE('',*,*,#1379,.T.);
#1439 = ORIENTED_EDGE('',*,*,#1400,.T.);
#1440 = B_SPLINE_SURFACE_WITH_KNOTS('',1,1,(
    (#1441,#1442)
    ,(#1443,#1444
    )),.UNSPECIFIED.,.F.,.F.,.F.,(2,2),(2,2),(-14.57382249389,
    18.332427506107),(-18.11427518006,18.190404819933),
  .PIECEWISE_BEZIER_KNOTS.);
#1441 = CARTESIAN_POINT('',(164.74312634945,105.939422,52.822882856522)
  );
#1442 = CARTESIAN_POINT('',(164.74312634945,105.939422,56.221000904522)
  );
#1443 = CARTESIAN_POINT('',(167.82315134945,105.939422,52.822882856522)
  );
#1444 = CARTESIAN_POINT('',(167.82315134945,105.939422,56.221000904522)
  );
#1445 = ADVANCED_FACE('',(#1446),#1475,.F.);
#1446 = FACE_BOUND('',#1447,.F.);
#1447 = EDGE_LOOP('',(#1448,#1449,#1450,#1451,#1452,#1453,#1454,#1455,
    #1456,#1457,#1458,#1459,#1460,#1461,#1462,#1463,#1464,#1465,#1466,
    #1467,#1468,#1469,#1470,#1471,#1472,#1473,#1474));
#1448 = ORIENTED_EDGE('',*,*,#554,.T.);
#1449 = ORIENTED_EDGE('',*,*,#587,.T.);
#1450 = ORIENTED_EDGE('',*,*,#620,.T.);
#1451 = ORIENTED_EDGE('',*,*,#653,.T.);
#1452 = ORIENTED_EDGE('',*,*,#686,.T.);
#1453 = ORIENTED_EDGE('',*,*,#719,.T.);
#1454 = ORIENTED_EDGE('',*,*,#752,.T.);
#1455 = ORIENTED_EDGE('',*,*,#785,.T.);
#1456 = ORIENTED_EDGE('',*,*,#818,.T.);
#1457 = ORIENTED_EDGE('',*,*,#848,.T.);
#1458 = ORIENTED_EDGE('',*,*,#878,.T.);
#1459 = ORIENTED_EDGE('',*,*,#911,.T.);
#1460 = ORIENTED_EDGE('',*,*,#944,.T.);
#1461 = ORIENTED_EDGE('',*,*,#977,.T.);
#1462 = ORIENTED_EDGE('',*,*,#1010,.T.);
#1463 = ORIENTED_EDGE('',*,*,#1043,.T.);
#1464 = ORIENTED_EDGE('',*,*,#1076,.T.);
#1465 = ORIENTED_EDGE('',*,*,#1109,.T.);
#1466 = ORIENTED_EDGE('',*,*,#1142,.T.);
#1467 = ORIENTED_EDGE('',*,*,#1175,.T.);
#1468 = ORIENTED_EDGE('',*,*,#1208,.T.);
#1469 = ORIENTED_EDGE('',*,*,#1241,.T.);
#1470 = ORIENTED_EDGE('',*,*,#1274,.T.);
#1471 = ORIENTED_EDGE('',*,*,#1304,.T.);
#1472 = ORIENTED_EDGE('',*,*,#1334,.T.);
#1473 = ORIENTED_EDGE('',*,*,#1364,.T.);
#1474 = ORIENTED_EDGE('',*,*,#1394,.T.);
#1475 = B_SPLINE_SURFACE_WITH_KNOTS('',1,1,(
    (#1476,#1477)
    ,(#1478,#1479
    )),.UNSPECIFIED.,.F.,.F.,.F.,(2,2),(2,2),(-14.57382249389,
    18.332427506107),(-18.11427518006,18.190404819933),
  .PIECEWISE_BEZIER_KNOTS.);
#1476 = CARTESIAN_POINT('',(164.74312634945,106.939422,52.822882856522)
  );
#1477 = CARTESIAN_POINT('',(164.74312634945,106.939422,56.221000904522)
  );
#1478 = CARTESIAN_POINT('',(167.82315134945,106.939422,52.822882856522)
  );
#1479 = CARTESIAN_POINT('',(167.82315134945,106.939422,56.221000904522)
  );
#1480 = MANIFOLD_SOLID_BREP('',#1481);
#1481 = CLOSED_SHELL('',(#1482,#1521,#1551,#1581,#1611,#1641,#1671,#1701
    ,#1722,#1761,#1791,#1812,#1833));
#1482 = ADVANCED_FACE('',(#1483),#1515,.T.);
#1483 = FACE_BOUND('',#1484,.T.);
#1484 = EDGE_LOOP('',(#1485,#1495,#1502,#1510));
#1485 = ORIENTED_EDGE('',*,*,#1486,.T.);
#1486 = EDGE_CURVE('',#1487,#1489,#1491,.T.);
#1487 = VERTEX_POINT('',#1488);
#1488 = CARTESIAN_POINT('',(160.96987634945,105.939422,52.890888872522)
  );
#1489 = VERTEX_POINT('',#1490);
#1490 = CARTESIAN_POINT('',(160.96987634945,106.939422,52.890888872522)
  );
#1491 = LINE('',#1492,#1493);
#1492 = CARTESIAN_POINT('',(160.96987634945,105.939422,52.890888872522)
  );
#1493 = VECTOR('',#1494,1.);
#1494 = DIRECTION('',(0.,1.,0.));
#1495 = ORIENTED_EDGE('',*,*,#1496,.T.);
#1496 = EDGE_CURVE('',#1489,#1497,#1499,.T.);
#1497 = VERTEX_POINT('',#1498);
#1498 = CARTESIAN_POINT('',(161.84079533345,106.939422,52.890888872522)
  );
#1499 = B_SPLINE_CURVE_WITH_KNOTS('',1,(#1500,#1501),.UNSPECIFIED.,.F.,
  .F.,(2,2),(0.,9.30469),.PIECEWISE_BEZIER_KNOTS.);
#1500 = CARTESIAN_POINT('',(160.96987634945,106.939422,52.890888872522)
  );
#1501 = CARTESIAN_POINT('',(161.84079533345,106.939422,52.890888872522)
  );
#1502 = ORIENTED_EDGE('',*,*,#1503,.F.);
#1503 = EDGE_CURVE('',#1504,#1497,#1506,.T.);
#1504 = VERTEX_POINT('',#1505);
#1505 = CARTESIAN_POINT('',(161.84079533345,105.939422,52.890888872522)
  );
#1506 = LINE('',#1507,#1508);
#1507 = CARTESIAN_POINT('',(161.84079533345,105.939422,52.890888872522)
  );
#1508 = VECTOR('',#1509,1.);
#1509 = DIRECTION('',(0.,1.,0.));
#1510 = ORIENTED_EDGE('',*,*,#1511,.F.);
#1511 = EDGE_CURVE('',#1487,#1504,#1512,.T.);
#1512 = B_SPLINE_CURVE_WITH_KNOTS('',1,(#1513,#1514),.UNSPECIFIED.,.F.,
  .F.,(2,2),(0.,9.30469),.PIECEWISE_BEZIER_KNOTS.);
#1513 = CARTESIAN_POINT('',(160.96987634945,105.939422,52.890888872522)
  );
#1514 = CARTESIAN_POINT('',(161.84079533345,105.939422,52.890888872522)
  );
#1515 = SURFACE_OF_LINEAR_EXTRUSION('',#1516,#1519);
#1516 = B_SPLINE_CURVE_WITH_KNOTS('',1,(#1517,#1518),.UNSPECIFIED.,.F.,
  .F.,(2,2),(0.,9.30469),.PIECEWISE_BEZIER_KNOTS.);
#1517 = CARTESIAN_POINT('',(160.96987634945,105.939422,52.890888872522)
  );
#1518 = CARTESIAN_POINT('',(161.84079533345,105.939422,52.890888872522)
  );
#1519 = VECTOR('',#1520,1.);
#1520 = DIRECTION('',(-0.,-1.,-0.));
#1521 = ADVANCED_FACE('',(#1522),#1545,.T.);
#1522 = FACE_BOUND('',#1523,.T.);
#1523 = EDGE_LOOP('',(#1524,#1534,#1539,#1540));
#1524 = ORIENTED_EDGE('',*,*,#1525,.T.);
#1525 = EDGE_CURVE('',#1526,#1528,#1530,.T.);
#1526 = VERTEX_POINT('',#1527);
#1527 = CARTESIAN_POINT('',(162.17643838145,105.939422,56.157382856522)
  );
#1528 = VERTEX_POINT('',#1529);
#1529 = CARTESIAN_POINT('',(162.17643838145,106.939422,56.157382856522)
  );
#1530 = LINE('',#1531,#1532);
#1531 = CARTESIAN_POINT('',(162.17643838145,105.939422,56.157382856522)
  );
#1532 = VECTOR('',#1533,1.);
#1533 = DIRECTION('',(0.,1.,0.));
#1534 = ORIENTED_EDGE('',*,*,#1535,.T.);
#1535 = EDGE_CURVE('',#1528,#1489,#1536,.T.);
#1536 = B_SPLINE_CURVE_WITH_KNOTS('',1,(#1537,#1538),.UNSPECIFIED.,.F.,
  .F.,(2,2),(0.,37.203080496351),.PIECEWISE_BEZIER_KNOTS.);
#1537 = CARTESIAN_POINT('',(162.17643838145,106.939422,56.157382856522)
  );
#1538 = CARTESIAN_POINT('',(160.96987634945,106.939422,52.890888872522)
  );
#1539 = ORIENTED_EDGE('',*,*,#1486,.F.);
#1540 = ORIENTED_EDGE('',*,*,#1541,.F.);
#1541 = EDGE_CURVE('',#1526,#1487,#1542,.T.);
#1542 = B_SPLINE_CURVE_WITH_KNOTS('',1,(#1543,#1544),.UNSPECIFIED.,.F.,
  .F.,(2,2),(0.,37.203080496351),.PIECEWISE_BEZIER_KNOTS.);
#1543 = CARTESIAN_POINT('',(162.17643838145,105.939422,56.157382856522)
  );
#1544 = CARTESIAN_POINT('',(160.96987634945,105.939422,52.890888872522)
  );
#1545 = SURFACE_OF_LINEAR_EXTRUSION('',#1546,#1549);
#1546 = B_SPLINE_CURVE_WITH_KNOTS('',1,(#1547,#1548),.UNSPECIFIED.,.F.,
  .F.,(2,2),(0.,37.203080496351),.PIECEWISE_BEZIER_KNOTS.);
#1547 = CARTESIAN_POINT('',(162.17643838145,105.939422,56.157382856522)
  );
#1548 = CARTESIAN_POINT('',(160.96987634945,105.939422,52.890888872522)
  );
#1549 = VECTOR('',#1550,1.);
#1550 = DIRECTION('',(-0.,-1.,-0.));
#1551 = ADVANCED_FACE('',(#1552),#1575,.T.);
#1552 = FACE_BOUND('',#1553,.T.);
#1553 = EDGE_LOOP('',(#1554,#1555,#1562,#1570));
#1554 = ORIENTED_EDGE('',*,*,#1503,.T.);
#1555 = ORIENTED_EDGE('',*,*,#1556,.T.);
#1556 = EDGE_CURVE('',#1497,#1557,#1559,.T.);
#1557 = VERTEX_POINT('',#1558);
#1558 = CARTESIAN_POINT('',(162.06675134945,106.939422,53.551207856522)
  );
#1559 = B_SPLINE_CURVE_WITH_KNOTS('',1,(#1560,#1561),.UNSPECIFIED.,.F.,
  .F.,(2,2),(0.,7.456295104118),.PIECEWISE_BEZIER_KNOTS.);
#1560 = CARTESIAN_POINT('',(161.84079533345,106.939422,52.890888872522)
  );
#1561 = CARTESIAN_POINT('',(162.06675134945,106.939422,53.551207856522)
  );
#1562 = ORIENTED_EDGE('',*,*,#1563,.F.);
#1563 = EDGE_CURVE('',#1564,#1557,#1566,.T.);
#1564 = VERTEX_POINT('',#1565);
#1565 = CARTESIAN_POINT('',(162.06675134945,105.939422,53.551207856522)
  );
#1566 = LINE('',#1567,#1568);
#1567 = CARTESIAN_POINT('',(162.06675134945,105.939422,53.551207856522)
  );
#1568 = VECTOR('',#1569,1.);
#1569 = DIRECTION('',(0.,1.,0.));
#1570 = ORIENTED_EDGE('',*,*,#1571,.F.);
#1571 = EDGE_CURVE('',#1504,#1564,#1572,.T.);
#1572 = B_SPLINE_CURVE_WITH_KNOTS('',1,(#1573,#1574),.UNSPECIFIED.,.F.,
  .F.,(2,2),(0.,7.456295104118),.PIECEWISE_BEZIER_KNOTS.);
#1573 = CARTESIAN_POINT('',(161.84079533345,105.939422,52.890888872522)
  );
#1574 = CARTESIAN_POINT('',(162.06675134945,105.939422,53.551207856522)
  );
#1575 = SURFACE_OF_LINEAR_EXTRUSION('',#1576,#1579);
#1576 = B_SPLINE_CURVE_WITH_KNOTS('',1,(#1577,#1578),.UNSPECIFIED.,.F.,
  .F.,(2,2),(0.,7.456295104118),.PIECEWISE_BEZIER_KNOTS.);
#1577 = CARTESIAN_POINT('',(161.84079533345,105.939422,52.890888872522)
  );
#1578 = CARTESIAN_POINT('',(162.06675134945,105.939422,53.551207856522)
  );
#1579 = VECTOR('',#1580,1.);
#1580 = DIRECTION('',(-0.,-1.,-0.));
#1581 = ADVANCED_FACE('',(#1582),#1605,.T.);
#1582 = FACE_BOUND('',#1583,.T.);
#1583 = EDGE_LOOP('',(#1584,#1594,#1599,#1600));
#1584 = ORIENTED_EDGE('',*,*,#1585,.T.);
#1585 = EDGE_CURVE('',#1586,#1588,#1590,.T.);
#1586 = VERTEX_POINT('',#1587);
#1587 = CARTESIAN_POINT('',(163.14607634945,105.939422,56.157382856522)
  );
#1588 = VERTEX_POINT('',#1589);
#1589 = CARTESIAN_POINT('',(163.14607634945,106.939422,56.157382856522)
  );
#1590 = LINE('',#1591,#1592);
#1591 = CARTESIAN_POINT('',(163.14607634945,105.939422,56.157382856522)
  );
#1592 = VECTOR('',#1593,1.);
#1593 = DIRECTION('',(0.,1.,0.));
#1594 = ORIENTED_EDGE('',*,*,#1595,.T.);
#1595 = EDGE_CURVE('',#1588,#1528,#1596,.T.);
#1596 = B_SPLINE_CURVE_WITH_KNOTS('',1,(#1597,#1598),.UNSPECIFIED.,.F.,
  .F.,(2,2),(0.,10.35938),.PIECEWISE_BEZIER_KNOTS.);
#1597 = CARTESIAN_POINT('',(163.14607634945,106.939422,56.157382856522)
  );
#1598 = CARTESIAN_POINT('',(162.17643838145,106.939422,56.157382856522)
  );
#1599 = ORIENTED_EDGE('',*,*,#1525,.F.);
#1600 = ORIENTED_EDGE('',*,*,#1601,.F.);
#1601 = EDGE_CURVE('',#1586,#1526,#1602,.T.);
#1602 = B_SPLINE_CURVE_WITH_KNOTS('',1,(#1603,#1604),.UNSPECIFIED.,.F.,
  .F.,(2,2),(0.,10.35938),.PIECEWISE_BEZIER_KNOTS.);
#1603 = CARTESIAN_POINT('',(163.14607634945,105.939422,56.157382856522)
  );
#1604 = CARTESIAN_POINT('',(162.17643838145,105.939422,56.157382856522)
  );
#1605 = SURFACE_OF_LINEAR_EXTRUSION('',#1606,#1609);
#1606 = B_SPLINE_CURVE_WITH_KNOTS('',1,(#1607,#1608),.UNSPECIFIED.,.F.,
  .F.,(2,2),(0.,10.35938),.PIECEWISE_BEZIER_KNOTS.);
#1607 = CARTESIAN_POINT('',(163.14607634945,105.939422,56.157382856522)
  );
#1608 = CARTESIAN_POINT('',(162.17643838145,105.939422,56.157382856522)
  );
#1609 = VECTOR('',#1610,1.);
#1610 = DIRECTION('',(-0.,-1.,-0.));
#1611 = ADVANCED_FACE('',(#1612),#1635,.T.);
#1612 = FACE_BOUND('',#1613,.T.);
#1613 = EDGE_LOOP('',(#1614,#1615,#1622,#1630));
#1614 = ORIENTED_EDGE('',*,*,#1563,.T.);
#1615 = ORIENTED_EDGE('',*,*,#1616,.T.);
#1616 = EDGE_CURVE('',#1557,#1617,#1619,.T.);
#1617 = VERTEX_POINT('',#1618);
#1618 = CARTESIAN_POINT('',(163.27770134945,106.939422,53.551207856522)
  );
#1619 = B_SPLINE_CURVE_WITH_KNOTS('',1,(#1620,#1621),.UNSPECIFIED.,.F.,
  .F.,(2,2),(0.,12.9375),.PIECEWISE_BEZIER_KNOTS.);
#1620 = CARTESIAN_POINT('',(162.06675134945,106.939422,53.551207856522)
  );
#1621 = CARTESIAN_POINT('',(163.27770134945,106.939422,53.551207856522)
  );
#1622 = ORIENTED_EDGE('',*,*,#1623,.F.);
#1623 = EDGE_CURVE('',#1624,#1617,#1626,.T.);
#1624 = VERTEX_POINT('',#1625);
#1625 = CARTESIAN_POINT('',(163.27770134945,105.939422,53.551207856522)
  );
#1626 = LINE('',#1627,#1628);
#1627 = CARTESIAN_POINT('',(163.27770134945,105.939422,53.551207856522)
  );
#1628 = VECTOR('',#1629,1.);
#1629 = DIRECTION('',(0.,1.,0.));
#1630 = ORIENTED_EDGE('',*,*,#1631,.F.);
#1631 = EDGE_CURVE('',#1564,#1624,#1632,.T.);
#1632 = B_SPLINE_CURVE_WITH_KNOTS('',1,(#1633,#1634),.UNSPECIFIED.,.F.,
  .F.,(2,2),(0.,12.9375),.PIECEWISE_BEZIER_KNOTS.);
#1633 = CARTESIAN_POINT('',(162.06675134945,105.939422,53.551207856522)
  );
#1634 = CARTESIAN_POINT('',(163.27770134945,105.939422,53.551207856522)
  );
#1635 = SURFACE_OF_LINEAR_EXTRUSION('',#1636,#1639);
#1636 = B_SPLINE_CURVE_WITH_KNOTS('',1,(#1637,#1638),.UNSPECIFIED.,.F.,
  .F.,(2,2),(0.,12.9375),.PIECEWISE_BEZIER_KNOTS.);
#1637 = CARTESIAN_POINT('',(162.06675134945,105.939422,53.551207856522)
  );
#1638 = CARTESIAN_POINT('',(163.27770134945,105.939422,53.551207856522)
  );
#1639 = VECTOR('',#1640,1.);
#1640 = DIRECTION('',(-0.,-1.,-0.));
#1641 = ADVANCED_FACE('',(#1642),#1665,.T.);
#1642 = FACE_BOUND('',#1643,.T.);
#1643 = EDGE_LOOP('',(#1644,#1654,#1659,#1660));
#1644 = ORIENTED_EDGE('',*,*,#1645,.T.);
#1645 = EDGE_CURVE('',#1646,#1648,#1650,.T.);
#1646 = VERTEX_POINT('',#1647);
#1647 = CARTESIAN_POINT('',(164.35263838145,105.939422,52.890888872522)
  );
#1648 = VERTEX_POINT('',#1649);
#1649 = CARTESIAN_POINT('',(164.35263838145,106.939422,52.890888872522)
  );
#1650 = LINE('',#1651,#1652);
#1651 = CARTESIAN_POINT('',(164.35263838145,105.939422,52.890888872522)
  );
#1652 = VECTOR('',#1653,1.);
#1653 = DIRECTION('',(0.,1.,0.));
#1654 = ORIENTED_EDGE('',*,*,#1655,.T.);
#1655 = EDGE_CURVE('',#1648,#1588,#1656,.T.);
#1656 = B_SPLINE_CURVE_WITH_KNOTS('',1,(#1657,#1658),.UNSPECIFIED.,.F.,
  .F.,(2,2),(0.,37.203080496351),.PIECEWISE_BEZIER_KNOTS.);
#1657 = CARTESIAN_POINT('',(164.35263838145,106.939422,52.890888872522)
  );
#1658 = CARTESIAN_POINT('',(163.14607634945,106.939422,56.157382856522)
  );
#1659 = ORIENTED_EDGE('',*,*,#1585,.F.);
#1660 = ORIENTED_EDGE('',*,*,#1661,.F.);
#1661 = EDGE_CURVE('',#1646,#1586,#1662,.T.);
#1662 = B_SPLINE_CURVE_WITH_KNOTS('',1,(#1663,#1664),.UNSPECIFIED.,.F.,
  .F.,(2,2),(0.,37.203080496351),.PIECEWISE_BEZIER_KNOTS.);
#1663 = CARTESIAN_POINT('',(164.35263838145,105.939422,52.890888872522)
  );
#1664 = CARTESIAN_POINT('',(163.14607634945,105.939422,56.157382856522)
  );
#1665 = SURFACE_OF_LINEAR_EXTRUSION('',#1666,#1669);
#1666 = B_SPLINE_CURVE_WITH_KNOTS('',1,(#1667,#1668),.UNSPECIFIED.,.F.,
  .F.,(2,2),(0.,37.203080496351),.PIECEWISE_BEZIER_KNOTS.);
#1667 = CARTESIAN_POINT('',(164.35263838145,105.939422,52.890888872522)
  );
#1668 = CARTESIAN_POINT('',(163.14607634945,105.939422,56.157382856522)
  );
#1669 = VECTOR('',#1670,1.);
#1670 = DIRECTION('',(-0.,-1.,-0.));
#1671 = ADVANCED_FACE('',(#1672),#1695,.T.);
#1672 = FACE_BOUND('',#1673,.T.);
#1673 = EDGE_LOOP('',(#1674,#1675,#1682,#1690));
#1674 = ORIENTED_EDGE('',*,*,#1623,.T.);
#1675 = ORIENTED_EDGE('',*,*,#1676,.T.);
#1676 = EDGE_CURVE('',#1617,#1677,#1679,.T.);
#1677 = VERTEX_POINT('',#1678);
#1678 = CARTESIAN_POINT('',(163.50365736545,106.939422,52.890888872522)
  );
#1679 = B_SPLINE_CURVE_WITH_KNOTS('',1,(#1680,#1681),.UNSPECIFIED.,.F.,
  .F.,(2,2),(0.,7.456295104118),.PIECEWISE_BEZIER_KNOTS.);
#1680 = CARTESIAN_POINT('',(163.27770134945,106.939422,53.551207856522)
  );
#1681 = CARTESIAN_POINT('',(163.50365736545,106.939422,52.890888872522)
  );
#1682 = ORIENTED_EDGE('',*,*,#1683,.F.);
#1683 = EDGE_CURVE('',#1684,#1677,#1686,.T.);
#1684 = VERTEX_POINT('',#1685);
#1685 = CARTESIAN_POINT('',(163.50365736545,105.939422,52.890888872522)
  );
#1686 = LINE('',#1687,#1688);
#1687 = CARTESIAN_POINT('',(163.50365736545,105.939422,52.890888872522)
  );
#1688 = VECTOR('',#1689,1.);
#1689 = DIRECTION('',(0.,1.,0.));
#1690 = ORIENTED_EDGE('',*,*,#1691,.F.);
#1691 = EDGE_CURVE('',#1624,#1684,#1692,.T.);
#1692 = B_SPLINE_CURVE_WITH_KNOTS('',1,(#1693,#1694),.UNSPECIFIED.,.F.,
  .F.,(2,2),(0.,7.456295104118),.PIECEWISE_BEZIER_KNOTS.);
#1693 = CARTESIAN_POINT('',(163.27770134945,105.939422,53.551207856522)
  );
#1694 = CARTESIAN_POINT('',(163.50365736545,105.939422,52.890888872522)
  );
#1695 = SURFACE_OF_LINEAR_EXTRUSION('',#1696,#1699);
#1696 = B_SPLINE_CURVE_WITH_KNOTS('',1,(#1697,#1698),.UNSPECIFIED.,.F.,
  .F.,(2,2),(0.,7.456295104118),.PIECEWISE_BEZIER_KNOTS.);
#1697 = CARTESIAN_POINT('',(163.27770134945,105.939422,53.551207856522)
  );
#1698 = CARTESIAN_POINT('',(163.50365736545,105.939422,52.890888872522)
  );
#1699 = VECTOR('',#1700,1.);
#1700 = DIRECTION('',(-0.,-1.,-0.));
#1701 = ADVANCED_FACE('',(#1702),#1716,.T.);
#1702 = FACE_BOUND('',#1703,.T.);
#1703 = EDGE_LOOP('',(#1704,#1705,#1710,#1711));
#1704 = ORIENTED_EDGE('',*,*,#1683,.T.);
#1705 = ORIENTED_EDGE('',*,*,#1706,.T.);
#1706 = EDGE_CURVE('',#1677,#1648,#1707,.T.);
#1707 = B_SPLINE_CURVE_WITH_KNOTS('',1,(#1708,#1709),.UNSPECIFIED.,.F.,
  .F.,(2,2),(0.,9.07031),.PIECEWISE_BEZIER_KNOTS.);
#1708 = CARTESIAN_POINT('',(163.50365736545,106.939422,52.890888872522)
  );
#1709 = CARTESIAN_POINT('',(164.35263838145,106.939422,52.890888872522)
  );
#1710 = ORIENTED_EDGE('',*,*,#1645,.F.);
#1711 = ORIENTED_EDGE('',*,*,#1712,.F.);
#1712 = EDGE_CURVE('',#1684,#1646,#1713,.T.);
#1713 = B_SPLINE_CURVE_WITH_KNOTS('',1,(#1714,#1715),.UNSPECIFIED.,.F.,
  .F.,(2,2),(0.,9.07031),.PIECEWISE_BEZIER_KNOTS.);
#1714 = CARTESIAN_POINT('',(163.50365736545,105.939422,52.890888872522)
  );
#1715 = CARTESIAN_POINT('',(164.35263838145,105.939422,52.890888872522)
  );
#1716 = SURFACE_OF_LINEAR_EXTRUSION('',#1717,#1720);
#1717 = B_SPLINE_CURVE_WITH_KNOTS('',1,(#1718,#1719),.UNSPECIFIED.,.F.,
  .F.,(2,2),(0.,9.07031),.PIECEWISE_BEZIER_KNOTS.);
#1718 = CARTESIAN_POINT('',(163.50365736545,105.939422,52.890888872522)
  );
#1719 = CARTESIAN_POINT('',(164.35263838145,105.939422,52.890888872522)
  );
#1720 = VECTOR('',#1721,1.);
#1721 = DIRECTION('',(-0.,-1.,-0.));
#1722 = ADVANCED_FACE('',(#1723),#1755,.T.);
#1723 = FACE_BOUND('',#1724,.T.);
#1724 = EDGE_LOOP('',(#1725,#1735,#1742,#1750));
#1725 = ORIENTED_EDGE('',*,*,#1726,.T.);
#1726 = EDGE_CURVE('',#1727,#1729,#1731,.T.);
#1727 = VERTEX_POINT('',#1728);
#1728 = CARTESIAN_POINT('',(163.07368236545,105.939422,54.150101840522)
  );
#1729 = VERTEX_POINT('',#1730);
#1730 = CARTESIAN_POINT('',(163.07368236545,106.939422,54.150101840522)
  );
#1731 = LINE('',#1732,#1733);
#1732 = CARTESIAN_POINT('',(163.07368236545,105.939422,54.150101840522)
  );
#1733 = VECTOR('',#1734,1.);
#1734 = DIRECTION('',(0.,1.,0.));
#1735 = ORIENTED_EDGE('',*,*,#1736,.T.);
#1736 = EDGE_CURVE('',#1729,#1737,#1739,.T.);
#1737 = VERTEX_POINT('',#1738);
#1738 = CARTESIAN_POINT('',(162.27077033345,106.939422,54.150101840522)
  );
#1739 = B_SPLINE_CURVE_WITH_KNOTS('',1,(#1740,#1741),.UNSPECIFIED.,.F.,
  .F.,(2,2),(0.,8.57812),.PIECEWISE_BEZIER_KNOTS.);
#1740 = CARTESIAN_POINT('',(163.07368236545,106.939422,54.150101840522)
  );
#1741 = CARTESIAN_POINT('',(162.27077033345,106.939422,54.150101840522)
  );
#1742 = ORIENTED_EDGE('',*,*,#1743,.F.);
#1743 = EDGE_CURVE('',#1744,#1737,#1746,.T.);
#1744 = VERTEX_POINT('',#1745);
#1745 = CARTESIAN_POINT('',(162.27077033345,105.939422,54.150101840522)
  );
#1746 = LINE('',#1747,#1748);
#1747 = CARTESIAN_POINT('',(162.27077033345,105.939422,54.150101840522)
  );
#1748 = VECTOR('',#1749,1.);
#1749 = DIRECTION('',(0.,1.,0.));
#1750 = ORIENTED_EDGE('',*,*,#1751,.F.);
#1751 = EDGE_CURVE('',#1727,#1744,#1752,.T.);
#1752 = B_SPLINE_CURVE_WITH_KNOTS('',1,(#1753,#1754),.UNSPECIFIED.,.F.,
  .F.,(2,2),(0.,8.57812),.PIECEWISE_BEZIER_KNOTS.);
#1753 = CARTESIAN_POINT('',(163.07368236545,105.939422,54.150101840522)
  );
#1754 = CARTESIAN_POINT('',(162.27077033345,105.939422,54.150101840522)
  );
#1755 = SURFACE_OF_LINEAR_EXTRUSION('',#1756,#1759);
#1756 = B_SPLINE_CURVE_WITH_KNOTS('',1,(#1757,#1758),.UNSPECIFIED.,.F.,
  .F.,(2,2),(0.,8.57812),.PIECEWISE_BEZIER_KNOTS.);
#1757 = CARTESIAN_POINT('',(163.07368236545,105.939422,54.150101840522)
  );
#1758 = CARTESIAN_POINT('',(162.27077033345,105.939422,54.150101840522)
  );
#1759 = VECTOR('',#1760,1.);
#1760 = DIRECTION('',(-0.,-1.,-0.));
#1761 = ADVANCED_FACE('',(#1762),#1785,.T.);
#1762 = FACE_BOUND('',#1763,.T.);
#1763 = EDGE_LOOP('',(#1764,#1774,#1779,#1780));
#1764 = ORIENTED_EDGE('',*,*,#1765,.T.);
#1765 = EDGE_CURVE('',#1766,#1768,#1770,.T.);
#1766 = VERTEX_POINT('',#1767);
#1767 = CARTESIAN_POINT('',(162.67222634945,105.939422,55.321563872522)
  );
#1768 = VERTEX_POINT('',#1769);
#1769 = CARTESIAN_POINT('',(162.67222634945,106.939422,55.321563872522)
  );
#1770 = LINE('',#1771,#1772);
#1771 = CARTESIAN_POINT('',(162.67222634945,105.939422,55.321563872522)
  );
#1772 = VECTOR('',#1773,1.);
#1773 = DIRECTION('',(0.,1.,0.));
#1774 = ORIENTED_EDGE('',*,*,#1775,.T.);
#1775 = EDGE_CURVE('',#1768,#1729,#1776,.T.);
#1776 = B_SPLINE_CURVE_WITH_KNOTS('',1,(#1777,#1778),.UNSPECIFIED.,.F.,
  .F.,(2,2),(0.,13.230146623073),.PIECEWISE_BEZIER_KNOTS.);
#1777 = CARTESIAN_POINT('',(162.67222634945,106.939422,55.321563872522)
  );
#1778 = CARTESIAN_POINT('',(163.07368236545,106.939422,54.150101840522)
  );
#1779 = ORIENTED_EDGE('',*,*,#1726,.F.);
#1780 = ORIENTED_EDGE('',*,*,#1781,.F.);
#1781 = EDGE_CURVE('',#1766,#1727,#1782,.T.);
#1782 = B_SPLINE_CURVE_WITH_KNOTS('',1,(#1783,#1784),.UNSPECIFIED.,.F.,
  .F.,(2,2),(0.,13.230146623073),.PIECEWISE_BEZIER_KNOTS.);
#1783 = CARTESIAN_POINT('',(162.67222634945,105.939422,55.321563872522)
  );
#1784 = CARTESIAN_POINT('',(163.07368236545,105.939422,54.150101840522)
  );
#1785 = SURFACE_OF_LINEAR_EXTRUSION('',#1786,#1789);
#1786 = B_SPLINE_CURVE_WITH_KNOTS('',1,(#1787,#1788),.UNSPECIFIED.,.F.,
  .F.,(2,2),(0.,13.230146623073),.PIECEWISE_BEZIER_KNOTS.);
#1787 = CARTESIAN_POINT('',(162.67222634945,105.939422,55.321563872522)
  );
#1788 = CARTESIAN_POINT('',(163.07368236545,105.939422,54.150101840522)
  );
#1789 = VECTOR('',#1790,1.);
#1790 = DIRECTION('',(-0.,-1.,-0.));
#1791 = ADVANCED_FACE('',(#1792),#1806,.T.);
#1792 = FACE_BOUND('',#1793,.T.);
#1793 = EDGE_LOOP('',(#1794,#1795,#1800,#1801));
#1794 = ORIENTED_EDGE('',*,*,#1743,.T.);
#1795 = ORIENTED_EDGE('',*,*,#1796,.T.);
#1796 = EDGE_CURVE('',#1737,#1768,#1797,.T.);
#1797 = B_SPLINE_CURVE_WITH_KNOTS('',1,(#1798,#1799),.UNSPECIFIED.,.F.,
  .F.,(2,2),(0.,13.230146623073),.PIECEWISE_BEZIER_KNOTS.);
#1798 = CARTESIAN_POINT('',(162.27077033345,106.939422,54.150101840522)
  );
#1799 = CARTESIAN_POINT('',(162.67222634945,106.939422,55.321563872522)
  );
#1800 = ORIENTED_EDGE('',*,*,#1765,.F.);
#1801 = ORIENTED_EDGE('',*,*,#1802,.F.);
#1802 = EDGE_CURVE('',#1744,#1766,#1803,.T.);
#1803 = B_SPLINE_CURVE_WITH_KNOTS('',1,(#1804,#1805),.UNSPECIFIED.,.F.,
  .F.,(2,2),(0.,13.230146623073),.PIECEWISE_BEZIER_KNOTS.);
#1804 = CARTESIAN_POINT('',(162.27077033345,105.939422,54.150101840522)
  );
#1805 = CARTESIAN_POINT('',(162.67222634945,105.939422,55.321563872522)
  );
#1806 = SURFACE_OF_LINEAR_EXTRUSION('',#1807,#1810);
#1807 = B_SPLINE_CURVE_WITH_KNOTS('',1,(#1808,#1809),.UNSPECIFIED.,.F.,
  .F.,(2,2),(0.,13.230146623073),.PIECEWISE_BEZIER_KNOTS.);
#1808 = CARTESIAN_POINT('',(162.27077033345,105.939422,54.150101840522)
  );
#1809 = CARTESIAN_POINT('',(162.67222634945,105.939422,55.321563872522)
  );
#1810 = VECTOR('',#1811,1.);
#1811 = DIRECTION('',(-0.,-1.,-0.));
#1812 = ADVANCED_FACE('',(#1813,#1823),#1828,.T.);
#1813 = FACE_BOUND('',#1814,.T.);
#1814 = EDGE_LOOP('',(#1815,#1816,#1817,#1818,#1819,#1820,#1821,#1822));
#1815 = ORIENTED_EDGE('',*,*,#1511,.T.);
#1816 = ORIENTED_EDGE('',*,*,#1571,.T.);
#1817 = ORIENTED_EDGE('',*,*,#1631,.T.);
#1818 = ORIENTED_EDGE('',*,*,#1691,.T.);
#1819 = ORIENTED_EDGE('',*,*,#1712,.T.);
#1820 = ORIENTED_EDGE('',*,*,#1661,.T.);
#1821 = ORIENTED_EDGE('',*,*,#1601,.T.);
#1822 = ORIENTED_EDGE('',*,*,#1541,.T.);
#1823 = FACE_BOUND('',#1824,.T.);
#1824 = EDGE_LOOP('',(#1825,#1826,#1827));
#1825 = ORIENTED_EDGE('',*,*,#1751,.T.);
#1826 = ORIENTED_EDGE('',*,*,#1802,.T.);
#1827 = ORIENTED_EDGE('',*,*,#1781,.T.);
#1828 = B_SPLINE_SURFACE_WITH_KNOTS('',1,1,(
    (#1829,#1830)
    ,(#1831,#1832
    )),.UNSPECIFIED.,.F.,.F.,.F.,(2,2),(2,2),(-18.07933201213,
    18.061287987869),(-13.76989758527,21.128542414726),
  .PIECEWISE_BEZIER_KNOTS.);
#1829 = CARTESIAN_POINT('',(160.96987634945,105.939422,52.890888872522)
  );
#1830 = CARTESIAN_POINT('',(160.96987634945,105.939422,56.157382856522)
  );
#1831 = CARTESIAN_POINT('',(164.35263838145,105.939422,52.890888872522)
  );
#1832 = CARTESIAN_POINT('',(164.35263838145,105.939422,56.157382856522)
  );
#1833 = ADVANCED_FACE('',(#1834,#1844),#1849,.F.);
#1834 = FACE_BOUND('',#1835,.F.);
#1835 = EDGE_LOOP('',(#1836,#1837,#1838,#1839,#1840,#1841,#1842,#1843));
#1836 = ORIENTED_EDGE('',*,*,#1496,.T.);
#1837 = ORIENTED_EDGE('',*,*,#1556,.T.);
#1838 = ORIENTED_EDGE('',*,*,#1616,.T.);
#1839 = ORIENTED_EDGE('',*,*,#1676,.T.);
#1840 = ORIENTED_EDGE('',*,*,#1706,.T.);
#1841 = ORIENTED_EDGE('',*,*,#1655,.T.);
#1842 = ORIENTED_EDGE('',*,*,#1595,.T.);
#1843 = ORIENTED_EDGE('',*,*,#1535,.T.);
#1844 = FACE_BOUND('',#1845,.F.);
#1845 = EDGE_LOOP('',(#1846,#1847,#1848));
#1846 = ORIENTED_EDGE('',*,*,#1736,.T.);
#1847 = ORIENTED_EDGE('',*,*,#1796,.T.);
#1848 = ORIENTED_EDGE('',*,*,#1775,.T.);
#1849 = B_SPLINE_SURFACE_WITH_KNOTS('',1,1,(
    (#1850,#1851)
    ,(#1852,#1853
    )),.UNSPECIFIED.,.F.,.F.,.F.,(2,2),(2,2),(-18.07933201213,
    18.061287987869),(-13.76989758527,21.128542414726),
  .PIECEWISE_BEZIER_KNOTS.);
#1850 = CARTESIAN_POINT('',(160.96987634945,106.939422,52.890888872522)
  );
#1851 = CARTESIAN_POINT('',(160.96987634945,106.939422,56.157382856522)
  );
#1852 = CARTESIAN_POINT('',(164.35263838145,106.939422,52.890888872522)
  );
#1853 = CARTESIAN_POINT('',(164.35263838145,106.939422,56.157382856522)
  );
#1854 = MANIFOLD_SOLID_BREP('',#1855);
#1855 = CLOSED_SHELL('',(#1856,#1895,#1925,#1955,#1985,#2015,#2045,#2075
    ,#2105,#2135,#2165,#2195,#2216,#2236));
#1856 = ADVANCED_FACE('',(#1857),#1889,.T.);
#1857 = FACE_BOUND('',#1858,.T.);
#1858 = EDGE_LOOP('',(#1859,#1869,#1876,#1884));
#1859 = ORIENTED_EDGE('',*,*,#1860,.T.);
#1860 = EDGE_CURVE('',#1861,#1863,#1865,.T.);
#1861 = VERTEX_POINT('',#1862);
#1862 = CARTESIAN_POINT('',(158.73444533345,105.939422,52.890888872522)
  );
#1863 = VERTEX_POINT('',#1864);
#1864 = CARTESIAN_POINT('',(158.73444533345,106.939422,52.890888872522)
  );
#1865 = LINE('',#1866,#1867);
#1866 = CARTESIAN_POINT('',(158.73444533345,105.939422,52.890888872522)
  );
#1867 = VECTOR('',#1868,1.);
#1868 = DIRECTION('',(0.,1.,0.));
#1869 = ORIENTED_EDGE('',*,*,#1870,.T.);
#1870 = EDGE_CURVE('',#1863,#1871,#1873,.T.);
#1871 = VERTEX_POINT('',#1872);
#1872 = CARTESIAN_POINT('',(160.64739533345,106.939422,52.890888872522)
  );
#1873 = B_SPLINE_CURVE_WITH_KNOTS('',1,(#1874,#1875),.UNSPECIFIED.,.F.,
  .F.,(2,2),(0.,20.4375),.PIECEWISE_BEZIER_KNOTS.);
#1874 = CARTESIAN_POINT('',(158.73444533345,106.939422,52.890888872522)
  );
#1875 = CARTESIAN_POINT('',(160.64739533345,106.939422,52.890888872522)
  );
#1876 = ORIENTED_EDGE('',*,*,#1877,.F.);
#1877 = EDGE_CURVE('',#1878,#1871,#1880,.T.);
#1878 = VERTEX_POINT('',#1879);
#1879 = CARTESIAN_POINT('',(160.64739533345,105.939422,52.890888872522)
  );
#1880 = LINE('',#1881,#1882);
#1881 = CARTESIAN_POINT('',(160.64739533345,105.939422,52.890888872522)
  );
#1882 = VECTOR('',#1883,1.);
#1883 = DIRECTION('',(0.,1.,0.));
#1884 = ORIENTED_EDGE('',*,*,#1885,.F.);
#1885 = EDGE_CURVE('',#1861,#1878,#1886,.T.);
#1886 = B_SPLINE_CURVE_WITH_KNOTS('',1,(#1887,#1888),.UNSPECIFIED.,.F.,
  .F.,(2,2),(0.,20.4375),.PIECEWISE_BEZIER_KNOTS.);
#1887 = CARTESIAN_POINT('',(158.73444533345,105.939422,52.890888872522)
  );
#1888 = CARTESIAN_POINT('',(160.64739533345,105.939422,52.890888872522)
  );
#1889 = SURFACE_OF_LINEAR_EXTRUSION('',#1890,#1893);
#1890 = B_SPLINE_CURVE_WITH_KNOTS('',1,(#1891,#1892),.UNSPECIFIED.,.F.,
  .F.,(2,2),(0.,20.4375),.PIECEWISE_BEZIER_KNOTS.);
#1891 = CARTESIAN_POINT('',(158.73444533345,105.939422,52.890888872522)
  );
#1892 = CARTESIAN_POINT('',(160.64739533345,105.939422,52.890888872522)
  );
#1893 = VECTOR('',#1894,1.);
#1894 = DIRECTION('',(-0.,-1.,-0.));
#1895 = ADVANCED_FACE('',(#1896),#1919,.T.);
#1896 = FACE_BOUND('',#1897,.T.);
#1897 = EDGE_LOOP('',(#1898,#1899,#1906,#1914));
#1898 = ORIENTED_EDGE('',*,*,#1877,.T.);
#1899 = ORIENTED_EDGE('',*,*,#1900,.T.);
#1900 = EDGE_CURVE('',#1871,#1901,#1903,.T.);
#1901 = VERTEX_POINT('',#1902);
#1902 = CARTESIAN_POINT('',(160.64739533345,106.939422,53.470038872522)
  );
#1903 = B_SPLINE_CURVE_WITH_KNOTS('',1,(#1904,#1905),.UNSPECIFIED.,.F.,
  .F.,(2,2),(0.,6.1875),.PIECEWISE_BEZIER_KNOTS.);
#1904 = CARTESIAN_POINT('',(160.64739533345,106.939422,52.890888872522)
  );
#1905 = CARTESIAN_POINT('',(160.64739533345,106.939422,53.470038872522)
  );
#1906 = ORIENTED_EDGE('',*,*,#1907,.F.);
#1907 = EDGE_CURVE('',#1908,#1901,#1910,.T.);
#1908 = VERTEX_POINT('',#1909);
#1909 = CARTESIAN_POINT('',(160.64739533345,105.939422,53.470038872522)
  );
#1910 = LINE('',#1911,#1912);
#1911 = CARTESIAN_POINT('',(160.64739533345,105.939422,53.470038872522)
  );
#1912 = VECTOR('',#1913,1.);
#1913 = DIRECTION('',(0.,1.,0.));
#1914 = ORIENTED_EDGE('',*,*,#1915,.F.);
#1915 = EDGE_CURVE('',#1878,#1908,#1916,.T.);
#1916 = B_SPLINE_CURVE_WITH_KNOTS('',1,(#1917,#1918),.UNSPECIFIED.,.F.,
  .F.,(2,2),(0.,6.1875),.PIECEWISE_BEZIER_KNOTS.);
#1917 = CARTESIAN_POINT('',(160.64739533345,105.939422,52.890888872522)
  );
#1918 = CARTESIAN_POINT('',(160.64739533345,105.939422,53.470038872522)
  );
#1919 = SURFACE_OF_LINEAR_EXTRUSION('',#1920,#1923);
#1920 = B_SPLINE_CURVE_WITH_KNOTS('',1,(#1921,#1922),.UNSPECIFIED.,.F.,
  .F.,(2,2),(0.,6.1875),.PIECEWISE_BEZIER_KNOTS.);
#1921 = CARTESIAN_POINT('',(160.64739533345,105.939422,52.890888872522)
  );
#1922 = CARTESIAN_POINT('',(160.64739533345,105.939422,53.470038872522)
  );
#1923 = VECTOR('',#1924,1.);
#1924 = DIRECTION('',(-0.,-1.,-0.));
#1925 = ADVANCED_FACE('',(#1926),#1949,.T.);
#1926 = FACE_BOUND('',#1927,.T.);
#1927 = EDGE_LOOP('',(#1928,#1929,#1936,#1944));
#1928 = ORIENTED_EDGE('',*,*,#1907,.T.);
#1929 = ORIENTED_EDGE('',*,*,#1930,.T.);
#1930 = EDGE_CURVE('',#1901,#1931,#1933,.T.);
#1931 = VERTEX_POINT('',#1932);
#1932 = CARTESIAN_POINT('',(160.11212033345,106.939422,53.470038872522)
  );
#1933 = B_SPLINE_CURVE_WITH_KNOTS('',1,(#1934,#1935),.UNSPECIFIED.,.F.,
  .F.,(2,2),(0.,5.71875),.PIECEWISE_BEZIER_KNOTS.);
#1934 = CARTESIAN_POINT('',(160.64739533345,106.939422,53.470038872522)
  );
#1935 = CARTESIAN_POINT('',(160.11212033345,106.939422,53.470038872522)
  );
#1936 = ORIENTED_EDGE('',*,*,#1937,.F.);
#1937 = EDGE_CURVE('',#1938,#1931,#1940,.T.);
#1938 = VERTEX_POINT('',#1939);
#1939 = CARTESIAN_POINT('',(160.11212033345,105.939422,53.470038872522)
  );
#1940 = LINE('',#1941,#1942);
#1941 = CARTESIAN_POINT('',(160.11212033345,105.939422,53.470038872522)
  );
#1942 = VECTOR('',#1943,1.);
#1943 = DIRECTION('',(0.,1.,0.));
#1944 = ORIENTED_EDGE('',*,*,#1945,.F.);
#1945 = EDGE_CURVE('',#1908,#1938,#1946,.T.);
#1946 = B_SPLINE_CURVE_WITH_KNOTS('',1,(#1947,#1948),.UNSPECIFIED.,.F.,
  .F.,(2,2),(0.,5.71875),.PIECEWISE_BEZIER_KNOTS.);
#1947 = CARTESIAN_POINT('',(160.64739533345,105.939422,53.470038872522)
  );
#1948 = CARTESIAN_POINT('',(160.11212033345,105.939422,53.470038872522)
  );
#1949 = SURFACE_OF_LINEAR_EXTRUSION('',#1950,#1953);
#1950 = B_SPLINE_CURVE_WITH_KNOTS('',1,(#1951,#1952),.UNSPECIFIED.,.F.,
  .F.,(2,2),(0.,5.71875),.PIECEWISE_BEZIER_KNOTS.);
#1951 = CARTESIAN_POINT('',(160.64739533345,105.939422,53.470038872522)
  );
#1952 = CARTESIAN_POINT('',(160.11212033345,105.939422,53.470038872522)
  );
#1953 = VECTOR('',#1954,1.);
#1954 = DIRECTION('',(-0.,-1.,-0.));
#1955 = ADVANCED_FACE('',(#1956),#1979,.T.);
#1956 = FACE_BOUND('',#1957,.T.);
#1957 = EDGE_LOOP('',(#1958,#1959,#1966,#1974));
#1958 = ORIENTED_EDGE('',*,*,#1937,.T.);
#1959 = ORIENTED_EDGE('',*,*,#1960,.T.);
#1960 = EDGE_CURVE('',#1931,#1961,#1963,.T.);
#1961 = VERTEX_POINT('',#1962);
#1962 = CARTESIAN_POINT('',(160.11212033345,106.939422,55.578232856522)
  );
#1963 = B_SPLINE_CURVE_WITH_KNOTS('',1,(#1964,#1965),.UNSPECIFIED.,.F.,
  .F.,(2,2),(0.,22.52344),.PIECEWISE_BEZIER_KNOTS.);
#1964 = CARTESIAN_POINT('',(160.11212033345,106.939422,53.470038872522)
  );
#1965 = CARTESIAN_POINT('',(160.11212033345,106.939422,55.578232856522)
  );
#1966 = ORIENTED_EDGE('',*,*,#1967,.F.);
#1967 = EDGE_CURVE('',#1968,#1961,#1970,.T.);
#1968 = VERTEX_POINT('',#1969);
#1969 = CARTESIAN_POINT('',(160.11212033345,105.939422,55.578232856522)
  );
#1970 = LINE('',#1971,#1972);
#1971 = CARTESIAN_POINT('',(160.11212033345,105.939422,55.578232856522)
  );
#1972 = VECTOR('',#1973,1.);
#1973 = DIRECTION('',(0.,1.,0.));
#1974 = ORIENTED_EDGE('',*,*,#1975,.F.);
#1975 = EDGE_CURVE('',#1938,#1968,#1976,.T.);
#1976 = B_SPLINE_CURVE_WITH_KNOTS('',1,(#1977,#1978),.UNSPECIFIED.,.F.,
  .F.,(2,2),(0.,22.52344),.PIECEWISE_BEZIER_KNOTS.);
#1977 = CARTESIAN_POINT('',(160.11212033345,105.939422,53.470038872522)
  );
#1978 = CARTESIAN_POINT('',(160.11212033345,105.939422,55.578232856522)
  );
#1979 = SURFACE_OF_LINEAR_EXTRUSION('',#1980,#1983);
#1980 = B_SPLINE_CURVE_WITH_KNOTS('',1,(#1981,#1982),.UNSPECIFIED.,.F.,
  .F.,(2,2),(0.,22.52344),.PIECEWISE_BEZIER_KNOTS.);
#1981 = CARTESIAN_POINT('',(160.11212033345,105.939422,53.470038872522)
  );
#1982 = CARTESIAN_POINT('',(160.11212033345,105.939422,55.578232856522)
  );
#1983 = VECTOR('',#1984,1.);
#1984 = DIRECTION('',(-0.,-1.,-0.));
#1985 = ADVANCED_FACE('',(#1986),#2009,.T.);
#1986 = FACE_BOUND('',#1987,.T.);
#1987 = EDGE_LOOP('',(#1988,#1989,#1996,#2004));
#1988 = ORIENTED_EDGE('',*,*,#1967,.T.);
#1989 = ORIENTED_EDGE('',*,*,#1990,.T.);
#1990 = EDGE_CURVE('',#1961,#1991,#1993,.T.);
#1991 = VERTEX_POINT('',#1992);
#1992 = CARTESIAN_POINT('',(160.64739533345,106.939422,55.578232856522)
  );
#1993 = B_SPLINE_CURVE_WITH_KNOTS('',1,(#1994,#1995),.UNSPECIFIED.,.F.,
  .F.,(2,2),(0.,5.71875),.PIECEWISE_BEZIER_KNOTS.);
#1994 = CARTESIAN_POINT('',(160.11212033345,106.939422,55.578232856522)
  );
#1995 = CARTESIAN_POINT('',(160.64739533345,106.939422,55.578232856522)
  );
#1996 = ORIENTED_EDGE('',*,*,#1997,.F.);
#1997 = EDGE_CURVE('',#1998,#1991,#2000,.T.);
#1998 = VERTEX_POINT('',#1999);
#1999 = CARTESIAN_POINT('',(160.64739533345,105.939422,55.578232856522)
  );
#2000 = LINE('',#2001,#2002);
#2001 = CARTESIAN_POINT('',(160.64739533345,105.939422,55.578232856522)
  );
#2002 = VECTOR('',#2003,1.);
#2003 = DIRECTION('',(0.,1.,0.));
#2004 = ORIENTED_EDGE('',*,*,#2005,.F.);
#2005 = EDGE_CURVE('',#1968,#1998,#2006,.T.);
#2006 = B_SPLINE_CURVE_WITH_KNOTS('',1,(#2007,#2008),.UNSPECIFIED.,.F.,
  .F.,(2,2),(0.,5.71875),.PIECEWISE_BEZIER_KNOTS.);
#2007 = CARTESIAN_POINT('',(160.11212033345,105.939422,55.578232856522)
  );
#2008 = CARTESIAN_POINT('',(160.64739533345,105.939422,55.578232856522)
  );
#2009 = SURFACE_OF_LINEAR_EXTRUSION('',#2010,#2013);
#2010 = B_SPLINE_CURVE_WITH_KNOTS('',1,(#2011,#2012),.UNSPECIFIED.,.F.,
  .F.,(2,2),(0.,5.71875),.PIECEWISE_BEZIER_KNOTS.);
#2011 = CARTESIAN_POINT('',(160.11212033345,105.939422,55.578232856522)
  );
#2012 = CARTESIAN_POINT('',(160.64739533345,105.939422,55.578232856522)
  );
#2013 = VECTOR('',#2014,1.);
#2014 = DIRECTION('',(-0.,-1.,-0.));
#2015 = ADVANCED_FACE('',(#2016),#2039,.T.);
#2016 = FACE_BOUND('',#2017,.T.);
#2017 = EDGE_LOOP('',(#2018,#2019,#2026,#2034));
#2018 = ORIENTED_EDGE('',*,*,#1997,.T.);
#2019 = ORIENTED_EDGE('',*,*,#2020,.T.);
#2020 = EDGE_CURVE('',#1991,#2021,#2023,.T.);
#2021 = VERTEX_POINT('',#2022);
#2022 = CARTESIAN_POINT('',(160.64739533345,106.939422,56.157382856522)
  );
#2023 = B_SPLINE_CURVE_WITH_KNOTS('',1,(#2024,#2025),.UNSPECIFIED.,.F.,
  .F.,(2,2),(0.,6.1875),.PIECEWISE_BEZIER_KNOTS.);
#2024 = CARTESIAN_POINT('',(160.64739533345,106.939422,55.578232856522)
  );
#2025 = CARTESIAN_POINT('',(160.64739533345,106.939422,56.157382856522)
  );
#2026 = ORIENTED_EDGE('',*,*,#2027,.F.);
#2027 = EDGE_CURVE('',#2028,#2021,#2030,.T.);
#2028 = VERTEX_POINT('',#2029);
#2029 = CARTESIAN_POINT('',(160.64739533345,105.939422,56.157382856522)
  );
#2030 = LINE('',#2031,#2032);
#2031 = CARTESIAN_POINT('',(160.64739533345,105.939422,56.157382856522)
  );
#2032 = VECTOR('',#2033,1.);
#2033 = DIRECTION('',(0.,1.,0.));
#2034 = ORIENTED_EDGE('',*,*,#2035,.F.);
#2035 = EDGE_CURVE('',#1998,#2028,#2036,.T.);
#2036 = B_SPLINE_CURVE_WITH_KNOTS('',1,(#2037,#2038),.UNSPECIFIED.,.F.,
  .F.,(2,2),(0.,6.1875),.PIECEWISE_BEZIER_KNOTS.);
#2037 = CARTESIAN_POINT('',(160.64739533345,105.939422,55.578232856522)
  );
#2038 = CARTESIAN_POINT('',(160.64739533345,105.939422,56.157382856522)
  );
#2039 = SURFACE_OF_LINEAR_EXTRUSION('',#2040,#2043);
#2040 = B_SPLINE_CURVE_WITH_KNOTS('',1,(#2041,#2042),.UNSPECIFIED.,.F.,
  .F.,(2,2),(0.,6.1875),.PIECEWISE_BEZIER_KNOTS.);
#2041 = CARTESIAN_POINT('',(160.64739533345,105.939422,55.578232856522)
  );
#2042 = CARTESIAN_POINT('',(160.64739533345,105.939422,56.157382856522)
  );
#2043 = VECTOR('',#2044,1.);
#2044 = DIRECTION('',(-0.,-1.,-0.));
#2045 = ADVANCED_FACE('',(#2046),#2069,.T.);
#2046 = FACE_BOUND('',#2047,.T.);
#2047 = EDGE_LOOP('',(#2048,#2049,#2056,#2064));
#2048 = ORIENTED_EDGE('',*,*,#2027,.T.);
#2049 = ORIENTED_EDGE('',*,*,#2050,.T.);
#2050 = EDGE_CURVE('',#2021,#2051,#2053,.T.);
#2051 = VERTEX_POINT('',#2052);
#2052 = CARTESIAN_POINT('',(158.73444533345,106.939422,56.157382856522)
  );
#2053 = B_SPLINE_CURVE_WITH_KNOTS('',1,(#2054,#2055),.UNSPECIFIED.,.F.,
  .F.,(2,2),(0.,20.4375),.PIECEWISE_BEZIER_KNOTS.);
#2054 = CARTESIAN_POINT('',(160.64739533345,106.939422,56.157382856522)
  );
#2055 = CARTESIAN_POINT('',(158.73444533345,106.939422,56.157382856522)
  );
#2056 = ORIENTED_EDGE('',*,*,#2057,.F.);
#2057 = EDGE_CURVE('',#2058,#2051,#2060,.T.);
#2058 = VERTEX_POINT('',#2059);
#2059 = CARTESIAN_POINT('',(158.73444533345,105.939422,56.157382856522)
  );
#2060 = LINE('',#2061,#2062);
#2061 = CARTESIAN_POINT('',(158.73444533345,105.939422,56.157382856522)
  );
#2062 = VECTOR('',#2063,1.);
#2063 = DIRECTION('',(0.,1.,0.));
#2064 = ORIENTED_EDGE('',*,*,#2065,.F.);
#2065 = EDGE_CURVE('',#2028,#2058,#2066,.T.);
#2066 = B_SPLINE_CURVE_WITH_KNOTS('',1,(#2067,#2068),.UNSPECIFIED.,.F.,
  .F.,(2,2),(0.,20.4375),.PIECEWISE_BEZIER_KNOTS.);
#2067 = CARTESIAN_POINT('',(160.64739533345,105.939422,56.157382856522)
  );
#2068 = CARTESIAN_POINT('',(158.73444533345,105.939422,56.157382856522)
  );
#2069 = SURFACE_OF_LINEAR_EXTRUSION('',#2070,#2073);
#2070 = B_SPLINE_CURVE_WITH_KNOTS('',1,(#2071,#2072),.UNSPECIFIED.,.F.,
  .F.,(2,2),(0.,20.4375),.PIECEWISE_BEZIER_KNOTS.);
#2071 = CARTESIAN_POINT('',(160.64739533345,105.939422,56.157382856522)
  );
#2072 = CARTESIAN_POINT('',(158.73444533345,105.939422,56.157382856522)
  );
#2073 = VECTOR('',#2074,1.);
#2074 = DIRECTION('',(-0.,-1.,-0.));
#2075 = ADVANCED_FACE('',(#2076),#2099,.T.);
#2076 = FACE_BOUND('',#2077,.T.);
#2077 = EDGE_LOOP('',(#2078,#2079,#2086,#2094));
#2078 = ORIENTED_EDGE('',*,*,#2057,.T.);
#2079 = ORIENTED_EDGE('',*,*,#2080,.T.);
#2080 = EDGE_CURVE('',#2051,#2081,#2083,.T.);
#2081 = VERTEX_POINT('',#2082);
#2082 = CARTESIAN_POINT('',(158.73444533345,106.939422,55.578232856522)
  );
#2083 = B_SPLINE_CURVE_WITH_KNOTS('',1,(#2084,#2085),.UNSPECIFIED.,.F.,
  .F.,(2,2),(0.,6.1875),.PIECEWISE_BEZIER_KNOTS.);
#2084 = CARTESIAN_POINT('',(158.73444533345,106.939422,56.157382856522)
  );
#2085 = CARTESIAN_POINT('',(158.73444533345,106.939422,55.578232856522)
  );
#2086 = ORIENTED_EDGE('',*,*,#2087,.F.);
#2087 = EDGE_CURVE('',#2088,#2081,#2090,.T.);
#2088 = VERTEX_POINT('',#2089);
#2089 = CARTESIAN_POINT('',(158.73444533345,105.939422,55.578232856522)
  );
#2090 = LINE('',#2091,#2092);
#2091 = CARTESIAN_POINT('',(158.73444533345,105.939422,55.578232856522)
  );
#2092 = VECTOR('',#2093,1.);
#2093 = DIRECTION('',(0.,1.,0.));
#2094 = ORIENTED_EDGE('',*,*,#2095,.F.);
#2095 = EDGE_CURVE('',#2058,#2088,#2096,.T.);
#2096 = B_SPLINE_CURVE_WITH_KNOTS('',1,(#2097,#2098),.UNSPECIFIED.,.F.,
  .F.,(2,2),(0.,6.1875),.PIECEWISE_BEZIER_KNOTS.);
#2097 = CARTESIAN_POINT('',(158.73444533345,105.939422,56.157382856522)
  );
#2098 = CARTESIAN_POINT('',(158.73444533345,105.939422,55.578232856522)
  );
#2099 = SURFACE_OF_LINEAR_EXTRUSION('',#2100,#2103);
#2100 = B_SPLINE_CURVE_WITH_KNOTS('',1,(#2101,#2102),.UNSPECIFIED.,.F.,
  .F.,(2,2),(0.,6.1875),.PIECEWISE_BEZIER_KNOTS.);
#2101 = CARTESIAN_POINT('',(158.73444533345,105.939422,56.157382856522)
  );
#2102 = CARTESIAN_POINT('',(158.73444533345,105.939422,55.578232856522)
  );
#2103 = VECTOR('',#2104,1.);
#2104 = DIRECTION('',(-0.,-1.,-0.));
#2105 = ADVANCED_FACE('',(#2106),#2129,.T.);
#2106 = FACE_BOUND('',#2107,.T.);
#2107 = EDGE_LOOP('',(#2108,#2109,#2116,#2124));
#2108 = ORIENTED_EDGE('',*,*,#2087,.T.);
#2109 = ORIENTED_EDGE('',*,*,#2110,.T.);
#2110 = EDGE_CURVE('',#2081,#2111,#2113,.T.);
#2111 = VERTEX_POINT('',#2112);
#2112 = CARTESIAN_POINT('',(159.26972033345,106.939422,55.578232856522)
  );
#2113 = B_SPLINE_CURVE_WITH_KNOTS('',1,(#2114,#2115),.UNSPECIFIED.,.F.,
  .F.,(2,2),(0.,5.71875),.PIECEWISE_BEZIER_KNOTS.);
#2114 = CARTESIAN_POINT('',(158.73444533345,106.939422,55.578232856522)
  );
#2115 = CARTESIAN_POINT('',(159.26972033345,106.939422,55.578232856522)
  );
#2116 = ORIENTED_EDGE('',*,*,#2117,.F.);
#2117 = EDGE_CURVE('',#2118,#2111,#2120,.T.);
#2118 = VERTEX_POINT('',#2119);
#2119 = CARTESIAN_POINT('',(159.26972033345,105.939422,55.578232856522)
  );
#2120 = LINE('',#2121,#2122);
#2121 = CARTESIAN_POINT('',(159.26972033345,105.939422,55.578232856522)
  );
#2122 = VECTOR('',#2123,1.);
#2123 = DIRECTION('',(0.,1.,0.));
#2124 = ORIENTED_EDGE('',*,*,#2125,.F.);
#2125 = EDGE_CURVE('',#2088,#2118,#2126,.T.);
#2126 = B_SPLINE_CURVE_WITH_KNOTS('',1,(#2127,#2128),.UNSPECIFIED.,.F.,
  .F.,(2,2),(0.,5.71875),.PIECEWISE_BEZIER_KNOTS.);
#2127 = CARTESIAN_POINT('',(158.73444533345,105.939422,55.578232856522)
  );
#2128 = CARTESIAN_POINT('',(159.26972033345,105.939422,55.578232856522)
  );
#2129 = SURFACE_OF_LINEAR_EXTRUSION('',#2130,#2133);
#2130 = B_SPLINE_CURVE_WITH_KNOTS('',1,(#2131,#2132),.UNSPECIFIED.,.F.,
  .F.,(2,2),(0.,5.71875),.PIECEWISE_BEZIER_KNOTS.);
#2131 = CARTESIAN_POINT('',(158.73444533345,105.939422,55.578232856522)
  );
#2132 = CARTESIAN_POINT('',(159.26972033345,105.939422,55.578232856522)
  );
#2133 = VECTOR('',#2134,1.);
#2134 = DIRECTION('',(-0.,-1.,-0.));
#2135 = ADVANCED_FACE('',(#2136),#2159,.T.);
#2136 = FACE_BOUND('',#2137,.T.);
#2137 = EDGE_LOOP('',(#2138,#2139,#2146,#2154));
#2138 = ORIENTED_EDGE('',*,*,#2117,.T.);
#2139 = ORIENTED_EDGE('',*,*,#2140,.T.);
#2140 = EDGE_CURVE('',#2111,#2141,#2143,.T.);
#2141 = VERTEX_POINT('',#2142);
#2142 = CARTESIAN_POINT('',(159.26972033345,106.939422,53.470038872522)
  );
#2143 = B_SPLINE_CURVE_WITH_KNOTS('',1,(#2144,#2145),.UNSPECIFIED.,.F.,
  .F.,(2,2),(0.,22.52344),.PIECEWISE_BEZIER_KNOTS.);
#2144 = CARTESIAN_POINT('',(159.26972033345,106.939422,55.578232856522)
  );
#2145 = CARTESIAN_POINT('',(159.26972033345,106.939422,53.470038872522)
  );
#2146 = ORIENTED_EDGE('',*,*,#2147,.F.);
#2147 = EDGE_CURVE('',#2148,#2141,#2150,.T.);
#2148 = VERTEX_POINT('',#2149);
#2149 = CARTESIAN_POINT('',(159.26972033345,105.939422,53.470038872522)
  );
#2150 = LINE('',#2151,#2152);
#2151 = CARTESIAN_POINT('',(159.26972033345,105.939422,53.470038872522)
  );
#2152 = VECTOR('',#2153,1.);
#2153 = DIRECTION('',(0.,1.,0.));
#2154 = ORIENTED_EDGE('',*,*,#2155,.F.);
#2155 = EDGE_CURVE('',#2118,#2148,#2156,.T.);
#2156 = B_SPLINE_CURVE_WITH_KNOTS('',1,(#2157,#2158),.UNSPECIFIED.,.F.,
  .F.,(2,2),(0.,22.52344),.PIECEWISE_BEZIER_KNOTS.);
#2157 = CARTESIAN_POINT('',(159.26972033345,105.939422,55.578232856522)
  );
#2158 = CARTESIAN_POINT('',(159.26972033345,105.939422,53.470038872522)
  );
#2159 = SURFACE_OF_LINEAR_EXTRUSION('',#2160,#2163);
#2160 = B_SPLINE_CURVE_WITH_KNOTS('',1,(#2161,#2162),.UNSPECIFIED.,.F.,
  .F.,(2,2),(0.,22.52344),.PIECEWISE_BEZIER_KNOTS.);
#2161 = CARTESIAN_POINT('',(159.26972033345,105.939422,55.578232856522)
  );
#2162 = CARTESIAN_POINT('',(159.26972033345,105.939422,53.470038872522)
  );
#2163 = VECTOR('',#2164,1.);
#2164 = DIRECTION('',(-0.,-1.,-0.));
#2165 = ADVANCED_FACE('',(#2166),#2189,.T.);
#2166 = FACE_BOUND('',#2167,.T.);
#2167 = EDGE_LOOP('',(#2168,#2169,#2176,#2184));
#2168 = ORIENTED_EDGE('',*,*,#2147,.T.);
#2169 = ORIENTED_EDGE('',*,*,#2170,.T.);
#2170 = EDGE_CURVE('',#2141,#2171,#2173,.T.);
#2171 = VERTEX_POINT('',#2172);
#2172 = CARTESIAN_POINT('',(158.73444533345,106.939422,53.470038872522)
  );
#2173 = B_SPLINE_CURVE_WITH_KNOTS('',1,(#2174,#2175),.UNSPECIFIED.,.F.,
  .F.,(2,2),(0.,5.71875),.PIECEWISE_BEZIER_KNOTS.);
#2174 = CARTESIAN_POINT('',(159.26972033345,106.939422,53.470038872522)
  );
#2175 = CARTESIAN_POINT('',(158.73444533345,106.939422,53.470038872522)
  );
#2176 = ORIENTED_EDGE('',*,*,#2177,.F.);
#2177 = EDGE_CURVE('',#2178,#2171,#2180,.T.);
#2178 = VERTEX_POINT('',#2179);
#2179 = CARTESIAN_POINT('',(158.73444533345,105.939422,53.470038872522)
  );
#2180 = LINE('',#2181,#2182);
#2181 = CARTESIAN_POINT('',(158.73444533345,105.939422,53.470038872522)
  );
#2182 = VECTOR('',#2183,1.);
#2183 = DIRECTION('',(0.,1.,0.));
#2184 = ORIENTED_EDGE('',*,*,#2185,.F.);
#2185 = EDGE_CURVE('',#2148,#2178,#2186,.T.);
#2186 = B_SPLINE_CURVE_WITH_KNOTS('',1,(#2187,#2188),.UNSPECIFIED.,.F.,
  .F.,(2,2),(0.,5.71875),.PIECEWISE_BEZIER_KNOTS.);
#2187 = CARTESIAN_POINT('',(159.26972033345,105.939422,53.470038872522)
  );
#2188 = CARTESIAN_POINT('',(158.73444533345,105.939422,53.470038872522)
  );
#2189 = SURFACE_OF_LINEAR_EXTRUSION('',#2190,#2193);
#2190 = B_SPLINE_CURVE_WITH_KNOTS('',1,(#2191,#2192),.UNSPECIFIED.,.F.,
  .F.,(2,2),(0.,5.71875),.PIECEWISE_BEZIER_KNOTS.);
#2191 = CARTESIAN_POINT('',(159.26972033345,105.939422,53.470038872522)
  );
#2192 = CARTESIAN_POINT('',(158.73444533345,105.939422,53.470038872522)
  );
#2193 = VECTOR('',#2194,1.);
#2194 = DIRECTION('',(-0.,-1.,-0.));
#2195 = ADVANCED_FACE('',(#2196),#2210,.T.);
#2196 = FACE_BOUND('',#2197,.T.);
#2197 = EDGE_LOOP('',(#2198,#2199,#2204,#2205));
#2198 = ORIENTED_EDGE('',*,*,#2177,.T.);
#2199 = ORIENTED_EDGE('',*,*,#2200,.T.);
#2200 = EDGE_CURVE('',#2171,#1863,#2201,.T.);
#2201 = B_SPLINE_CURVE_WITH_KNOTS('',1,(#2202,#2203),.UNSPECIFIED.,.F.,
  .F.,(2,2),(0.,6.1875),.PIECEWISE_BEZIER_KNOTS.);
#2202 = CARTESIAN_POINT('',(158.73444533345,106.939422,53.470038872522)
  );
#2203 = CARTESIAN_POINT('',(158.73444533345,106.939422,52.890888872522)
  );
#2204 = ORIENTED_EDGE('',*,*,#1860,.F.);
#2205 = ORIENTED_EDGE('',*,*,#2206,.F.);
#2206 = EDGE_CURVE('',#2178,#1861,#2207,.T.);
#2207 = B_SPLINE_CURVE_WITH_KNOTS('',1,(#2208,#2209),.UNSPECIFIED.,.F.,
  .F.,(2,2),(0.,6.1875),.PIECEWISE_BEZIER_KNOTS.);
#2208 = CARTESIAN_POINT('',(158.73444533345,105.939422,53.470038872522)
  );
#2209 = CARTESIAN_POINT('',(158.73444533345,105.939422,52.890888872522)
  );
#2210 = SURFACE_OF_LINEAR_EXTRUSION('',#2211,#2214);
#2211 = B_SPLINE_CURVE_WITH_KNOTS('',1,(#2212,#2213),.UNSPECIFIED.,.F.,
  .F.,(2,2),(0.,6.1875),.PIECEWISE_BEZIER_KNOTS.);
#2212 = CARTESIAN_POINT('',(158.73444533345,105.939422,53.470038872522)
  );
#2213 = CARTESIAN_POINT('',(158.73444533345,105.939422,52.890888872522)
  );
#2214 = VECTOR('',#2215,1.);
#2215 = DIRECTION('',(-0.,-1.,-0.));
#2216 = ADVANCED_FACE('',(#2217),#2231,.T.);
#2217 = FACE_BOUND('',#2218,.T.);
#2218 = EDGE_LOOP('',(#2219,#2220,#2221,#2222,#2223,#2224,#2225,#2226,
    #2227,#2228,#2229,#2230));
#2219 = ORIENTED_EDGE('',*,*,#1885,.T.);
#2220 = ORIENTED_EDGE('',*,*,#1915,.T.);
#2221 = ORIENTED_EDGE('',*,*,#1945,.T.);
#2222 = ORIENTED_EDGE('',*,*,#1975,.T.);
#2223 = ORIENTED_EDGE('',*,*,#2005,.T.);
#2224 = ORIENTED_EDGE('',*,*,#2035,.T.);
#2225 = ORIENTED_EDGE('',*,*,#2065,.T.);
#2226 = ORIENTED_EDGE('',*,*,#2095,.T.);
#2227 = ORIENTED_EDGE('',*,*,#2125,.T.);
#2228 = ORIENTED_EDGE('',*,*,#2155,.T.);
#2229 = ORIENTED_EDGE('',*,*,#2185,.T.);
#2230 = ORIENTED_EDGE('',*,*,#2206,.T.);
#2231 = B_SPLINE_SURFACE_WITH_KNOTS('',1,1,(
    (#2232,#2233)
    ,(#2234,#2235
    )),.UNSPECIFIED.,.F.,.F.,.F.,(2,2),(2,2),(-10.21875,10.21875),(
    -17.44922,17.44922),.PIECEWISE_BEZIER_KNOTS.);
#2232 = CARTESIAN_POINT('',(158.73444533345,105.939422,52.890888872522)
  );
#2233 = CARTESIAN_POINT('',(158.73444533345,105.939422,56.157382856522)
  );
#2234 = CARTESIAN_POINT('',(160.64739533345,105.939422,52.890888872522)
  );
#2235 = CARTESIAN_POINT('',(160.64739533345,105.939422,56.157382856522)
  );
#2236 = ADVANCED_FACE('',(#2237),#2251,.F.);
#2237 = FACE_BOUND('',#2238,.F.);
#2238 = EDGE_LOOP('',(#2239,#2240,#2241,#2242,#2243,#2244,#2245,#2246,
    #2247,#2248,#2249,#2250));
#2239 = ORIENTED_EDGE('',*,*,#1870,.T.);
#2240 = ORIENTED_EDGE('',*,*,#1900,.T.);
#2241 = ORIENTED_EDGE('',*,*,#1930,.T.);
#2242 = ORIENTED_EDGE('',*,*,#1960,.T.);
#2243 = ORIENTED_EDGE('',*,*,#1990,.T.);
#2244 = ORIENTED_EDGE('',*,*,#2020,.T.);
#2245 = ORIENTED_EDGE('',*,*,#2050,.T.);
#2246 = ORIENTED_EDGE('',*,*,#2080,.T.);
#2247 = ORIENTED_EDGE('',*,*,#2110,.T.);
#2248 = ORIENTED_EDGE('',*,*,#2140,.T.);
#2249 = ORIENTED_EDGE('',*,*,#2170,.T.);
#2250 = ORIENTED_EDGE('',*,*,#2200,.T.);
#2251 = B_SPLINE_SURFACE_WITH_KNOTS('',1,1,(
    (#2252,#2253)
    ,(#2254,#2255
    )),.UNSPECIFIED.,.F.,.F.,.F.,(2,2),(2,2),(-10.21875,10.21875),(
    -17.44922,17.44922),.PIECEWISE_BEZIER_KNOTS.);
#2252 = CARTESIAN_POINT('',(158.73444533345,106.939422,52.890888872522)
  );
#2253 = CARTESIAN_POINT('',(158.73444533345,106.939422,56.157382856522)
  );
#2254 = CARTESIAN_POINT('',(160.64739533345,106.939422,52.890888872522)
  );
#2255 = CARTESIAN_POINT('',(160.64739533345,106.939422,56.157382856522)
  );
#2256 = MANIFOLD_SOLID_BREP('',#2257);
#2257 = CLOSED_SHELL('',(#2258,#2297,#2327,#2357,#2387,#2417,#2447,#2477
    ,#2507,#2537,#2558,#2576));
#2258 = ADVANCED_FACE('',(#2259),#2291,.T.);
#2259 = FACE_BOUND('',#2260,.T.);
#2260 = EDGE_LOOP('',(#2261,#2271,#2278,#2286));
#2261 = ORIENTED_EDGE('',*,*,#2262,.T.);
#2262 = EDGE_CURVE('',#2263,#2265,#2267,.T.);
#2263 = VERTEX_POINT('',#2264);
#2264 = CARTESIAN_POINT('',(155.07746338145,105.939422,52.890888872522)
  );
#2265 = VERTEX_POINT('',#2266);
#2266 = CARTESIAN_POINT('',(155.07746338145,106.939422,52.890888872522)
  );
#2267 = LINE('',#2268,#2269);
#2268 = CARTESIAN_POINT('',(155.07746338145,105.939422,52.890888872522)
  );
#2269 = VECTOR('',#2270,1.);
#2270 = DIRECTION('',(0.,1.,0.));
#2271 = ORIENTED_EDGE('',*,*,#2272,.T.);
#2272 = EDGE_CURVE('',#2265,#2273,#2275,.T.);
#2273 = VERTEX_POINT('',#2274);
#2274 = CARTESIAN_POINT('',(155.88915134945,106.939422,52.890888872522)
  );
#2275 = B_SPLINE_CURVE_WITH_KNOTS('',1,(#2276,#2277),.UNSPECIFIED.,.F.,
  .F.,(2,2),(0.,8.67188),.PIECEWISE_BEZIER_KNOTS.);
#2276 = CARTESIAN_POINT('',(155.07746338145,106.939422,52.890888872522)
  );
#2277 = CARTESIAN_POINT('',(155.88915134945,106.939422,52.890888872522)
  );
#2278 = ORIENTED_EDGE('',*,*,#2279,.F.);
#2279 = EDGE_CURVE('',#2280,#2273,#2282,.T.);
#2280 = VERTEX_POINT('',#2281);
#2281 = CARTESIAN_POINT('',(155.88915134945,105.939422,52.890888872522)
  );
#2282 = LINE('',#2283,#2284);
#2283 = CARTESIAN_POINT('',(155.88915134945,105.939422,52.890888872522)
  );
#2284 = VECTOR('',#2285,1.);
#2285 = DIRECTION('',(0.,1.,0.));
#2286 = ORIENTED_EDGE('',*,*,#2287,.F.);
#2287 = EDGE_CURVE('',#2263,#2280,#2288,.T.);
#2288 = B_SPLINE_CURVE_WITH_KNOTS('',1,(#2289,#2290),.UNSPECIFIED.,.F.,
  .F.,(2,2),(0.,8.67188),.PIECEWISE_BEZIER_KNOTS.);
#2289 = CARTESIAN_POINT('',(155.07746338145,105.939422,52.890888872522)
  );
#2290 = CARTESIAN_POINT('',(155.88915134945,105.939422,52.890888872522)
  );
#2291 = SURFACE_OF_LINEAR_EXTRUSION('',#2292,#2295);
#2292 = B_SPLINE_CURVE_WITH_KNOTS('',1,(#2293,#2294),.UNSPECIFIED.,.F.,
  .F.,(2,2),(0.,8.67188),.PIECEWISE_BEZIER_KNOTS.);
#2293 = CARTESIAN_POINT('',(155.07746338145,105.939422,52.890888872522)
  );
#2294 = CARTESIAN_POINT('',(155.88915134945,105.939422,52.890888872522)
  );
#2295 = VECTOR('',#2296,1.);
#2296 = DIRECTION('',(-0.,-1.,-0.));
#2297 = ADVANCED_FACE('',(#2298),#2321,.T.);
#2298 = FACE_BOUND('',#2299,.T.);
#2299 = EDGE_LOOP('',(#2300,#2301,#2308,#2316));
#2300 = ORIENTED_EDGE('',*,*,#2279,.T.);
#2301 = ORIENTED_EDGE('',*,*,#2302,.T.);
#2302 = EDGE_CURVE('',#2273,#2303,#2305,.T.);
#2303 = VERTEX_POINT('',#2304);
#2304 = CARTESIAN_POINT('',(157.27560134945,106.939422,55.132901840522)
  );
#2305 = B_SPLINE_CURVE_WITH_KNOTS('',1,(#2306,#2307),.UNSPECIFIED.,.F.,
  .F.,(2,2),(0.,28.163142456887),.PIECEWISE_BEZIER_KNOTS.);
#2306 = CARTESIAN_POINT('',(155.88915134945,106.939422,52.890888872522)
  );
#2307 = CARTESIAN_POINT('',(157.27560134945,106.939422,55.132901840522)
  );
#2308 = ORIENTED_EDGE('',*,*,#2309,.F.);
#2309 = EDGE_CURVE('',#2310,#2303,#2312,.T.);
#2310 = VERTEX_POINT('',#2311);
#2311 = CARTESIAN_POINT('',(157.27560134945,105.939422,55.132901840522)
  );
#2312 = LINE('',#2313,#2314);
#2313 = CARTESIAN_POINT('',(157.27560134945,105.939422,55.132901840522)
  );
#2314 = VECTOR('',#2315,1.);
#2315 = DIRECTION('',(0.,1.,0.));
#2316 = ORIENTED_EDGE('',*,*,#2317,.F.);
#2317 = EDGE_CURVE('',#2280,#2310,#2318,.T.);
#2318 = B_SPLINE_CURVE_WITH_KNOTS('',1,(#2319,#2320),.UNSPECIFIED.,.F.,
  .F.,(2,2),(0.,28.163142456887),.PIECEWISE_BEZIER_KNOTS.);
#2319 = CARTESIAN_POINT('',(155.88915134945,105.939422,52.890888872522)
  );
#2320 = CARTESIAN_POINT('',(157.27560134945,105.939422,55.132901840522)
  );
#2321 = SURFACE_OF_LINEAR_EXTRUSION('',#2322,#2325);
#2322 = B_SPLINE_CURVE_WITH_KNOTS('',1,(#2323,#2324),.UNSPECIFIED.,.F.,
  .F.,(2,2),(0.,28.163142456887),.PIECEWISE_BEZIER_KNOTS.);
#2323 = CARTESIAN_POINT('',(155.88915134945,105.939422,52.890888872522)
  );
#2324 = CARTESIAN_POINT('',(157.27560134945,105.939422,55.132901840522)
  );
#2325 = VECTOR('',#2326,1.);
#2326 = DIRECTION('',(-0.,-1.,-0.));
#2327 = ADVANCED_FACE('',(#2328),#2351,.T.);
#2328 = FACE_BOUND('',#2329,.T.);
#2329 = EDGE_LOOP('',(#2330,#2331,#2338,#2346));
#2330 = ORIENTED_EDGE('',*,*,#2309,.T.);
#2331 = ORIENTED_EDGE('',*,*,#2332,.T.);
#2332 = EDGE_CURVE('',#2303,#2333,#2335,.T.);
#2333 = VERTEX_POINT('',#2334);
#2334 = CARTESIAN_POINT('',(157.27560134945,106.939422,52.890888872522)
  );
#2335 = B_SPLINE_CURVE_WITH_KNOTS('',1,(#2336,#2337),.UNSPECIFIED.,.F.,
  .F.,(2,2),(0.,23.95313),.PIECEWISE_BEZIER_KNOTS.);
#2336 = CARTESIAN_POINT('',(157.27560134945,106.939422,55.132901840522)
  );
#2337 = CARTESIAN_POINT('',(157.27560134945,106.939422,52.890888872522)
  );
#2338 = ORIENTED_EDGE('',*,*,#2339,.F.);
#2339 = EDGE_CURVE('',#2340,#2333,#2342,.T.);
#2340 = VERTEX_POINT('',#2341);
#2341 = CARTESIAN_POINT('',(157.27560134945,105.939422,52.890888872522)
  );
#2342 = LINE('',#2343,#2344);
#2343 = CARTESIAN_POINT('',(157.27560134945,105.939422,52.890888872522)
  );
#2344 = VECTOR('',#2345,1.);
#2345 = DIRECTION('',(0.,1.,0.));
#2346 = ORIENTED_EDGE('',*,*,#2347,.F.);
#2347 = EDGE_CURVE('',#2310,#2340,#2348,.T.);
#2348 = B_SPLINE_CURVE_WITH_KNOTS('',1,(#2349,#2350),.UNSPECIFIED.,.F.,
  .F.,(2,2),(0.,23.95313),.PIECEWISE_BEZIER_KNOTS.);
#2349 = CARTESIAN_POINT('',(157.27560134945,105.939422,55.132901840522)
  );
#2350 = CARTESIAN_POINT('',(157.27560134945,105.939422,52.890888872522)
  );
#2351 = SURFACE_OF_LINEAR_EXTRUSION('',#2352,#2355);
#2352 = B_SPLINE_CURVE_WITH_KNOTS('',1,(#2353,#2354),.UNSPECIFIED.,.F.,
  .F.,(2,2),(0.,23.95313),.PIECEWISE_BEZIER_KNOTS.);
#2353 = CARTESIAN_POINT('',(157.27560134945,105.939422,55.132901840522)
  );
#2354 = CARTESIAN_POINT('',(157.27560134945,105.939422,52.890888872522)
  );
#2355 = VECTOR('',#2356,1.);
#2356 = DIRECTION('',(-0.,-1.,-0.));
#2357 = ADVANCED_FACE('',(#2358),#2381,.T.);
#2358 = FACE_BOUND('',#2359,.T.);
#2359 = EDGE_LOOP('',(#2360,#2361,#2368,#2376));
#2360 = ORIENTED_EDGE('',*,*,#2339,.T.);
#2361 = ORIENTED_EDGE('',*,*,#2362,.T.);
#2362 = EDGE_CURVE('',#2333,#2363,#2365,.T.);
#2363 = VERTEX_POINT('',#2364);
#2364 = CARTESIAN_POINT('',(158.04780134945,106.939422,52.890888872522)
  );
#2365 = B_SPLINE_CURVE_WITH_KNOTS('',1,(#2366,#2367),.UNSPECIFIED.,.F.,
  .F.,(2,2),(0.,8.25),.PIECEWISE_BEZIER_KNOTS.);
#2366 = CARTESIAN_POINT('',(157.27560134945,106.939422,52.890888872522)
  );
#2367 = CARTESIAN_POINT('',(158.04780134945,106.939422,52.890888872522)
  );
#2368 = ORIENTED_EDGE('',*,*,#2369,.F.);
#2369 = EDGE_CURVE('',#2370,#2363,#2372,.T.);
#2370 = VERTEX_POINT('',#2371);
#2371 = CARTESIAN_POINT('',(158.04780134945,105.939422,52.890888872522)
  );
#2372 = LINE('',#2373,#2374);
#2373 = CARTESIAN_POINT('',(158.04780134945,105.939422,52.890888872522)
  );
#2374 = VECTOR('',#2375,1.);
#2375 = DIRECTION('',(0.,1.,0.));
#2376 = ORIENTED_EDGE('',*,*,#2377,.F.);
#2377 = EDGE_CURVE('',#2340,#2370,#2378,.T.);
#2378 = B_SPLINE_CURVE_WITH_KNOTS('',1,(#2379,#2380),.UNSPECIFIED.,.F.,
  .F.,(2,2),(0.,8.25),.PIECEWISE_BEZIER_KNOTS.);
#2379 = CARTESIAN_POINT('',(157.27560134945,105.939422,52.890888872522)
  );
#2380 = CARTESIAN_POINT('',(158.04780134945,105.939422,52.890888872522)
  );
#2381 = SURFACE_OF_LINEAR_EXTRUSION('',#2382,#2385);
#2382 = B_SPLINE_CURVE_WITH_KNOTS('',1,(#2383,#2384),.UNSPECIFIED.,.F.,
  .F.,(2,2),(0.,8.25),.PIECEWISE_BEZIER_KNOTS.);
#2383 = CARTESIAN_POINT('',(157.27560134945,105.939422,52.890888872522)
  );
#2384 = CARTESIAN_POINT('',(158.04780134945,105.939422,52.890888872522)
  );
#2385 = VECTOR('',#2386,1.);
#2386 = DIRECTION('',(-0.,-1.,-0.));
#2387 = ADVANCED_FACE('',(#2388),#2411,.T.);
#2388 = FACE_BOUND('',#2389,.T.);
#2389 = EDGE_LOOP('',(#2390,#2391,#2398,#2406));
#2390 = ORIENTED_EDGE('',*,*,#2369,.T.);
#2391 = ORIENTED_EDGE('',*,*,#2392,.T.);
#2392 = EDGE_CURVE('',#2363,#2393,#2395,.T.);
#2393 = VERTEX_POINT('',#2394);
#2394 = CARTESIAN_POINT('',(158.04780134945,106.939422,56.157382856522)
  );
#2395 = B_SPLINE_CURVE_WITH_KNOTS('',1,(#2396,#2397),.UNSPECIFIED.,.F.,
  .F.,(2,2),(0.,34.89844),.PIECEWISE_BEZIER_KNOTS.);
#2396 = CARTESIAN_POINT('',(158.04780134945,106.939422,52.890888872522)
  );
#2397 = CARTESIAN_POINT('',(158.04780134945,106.939422,56.157382856522)
  );
#2398 = ORIENTED_EDGE('',*,*,#2399,.F.);
#2399 = EDGE_CURVE('',#2400,#2393,#2402,.T.);
#2400 = VERTEX_POINT('',#2401);
#2401 = CARTESIAN_POINT('',(158.04780134945,105.939422,56.157382856522)
  );
#2402 = LINE('',#2403,#2404);
#2403 = CARTESIAN_POINT('',(158.04780134945,105.939422,56.157382856522)
  );
#2404 = VECTOR('',#2405,1.);
#2405 = DIRECTION('',(0.,1.,0.));
#2406 = ORIENTED_EDGE('',*,*,#2407,.F.);
#2407 = EDGE_CURVE('',#2370,#2400,#2408,.T.);
#2408 = B_SPLINE_CURVE_WITH_KNOTS('',1,(#2409,#2410),.UNSPECIFIED.,.F.,
  .F.,(2,2),(0.,34.89844),.PIECEWISE_BEZIER_KNOTS.);
#2409 = CARTESIAN_POINT('',(158.04780134945,105.939422,52.890888872522)
  );
#2410 = CARTESIAN_POINT('',(158.04780134945,105.939422,56.157382856522)
  );
#2411 = SURFACE_OF_LINEAR_EXTRUSION('',#2412,#2415);
#2412 = B_SPLINE_CURVE_WITH_KNOTS('',1,(#2413,#2414),.UNSPECIFIED.,.F.,
  .F.,(2,2),(0.,34.89844),.PIECEWISE_BEZIER_KNOTS.);
#2413 = CARTESIAN_POINT('',(158.04780134945,105.939422,52.890888872522)
  );
#2414 = CARTESIAN_POINT('',(158.04780134945,105.939422,56.157382856522)
  );
#2415 = VECTOR('',#2416,1.);
#2416 = DIRECTION('',(-0.,-1.,-0.));
#2417 = ADVANCED_FACE('',(#2418),#2441,.T.);
#2418 = FACE_BOUND('',#2419,.T.);
#2419 = EDGE_LOOP('',(#2420,#2421,#2428,#2436));
#2420 = ORIENTED_EDGE('',*,*,#2399,.T.);
#2421 = ORIENTED_EDGE('',*,*,#2422,.T.);
#2422 = EDGE_CURVE('',#2393,#2423,#2425,.T.);
#2423 = VERTEX_POINT('',#2424);
#2424 = CARTESIAN_POINT('',(157.04087033345,106.939422,56.157382856522)
  );
#2425 = B_SPLINE_CURVE_WITH_KNOTS('',1,(#2426,#2427),.UNSPECIFIED.,.F.,
  .F.,(2,2),(0.,10.75781),.PIECEWISE_BEZIER_KNOTS.);
#2426 = CARTESIAN_POINT('',(158.04780134945,106.939422,56.157382856522)
  );
#2427 = CARTESIAN_POINT('',(157.04087033345,106.939422,56.157382856522)
  );
#2428 = ORIENTED_EDGE('',*,*,#2429,.F.);
#2429 = EDGE_CURVE('',#2430,#2423,#2432,.T.);
#2430 = VERTEX_POINT('',#2431);
#2431 = CARTESIAN_POINT('',(157.04087033345,105.939422,56.157382856522)
  );
#2432 = LINE('',#2433,#2434);
#2433 = CARTESIAN_POINT('',(157.04087033345,105.939422,56.157382856522)
  );
#2434 = VECTOR('',#2435,1.);
#2435 = DIRECTION('',(0.,1.,0.));
#2436 = ORIENTED_EDGE('',*,*,#2437,.F.);
#2437 = EDGE_CURVE('',#2400,#2430,#2438,.T.);
#2438 = B_SPLINE_CURVE_WITH_KNOTS('',1,(#2439,#2440),.UNSPECIFIED.,.F.,
  .F.,(2,2),(0.,10.75781),.PIECEWISE_BEZIER_KNOTS.);
#2439 = CARTESIAN_POINT('',(158.04780134945,105.939422,56.157382856522)
  );
#2440 = CARTESIAN_POINT('',(157.04087033345,105.939422,56.157382856522)
  );
#2441 = SURFACE_OF_LINEAR_EXTRUSION('',#2442,#2445);
#2442 = B_SPLINE_CURVE_WITH_KNOTS('',1,(#2443,#2444),.UNSPECIFIED.,.F.,
  .F.,(2,2),(0.,10.75781),.PIECEWISE_BEZIER_KNOTS.);
#2443 = CARTESIAN_POINT('',(158.04780134945,105.939422,56.157382856522)
  );
#2444 = CARTESIAN_POINT('',(157.04087033345,105.939422,56.157382856522)
  );
#2445 = VECTOR('',#2446,1.);
#2446 = DIRECTION('',(-0.,-1.,-0.));
#2447 = ADVANCED_FACE('',(#2448),#2471,.T.);
#2448 = FACE_BOUND('',#2449,.T.);
#2449 = EDGE_LOOP('',(#2450,#2451,#2458,#2466));
#2450 = ORIENTED_EDGE('',*,*,#2429,.T.);
#2451 = ORIENTED_EDGE('',*,*,#2452,.T.);
#2452 = EDGE_CURVE('',#2423,#2453,#2455,.T.);
#2453 = VERTEX_POINT('',#2454);
#2454 = CARTESIAN_POINT('',(155.84966338145,106.939422,54.286113872522)
  );
#2455 = B_SPLINE_CURVE_WITH_KNOTS('',1,(#2456,#2457),.UNSPECIFIED.,.F.,
  .F.,(2,2),(0.,23.699224564551),.PIECEWISE_BEZIER_KNOTS.);
#2456 = CARTESIAN_POINT('',(157.04087033345,106.939422,56.157382856522)
  );
#2457 = CARTESIAN_POINT('',(155.84966338145,106.939422,54.286113872522)
  );
#2458 = ORIENTED_EDGE('',*,*,#2459,.F.);
#2459 = EDGE_CURVE('',#2460,#2453,#2462,.T.);
#2460 = VERTEX_POINT('',#2461);
#2461 = CARTESIAN_POINT('',(155.84966338145,105.939422,54.286113872522)
  );
#2462 = LINE('',#2463,#2464);
#2463 = CARTESIAN_POINT('',(155.84966338145,105.939422,54.286113872522)
  );
#2464 = VECTOR('',#2465,1.);
#2465 = DIRECTION('',(0.,1.,0.));
#2466 = ORIENTED_EDGE('',*,*,#2467,.F.);
#2467 = EDGE_CURVE('',#2430,#2460,#2468,.T.);
#2468 = B_SPLINE_CURVE_WITH_KNOTS('',1,(#2469,#2470),.UNSPECIFIED.,.F.,
  .F.,(2,2),(0.,23.699224564551),.PIECEWISE_BEZIER_KNOTS.);
#2469 = CARTESIAN_POINT('',(157.04087033345,105.939422,56.157382856522)
  );
#2470 = CARTESIAN_POINT('',(155.84966338145,105.939422,54.286113872522)
  );
#2471 = SURFACE_OF_LINEAR_EXTRUSION('',#2472,#2475);
#2472 = B_SPLINE_CURVE_WITH_KNOTS('',1,(#2473,#2474),.UNSPECIFIED.,.F.,
  .F.,(2,2),(0.,23.699224564551),.PIECEWISE_BEZIER_KNOTS.);
#2473 = CARTESIAN_POINT('',(157.04087033345,105.939422,56.157382856522)
  );
#2474 = CARTESIAN_POINT('',(155.84966338145,105.939422,54.286113872522)
  );
#2475 = VECTOR('',#2476,1.);
#2476 = DIRECTION('',(-0.,-1.,-0.));
#2477 = ADVANCED_FACE('',(#2478),#2501,.T.);
#2478 = FACE_BOUND('',#2479,.T.);
#2479 = EDGE_LOOP('',(#2480,#2481,#2488,#2496));
#2480 = ORIENTED_EDGE('',*,*,#2459,.T.);
#2481 = ORIENTED_EDGE('',*,*,#2482,.T.);
#2482 = EDGE_CURVE('',#2453,#2483,#2485,.T.);
#2483 = VERTEX_POINT('',#2484);
#2484 = CARTESIAN_POINT('',(155.84966338145,106.939422,56.157382856522)
  );
#2485 = B_SPLINE_CURVE_WITH_KNOTS('',1,(#2486,#2487),.UNSPECIFIED.,.F.,
  .F.,(2,2),(0.,19.99219),.PIECEWISE_BEZIER_KNOTS.);
#2486 = CARTESIAN_POINT('',(155.84966338145,106.939422,54.286113872522)
  );
#2487 = CARTESIAN_POINT('',(155.84966338145,106.939422,56.157382856522)
  );
#2488 = ORIENTED_EDGE('',*,*,#2489,.F.);
#2489 = EDGE_CURVE('',#2490,#2483,#2492,.T.);
#2490 = VERTEX_POINT('',#2491);
#2491 = CARTESIAN_POINT('',(155.84966338145,105.939422,56.157382856522)
  );
#2492 = LINE('',#2493,#2494);
#2493 = CARTESIAN_POINT('',(155.84966338145,105.939422,56.157382856522)
  );
#2494 = VECTOR('',#2495,1.);
#2495 = DIRECTION('',(0.,1.,0.));
#2496 = ORIENTED_EDGE('',*,*,#2497,.F.);
#2497 = EDGE_CURVE('',#2460,#2490,#2498,.T.);
#2498 = B_SPLINE_CURVE_WITH_KNOTS('',1,(#2499,#2500),.UNSPECIFIED.,.F.,
  .F.,(2,2),(0.,19.99219),.PIECEWISE_BEZIER_KNOTS.);
#2499 = CARTESIAN_POINT('',(155.84966338145,105.939422,54.286113872522)
  );
#2500 = CARTESIAN_POINT('',(155.84966338145,105.939422,56.157382856522)
  );
#2501 = SURFACE_OF_LINEAR_EXTRUSION('',#2502,#2505);
#2502 = B_SPLINE_CURVE_WITH_KNOTS('',1,(#2503,#2504),.UNSPECIFIED.,.F.,
  .F.,(2,2),(0.,19.99219),.PIECEWISE_BEZIER_KNOTS.);
#2503 = CARTESIAN_POINT('',(155.84966338145,105.939422,54.286113872522)
  );
#2504 = CARTESIAN_POINT('',(155.84966338145,105.939422,56.157382856522)
  );
#2505 = VECTOR('',#2506,1.);
#2506 = DIRECTION('',(-0.,-1.,-0.));
#2507 = ADVANCED_FACE('',(#2508),#2531,.T.);
#2508 = FACE_BOUND('',#2509,.T.);
#2509 = EDGE_LOOP('',(#2510,#2511,#2518,#2526));
#2510 = ORIENTED_EDGE('',*,*,#2489,.T.);
#2511 = ORIENTED_EDGE('',*,*,#2512,.T.);
#2512 = EDGE_CURVE('',#2483,#2513,#2515,.T.);
#2513 = VERTEX_POINT('',#2514);
#2514 = CARTESIAN_POINT('',(155.07746338145,106.939422,56.157382856522)
  );
#2515 = B_SPLINE_CURVE_WITH_KNOTS('',1,(#2516,#2517),.UNSPECIFIED.,.F.,
  .F.,(2,2),(0.,8.25),.PIECEWISE_BEZIER_KNOTS.);
#2516 = CARTESIAN_POINT('',(155.84966338145,106.939422,56.157382856522)
  );
#2517 = CARTESIAN_POINT('',(155.07746338145,106.939422,56.157382856522)
  );
#2518 = ORIENTED_EDGE('',*,*,#2519,.F.);
#2519 = EDGE_CURVE('',#2520,#2513,#2522,.T.);
#2520 = VERTEX_POINT('',#2521);
#2521 = CARTESIAN_POINT('',(155.07746338145,105.939422,56.157382856522)
  );
#2522 = LINE('',#2523,#2524);
#2523 = CARTESIAN_POINT('',(155.07746338145,105.939422,56.157382856522)
  );
#2524 = VECTOR('',#2525,1.);
#2525 = DIRECTION('',(0.,1.,0.));
#2526 = ORIENTED_EDGE('',*,*,#2527,.F.);
#2527 = EDGE_CURVE('',#2490,#2520,#2528,.T.);
#2528 = B_SPLINE_CURVE_WITH_KNOTS('',1,(#2529,#2530),.UNSPECIFIED.,.F.,
  .F.,(2,2),(0.,8.25),.PIECEWISE_BEZIER_KNOTS.);
#2529 = CARTESIAN_POINT('',(155.84966338145,105.939422,56.157382856522)
  );
#2530 = CARTESIAN_POINT('',(155.07746338145,105.939422,56.157382856522)
  );
#2531 = SURFACE_OF_LINEAR_EXTRUSION('',#2532,#2535);
#2532 = B_SPLINE_CURVE_WITH_KNOTS('',1,(#2533,#2534),.UNSPECIFIED.,.F.,
  .F.,(2,2),(0.,8.25),.PIECEWISE_BEZIER_KNOTS.);
#2533 = CARTESIAN_POINT('',(155.84966338145,105.939422,56.157382856522)
  );
#2534 = CARTESIAN_POINT('',(155.07746338145,105.939422,56.157382856522)
  );
#2535 = VECTOR('',#2536,1.);
#2536 = DIRECTION('',(-0.,-1.,-0.));
#2537 = ADVANCED_FACE('',(#2538),#2552,.T.);
#2538 = FACE_BOUND('',#2539,.T.);
#2539 = EDGE_LOOP('',(#2540,#2541,#2546,#2547));
#2540 = ORIENTED_EDGE('',*,*,#2519,.T.);
#2541 = ORIENTED_EDGE('',*,*,#2542,.T.);
#2542 = EDGE_CURVE('',#2513,#2265,#2543,.T.);
#2543 = B_SPLINE_CURVE_WITH_KNOTS('',1,(#2544,#2545),.UNSPECIFIED.,.F.,
  .F.,(2,2),(0.,34.89844),.PIECEWISE_BEZIER_KNOTS.);
#2544 = CARTESIAN_POINT('',(155.07746338145,106.939422,56.157382856522)
  );
#2545 = CARTESIAN_POINT('',(155.07746338145,106.939422,52.890888872522)
  );
#2546 = ORIENTED_EDGE('',*,*,#2262,.F.);
#2547 = ORIENTED_EDGE('',*,*,#2548,.F.);
#2548 = EDGE_CURVE('',#2520,#2263,#2549,.T.);
#2549 = B_SPLINE_CURVE_WITH_KNOTS('',1,(#2550,#2551),.UNSPECIFIED.,.F.,
  .F.,(2,2),(0.,34.89844),.PIECEWISE_BEZIER_KNOTS.);
#2550 = CARTESIAN_POINT('',(155.07746338145,105.939422,56.157382856522)
  );
#2551 = CARTESIAN_POINT('',(155.07746338145,105.939422,52.890888872522)
  );
#2552 = SURFACE_OF_LINEAR_EXTRUSION('',#2553,#2556);
#2553 = B_SPLINE_CURVE_WITH_KNOTS('',1,(#2554,#2555),.UNSPECIFIED.,.F.,
  .F.,(2,2),(0.,34.89844),.PIECEWISE_BEZIER_KNOTS.);
#2554 = CARTESIAN_POINT('',(155.07746338145,105.939422,56.157382856522)
  );
#2555 = CARTESIAN_POINT('',(155.07746338145,105.939422,52.890888872522)
  );
#2556 = VECTOR('',#2557,1.);
#2557 = DIRECTION('',(-0.,-1.,-0.));
#2558 = ADVANCED_FACE('',(#2559),#2571,.T.);
#2559 = FACE_BOUND('',#2560,.T.);
#2560 = EDGE_LOOP('',(#2561,#2562,#2563,#2564,#2565,#2566,#2567,#2568,
    #2569,#2570));
#2561 = ORIENTED_EDGE('',*,*,#2287,.T.);
#2562 = ORIENTED_EDGE('',*,*,#2317,.T.);
#2563 = ORIENTED_EDGE('',*,*,#2347,.T.);
#2564 = ORIENTED_EDGE('',*,*,#2377,.T.);
#2565 = ORIENTED_EDGE('',*,*,#2407,.T.);
#2566 = ORIENTED_EDGE('',*,*,#2437,.T.);
#2567 = ORIENTED_EDGE('',*,*,#2467,.T.);
#2568 = ORIENTED_EDGE('',*,*,#2497,.T.);
#2569 = ORIENTED_EDGE('',*,*,#2527,.T.);
#2570 = ORIENTED_EDGE('',*,*,#2548,.T.);
#2571 = B_SPLINE_SURFACE_WITH_KNOTS('',1,1,(
    (#2572,#2573)
    ,(#2574,#2575
    )),.UNSPECIFIED.,.F.,.F.,.F.,(2,2),(2,2),(-15.96260182199,
    15.771778178006),(-17.83040108426,17.068038915733),
  .PIECEWISE_BEZIER_KNOTS.);
#2572 = CARTESIAN_POINT('',(155.07746338145,105.939422,52.890888872522)
  );
#2573 = CARTESIAN_POINT('',(155.07746338145,105.939422,56.157382856522)
  );
#2574 = CARTESIAN_POINT('',(158.04780134945,105.939422,52.890888872522)
  );
#2575 = CARTESIAN_POINT('',(158.04780134945,105.939422,56.157382856522)
  );
#2576 = ADVANCED_FACE('',(#2577),#2589,.F.);
#2577 = FACE_BOUND('',#2578,.F.);
#2578 = EDGE_LOOP('',(#2579,#2580,#2581,#2582,#2583,#2584,#2585,#2586,
    #2587,#2588));
#2579 = ORIENTED_EDGE('',*,*,#2272,.T.);
#2580 = ORIENTED_EDGE('',*,*,#2302,.T.);
#2581 = ORIENTED_EDGE('',*,*,#2332,.T.);
#2582 = ORIENTED_EDGE('',*,*,#2362,.T.);
#2583 = ORIENTED_EDGE('',*,*,#2392,.T.);
#2584 = ORIENTED_EDGE('',*,*,#2422,.T.);
#2585 = ORIENTED_EDGE('',*,*,#2452,.T.);
#2586 = ORIENTED_EDGE('',*,*,#2482,.T.);
#2587 = ORIENTED_EDGE('',*,*,#2512,.T.);
#2588 = ORIENTED_EDGE('',*,*,#2542,.T.);
#2589 = B_SPLINE_SURFACE_WITH_KNOTS('',1,1,(
    (#2590,#2591)
    ,(#2592,#2593
    )),.UNSPECIFIED.,.F.,.F.,.F.,(2,2),(2,2),(-15.96260182199,
    15.771778178006),(-17.83040108426,17.068038915733),
  .PIECEWISE_BEZIER_KNOTS.);
#2590 = CARTESIAN_POINT('',(155.07746338145,106.939422,52.890888872522)
  );
#2591 = CARTESIAN_POINT('',(155.07746338145,106.939422,56.157382856522)
  );
#2592 = CARTESIAN_POINT('',(158.04780134945,106.939422,52.890888872522)
  );
#2593 = CARTESIAN_POINT('',(158.04780134945,106.939422,56.157382856522)
  );
#2594 = MANIFOLD_SOLID_BREP('',#2595);
#2595 = CLOSED_SHELL('',(#2596,#2644,#2674,#2710,#2746,#2782,#2803,#2817
    ));
#2596 = ADVANCED_FACE('',(#2597),#2635,.T.);
#2597 = FACE_BOUND('',#2598,.T.);
#2598 = EDGE_LOOP('',(#2599,#2609,#2619,#2627));
#2599 = ORIENTED_EDGE('',*,*,#2600,.T.);
#2600 = EDGE_CURVE('',#2601,#2603,#2605,.T.);
#2601 = VERTEX_POINT('',#2602);
#2602 = CARTESIAN_POINT('',(154.73642335745,105.939422,33.988432872522)
  );
#2603 = VERTEX_POINT('',#2604);
#2604 = CARTESIAN_POINT('',(154.73642335745,106.939422,33.988432872522)
  );
#2605 = LINE('',#2606,#2607);
#2606 = CARTESIAN_POINT('',(154.73642335745,105.939422,33.988432872522)
  );
#2607 = VECTOR('',#2608,1.);
#2608 = DIRECTION('',(0.,1.,0.));
#2609 = ORIENTED_EDGE('',*,*,#2610,.T.);
#2610 = EDGE_CURVE('',#2603,#2611,#2613,.T.);
#2611 = VERTEX_POINT('',#2612);
#2612 = CARTESIAN_POINT('',(167.97333535745,106.939422,33.988432872522)
  );
#2613 = ( BOUNDED_CURVE() B_SPLINE_CURVE(2,(#2614,#2615,#2616,#2617,
#2618),.UNSPECIFIED.,.F.,.F.) B_SPLINE_CURVE_WITH_KNOTS((3,2,3),(
    5.497777553782,7.853981633974,10.210185714167),
.PIECEWISE_BEZIER_KNOTS.) CURVE() GEOMETRIC_REPRESENTATION_ITEM() 
RATIONAL_B_SPLINE_CURVE((1.,0.382679002358,1.,0.382679002358,1.)) 
REPRESENTATION_ITEM('') );
#2614 = CARTESIAN_POINT('',(154.73642335745,106.939422,33.988432872522)
  );
#2615 = CARTESIAN_POINT('',(138.75753394208,106.939422,49.967015815725)
  );
#2616 = CARTESIAN_POINT('',(161.35487935745,106.939422,49.967015815725)
  );
#2617 = CARTESIAN_POINT('',(183.95222477281,106.939422,49.967015815725)
  );
#2618 = CARTESIAN_POINT('',(167.97333535745,106.939422,33.988432872522)
  );
#2619 = ORIENTED_EDGE('',*,*,#2620,.F.);
#2620 = EDGE_CURVE('',#2621,#2611,#2623,.T.);
#2621 = VERTEX_POINT('',#2622);
#2622 = CARTESIAN_POINT('',(167.97333535745,105.939422,33.988432872522)
  );
#2623 = LINE('',#2624,#2625);
#2624 = CARTESIAN_POINT('',(167.97333535745,105.939422,33.988432872522)
  );
#2625 = VECTOR('',#2626,1.);
#2626 = DIRECTION('',(0.,1.,0.));
#2627 = ORIENTED_EDGE('',*,*,#2628,.F.);
#2628 = EDGE_CURVE('',#2601,#2621,#2629,.T.);
#2629 = ( BOUNDED_CURVE() B_SPLINE_CURVE(2,(#2630,#2631,#2632,#2633,
#2634),.UNSPECIFIED.,.F.,.F.) B_SPLINE_CURVE_WITH_KNOTS((3,2,3),(
    5.497777553782,7.853981633974,10.210185714167),
.PIECEWISE_BEZIER_KNOTS.) CURVE() GEOMETRIC_REPRESENTATION_ITEM() 
RATIONAL_B_SPLINE_CURVE((1.,0.382679002358,1.,0.382679002358,1.)) 
REPRESENTATION_ITEM('') );
#2630 = CARTESIAN_POINT('',(154.73642335745,105.939422,33.988432872522)
  );
#2631 = CARTESIAN_POINT('',(138.75753394208,105.939422,49.967015815725)
  );
#2632 = CARTESIAN_POINT('',(161.35487935745,105.939422,49.967015815725)
  );
#2633 = CARTESIAN_POINT('',(183.95222477281,105.939422,49.967015815725)
  );
#2634 = CARTESIAN_POINT('',(167.97333535745,105.939422,33.988432872522)
  );
#2635 = SURFACE_OF_LINEAR_EXTRUSION('',#2636,#2642);
#2636 = ( BOUNDED_CURVE() B_SPLINE_CURVE(2,(#2637,#2638,#2639,#2640,
#2641),.UNSPECIFIED.,.F.,.F.) B_SPLINE_CURVE_WITH_KNOTS((3,2,3),(
    5.497777553782,7.853981633974,10.210185714167),
.PIECEWISE_BEZIER_KNOTS.) CURVE() GEOMETRIC_REPRESENTATION_ITEM() 
RATIONAL_B_SPLINE_CURVE((1.,0.382679002358,1.,0.382679002358,1.)) 
REPRESENTATION_ITEM('') );
#2637 = CARTESIAN_POINT('',(154.73642335745,105.939422,33.988432872522)
  );
#2638 = CARTESIAN_POINT('',(138.75753394208,105.939422,49.967015815725)
  );
#2639 = CARTESIAN_POINT('',(161.35487935745,105.939422,49.967015815725)
  );
#2640 = CARTESIAN_POINT('',(183.95222477281,105.939422,49.967015815725)
  );
#2641 = CARTESIAN_POINT('',(167.97333535745,105.939422,33.988432872522)
  );
#2642 = VECTOR('',#2643,1.);
#2643 = DIRECTION('',(-0.,-1.,-0.));
#2644 = ADVANCED_FACE('',(#2645),#2668,.F.);
#2645 = FACE_BOUND('',#2646,.F.);
#2646 = EDGE_LOOP('',(#2647,#2648,#2655,#2663));
#2647 = ORIENTED_EDGE('',*,*,#2600,.T.);
#2648 = ORIENTED_EDGE('',*,*,#2649,.T.);
#2649 = EDGE_CURVE('',#2603,#2650,#2652,.T.);
#2650 = VERTEX_POINT('',#2651);
#2651 = CARTESIAN_POINT('',(152.75116735745,106.939422,32.003176872522)
  );
#2652 = B_SPLINE_CURVE_WITH_KNOTS('',1,(#2653,#2654),.UNSPECIFIED.,.F.,
  .F.,(2,2),(0.,29.995469657933),.PIECEWISE_BEZIER_KNOTS.);
#2653 = CARTESIAN_POINT('',(154.73642335745,106.939422,33.988432872522)
  );
#2654 = CARTESIAN_POINT('',(152.75116735745,106.939422,32.003176872522)
  );
#2655 = ORIENTED_EDGE('',*,*,#2656,.F.);
#2656 = EDGE_CURVE('',#2657,#2650,#2659,.T.);
#2657 = VERTEX_POINT('',#2658);
#2658 = CARTESIAN_POINT('',(152.75116735745,105.939422,32.003176872522)
  );
#2659 = LINE('',#2660,#2661);
#2660 = CARTESIAN_POINT('',(152.75116735745,105.939422,32.003176872522)
  );
#2661 = VECTOR('',#2662,1.);
#2662 = DIRECTION('',(0.,1.,0.));
#2663 = ORIENTED_EDGE('',*,*,#2664,.F.);
#2664 = EDGE_CURVE('',#2601,#2657,#2665,.T.);
#2665 = B_SPLINE_CURVE_WITH_KNOTS('',1,(#2666,#2667),.UNSPECIFIED.,.F.,
  .F.,(2,2),(0.,29.995469657933),.PIECEWISE_BEZIER_KNOTS.);
#2666 = CARTESIAN_POINT('',(154.73642335745,105.939422,33.988432872522)
  );
#2667 = CARTESIAN_POINT('',(152.75116735745,105.939422,32.003176872522)
  );
#2668 = SURFACE_OF_LINEAR_EXTRUSION('',#2669,#2672);
#2669 = B_SPLINE_CURVE_WITH_KNOTS('',1,(#2670,#2671),.UNSPECIFIED.,.F.,
  .F.,(2,2),(0.,29.995469657933),.PIECEWISE_BEZIER_KNOTS.);
#2670 = CARTESIAN_POINT('',(154.73642335745,105.939422,33.988432872522)
  );
#2671 = CARTESIAN_POINT('',(152.75116735745,105.939422,32.003176872522)
  );
#2672 = VECTOR('',#2673,1.);
#2673 = DIRECTION('',(-0.,-1.,-0.));
#2674 = ADVANCED_FACE('',(#2675),#2702,.F.);
#2675 = FACE_BOUND('',#2676,.F.);
#2676 = EDGE_LOOP('',(#2677,#2678,#2687,#2695));
#2677 = ORIENTED_EDGE('',*,*,#2656,.T.);
#2678 = ORIENTED_EDGE('',*,*,#2679,.T.);
#2679 = EDGE_CURVE('',#2650,#2680,#2682,.T.);
#2680 = VERTEX_POINT('',#2681);
#2681 = CARTESIAN_POINT('',(153.30247135745,106.939422,48.659296872522)
  );
#2682 = B_SPLINE_CURVE_WITH_KNOTS('',3,(#2683,#2684,#2685,#2686),
  .UNSPECIFIED.,.F.,.F.,(4,4),(0.,1.),.PIECEWISE_BEZIER_KNOTS.);
#2683 = CARTESIAN_POINT('',(152.75116735745,106.939422,32.003176872522)
  );
#2684 = CARTESIAN_POINT('',(147.99909535745,106.939422,36.754312872522)
  );
#2685 = CARTESIAN_POINT('',(148.85553535745,106.939422,44.212360872522)
  );
#2686 = CARTESIAN_POINT('',(153.30247135745,106.939422,48.659296872522)
  );
#2687 = ORIENTED_EDGE('',*,*,#2688,.F.);
#2688 = EDGE_CURVE('',#2689,#2680,#2691,.T.);
#2689 = VERTEX_POINT('',#2690);
#2690 = CARTESIAN_POINT('',(153.30247135745,105.939422,48.659296872522)
  );
#2691 = LINE('',#2692,#2693);
#2692 = CARTESIAN_POINT('',(153.30247135745,105.939422,48.659296872522)
  );
#2693 = VECTOR('',#2694,1.);
#2694 = DIRECTION('',(0.,1.,0.));
#2695 = ORIENTED_EDGE('',*,*,#2696,.F.);
#2696 = EDGE_CURVE('',#2657,#2689,#2697,.T.);
#2697 = B_SPLINE_CURVE_WITH_KNOTS('',3,(#2698,#2699,#2700,#2701),
  .UNSPECIFIED.,.F.,.F.,(4,4),(0.,1.),.PIECEWISE_BEZIER_KNOTS.);
#2698 = CARTESIAN_POINT('',(152.75116735745,105.939422,32.003176872522)
  );
#2699 = CARTESIAN_POINT('',(147.99909535745,105.939422,36.754312872522)
  );
#2700 = CARTESIAN_POINT('',(148.85553535745,105.939422,44.212360872522)
  );
#2701 = CARTESIAN_POINT('',(153.30247135745,105.939422,48.659296872522)
  );
#2702 = SURFACE_OF_LINEAR_EXTRUSION('',#2703,#2708);
#2703 = B_SPLINE_CURVE_WITH_KNOTS('',3,(#2704,#2705,#2706,#2707),
  .UNSPECIFIED.,.F.,.F.,(4,4),(0.,1.),.PIECEWISE_BEZIER_KNOTS.);
#2704 = CARTESIAN_POINT('',(152.75116735745,105.939422,32.003176872522)
  );
#2705 = CARTESIAN_POINT('',(147.99909535745,105.939422,36.754312872522)
  );
#2706 = CARTESIAN_POINT('',(148.85553535745,105.939422,44.212360872522)
  );
#2707 = CARTESIAN_POINT('',(153.30247135745,105.939422,48.659296872522)
  );
#2708 = VECTOR('',#2709,1.);
#2709 = DIRECTION('',(-0.,-1.,-0.));
#2710 = ADVANCED_FACE('',(#2711),#2738,.F.);
#2711 = FACE_BOUND('',#2712,.F.);
#2712 = EDGE_LOOP('',(#2713,#2714,#2723,#2731));
#2713 = ORIENTED_EDGE('',*,*,#2688,.T.);
#2714 = ORIENTED_EDGE('',*,*,#2715,.T.);
#2715 = EDGE_CURVE('',#2680,#2716,#2718,.T.);
#2716 = VERTEX_POINT('',#2717);
#2717 = CARTESIAN_POINT('',(168.85598335745,106.939422,48.107992872522)
  );
#2718 = B_SPLINE_CURVE_WITH_KNOTS('',3,(#2719,#2720,#2721,#2722),
  .UNSPECIFIED.,.F.,.F.,(4,4),(0.,1.),.PIECEWISE_BEZIER_KNOTS.);
#2719 = CARTESIAN_POINT('',(153.30247135745,106.939422,48.659296872522)
  );
#2720 = CARTESIAN_POINT('',(157.74940735745,106.939422,53.106232872522)
  );
#2721 = CARTESIAN_POINT('',(164.71324735745,106.939422,52.250728872522)
  );
#2722 = CARTESIAN_POINT('',(168.85598335745,106.939422,48.107992872522)
  );
#2723 = ORIENTED_EDGE('',*,*,#2724,.F.);
#2724 = EDGE_CURVE('',#2725,#2716,#2727,.T.);
#2725 = VERTEX_POINT('',#2726);
#2726 = CARTESIAN_POINT('',(168.85598335745,105.939422,48.107992872522)
  );
#2727 = LINE('',#2728,#2729);
#2728 = CARTESIAN_POINT('',(168.85598335745,105.939422,48.107992872522)
  );
#2729 = VECTOR('',#2730,1.);
#2730 = DIRECTION('',(0.,1.,0.));
#2731 = ORIENTED_EDGE('',*,*,#2732,.F.);
#2732 = EDGE_CURVE('',#2689,#2725,#2733,.T.);
#2733 = B_SPLINE_CURVE_WITH_KNOTS('',3,(#2734,#2735,#2736,#2737),
  .UNSPECIFIED.,.F.,.F.,(4,4),(0.,1.),.PIECEWISE_BEZIER_KNOTS.);
#2734 = CARTESIAN_POINT('',(153.30247135745,105.939422,48.659296872522)
  );
#2735 = CARTESIAN_POINT('',(157.74940735745,105.939422,53.106232872522)
  );
#2736 = CARTESIAN_POINT('',(164.71324735745,105.939422,52.250728872522)
  );
#2737 = CARTESIAN_POINT('',(168.85598335745,105.939422,48.107992872522)
  );
#2738 = SURFACE_OF_LINEAR_EXTRUSION('',#2739,#2744);
#2739 = B_SPLINE_CURVE_WITH_KNOTS('',3,(#2740,#2741,#2742,#2743),
  .UNSPECIFIED.,.F.,.F.,(4,4),(0.,1.),.PIECEWISE_BEZIER_KNOTS.);
#2740 = CARTESIAN_POINT('',(153.30247135745,105.939422,48.659296872522)
  );
#2741 = CARTESIAN_POINT('',(157.74940735745,105.939422,53.106232872522)
  );
#2742 = CARTESIAN_POINT('',(164.71324735745,105.939422,52.250728872522)
  );
#2743 = CARTESIAN_POINT('',(168.85598335745,105.939422,48.107992872522)
  );
#2744 = VECTOR('',#2745,1.);
#2745 = DIRECTION('',(-0.,-1.,-0.));
#2746 = ADVANCED_FACE('',(#2747),#2774,.F.);
#2747 = FACE_BOUND('',#2748,.F.);
#2748 = EDGE_LOOP('',(#2749,#2750,#2759,#2767));
#2749 = ORIENTED_EDGE('',*,*,#2724,.T.);
#2750 = ORIENTED_EDGE('',*,*,#2751,.T.);
#2751 = EDGE_CURVE('',#2716,#2752,#2754,.T.);
#2752 = VERTEX_POINT('',#2753);
#2753 = CARTESIAN_POINT('',(168.30467935745,106.939422,33.657088872522)
  );
#2754 = B_SPLINE_CURVE_WITH_KNOTS('',3,(#2755,#2756,#2757,#2758),
  .UNSPECIFIED.,.F.,.F.,(4,4),(0.,1.),.PIECEWISE_BEZIER_KNOTS.);
#2755 = CARTESIAN_POINT('',(168.85598335745,106.939422,48.107992872522)
  );
#2756 = CARTESIAN_POINT('',(172.99871935745,106.939422,43.965256872522)
  );
#2757 = CARTESIAN_POINT('',(172.14227935745,106.939422,37.495624872522)
  );
#2758 = CARTESIAN_POINT('',(168.30467935745,106.939422,33.657088872522)
  );
#2759 = ORIENTED_EDGE('',*,*,#2760,.F.);
#2760 = EDGE_CURVE('',#2761,#2752,#2763,.T.);
#2761 = VERTEX_POINT('',#2762);
#2762 = CARTESIAN_POINT('',(168.30467935745,105.939422,33.657088872522)
  );
#2763 = LINE('',#2764,#2765);
#2764 = CARTESIAN_POINT('',(168.30467935745,105.939422,33.657088872522)
  );
#2765 = VECTOR('',#2766,1.);
#2766 = DIRECTION('',(0.,1.,0.));
#2767 = ORIENTED_EDGE('',*,*,#2768,.F.);
#2768 = EDGE_CURVE('',#2725,#2761,#2769,.T.);
#2769 = B_SPLINE_CURVE_WITH_KNOTS('',3,(#2770,#2771,#2772,#2773),
  .UNSPECIFIED.,.F.,.F.,(4,4),(0.,1.),.PIECEWISE_BEZIER_KNOTS.);
#2770 = CARTESIAN_POINT('',(168.85598335745,105.939422,48.107992872522)
  );
#2771 = CARTESIAN_POINT('',(172.99871935745,105.939422,43.965256872522)
  );
#2772 = CARTESIAN_POINT('',(172.14227935745,105.939422,37.495624872522)
  );
#2773 = CARTESIAN_POINT('',(168.30467935745,105.939422,33.657088872522)
  );
#2774 = SURFACE_OF_LINEAR_EXTRUSION('',#2775,#2780);
#2775 = B_SPLINE_CURVE_WITH_KNOTS('',3,(#2776,#2777,#2778,#2779),
  .UNSPECIFIED.,.F.,.F.,(4,4),(0.,1.),.PIECEWISE_BEZIER_KNOTS.);
#2776 = CARTESIAN_POINT('',(168.85598335745,105.939422,48.107992872522)
  );
#2777 = CARTESIAN_POINT('',(172.99871935745,105.939422,43.965256872522)
  );
#2778 = CARTESIAN_POINT('',(172.14227935745,105.939422,37.495624872522)
  );
#2779 = CARTESIAN_POINT('',(168.30467935745,105.939422,33.657088872522)
  );
#2780 = VECTOR('',#2781,1.);
#2781 = DIRECTION('',(-0.,-1.,-0.));
#2782 = ADVANCED_FACE('',(#2783),#2797,.F.);
#2783 = FACE_BOUND('',#2784,.F.);
#2784 = EDGE_LOOP('',(#2785,#2786,#2791,#2792));
#2785 = ORIENTED_EDGE('',*,*,#2760,.T.);
#2786 = ORIENTED_EDGE('',*,*,#2787,.T.);
#2787 = EDGE_CURVE('',#2752,#2611,#2788,.T.);
#2788 = B_SPLINE_CURVE_WITH_KNOTS('',1,(#2789,#2790),.UNSPECIFIED.,.F.,
  .F.,(2,2),(0.,5.006316010801),.PIECEWISE_BEZIER_KNOTS.);
#2789 = CARTESIAN_POINT('',(168.30467935745,106.939422,33.657088872522)
  );
#2790 = CARTESIAN_POINT('',(167.97333535745,106.939422,33.988432872522)
  );
#2791 = ORIENTED_EDGE('',*,*,#2620,.F.);
#2792 = ORIENTED_EDGE('',*,*,#2793,.F.);
#2793 = EDGE_CURVE('',#2761,#2621,#2794,.T.);
#2794 = B_SPLINE_CURVE_WITH_KNOTS('',1,(#2795,#2796),.UNSPECIFIED.,.F.,
  .F.,(2,2),(0.,5.006316010801),.PIECEWISE_BEZIER_KNOTS.);
#2795 = CARTESIAN_POINT('',(168.30467935745,105.939422,33.657088872522)
  );
#2796 = CARTESIAN_POINT('',(167.97333535745,105.939422,33.988432872522)
  );
#2797 = SURFACE_OF_LINEAR_EXTRUSION('',#2798,#2801);
#2798 = B_SPLINE_CURVE_WITH_KNOTS('',1,(#2799,#2800),.UNSPECIFIED.,.F.,
  .F.,(2,2),(0.,5.006316010801),.PIECEWISE_BEZIER_KNOTS.);
#2799 = CARTESIAN_POINT('',(168.30467935745,105.939422,33.657088872522)
  );
#2800 = CARTESIAN_POINT('',(167.97333535745,105.939422,33.988432872522)
  );
#2801 = VECTOR('',#2802,1.);
#2802 = DIRECTION('',(-0.,-1.,-0.));
#2803 = ADVANCED_FACE('',(#2804),#2812,.F.);
#2804 = FACE_BOUND('',#2805,.F.);
#2805 = EDGE_LOOP('',(#2806,#2807,#2808,#2809,#2810,#2811));
#2806 = ORIENTED_EDGE('',*,*,#2628,.F.);
#2807 = ORIENTED_EDGE('',*,*,#2664,.T.);
#2808 = ORIENTED_EDGE('',*,*,#2696,.T.);
#2809 = ORIENTED_EDGE('',*,*,#2732,.T.);
#2810 = ORIENTED_EDGE('',*,*,#2768,.T.);
#2811 = ORIENTED_EDGE('',*,*,#2793,.T.);
#2812 = B_SPLINE_SURFACE_WITH_KNOTS('',1,1,(
    (#2813,#2814)
    ,(#2815,#2816
    )),.UNSPECIFIED.,.F.,.F.,.F.,(2,2),(2,2),(-132.2174010807,
    134.8725989192),(-117.7525180855,107.7074819144),
  .PIECEWISE_BEZIER_KNOTS.);
#2813 = CARTESIAN_POINT('',(172.99871935745,105.939422,32.003176872522)
  );
#2814 = CARTESIAN_POINT('',(172.99871935745,105.939422,53.106232872522)
  );
#2815 = CARTESIAN_POINT('',(147.99909535745,105.939422,32.003176872522)
  );
#2816 = CARTESIAN_POINT('',(147.99909535745,105.939422,53.106232872522)
  );
#2817 = ADVANCED_FACE('',(#2818),#2826,.T.);
#2818 = FACE_BOUND('',#2819,.T.);
#2819 = EDGE_LOOP('',(#2820,#2821,#2822,#2823,#2824,#2825));
#2820 = ORIENTED_EDGE('',*,*,#2610,.F.);
#2821 = ORIENTED_EDGE('',*,*,#2649,.T.);
#2822 = ORIENTED_EDGE('',*,*,#2679,.T.);
#2823 = ORIENTED_EDGE('',*,*,#2715,.T.);
#2824 = ORIENTED_EDGE('',*,*,#2751,.T.);
#2825 = ORIENTED_EDGE('',*,*,#2787,.T.);
#2826 = B_SPLINE_SURFACE_WITH_KNOTS('',1,1,(
    (#2827,#2828)
    ,(#2829,#2830
    )),.UNSPECIFIED.,.F.,.F.,.F.,(2,2),(2,2),(-132.2174010807,
    134.8725989192),(-117.7525180855,107.7074819144),
  .PIECEWISE_BEZIER_KNOTS.);
#2827 = CARTESIAN_POINT('',(172.99871935745,106.939422,32.003176872522)
  );
#2828 = CARTESIAN_POINT('',(172.99871935745,106.939422,53.106232872522)
  );
#2829 = CARTESIAN_POINT('',(147.99909535745,106.939422,32.003176872522)
  );
#2830 = CARTESIAN_POINT('',(147.99909535745,106.939422,53.106232872522)
  );
#2831 = MANIFOLD_SOLID_BREP('',#2832);
#2832 = CLOSED_SHELL('',(#2833,#2872,#2902,#2932,#2962,#2992,#3022,#3052
    ,#3073,#3089));
#2833 = ADVANCED_FACE('',(#2834),#2866,.T.);
#2834 = FACE_BOUND('',#2835,.T.);
#2835 = EDGE_LOOP('',(#2836,#2846,#2853,#2861));
#2836 = ORIENTED_EDGE('',*,*,#2837,.T.);
#2837 = EDGE_CURVE('',#2838,#2840,#2842,.T.);
#2838 = VERTEX_POINT('',#2839);
#2839 = CARTESIAN_POINT('',(141.89238236545,105.939422,55.525582856522)
  );
#2840 = VERTEX_POINT('',#2841);
#2841 = CARTESIAN_POINT('',(141.89238236545,106.939422,55.525582856522)
  );
#2842 = LINE('',#2843,#2844);
#2843 = CARTESIAN_POINT('',(141.89238236545,105.939422,55.525582856522)
  );
#2844 = VECTOR('',#2845,1.);
#2845 = DIRECTION('',(0.,1.,0.));
#2846 = ORIENTED_EDGE('',*,*,#2847,.T.);
#2847 = EDGE_CURVE('',#2840,#2848,#2850,.T.);
#2848 = VERTEX_POINT('',#2849);
#2849 = CARTESIAN_POINT('',(142.91247634945,106.939422,55.525582856522)
  );
#2850 = B_SPLINE_CURVE_WITH_KNOTS('',1,(#2851,#2852),.UNSPECIFIED.,.F.,
  .F.,(2,2),(0.,10.89844),.PIECEWISE_BEZIER_KNOTS.);
#2851 = CARTESIAN_POINT('',(141.89238236545,106.939422,55.525582856522)
  );
#2852 = CARTESIAN_POINT('',(142.91247634945,106.939422,55.525582856522)
  );
#2853 = ORIENTED_EDGE('',*,*,#2854,.F.);
#2854 = EDGE_CURVE('',#2855,#2848,#2857,.T.);
#2855 = VERTEX_POINT('',#2856);
#2856 = CARTESIAN_POINT('',(142.91247634945,105.939422,55.525582856522)
  );
#2857 = LINE('',#2858,#2859);
#2858 = CARTESIAN_POINT('',(142.91247634945,105.939422,55.525582856522)
  );
#2859 = VECTOR('',#2860,1.);
#2860 = DIRECTION('',(0.,1.,0.));
#2861 = ORIENTED_EDGE('',*,*,#2862,.F.);
#2862 = EDGE_CURVE('',#2838,#2855,#2863,.T.);
#2863 = B_SPLINE_CURVE_WITH_KNOTS('',1,(#2864,#2865),.UNSPECIFIED.,.F.,
  .F.,(2,2),(0.,10.89844),.PIECEWISE_BEZIER_KNOTS.);
#2864 = CARTESIAN_POINT('',(141.89238236545,105.939422,55.525582856522)
  );
#2865 = CARTESIAN_POINT('',(142.91247634945,105.939422,55.525582856522)
  );
#2866 = SURFACE_OF_LINEAR_EXTRUSION('',#2867,#2870);
#2867 = B_SPLINE_CURVE_WITH_KNOTS('',1,(#2868,#2869),.UNSPECIFIED.,.F.,
  .F.,(2,2),(0.,10.89844),.PIECEWISE_BEZIER_KNOTS.);
#2868 = CARTESIAN_POINT('',(141.89238236545,105.939422,55.525582856522)
  );
#2869 = CARTESIAN_POINT('',(142.91247634945,105.939422,55.525582856522)
  );
#2870 = VECTOR('',#2871,1.);
#2871 = DIRECTION('',(-0.,-1.,-0.));
#2872 = ADVANCED_FACE('',(#2873),#2896,.T.);
#2873 = FACE_BOUND('',#2874,.T.);
#2874 = EDGE_LOOP('',(#2875,#2876,#2883,#2891));
#2875 = ORIENTED_EDGE('',*,*,#2854,.T.);
#2876 = ORIENTED_EDGE('',*,*,#2877,.T.);
#2877 = EDGE_CURVE('',#2848,#2878,#2880,.T.);
#2878 = VERTEX_POINT('',#2879);
#2879 = CARTESIAN_POINT('',(142.91247634945,106.939422,52.890888872522)
  );
#2880 = B_SPLINE_CURVE_WITH_KNOTS('',1,(#2881,#2882),.UNSPECIFIED.,.F.,
  .F.,(2,2),(0.,28.14844),.PIECEWISE_BEZIER_KNOTS.);
#2881 = CARTESIAN_POINT('',(142.91247634945,106.939422,55.525582856522)
  );
#2882 = CARTESIAN_POINT('',(142.91247634945,106.939422,52.890888872522)
  );
#2883 = ORIENTED_EDGE('',*,*,#2884,.F.);
#2884 = EDGE_CURVE('',#2885,#2878,#2887,.T.);
#2885 = VERTEX_POINT('',#2886);
#2886 = CARTESIAN_POINT('',(142.91247634945,105.939422,52.890888872522)
  );
#2887 = LINE('',#2888,#2889);
#2888 = CARTESIAN_POINT('',(142.91247634945,105.939422,52.890888872522)
  );
#2889 = VECTOR('',#2890,1.);
#2890 = DIRECTION('',(0.,1.,0.));
#2891 = ORIENTED_EDGE('',*,*,#2892,.F.);
#2892 = EDGE_CURVE('',#2855,#2885,#2893,.T.);
#2893 = B_SPLINE_CURVE_WITH_KNOTS('',1,(#2894,#2895),.UNSPECIFIED.,.F.,
  .F.,(2,2),(0.,28.14844),.PIECEWISE_BEZIER_KNOTS.);
#2894 = CARTESIAN_POINT('',(142.91247634945,105.939422,55.525582856522)
  );
#2895 = CARTESIAN_POINT('',(142.91247634945,105.939422,52.890888872522)
  );
#2896 = SURFACE_OF_LINEAR_EXTRUSION('',#2897,#2900);
#2897 = B_SPLINE_CURVE_WITH_KNOTS('',1,(#2898,#2899),.UNSPECIFIED.,.F.,
  .F.,(2,2),(0.,28.14844),.PIECEWISE_BEZIER_KNOTS.);
#2898 = CARTESIAN_POINT('',(142.91247634945,105.939422,55.525582856522)
  );
#2899 = CARTESIAN_POINT('',(142.91247634945,105.939422,52.890888872522)
  );
#2900 = VECTOR('',#2901,1.);
#2901 = DIRECTION('',(-0.,-1.,-0.));
#2902 = ADVANCED_FACE('',(#2903),#2926,.T.);
#2903 = FACE_BOUND('',#2904,.T.);
#2904 = EDGE_LOOP('',(#2905,#2906,#2913,#2921));
#2905 = ORIENTED_EDGE('',*,*,#2884,.T.);
#2906 = ORIENTED_EDGE('',*,*,#2907,.T.);
#2907 = EDGE_CURVE('',#2878,#2908,#2910,.T.);
#2908 = VERTEX_POINT('',#2909);
#2909 = CARTESIAN_POINT('',(143.75487634945,106.939422,52.890888872522)
  );
#2910 = B_SPLINE_CURVE_WITH_KNOTS('',1,(#2911,#2912),.UNSPECIFIED.,.F.,
  .F.,(2,2),(0.,9.),.PIECEWISE_BEZIER_KNOTS.);
#2911 = CARTESIAN_POINT('',(142.91247634945,106.939422,52.890888872522)
  );
#2912 = CARTESIAN_POINT('',(143.75487634945,106.939422,52.890888872522)
  );
#2913 = ORIENTED_EDGE('',*,*,#2914,.F.);
#2914 = EDGE_CURVE('',#2915,#2908,#2917,.T.);
#2915 = VERTEX_POINT('',#2916);
#2916 = CARTESIAN_POINT('',(143.75487634945,105.939422,52.890888872522)
  );
#2917 = LINE('',#2918,#2919);
#2918 = CARTESIAN_POINT('',(143.75487634945,105.939422,52.890888872522)
  );
#2919 = VECTOR('',#2920,1.);
#2920 = DIRECTION('',(0.,1.,0.));
#2921 = ORIENTED_EDGE('',*,*,#2922,.F.);
#2922 = EDGE_CURVE('',#2885,#2915,#2923,.T.);
#2923 = B_SPLINE_CURVE_WITH_KNOTS('',1,(#2924,#2925),.UNSPECIFIED.,.F.,
  .F.,(2,2),(0.,9.),.PIECEWISE_BEZIER_KNOTS.);
#2924 = CARTESIAN_POINT('',(142.91247634945,105.939422,52.890888872522)
  );
#2925 = CARTESIAN_POINT('',(143.75487634945,105.939422,52.890888872522)
  );
#2926 = SURFACE_OF_LINEAR_EXTRUSION('',#2927,#2930);
#2927 = B_SPLINE_CURVE_WITH_KNOTS('',1,(#2928,#2929),.UNSPECIFIED.,.F.,
  .F.,(2,2),(0.,9.),.PIECEWISE_BEZIER_KNOTS.);
#2928 = CARTESIAN_POINT('',(142.91247634945,105.939422,52.890888872522)
  );
#2929 = CARTESIAN_POINT('',(143.75487634945,105.939422,52.890888872522)
  );
#2930 = VECTOR('',#2931,1.);
#2931 = DIRECTION('',(-0.,-1.,-0.));
#2932 = ADVANCED_FACE('',(#2933),#2956,.T.);
#2933 = FACE_BOUND('',#2934,.T.);
#2934 = EDGE_LOOP('',(#2935,#2936,#2943,#2951));
#2935 = ORIENTED_EDGE('',*,*,#2914,.T.);
#2936 = ORIENTED_EDGE('',*,*,#2937,.T.);
#2937 = EDGE_CURVE('',#2908,#2938,#2940,.T.);
#2938 = VERTEX_POINT('',#2939);
#2939 = CARTESIAN_POINT('',(143.75487634945,106.939422,55.525582856522)
  );
#2940 = B_SPLINE_CURVE_WITH_KNOTS('',1,(#2941,#2942),.UNSPECIFIED.,.F.,
  .F.,(2,2),(0.,28.14844),.PIECEWISE_BEZIER_KNOTS.);
#2941 = CARTESIAN_POINT('',(143.75487634945,106.939422,52.890888872522)
  );
#2942 = CARTESIAN_POINT('',(143.75487634945,106.939422,55.525582856522)
  );
#2943 = ORIENTED_EDGE('',*,*,#2944,.F.);
#2944 = EDGE_CURVE('',#2945,#2938,#2947,.T.);
#2945 = VERTEX_POINT('',#2946);
#2946 = CARTESIAN_POINT('',(143.75487634945,105.939422,55.525582856522)
  );
#2947 = LINE('',#2948,#2949);
#2948 = CARTESIAN_POINT('',(143.75487634945,105.939422,55.525582856522)
  );
#2949 = VECTOR('',#2950,1.);
#2950 = DIRECTION('',(0.,1.,0.));
#2951 = ORIENTED_EDGE('',*,*,#2952,.F.);
#2952 = EDGE_CURVE('',#2915,#2945,#2953,.T.);
#2953 = B_SPLINE_CURVE_WITH_KNOTS('',1,(#2954,#2955),.UNSPECIFIED.,.F.,
  .F.,(2,2),(0.,28.14844),.PIECEWISE_BEZIER_KNOTS.);
#2954 = CARTESIAN_POINT('',(143.75487634945,105.939422,52.890888872522)
  );
#2955 = CARTESIAN_POINT('',(143.75487634945,105.939422,55.525582856522)
  );
#2956 = SURFACE_OF_LINEAR_EXTRUSION('',#2957,#2960);
#2957 = B_SPLINE_CURVE_WITH_KNOTS('',1,(#2958,#2959),.UNSPECIFIED.,.F.,
  .F.,(2,2),(0.,28.14844),.PIECEWISE_BEZIER_KNOTS.);
#2958 = CARTESIAN_POINT('',(143.75487634945,105.939422,52.890888872522)
  );
#2959 = CARTESIAN_POINT('',(143.75487634945,105.939422,55.525582856522)
  );
#2960 = VECTOR('',#2961,1.);
#2961 = DIRECTION('',(-0.,-1.,-0.));
#2962 = ADVANCED_FACE('',(#2963),#2986,.T.);
#2963 = FACE_BOUND('',#2964,.T.);
#2964 = EDGE_LOOP('',(#2965,#2966,#2973,#2981));
#2965 = ORIENTED_EDGE('',*,*,#2944,.T.);
#2966 = ORIENTED_EDGE('',*,*,#2967,.T.);
#2967 = EDGE_CURVE('',#2938,#2968,#2970,.T.);
#2968 = VERTEX_POINT('',#2969);
#2969 = CARTESIAN_POINT('',(144.77497033345,106.939422,55.525582856522)
  );
#2970 = B_SPLINE_CURVE_WITH_KNOTS('',1,(#2971,#2972),.UNSPECIFIED.,.F.,
  .F.,(2,2),(0.,10.89844),.PIECEWISE_BEZIER_KNOTS.);
#2971 = CARTESIAN_POINT('',(143.75487634945,106.939422,55.525582856522)
  );
#2972 = CARTESIAN_POINT('',(144.77497033345,106.939422,55.525582856522)
  );
#2973 = ORIENTED_EDGE('',*,*,#2974,.F.);
#2974 = EDGE_CURVE('',#2975,#2968,#2977,.T.);
#2975 = VERTEX_POINT('',#2976);
#2976 = CARTESIAN_POINT('',(144.77497033345,105.939422,55.525582856522)
  );
#2977 = LINE('',#2978,#2979);
#2978 = CARTESIAN_POINT('',(144.77497033345,105.939422,55.525582856522)
  );
#2979 = VECTOR('',#2980,1.);
#2980 = DIRECTION('',(0.,1.,0.));
#2981 = ORIENTED_EDGE('',*,*,#2982,.F.);
#2982 = EDGE_CURVE('',#2945,#2975,#2983,.T.);
#2983 = B_SPLINE_CURVE_WITH_KNOTS('',1,(#2984,#2985),.UNSPECIFIED.,.F.,
  .F.,(2,2),(0.,10.89844),.PIECEWISE_BEZIER_KNOTS.);
#2984 = CARTESIAN_POINT('',(143.75487634945,105.939422,55.525582856522)
  );
#2985 = CARTESIAN_POINT('',(144.77497033345,105.939422,55.525582856522)
  );
#2986 = SURFACE_OF_LINEAR_EXTRUSION('',#2987,#2990);
#2987 = B_SPLINE_CURVE_WITH_KNOTS('',1,(#2988,#2989),.UNSPECIFIED.,.F.,
  .F.,(2,2),(0.,10.89844),.PIECEWISE_BEZIER_KNOTS.);
#2988 = CARTESIAN_POINT('',(143.75487634945,105.939422,55.525582856522)
  );
#2989 = CARTESIAN_POINT('',(144.77497033345,105.939422,55.525582856522)
  );
#2990 = VECTOR('',#2991,1.);
#2991 = DIRECTION('',(-0.,-1.,-0.));
#2992 = ADVANCED_FACE('',(#2993),#3016,.T.);
#2993 = FACE_BOUND('',#2994,.T.);
#2994 = EDGE_LOOP('',(#2995,#2996,#3003,#3011));
#2995 = ORIENTED_EDGE('',*,*,#2974,.T.);
#2996 = ORIENTED_EDGE('',*,*,#2997,.T.);
#2997 = EDGE_CURVE('',#2968,#2998,#3000,.T.);
#2998 = VERTEX_POINT('',#2999);
#2999 = CARTESIAN_POINT('',(144.77497033345,106.939422,56.157382856522)
  );
#3000 = B_SPLINE_CURVE_WITH_KNOTS('',1,(#3001,#3002),.UNSPECIFIED.,.F.,
  .F.,(2,2),(0.,6.75),.PIECEWISE_BEZIER_KNOTS.);
#3001 = CARTESIAN_POINT('',(144.77497033345,106.939422,55.525582856522)
  );
#3002 = CARTESIAN_POINT('',(144.77497033345,106.939422,56.157382856522)
  );
#3003 = ORIENTED_EDGE('',*,*,#3004,.F.);
#3004 = EDGE_CURVE('',#3005,#2998,#3007,.T.);
#3005 = VERTEX_POINT('',#3006);
#3006 = CARTESIAN_POINT('',(144.77497033345,105.939422,56.157382856522)
  );
#3007 = LINE('',#3008,#3009);
#3008 = CARTESIAN_POINT('',(144.77497033345,105.939422,56.157382856522)
  );
#3009 = VECTOR('',#3010,1.);
#3010 = DIRECTION('',(0.,1.,0.));
#3011 = ORIENTED_EDGE('',*,*,#3012,.F.);
#3012 = EDGE_CURVE('',#2975,#3005,#3013,.T.);
#3013 = B_SPLINE_CURVE_WITH_KNOTS('',1,(#3014,#3015),.UNSPECIFIED.,.F.,
  .F.,(2,2),(0.,6.75),.PIECEWISE_BEZIER_KNOTS.);
#3014 = CARTESIAN_POINT('',(144.77497033345,105.939422,55.525582856522)
  );
#3015 = CARTESIAN_POINT('',(144.77497033345,105.939422,56.157382856522)
  );
#3016 = SURFACE_OF_LINEAR_EXTRUSION('',#3017,#3020);
#3017 = B_SPLINE_CURVE_WITH_KNOTS('',1,(#3018,#3019),.UNSPECIFIED.,.F.,
  .F.,(2,2),(0.,6.75),.PIECEWISE_BEZIER_KNOTS.);
#3018 = CARTESIAN_POINT('',(144.77497033345,105.939422,55.525582856522)
  );
#3019 = CARTESIAN_POINT('',(144.77497033345,105.939422,56.157382856522)
  );
#3020 = VECTOR('',#3021,1.);
#3021 = DIRECTION('',(-0.,-1.,-0.));
#3022 = ADVANCED_FACE('',(#3023),#3046,.T.);
#3023 = FACE_BOUND('',#3024,.T.);
#3024 = EDGE_LOOP('',(#3025,#3026,#3033,#3041));
#3025 = ORIENTED_EDGE('',*,*,#3004,.T.);
#3026 = ORIENTED_EDGE('',*,*,#3027,.T.);
#3027 = EDGE_CURVE('',#2998,#3028,#3030,.T.);
#3028 = VERTEX_POINT('',#3029);
#3029 = CARTESIAN_POINT('',(141.89238236545,106.939422,56.157382856522)
  );
#3030 = B_SPLINE_CURVE_WITH_KNOTS('',1,(#3031,#3032),.UNSPECIFIED.,.F.,
  .F.,(2,2),(0.,30.79688),.PIECEWISE_BEZIER_KNOTS.);
#3031 = CARTESIAN_POINT('',(144.77497033345,106.939422,56.157382856522)
  );
#3032 = CARTESIAN_POINT('',(141.89238236545,106.939422,56.157382856522)
  );
#3033 = ORIENTED_EDGE('',*,*,#3034,.F.);
#3034 = EDGE_CURVE('',#3035,#3028,#3037,.T.);
#3035 = VERTEX_POINT('',#3036);
#3036 = CARTESIAN_POINT('',(141.89238236545,105.939422,56.157382856522)
  );
#3037 = LINE('',#3038,#3039);
#3038 = CARTESIAN_POINT('',(141.89238236545,105.939422,56.157382856522)
  );
#3039 = VECTOR('',#3040,1.);
#3040 = DIRECTION('',(0.,1.,0.));
#3041 = ORIENTED_EDGE('',*,*,#3042,.F.);
#3042 = EDGE_CURVE('',#3005,#3035,#3043,.T.);
#3043 = B_SPLINE_CURVE_WITH_KNOTS('',1,(#3044,#3045),.UNSPECIFIED.,.F.,
  .F.,(2,2),(0.,30.79688),.PIECEWISE_BEZIER_KNOTS.);
#3044 = CARTESIAN_POINT('',(144.77497033345,105.939422,56.157382856522)
  );
#3045 = CARTESIAN_POINT('',(141.89238236545,105.939422,56.157382856522)
  );
#3046 = SURFACE_OF_LINEAR_EXTRUSION('',#3047,#3050);
#3047 = B_SPLINE_CURVE_WITH_KNOTS('',1,(#3048,#3049),.UNSPECIFIED.,.F.,
  .F.,(2,2),(0.,30.79688),.PIECEWISE_BEZIER_KNOTS.);
#3048 = CARTESIAN_POINT('',(144.77497033345,105.939422,56.157382856522)
  );
#3049 = CARTESIAN_POINT('',(141.89238236545,105.939422,56.157382856522)
  );
#3050 = VECTOR('',#3051,1.);
#3051 = DIRECTION('',(-0.,-1.,-0.));
#3052 = ADVANCED_FACE('',(#3053),#3067,.T.);
#3053 = FACE_BOUND('',#3054,.T.);
#3054 = EDGE_LOOP('',(#3055,#3056,#3061,#3062));
#3055 = ORIENTED_EDGE('',*,*,#3034,.T.);
#3056 = ORIENTED_EDGE('',*,*,#3057,.T.);
#3057 = EDGE_CURVE('',#3028,#2840,#3058,.T.);
#3058 = B_SPLINE_CURVE_WITH_KNOTS('',1,(#3059,#3060),.UNSPECIFIED.,.F.,
  .F.,(2,2),(0.,6.75),.PIECEWISE_BEZIER_KNOTS.);
#3059 = CARTESIAN_POINT('',(141.89238236545,106.939422,56.157382856522)
  );
#3060 = CARTESIAN_POINT('',(141.89238236545,106.939422,55.525582856522)
  );
#3061 = ORIENTED_EDGE('',*,*,#2837,.F.);
#3062 = ORIENTED_EDGE('',*,*,#3063,.F.);
#3063 = EDGE_CURVE('',#3035,#2838,#3064,.T.);
#3064 = B_SPLINE_CURVE_WITH_KNOTS('',1,(#3065,#3066),.UNSPECIFIED.,.F.,
  .F.,(2,2),(0.,6.75),.PIECEWISE_BEZIER_KNOTS.);
#3065 = CARTESIAN_POINT('',(141.89238236545,105.939422,56.157382856522)
  );
#3066 = CARTESIAN_POINT('',(141.89238236545,105.939422,55.525582856522)
  );
#3067 = SURFACE_OF_LINEAR_EXTRUSION('',#3068,#3071);
#3068 = B_SPLINE_CURVE_WITH_KNOTS('',1,(#3069,#3070),.UNSPECIFIED.,.F.,
  .F.,(2,2),(0.,6.75),.PIECEWISE_BEZIER_KNOTS.);
#3069 = CARTESIAN_POINT('',(141.89238236545,105.939422,56.157382856522)
  );
#3070 = CARTESIAN_POINT('',(141.89238236545,105.939422,55.525582856522)
  );
#3071 = VECTOR('',#3072,1.);
#3072 = DIRECTION('',(-0.,-1.,-0.));
#3073 = ADVANCED_FACE('',(#3074),#3084,.T.);
#3074 = FACE_BOUND('',#3075,.T.);
#3075 = EDGE_LOOP('',(#3076,#3077,#3078,#3079,#3080,#3081,#3082,#3083));
#3076 = ORIENTED_EDGE('',*,*,#2862,.T.);
#3077 = ORIENTED_EDGE('',*,*,#2892,.T.);
#3078 = ORIENTED_EDGE('',*,*,#2922,.T.);
#3079 = ORIENTED_EDGE('',*,*,#2952,.T.);
#3080 = ORIENTED_EDGE('',*,*,#2982,.T.);
#3081 = ORIENTED_EDGE('',*,*,#3012,.T.);
#3082 = ORIENTED_EDGE('',*,*,#3042,.T.);
#3083 = ORIENTED_EDGE('',*,*,#3063,.T.);
#3084 = B_SPLINE_SURFACE_WITH_KNOTS('',1,1,(
    (#3085,#3086)
    ,(#3087,#3088
    )),.UNSPECIFIED.,.F.,.F.,.F.,(2,2),(2,2),(-15.39844,15.39844),(
    -22.11886898616,12.779571013838),.PIECEWISE_BEZIER_KNOTS.);
#3085 = CARTESIAN_POINT('',(141.89238236545,105.939422,52.890888872522)
  );
#3086 = CARTESIAN_POINT('',(141.89238236545,105.939422,56.157382856522)
  );
#3087 = CARTESIAN_POINT('',(144.77497033345,105.939422,52.890888872522)
  );
#3088 = CARTESIAN_POINT('',(144.77497033345,105.939422,56.157382856522)
  );
#3089 = ADVANCED_FACE('',(#3090),#3100,.F.);
#3090 = FACE_BOUND('',#3091,.F.);
#3091 = EDGE_LOOP('',(#3092,#3093,#3094,#3095,#3096,#3097,#3098,#3099));
#3092 = ORIENTED_EDGE('',*,*,#2847,.T.);
#3093 = ORIENTED_EDGE('',*,*,#2877,.T.);
#3094 = ORIENTED_EDGE('',*,*,#2907,.T.);
#3095 = ORIENTED_EDGE('',*,*,#2937,.T.);
#3096 = ORIENTED_EDGE('',*,*,#2967,.T.);
#3097 = ORIENTED_EDGE('',*,*,#2997,.T.);
#3098 = ORIENTED_EDGE('',*,*,#3027,.T.);
#3099 = ORIENTED_EDGE('',*,*,#3057,.T.);
#3100 = B_SPLINE_SURFACE_WITH_KNOTS('',1,1,(
    (#3101,#3102)
    ,(#3103,#3104
    )),.UNSPECIFIED.,.F.,.F.,.F.,(2,2),(2,2),(-15.39844,15.39844),(
    -22.11886898616,12.779571013838),.PIECEWISE_BEZIER_KNOTS.);
#3101 = CARTESIAN_POINT('',(141.89238236545,106.939422,52.890888872522)
  );
#3102 = CARTESIAN_POINT('',(141.89238236545,106.939422,56.157382856522)
  );
#3103 = CARTESIAN_POINT('',(144.77497033345,106.939422,52.890888872522)
  );
#3104 = CARTESIAN_POINT('',(144.77497033345,106.939422,56.157382856522)
  );
#3105 = MANIFOLD_SOLID_BREP('',#3106);
#3106 = CLOSED_SHELL('',(#3107,#3146,#3176,#3206,#3239,#3269,#3302,#3332
    ,#3365,#3395,#3428,#3458,#3491,#3521,#3545,#3587,#3620,#3653,#3686,
    #3716,#3746,#3776,#3809,#3842,#3875,#3899,#3934));
#3107 = ADVANCED_FACE('',(#3108),#3140,.T.);
#3108 = FACE_BOUND('',#3109,.T.);
#3109 = EDGE_LOOP('',(#3110,#3120,#3127,#3135));
#3110 = ORIENTED_EDGE('',*,*,#3111,.T.);
#3111 = EDGE_CURVE('',#3112,#3114,#3116,.T.);
#3112 = VERTEX_POINT('',#3113);
#3113 = CARTESIAN_POINT('',(138.23978838145,105.939422,52.890888872522)
  );
#3114 = VERTEX_POINT('',#3115);
#3115 = CARTESIAN_POINT('',(138.23978838145,106.939422,52.890888872522)
  );
#3116 = LINE('',#3117,#3118);
#3117 = CARTESIAN_POINT('',(138.23978838145,105.939422,52.890888872522)
  );
#3118 = VECTOR('',#3119,1.);
#3119 = DIRECTION('',(0.,1.,0.));
#3120 = ORIENTED_EDGE('',*,*,#3121,.T.);
#3121 = EDGE_CURVE('',#3114,#3122,#3124,.T.);
#3122 = VERTEX_POINT('',#3123);
#3123 = CARTESIAN_POINT('',(139.26865736545,106.939422,52.890888872522)
  );
#3124 = B_SPLINE_CURVE_WITH_KNOTS('',1,(#3125,#3126),.UNSPECIFIED.,.F.,
  .F.,(2,2),(0.,10.99219),.PIECEWISE_BEZIER_KNOTS.);
#3125 = CARTESIAN_POINT('',(138.23978838145,106.939422,52.890888872522)
  );
#3126 = CARTESIAN_POINT('',(139.26865736545,106.939422,52.890888872522)
  );
#3127 = ORIENTED_EDGE('',*,*,#3128,.F.);
#3128 = EDGE_CURVE('',#3129,#3122,#3131,.T.);
#3129 = VERTEX_POINT('',#3130);
#3130 = CARTESIAN_POINT('',(139.26865736545,105.939422,52.890888872522)
  );
#3131 = LINE('',#3132,#3133);
#3132 = CARTESIAN_POINT('',(139.26865736545,105.939422,52.890888872522)
  );
#3133 = VECTOR('',#3134,1.);
#3134 = DIRECTION('',(0.,1.,0.));
#3135 = ORIENTED_EDGE('',*,*,#3136,.F.);
#3136 = EDGE_CURVE('',#3112,#3129,#3137,.T.);
#3137 = B_SPLINE_CURVE_WITH_KNOTS('',1,(#3138,#3139),.UNSPECIFIED.,.F.,
  .F.,(2,2),(0.,10.99219),.PIECEWISE_BEZIER_KNOTS.);
#3138 = CARTESIAN_POINT('',(138.23978838145,105.939422,52.890888872522)
  );
#3139 = CARTESIAN_POINT('',(139.26865736545,105.939422,52.890888872522)
  );
#3140 = SURFACE_OF_LINEAR_EXTRUSION('',#3141,#3144);
#3141 = B_SPLINE_CURVE_WITH_KNOTS('',1,(#3142,#3143),.UNSPECIFIED.,.F.,
  .F.,(2,2),(0.,10.99219),.PIECEWISE_BEZIER_KNOTS.);
#3142 = CARTESIAN_POINT('',(138.23978838145,105.939422,52.890888872522)
  );
#3143 = CARTESIAN_POINT('',(139.26865736545,105.939422,52.890888872522)
  );
#3144 = VECTOR('',#3145,1.);
#3145 = DIRECTION('',(-0.,-1.,-0.));
#3146 = ADVANCED_FACE('',(#3147),#3170,.T.);
#3147 = FACE_BOUND('',#3148,.T.);
#3148 = EDGE_LOOP('',(#3149,#3159,#3164,#3165));
#3149 = ORIENTED_EDGE('',*,*,#3150,.T.);
#3150 = EDGE_CURVE('',#3151,#3153,#3155,.T.);
#3151 = VERTEX_POINT('',#3152);
#3152 = CARTESIAN_POINT('',(139.33008236545,105.939422,54.290501840522)
  );
#3153 = VERTEX_POINT('',#3154);
#3154 = CARTESIAN_POINT('',(139.33008236545,106.939422,54.290501840522)
  );
#3155 = LINE('',#3156,#3157);
#3156 = CARTESIAN_POINT('',(139.33008236545,105.939422,54.290501840522)
  );
#3157 = VECTOR('',#3158,1.);
#3158 = DIRECTION('',(0.,1.,0.));
#3159 = ORIENTED_EDGE('',*,*,#3160,.T.);
#3160 = EDGE_CURVE('',#3153,#3114,#3161,.T.);
#3161 = B_SPLINE_CURVE_WITH_KNOTS('',1,(#3162,#3163),.UNSPECIFIED.,.F.,
  .F.,(2,2),(0.,18.954742183172),.PIECEWISE_BEZIER_KNOTS.);
#3162 = CARTESIAN_POINT('',(139.33008236545,106.939422,54.290501840522)
  );
#3163 = CARTESIAN_POINT('',(138.23978838145,106.939422,52.890888872522)
  );
#3164 = ORIENTED_EDGE('',*,*,#3111,.F.);
#3165 = ORIENTED_EDGE('',*,*,#3166,.F.);
#3166 = EDGE_CURVE('',#3151,#3112,#3167,.T.);
#3167 = B_SPLINE_CURVE_WITH_KNOTS('',1,(#3168,#3169),.UNSPECIFIED.,.F.,
  .F.,(2,2),(0.,18.954742183172),.PIECEWISE_BEZIER_KNOTS.);
#3168 = CARTESIAN_POINT('',(139.33008236545,105.939422,54.290501840522)
  );
#3169 = CARTESIAN_POINT('',(138.23978838145,105.939422,52.890888872522)
  );
#3170 = SURFACE_OF_LINEAR_EXTRUSION('',#3171,#3174);
#3171 = B_SPLINE_CURVE_WITH_KNOTS('',1,(#3172,#3173),.UNSPECIFIED.,.F.,
  .F.,(2,2),(0.,18.954742183172),.PIECEWISE_BEZIER_KNOTS.);
#3172 = CARTESIAN_POINT('',(139.33008236545,105.939422,54.290501840522)
  );
#3173 = CARTESIAN_POINT('',(138.23978838145,105.939422,52.890888872522)
  );
#3174 = VECTOR('',#3175,1.);
#3175 = DIRECTION('',(-0.,-1.,-0.));
#3176 = ADVANCED_FACE('',(#3177),#3200,.T.);
#3177 = FACE_BOUND('',#3178,.T.);
#3178 = EDGE_LOOP('',(#3179,#3180,#3187,#3195));
#3179 = ORIENTED_EDGE('',*,*,#3128,.T.);
#3180 = ORIENTED_EDGE('',*,*,#3181,.T.);
#3181 = EDGE_CURVE('',#3122,#3182,#3184,.T.);
#3182 = VERTEX_POINT('',#3183);
#3183 = CARTESIAN_POINT('',(140.15932033345,106.939422,54.088676840522)
  );
#3184 = B_SPLINE_CURVE_WITH_KNOTS('',1,(#3185,#3186),.UNSPECIFIED.,.F.,
  .F.,(2,2),(0.,15.947017026118),.PIECEWISE_BEZIER_KNOTS.);
#3185 = CARTESIAN_POINT('',(139.26865736545,106.939422,52.890888872522)
  );
#3186 = CARTESIAN_POINT('',(140.15932033345,106.939422,54.088676840522)
  );
#3187 = ORIENTED_EDGE('',*,*,#3188,.F.);
#3188 = EDGE_CURVE('',#3189,#3182,#3191,.T.);
#3189 = VERTEX_POINT('',#3190);
#3190 = CARTESIAN_POINT('',(140.15932033345,105.939422,54.088676840522)
  );
#3191 = LINE('',#3192,#3193);
#3192 = CARTESIAN_POINT('',(140.15932033345,105.939422,54.088676840522)
  );
#3193 = VECTOR('',#3194,1.);
#3194 = DIRECTION('',(0.,1.,0.));
#3195 = ORIENTED_EDGE('',*,*,#3196,.F.);
#3196 = EDGE_CURVE('',#3129,#3189,#3197,.T.);
#3197 = B_SPLINE_CURVE_WITH_KNOTS('',1,(#3198,#3199),.UNSPECIFIED.,.F.,
  .F.,(2,2),(0.,15.947017026118),.PIECEWISE_BEZIER_KNOTS.);
#3198 = CARTESIAN_POINT('',(139.26865736545,105.939422,52.890888872522)
  );
#3199 = CARTESIAN_POINT('',(140.15932033345,105.939422,54.088676840522)
  );
#3200 = SURFACE_OF_LINEAR_EXTRUSION('',#3201,#3204);
#3201 = B_SPLINE_CURVE_WITH_KNOTS('',1,(#3202,#3203),.UNSPECIFIED.,.F.,
  .F.,(2,2),(0.,15.947017026118),.PIECEWISE_BEZIER_KNOTS.);
#3202 = CARTESIAN_POINT('',(139.26865736545,105.939422,52.890888872522)
  );
#3203 = CARTESIAN_POINT('',(140.15932033345,105.939422,54.088676840522)
  );
#3204 = VECTOR('',#3205,1.);
#3205 = DIRECTION('',(-0.,-1.,-0.));
#3206 = ADVANCED_FACE('',(#3207),#3232,.T.);
#3207 = FACE_BOUND('',#3208,.T.);
#3208 = EDGE_LOOP('',(#3209,#3219,#3225,#3226));
#3209 = ORIENTED_EDGE('',*,*,#3210,.T.);
#3210 = EDGE_CURVE('',#3211,#3213,#3215,.T.);
#3211 = VERTEX_POINT('',#3212);
#3212 = CARTESIAN_POINT('',(138.85184533345,105.939422,54.670019888522)
  );
#3213 = VERTEX_POINT('',#3214);
#3214 = CARTESIAN_POINT('',(138.85184533345,106.939422,54.670019888522)
  );
#3215 = LINE('',#3216,#3217);
#3216 = CARTESIAN_POINT('',(138.85184533345,105.939422,54.670019888522)
  );
#3217 = VECTOR('',#3218,1.);
#3218 = DIRECTION('',(0.,1.,0.));
#3219 = ORIENTED_EDGE('',*,*,#3220,.T.);
#3220 = EDGE_CURVE('',#3213,#3153,#3221,.T.);
#3221 = B_SPLINE_CURVE_WITH_KNOTS('',2,(#3222,#3223,#3224),
  .UNSPECIFIED.,.F.,.F.,(3,3),(0.,1.),.PIECEWISE_BEZIER_KNOTS.);
#3222 = CARTESIAN_POINT('',(138.85184533345,106.939422,54.670019888522)
  );
#3223 = CARTESIAN_POINT('',(139.01857033345,106.939422,54.441869888522)
  );
#3224 = CARTESIAN_POINT('',(139.33008236545,106.939422,54.290501840522)
  );
#3225 = ORIENTED_EDGE('',*,*,#3150,.F.);
#3226 = ORIENTED_EDGE('',*,*,#3227,.F.);
#3227 = EDGE_CURVE('',#3211,#3151,#3228,.T.);
#3228 = B_SPLINE_CURVE_WITH_KNOTS('',2,(#3229,#3230,#3231),
  .UNSPECIFIED.,.F.,.F.,(3,3),(0.,1.),.PIECEWISE_BEZIER_KNOTS.);
#3229 = CARTESIAN_POINT('',(138.85184533345,105.939422,54.670019888522)
  );
#3230 = CARTESIAN_POINT('',(139.01857033345,105.939422,54.441869888522)
  );
#3231 = CARTESIAN_POINT('',(139.33008236545,105.939422,54.290501840522)
  );
#3232 = SURFACE_OF_LINEAR_EXTRUSION('',#3233,#3237);
#3233 = B_SPLINE_CURVE_WITH_KNOTS('',2,(#3234,#3235,#3236),
  .UNSPECIFIED.,.F.,.F.,(3,3),(0.,1.),.PIECEWISE_BEZIER_KNOTS.);
#3234 = CARTESIAN_POINT('',(138.85184533345,105.939422,54.670019888522)
  );
#3235 = CARTESIAN_POINT('',(139.01857033345,105.939422,54.441869888522)
  );
#3236 = CARTESIAN_POINT('',(139.33008236545,105.939422,54.290501840522)
  );
#3237 = VECTOR('',#3238,1.);
#3238 = DIRECTION('',(-0.,-1.,-0.));
#3239 = ADVANCED_FACE('',(#3240),#3263,.T.);
#3240 = FACE_BOUND('',#3241,.T.);
#3241 = EDGE_LOOP('',(#3242,#3243,#3250,#3258));
#3242 = ORIENTED_EDGE('',*,*,#3188,.T.);
#3243 = ORIENTED_EDGE('',*,*,#3244,.T.);
#3244 = EDGE_CURVE('',#3182,#3245,#3247,.T.);
#3245 = VERTEX_POINT('',#3246);
#3246 = CARTESIAN_POINT('',(140.54761338145,106.939422,54.088676840522)
  );
#3247 = B_SPLINE_CURVE_WITH_KNOTS('',1,(#3248,#3249),.UNSPECIFIED.,.F.,
  .F.,(2,2),(0.,4.14843),.PIECEWISE_BEZIER_KNOTS.);
#3248 = CARTESIAN_POINT('',(140.15932033345,106.939422,54.088676840522)
  );
#3249 = CARTESIAN_POINT('',(140.54761338145,106.939422,54.088676840522)
  );
#3250 = ORIENTED_EDGE('',*,*,#3251,.F.);
#3251 = EDGE_CURVE('',#3252,#3245,#3254,.T.);
#3252 = VERTEX_POINT('',#3253);
#3253 = CARTESIAN_POINT('',(140.54761338145,105.939422,54.088676840522)
  );
#3254 = LINE('',#3255,#3256);
#3255 = CARTESIAN_POINT('',(140.54761338145,105.939422,54.088676840522)
  );
#3256 = VECTOR('',#3257,1.);
#3257 = DIRECTION('',(0.,1.,0.));
#3258 = ORIENTED_EDGE('',*,*,#3259,.F.);
#3259 = EDGE_CURVE('',#3189,#3252,#3260,.T.);
#3260 = B_SPLINE_CURVE_WITH_KNOTS('',1,(#3261,#3262),.UNSPECIFIED.,.F.,
  .F.,(2,2),(0.,4.14843),.PIECEWISE_BEZIER_KNOTS.);
#3261 = CARTESIAN_POINT('',(140.15932033345,105.939422,54.088676840522)
  );
#3262 = CARTESIAN_POINT('',(140.54761338145,105.939422,54.088676840522)
  );
#3263 = SURFACE_OF_LINEAR_EXTRUSION('',#3264,#3267);
#3264 = B_SPLINE_CURVE_WITH_KNOTS('',1,(#3265,#3266),.UNSPECIFIED.,.F.,
  .F.,(2,2),(0.,4.14843),.PIECEWISE_BEZIER_KNOTS.);
#3265 = CARTESIAN_POINT('',(140.15932033345,105.939422,54.088676840522)
  );
#3266 = CARTESIAN_POINT('',(140.54761338145,105.939422,54.088676840522)
  );
#3267 = VECTOR('',#3268,1.);
#3268 = DIRECTION('',(-0.,-1.,-0.));
#3269 = ADVANCED_FACE('',(#3270),#3295,.T.);
#3270 = FACE_BOUND('',#3271,.T.);
#3271 = EDGE_LOOP('',(#3272,#3282,#3288,#3289));
#3272 = ORIENTED_EDGE('',*,*,#3273,.T.);
#3273 = EDGE_CURVE('',#3274,#3276,#3278,.T.);
#3274 = VERTEX_POINT('',#3275);
#3275 = CARTESIAN_POINT('',(138.68292634945,105.939422,55.260138872522)
  );
#3276 = VERTEX_POINT('',#3277);
#3277 = CARTESIAN_POINT('',(138.68292634945,106.939422,55.260138872522)
  );
#3278 = LINE('',#3279,#3280);
#3279 = CARTESIAN_POINT('',(138.68292634945,105.939422,55.260138872522)
  );
#3280 = VECTOR('',#3281,1.);
#3281 = DIRECTION('',(0.,1.,0.));
#3282 = ORIENTED_EDGE('',*,*,#3283,.T.);
#3283 = EDGE_CURVE('',#3276,#3213,#3284,.T.);
#3284 = B_SPLINE_CURVE_WITH_KNOTS('',2,(#3285,#3286,#3287),
  .UNSPECIFIED.,.F.,.F.,(3,3),(0.,1.),.PIECEWISE_BEZIER_KNOTS.);
#3285 = CARTESIAN_POINT('',(138.68292634945,106.939422,55.260138872522)
  );
#3286 = CARTESIAN_POINT('',(138.68292634945,106.939422,54.898169888522)
  );
#3287 = CARTESIAN_POINT('',(138.85184533345,106.939422,54.670019888522)
  );
#3288 = ORIENTED_EDGE('',*,*,#3210,.F.);
#3289 = ORIENTED_EDGE('',*,*,#3290,.F.);
#3290 = EDGE_CURVE('',#3274,#3211,#3291,.T.);
#3291 = B_SPLINE_CURVE_WITH_KNOTS('',2,(#3292,#3293,#3294),
  .UNSPECIFIED.,.F.,.F.,(3,3),(0.,1.),.PIECEWISE_BEZIER_KNOTS.);
#3292 = CARTESIAN_POINT('',(138.68292634945,105.939422,55.260138872522)
  );
#3293 = CARTESIAN_POINT('',(138.68292634945,105.939422,54.898169888522)
  );
#3294 = CARTESIAN_POINT('',(138.85184533345,105.939422,54.670019888522)
  );
#3295 = SURFACE_OF_LINEAR_EXTRUSION('',#3296,#3300);
#3296 = B_SPLINE_CURVE_WITH_KNOTS('',2,(#3297,#3298,#3299),
  .UNSPECIFIED.,.F.,.F.,(3,3),(0.,1.),.PIECEWISE_BEZIER_KNOTS.);
#3297 = CARTESIAN_POINT('',(138.68292634945,105.939422,55.260138872522)
  );
#3298 = CARTESIAN_POINT('',(138.68292634945,105.939422,54.898169888522)
  );
#3299 = CARTESIAN_POINT('',(138.85184533345,105.939422,54.670019888522)
  );
#3300 = VECTOR('',#3301,1.);
#3301 = DIRECTION('',(-0.,-1.,-0.));
#3302 = ADVANCED_FACE('',(#3303),#3326,.T.);
#3303 = FACE_BOUND('',#3304,.T.);
#3304 = EDGE_LOOP('',(#3305,#3306,#3313,#3321));
#3305 = ORIENTED_EDGE('',*,*,#3251,.T.);
#3306 = ORIENTED_EDGE('',*,*,#3307,.T.);
#3307 = EDGE_CURVE('',#3245,#3308,#3310,.T.);
#3308 = VERTEX_POINT('',#3309);
#3309 = CARTESIAN_POINT('',(140.54761338145,106.939422,52.890888872522)
  );
#3310 = B_SPLINE_CURVE_WITH_KNOTS('',1,(#3311,#3312),.UNSPECIFIED.,.F.,
  .F.,(2,2),(0.,12.79688),.PIECEWISE_BEZIER_KNOTS.);
#3311 = CARTESIAN_POINT('',(140.54761338145,106.939422,54.088676840522)
  );
#3312 = CARTESIAN_POINT('',(140.54761338145,106.939422,52.890888872522)
  );
#3313 = ORIENTED_EDGE('',*,*,#3314,.F.);
#3314 = EDGE_CURVE('',#3315,#3308,#3317,.T.);
#3315 = VERTEX_POINT('',#3316);
#3316 = CARTESIAN_POINT('',(140.54761338145,105.939422,52.890888872522)
  );
#3317 = LINE('',#3318,#3319);
#3318 = CARTESIAN_POINT('',(140.54761338145,105.939422,52.890888872522)
  );
#3319 = VECTOR('',#3320,1.);
#3320 = DIRECTION('',(0.,1.,0.));
#3321 = ORIENTED_EDGE('',*,*,#3322,.F.);
#3322 = EDGE_CURVE('',#3252,#3315,#3323,.T.);
#3323 = B_SPLINE_CURVE_WITH_KNOTS('',1,(#3324,#3325),.UNSPECIFIED.,.F.,
  .F.,(2,2),(0.,12.79688),.PIECEWISE_BEZIER_KNOTS.);
#3324 = CARTESIAN_POINT('',(140.54761338145,105.939422,54.088676840522)
  );
#3325 = CARTESIAN_POINT('',(140.54761338145,105.939422,52.890888872522)
  );
#3326 = SURFACE_OF_LINEAR_EXTRUSION('',#3327,#3330);
#3327 = B_SPLINE_CURVE_WITH_KNOTS('',1,(#3328,#3329),.UNSPECIFIED.,.F.,
  .F.,(2,2),(0.,12.79688),.PIECEWISE_BEZIER_KNOTS.);
#3328 = CARTESIAN_POINT('',(140.54761338145,105.939422,54.088676840522)
  );
#3329 = CARTESIAN_POINT('',(140.54761338145,105.939422,52.890888872522)
  );
#3330 = VECTOR('',#3331,1.);
#3331 = DIRECTION('',(-0.,-1.,-0.));
#3332 = ADVANCED_FACE('',(#3333),#3358,.T.);
#3333 = FACE_BOUND('',#3334,.T.);
#3334 = EDGE_LOOP('',(#3335,#3345,#3351,#3352));
#3335 = ORIENTED_EDGE('',*,*,#3336,.T.);
#3336 = EDGE_CURVE('',#3337,#3339,#3341,.T.);
#3337 = VERTEX_POINT('',#3338);
#3338 = CARTESIAN_POINT('',(138.79261338145,105.939422,55.696694888522)
  );
#3339 = VERTEX_POINT('',#3340);
#3340 = CARTESIAN_POINT('',(138.79261338145,106.939422,55.696694888522)
  );
#3341 = LINE('',#3342,#3343);
#3342 = CARTESIAN_POINT('',(138.79261338145,105.939422,55.696694888522)
  );
#3343 = VECTOR('',#3344,1.);
#3344 = DIRECTION('',(0.,1.,0.));
#3345 = ORIENTED_EDGE('',*,*,#3346,.T.);
#3346 = EDGE_CURVE('',#3339,#3276,#3347,.T.);
#3347 = B_SPLINE_CURVE_WITH_KNOTS('',2,(#3348,#3349,#3350),
  .UNSPECIFIED.,.F.,.F.,(3,3),(0.,1.),.PIECEWISE_BEZIER_KNOTS.);
#3348 = CARTESIAN_POINT('',(138.79261338145,106.939422,55.696694888522)
  );
#3349 = CARTESIAN_POINT('',(138.68292634945,106.939422,55.523388872522)
  );
#3350 = CARTESIAN_POINT('',(138.68292634945,106.939422,55.260138872522)
  );
#3351 = ORIENTED_EDGE('',*,*,#3273,.F.);
#3352 = ORIENTED_EDGE('',*,*,#3353,.F.);
#3353 = EDGE_CURVE('',#3337,#3274,#3354,.T.);
#3354 = B_SPLINE_CURVE_WITH_KNOTS('',2,(#3355,#3356,#3357),
  .UNSPECIFIED.,.F.,.F.,(3,3),(0.,1.),.PIECEWISE_BEZIER_KNOTS.);
#3355 = CARTESIAN_POINT('',(138.79261338145,105.939422,55.696694888522)
  );
#3356 = CARTESIAN_POINT('',(138.68292634945,105.939422,55.523388872522)
  );
#3357 = CARTESIAN_POINT('',(138.68292634945,105.939422,55.260138872522)
  );
#3358 = SURFACE_OF_LINEAR_EXTRUSION('',#3359,#3363);
#3359 = B_SPLINE_CURVE_WITH_KNOTS('',2,(#3360,#3361,#3362),
  .UNSPECIFIED.,.F.,.F.,(3,3),(0.,1.),.PIECEWISE_BEZIER_KNOTS.);
#3360 = CARTESIAN_POINT('',(138.79261338145,105.939422,55.696694888522)
  );
#3361 = CARTESIAN_POINT('',(138.68292634945,105.939422,55.523388872522)
  );
#3362 = CARTESIAN_POINT('',(138.68292634945,105.939422,55.260138872522)
  );
#3363 = VECTOR('',#3364,1.);
#3364 = DIRECTION('',(-0.,-1.,-0.));
#3365 = ADVANCED_FACE('',(#3366),#3389,.T.);
#3366 = FACE_BOUND('',#3367,.T.);
#3367 = EDGE_LOOP('',(#3368,#3369,#3376,#3384));
#3368 = ORIENTED_EDGE('',*,*,#3314,.T.);
#3369 = ORIENTED_EDGE('',*,*,#3370,.T.);
#3370 = EDGE_CURVE('',#3308,#3371,#3373,.T.);
#3371 = VERTEX_POINT('',#3372);
#3372 = CARTESIAN_POINT('',(141.38562634945,106.939422,52.890888872522)
  );
#3373 = B_SPLINE_CURVE_WITH_KNOTS('',1,(#3374,#3375),.UNSPECIFIED.,.F.,
  .F.,(2,2),(0.,8.95313),.PIECEWISE_BEZIER_KNOTS.);
#3374 = CARTESIAN_POINT('',(140.54761338145,106.939422,52.890888872522)
  );
#3375 = CARTESIAN_POINT('',(141.38562634945,106.939422,52.890888872522)
  );
#3376 = ORIENTED_EDGE('',*,*,#3377,.F.);
#3377 = EDGE_CURVE('',#3378,#3371,#3380,.T.);
#3378 = VERTEX_POINT('',#3379);
#3379 = CARTESIAN_POINT('',(141.38562634945,105.939422,52.890888872522)
  );
#3380 = LINE('',#3381,#3382);
#3381 = CARTESIAN_POINT('',(141.38562634945,105.939422,52.890888872522)
  );
#3382 = VECTOR('',#3383,1.);
#3383 = DIRECTION('',(0.,1.,0.));
#3384 = ORIENTED_EDGE('',*,*,#3385,.F.);
#3385 = EDGE_CURVE('',#3315,#3378,#3386,.T.);
#3386 = B_SPLINE_CURVE_WITH_KNOTS('',1,(#3387,#3388),.UNSPECIFIED.,.F.,
  .F.,(2,2),(0.,8.95313),.PIECEWISE_BEZIER_KNOTS.);
#3387 = CARTESIAN_POINT('',(140.54761338145,105.939422,52.890888872522)
  );
#3388 = CARTESIAN_POINT('',(141.38562634945,105.939422,52.890888872522)
  );
#3389 = SURFACE_OF_LINEAR_EXTRUSION('',#3390,#3393);
#3390 = B_SPLINE_CURVE_WITH_KNOTS('',1,(#3391,#3392),.UNSPECIFIED.,.F.,
  .F.,(2,2),(0.,8.95313),.PIECEWISE_BEZIER_KNOTS.);
#3391 = CARTESIAN_POINT('',(140.54761338145,105.939422,52.890888872522)
  );
#3392 = CARTESIAN_POINT('',(141.38562634945,105.939422,52.890888872522)
  );
#3393 = VECTOR('',#3394,1.);
#3394 = DIRECTION('',(-0.,-1.,-0.));
#3395 = ADVANCED_FACE('',(#3396),#3421,.T.);
#3396 = FACE_BOUND('',#3397,.T.);
#3397 = EDGE_LOOP('',(#3398,#3408,#3414,#3415));
#3398 = ORIENTED_EDGE('',*,*,#3399,.T.);
#3399 = EDGE_CURVE('',#3400,#3402,#3404,.T.);
#3400 = VERTEX_POINT('',#3401);
#3401 = CARTESIAN_POINT('',(139.08438236545,105.939422,55.981882856522)
  );
#3402 = VERTEX_POINT('',#3403);
#3403 = CARTESIAN_POINT('',(139.08438236545,106.939422,55.981882856522)
  );
#3404 = LINE('',#3405,#3406);
#3405 = CARTESIAN_POINT('',(139.08438236545,105.939422,55.981882856522)
  );
#3406 = VECTOR('',#3407,1.);
#3407 = DIRECTION('',(0.,1.,0.));
#3408 = ORIENTED_EDGE('',*,*,#3409,.T.);
#3409 = EDGE_CURVE('',#3402,#3339,#3410,.T.);
#3410 = B_SPLINE_CURVE_WITH_KNOTS('',2,(#3411,#3412,#3413),
  .UNSPECIFIED.,.F.,.F.,(3,3),(0.,1.),.PIECEWISE_BEZIER_KNOTS.);
#3411 = CARTESIAN_POINT('',(139.08438236545,106.939422,55.981882856522)
  );
#3412 = CARTESIAN_POINT('',(138.90010736545,106.939422,55.872194888522)
  );
#3413 = CARTESIAN_POINT('',(138.79261338145,106.939422,55.696694888522)
  );
#3414 = ORIENTED_EDGE('',*,*,#3336,.F.);
#3415 = ORIENTED_EDGE('',*,*,#3416,.F.);
#3416 = EDGE_CURVE('',#3400,#3337,#3417,.T.);
#3417 = B_SPLINE_CURVE_WITH_KNOTS('',2,(#3418,#3419,#3420),
  .UNSPECIFIED.,.F.,.F.,(3,3),(0.,1.),.PIECEWISE_BEZIER_KNOTS.);
#3418 = CARTESIAN_POINT('',(139.08438236545,105.939422,55.981882856522)
  );
#3419 = CARTESIAN_POINT('',(138.90010736545,105.939422,55.872194888522)
  );
#3420 = CARTESIAN_POINT('',(138.79261338145,105.939422,55.696694888522)
  );
#3421 = SURFACE_OF_LINEAR_EXTRUSION('',#3422,#3426);
#3422 = B_SPLINE_CURVE_WITH_KNOTS('',2,(#3423,#3424,#3425),
  .UNSPECIFIED.,.F.,.F.,(3,3),(0.,1.),.PIECEWISE_BEZIER_KNOTS.);
#3423 = CARTESIAN_POINT('',(139.08438236545,105.939422,55.981882856522)
  );
#3424 = CARTESIAN_POINT('',(138.90010736545,105.939422,55.872194888522)
  );
#3425 = CARTESIAN_POINT('',(138.79261338145,105.939422,55.696694888522)
  );
#3426 = VECTOR('',#3427,1.);
#3427 = DIRECTION('',(-0.,-1.,-0.));
#3428 = ADVANCED_FACE('',(#3429),#3452,.T.);
#3429 = FACE_BOUND('',#3430,.T.);
#3430 = EDGE_LOOP('',(#3431,#3432,#3439,#3447));
#3431 = ORIENTED_EDGE('',*,*,#3377,.T.);
#3432 = ORIENTED_EDGE('',*,*,#3433,.T.);
#3433 = EDGE_CURVE('',#3371,#3434,#3436,.T.);
#3434 = VERTEX_POINT('',#3435);
#3435 = CARTESIAN_POINT('',(141.38562634945,106.939422,56.157382856522)
  );
#3436 = B_SPLINE_CURVE_WITH_KNOTS('',1,(#3437,#3438),.UNSPECIFIED.,.F.,
  .F.,(2,2),(0.,34.89844),.PIECEWISE_BEZIER_KNOTS.);
#3437 = CARTESIAN_POINT('',(141.38562634945,106.939422,52.890888872522)
  );
#3438 = CARTESIAN_POINT('',(141.38562634945,106.939422,56.157382856522)
  );
#3439 = ORIENTED_EDGE('',*,*,#3440,.F.);
#3440 = EDGE_CURVE('',#3441,#3434,#3443,.T.);
#3441 = VERTEX_POINT('',#3442);
#3442 = CARTESIAN_POINT('',(141.38562634945,105.939422,56.157382856522)
  );
#3443 = LINE('',#3444,#3445);
#3444 = CARTESIAN_POINT('',(141.38562634945,105.939422,56.157382856522)
  );
#3445 = VECTOR('',#3446,1.);
#3446 = DIRECTION('',(0.,1.,0.));
#3447 = ORIENTED_EDGE('',*,*,#3448,.F.);
#3448 = EDGE_CURVE('',#3378,#3441,#3449,.T.);
#3449 = B_SPLINE_CURVE_WITH_KNOTS('',1,(#3450,#3451),.UNSPECIFIED.,.F.,
  .F.,(2,2),(0.,34.89844),.PIECEWISE_BEZIER_KNOTS.);
#3450 = CARTESIAN_POINT('',(141.38562634945,105.939422,52.890888872522)
  );
#3451 = CARTESIAN_POINT('',(141.38562634945,105.939422,56.157382856522)
  );
#3452 = SURFACE_OF_LINEAR_EXTRUSION('',#3453,#3456);
#3453 = B_SPLINE_CURVE_WITH_KNOTS('',1,(#3454,#3455),.UNSPECIFIED.,.F.,
  .F.,(2,2),(0.,34.89844),.PIECEWISE_BEZIER_KNOTS.);
#3454 = CARTESIAN_POINT('',(141.38562634945,105.939422,52.890888872522)
  );
#3455 = CARTESIAN_POINT('',(141.38562634945,105.939422,56.157382856522)
  );
#3456 = VECTOR('',#3457,1.);
#3457 = DIRECTION('',(-0.,-1.,-0.));
#3458 = ADVANCED_FACE('',(#3459),#3484,.T.);
#3459 = FACE_BOUND('',#3460,.T.);
#3460 = EDGE_LOOP('',(#3461,#3471,#3477,#3478));
#3461 = ORIENTED_EDGE('',*,*,#3462,.T.);
#3462 = EDGE_CURVE('',#3463,#3465,#3467,.T.);
#3463 = VERTEX_POINT('',#3464);
#3464 = CARTESIAN_POINT('',(139.47487033345,105.939422,56.124475904522)
  );
#3465 = VERTEX_POINT('',#3466);
#3466 = CARTESIAN_POINT('',(139.47487033345,106.939422,56.124475904522)
  );
#3467 = LINE('',#3468,#3469);
#3468 = CARTESIAN_POINT('',(139.47487033345,105.939422,56.124475904522)
  );
#3469 = VECTOR('',#3470,1.);
#3470 = DIRECTION('',(0.,1.,0.));
#3471 = ORIENTED_EDGE('',*,*,#3472,.T.);
#3472 = EDGE_CURVE('',#3465,#3402,#3473,.T.);
#3473 = B_SPLINE_CURVE_WITH_KNOTS('',2,(#3474,#3475,#3476),
  .UNSPECIFIED.,.F.,.F.,(3,3),(0.,1.),.PIECEWISE_BEZIER_KNOTS.);
#3474 = CARTESIAN_POINT('',(139.47487033345,106.939422,56.124475904522)
  );
#3475 = CARTESIAN_POINT('',(139.26646338145,106.939422,56.091569888522)
  );
#3476 = CARTESIAN_POINT('',(139.08438236545,106.939422,55.981882856522)
  );
#3477 = ORIENTED_EDGE('',*,*,#3399,.F.);
#3478 = ORIENTED_EDGE('',*,*,#3479,.F.);
#3479 = EDGE_CURVE('',#3463,#3400,#3480,.T.);
#3480 = B_SPLINE_CURVE_WITH_KNOTS('',2,(#3481,#3482,#3483),
  .UNSPECIFIED.,.F.,.F.,(3,3),(0.,1.),.PIECEWISE_BEZIER_KNOTS.);
#3481 = CARTESIAN_POINT('',(139.47487033345,105.939422,56.124475904522)
  );
#3482 = CARTESIAN_POINT('',(139.26646338145,105.939422,56.091569888522)
  );
#3483 = CARTESIAN_POINT('',(139.08438236545,105.939422,55.981882856522)
  );
#3484 = SURFACE_OF_LINEAR_EXTRUSION('',#3485,#3489);
#3485 = B_SPLINE_CURVE_WITH_KNOTS('',2,(#3486,#3487,#3488),
  .UNSPECIFIED.,.F.,.F.,(3,3),(0.,1.),.PIECEWISE_BEZIER_KNOTS.);
#3486 = CARTESIAN_POINT('',(139.47487033345,105.939422,56.124475904522)
  );
#3487 = CARTESIAN_POINT('',(139.26646338145,105.939422,56.091569888522)
  );
#3488 = CARTESIAN_POINT('',(139.08438236545,105.939422,55.981882856522)
  );
#3489 = VECTOR('',#3490,1.);
#3490 = DIRECTION('',(-0.,-1.,-0.));
#3491 = ADVANCED_FACE('',(#3492),#3515,.T.);
#3492 = FACE_BOUND('',#3493,.T.);
#3493 = EDGE_LOOP('',(#3494,#3495,#3502,#3510));
#3494 = ORIENTED_EDGE('',*,*,#3440,.T.);
#3495 = ORIENTED_EDGE('',*,*,#3496,.T.);
#3496 = EDGE_CURVE('',#3434,#3497,#3499,.T.);
#3497 = VERTEX_POINT('',#3498);
#3498 = CARTESIAN_POINT('',(139.97285134945,106.939422,56.157382856522)
  );
#3499 = B_SPLINE_CURVE_WITH_KNOTS('',1,(#3500,#3501),.UNSPECIFIED.,.F.,
  .F.,(2,2),(0.,15.09375),.PIECEWISE_BEZIER_KNOTS.);
#3500 = CARTESIAN_POINT('',(141.38562634945,106.939422,56.157382856522)
  );
#3501 = CARTESIAN_POINT('',(139.97285134945,106.939422,56.157382856522)
  );
#3502 = ORIENTED_EDGE('',*,*,#3503,.F.);
#3503 = EDGE_CURVE('',#3504,#3497,#3506,.T.);
#3504 = VERTEX_POINT('',#3505);
#3505 = CARTESIAN_POINT('',(139.97285134945,105.939422,56.157382856522)
  );
#3506 = LINE('',#3507,#3508);
#3507 = CARTESIAN_POINT('',(139.97285134945,105.939422,56.157382856522)
  );
#3508 = VECTOR('',#3509,1.);
#3509 = DIRECTION('',(0.,1.,0.));
#3510 = ORIENTED_EDGE('',*,*,#3511,.F.);
#3511 = EDGE_CURVE('',#3441,#3504,#3512,.T.);
#3512 = B_SPLINE_CURVE_WITH_KNOTS('',1,(#3513,#3514),.UNSPECIFIED.,.F.,
  .F.,(2,2),(0.,15.09375),.PIECEWISE_BEZIER_KNOTS.);
#3513 = CARTESIAN_POINT('',(141.38562634945,105.939422,56.157382856522)
  );
#3514 = CARTESIAN_POINT('',(139.97285134945,105.939422,56.157382856522)
  );
#3515 = SURFACE_OF_LINEAR_EXTRUSION('',#3516,#3519);
#3516 = B_SPLINE_CURVE_WITH_KNOTS('',1,(#3517,#3518),.UNSPECIFIED.,.F.,
  .F.,(2,2),(0.,15.09375),.PIECEWISE_BEZIER_KNOTS.);
#3517 = CARTESIAN_POINT('',(141.38562634945,105.939422,56.157382856522)
  );
#3518 = CARTESIAN_POINT('',(139.97285134945,105.939422,56.157382856522)
  );
#3519 = VECTOR('',#3520,1.);
#3520 = DIRECTION('',(-0.,-1.,-0.));
#3521 = ADVANCED_FACE('',(#3522),#3538,.T.);
#3522 = FACE_BOUND('',#3523,.T.);
#3523 = EDGE_LOOP('',(#3524,#3525,#3531,#3532));
#3524 = ORIENTED_EDGE('',*,*,#3503,.T.);
#3525 = ORIENTED_EDGE('',*,*,#3526,.T.);
#3526 = EDGE_CURVE('',#3497,#3465,#3527,.T.);
#3527 = B_SPLINE_CURVE_WITH_KNOTS('',2,(#3528,#3529,#3530),
  .UNSPECIFIED.,.F.,.F.,(3,3),(0.,1.),.PIECEWISE_BEZIER_KNOTS.);
#3528 = CARTESIAN_POINT('',(139.97285134945,106.939422,56.157382856522)
  );
#3529 = CARTESIAN_POINT('',(139.68327634945,106.939422,56.157382856522)
  );
#3530 = CARTESIAN_POINT('',(139.47487033345,106.939422,56.124475904522)
  );
#3531 = ORIENTED_EDGE('',*,*,#3462,.F.);
#3532 = ORIENTED_EDGE('',*,*,#3533,.F.);
#3533 = EDGE_CURVE('',#3504,#3463,#3534,.T.);
#3534 = B_SPLINE_CURVE_WITH_KNOTS('',2,(#3535,#3536,#3537),
  .UNSPECIFIED.,.F.,.F.,(3,3),(0.,1.),.PIECEWISE_BEZIER_KNOTS.);
#3535 = CARTESIAN_POINT('',(139.97285134945,105.939422,56.157382856522)
  );
#3536 = CARTESIAN_POINT('',(139.68327634945,105.939422,56.157382856522)
  );
#3537 = CARTESIAN_POINT('',(139.47487033345,105.939422,56.124475904522)
  );
#3538 = SURFACE_OF_LINEAR_EXTRUSION('',#3539,#3543);
#3539 = B_SPLINE_CURVE_WITH_KNOTS('',2,(#3540,#3541,#3542),
  .UNSPECIFIED.,.F.,.F.,(3,3),(0.,1.),.PIECEWISE_BEZIER_KNOTS.);
#3540 = CARTESIAN_POINT('',(139.97285134945,105.939422,56.157382856522)
  );
#3541 = CARTESIAN_POINT('',(139.68327634945,105.939422,56.157382856522)
  );
#3542 = CARTESIAN_POINT('',(139.47487033345,105.939422,56.124475904522)
  );
#3543 = VECTOR('',#3544,1.);
#3544 = DIRECTION('',(-0.,-1.,-0.));
#3545 = ADVANCED_FACE('',(#3546),#3580,.T.);
#3546 = FACE_BOUND('',#3547,.T.);
#3547 = EDGE_LOOP('',(#3548,#3558,#3566,#3574));
#3548 = ORIENTED_EDGE('',*,*,#3549,.T.);
#3549 = EDGE_CURVE('',#3550,#3552,#3554,.T.);
#3550 = VERTEX_POINT('',#3551);
#3551 = CARTESIAN_POINT('',(139.59552634945,105.939422,54.935459192522)
  );
#3552 = VERTEX_POINT('',#3553);
#3553 = CARTESIAN_POINT('',(139.59552634945,106.939422,54.935459192522)
  );
#3554 = LINE('',#3555,#3556);
#3555 = CARTESIAN_POINT('',(139.59552634945,105.939422,54.935459192522)
  );
#3556 = VECTOR('',#3557,1.);
#3557 = DIRECTION('',(0.,1.,0.));
#3558 = ORIENTED_EDGE('',*,*,#3559,.T.);
#3559 = EDGE_CURVE('',#3552,#3560,#3562,.T.);
#3560 = VERTEX_POINT('',#3561);
#3561 = CARTESIAN_POINT('',(139.55384533345,106.939422,55.157032856522)
  );
#3562 = B_SPLINE_CURVE_WITH_KNOTS('',2,(#3563,#3564,#3565),
  .UNSPECIFIED.,.F.,.F.,(3,3),(0.,1.),.PIECEWISE_BEZIER_KNOTS.);
#3563 = CARTESIAN_POINT('',(139.59552634945,106.939422,54.935459192522)
  );
#3564 = CARTESIAN_POINT('',(139.55384533345,106.939422,55.018824500522)
  );
#3565 = CARTESIAN_POINT('',(139.55384533345,106.939422,55.157032856522)
  );
#3566 = ORIENTED_EDGE('',*,*,#3567,.F.);
#3567 = EDGE_CURVE('',#3568,#3560,#3570,.T.);
#3568 = VERTEX_POINT('',#3569);
#3569 = CARTESIAN_POINT('',(139.55384533345,105.939422,55.157032856522)
  );
#3570 = LINE('',#3571,#3572);
#3571 = CARTESIAN_POINT('',(139.55384533345,105.939422,55.157032856522)
  );
#3572 = VECTOR('',#3573,1.);
#3573 = DIRECTION('',(0.,1.,0.));
#3574 = ORIENTED_EDGE('',*,*,#3575,.F.);
#3575 = EDGE_CURVE('',#3550,#3568,#3576,.T.);
#3576 = B_SPLINE_CURVE_WITH_KNOTS('',2,(#3577,#3578,#3579),
  .UNSPECIFIED.,.F.,.F.,(3,3),(0.,1.),.PIECEWISE_BEZIER_KNOTS.);
#3577 = CARTESIAN_POINT('',(139.59552634945,105.939422,54.935459192522)
  );
#3578 = CARTESIAN_POINT('',(139.55384533345,105.939422,55.018824500522)
  );
#3579 = CARTESIAN_POINT('',(139.55384533345,105.939422,55.157032856522)
  );
#3580 = SURFACE_OF_LINEAR_EXTRUSION('',#3581,#3585);
#3581 = B_SPLINE_CURVE_WITH_KNOTS('',2,(#3582,#3583,#3584),
  .UNSPECIFIED.,.F.,.F.,(3,3),(0.,1.),.PIECEWISE_BEZIER_KNOTS.);
#3582 = CARTESIAN_POINT('',(139.59552634945,105.939422,54.935459192522)
  );
#3583 = CARTESIAN_POINT('',(139.55384533345,105.939422,55.018824500522)
  );
#3584 = CARTESIAN_POINT('',(139.55384533345,105.939422,55.157032856522)
  );
#3585 = VECTOR('',#3586,1.);
#3586 = DIRECTION('',(-0.,-1.,-0.));
#3587 = ADVANCED_FACE('',(#3588),#3613,.T.);
#3588 = FACE_BOUND('',#3589,.T.);
#3589 = EDGE_LOOP('',(#3590,#3600,#3606,#3607));
#3590 = ORIENTED_EDGE('',*,*,#3591,.T.);
#3591 = EDGE_CURVE('',#3592,#3594,#3596,.T.);
#3592 = VERTEX_POINT('',#3593);
#3593 = CARTESIAN_POINT('',(139.72276338145,105.939422,54.786284192522)
  );
#3594 = VERTEX_POINT('',#3595);
#3595 = CARTESIAN_POINT('',(139.72276338145,106.939422,54.786284192522)
  );
#3596 = LINE('',#3597,#3598);
#3597 = CARTESIAN_POINT('',(139.72276338145,105.939422,54.786284192522)
  );
#3598 = VECTOR('',#3599,1.);
#3599 = DIRECTION('',(0.,1.,0.));
#3600 = ORIENTED_EDGE('',*,*,#3601,.T.);
#3601 = EDGE_CURVE('',#3594,#3552,#3602,.T.);
#3602 = B_SPLINE_CURVE_WITH_KNOTS('',2,(#3603,#3604,#3605),
  .UNSPECIFIED.,.F.,.F.,(3,3),(0.,1.),.PIECEWISE_BEZIER_KNOTS.);
#3603 = CARTESIAN_POINT('',(139.72276338145,106.939422,54.786284192522)
  );
#3604 = CARTESIAN_POINT('',(139.63501338145,106.939422,54.854290208522)
  );
#3605 = CARTESIAN_POINT('',(139.59552634945,106.939422,54.935459192522)
  );
#3606 = ORIENTED_EDGE('',*,*,#3549,.F.);
#3607 = ORIENTED_EDGE('',*,*,#3608,.F.);
#3608 = EDGE_CURVE('',#3592,#3550,#3609,.T.);
#3609 = B_SPLINE_CURVE_WITH_KNOTS('',2,(#3610,#3611,#3612),
  .UNSPECIFIED.,.F.,.F.,(3,3),(0.,1.),.PIECEWISE_BEZIER_KNOTS.);
#3610 = CARTESIAN_POINT('',(139.72276338145,105.939422,54.786284192522)
  );
#3611 = CARTESIAN_POINT('',(139.63501338145,105.939422,54.854290208522)
  );
#3612 = CARTESIAN_POINT('',(139.59552634945,105.939422,54.935459192522)
  );
#3613 = SURFACE_OF_LINEAR_EXTRUSION('',#3614,#3618);
#3614 = B_SPLINE_CURVE_WITH_KNOTS('',2,(#3615,#3616,#3617),
  .UNSPECIFIED.,.F.,.F.,(3,3),(0.,1.),.PIECEWISE_BEZIER_KNOTS.);
#3615 = CARTESIAN_POINT('',(139.72276338145,105.939422,54.786284192522)
  );
#3616 = CARTESIAN_POINT('',(139.63501338145,105.939422,54.854290208522)
  );
#3617 = CARTESIAN_POINT('',(139.59552634945,105.939422,54.935459192522)
  );
#3618 = VECTOR('',#3619,1.);
#3619 = DIRECTION('',(-0.,-1.,-0.));
#3620 = ADVANCED_FACE('',(#3621),#3646,.T.);
#3621 = FACE_BOUND('',#3622,.T.);
#3622 = EDGE_LOOP('',(#3623,#3633,#3639,#3640));
#3623 = ORIENTED_EDGE('',*,*,#3624,.T.);
#3624 = EDGE_CURVE('',#3625,#3627,#3629,.T.);
#3625 = VERTEX_POINT('',#3626);
#3626 = CARTESIAN_POINT('',(139.95091338145,105.939422,54.696340208522)
  );
#3627 = VERTEX_POINT('',#3628);
#3628 = CARTESIAN_POINT('',(139.95091338145,106.939422,54.696340208522)
  );
#3629 = LINE('',#3630,#3631);
#3630 = CARTESIAN_POINT('',(139.95091338145,105.939422,54.696340208522)
  );
#3631 = VECTOR('',#3632,1.);
#3632 = DIRECTION('',(0.,1.,0.));
#3633 = ORIENTED_EDGE('',*,*,#3634,.T.);
#3634 = EDGE_CURVE('',#3627,#3594,#3635,.T.);
#3635 = B_SPLINE_CURVE_WITH_KNOTS('',2,(#3636,#3637,#3638),
  .UNSPECIFIED.,.F.,.F.,(3,3),(0.,1.),.PIECEWISE_BEZIER_KNOTS.);
#3636 = CARTESIAN_POINT('',(139.95091338145,106.939422,54.696340208522)
  );
#3637 = CARTESIAN_POINT('',(139.81490134945,106.939422,54.716084192522)
  );
#3638 = CARTESIAN_POINT('',(139.72276338145,106.939422,54.786284192522)
  );
#3639 = ORIENTED_EDGE('',*,*,#3591,.F.);
#3640 = ORIENTED_EDGE('',*,*,#3641,.F.);
#3641 = EDGE_CURVE('',#3625,#3592,#3642,.T.);
#3642 = B_SPLINE_CURVE_WITH_KNOTS('',2,(#3643,#3644,#3645),
  .UNSPECIFIED.,.F.,.F.,(3,3),(0.,1.),.PIECEWISE_BEZIER_KNOTS.);
#3643 = CARTESIAN_POINT('',(139.95091338145,105.939422,54.696340208522)
  );
#3644 = CARTESIAN_POINT('',(139.81490134945,105.939422,54.716084192522)
  );
#3645 = CARTESIAN_POINT('',(139.72276338145,105.939422,54.786284192522)
  );
#3646 = SURFACE_OF_LINEAR_EXTRUSION('',#3647,#3651);
#3647 = B_SPLINE_CURVE_WITH_KNOTS('',2,(#3648,#3649,#3650),
  .UNSPECIFIED.,.F.,.F.,(3,3),(0.,1.),.PIECEWISE_BEZIER_KNOTS.);
#3648 = CARTESIAN_POINT('',(139.95091338145,105.939422,54.696340208522)
  );
#3649 = CARTESIAN_POINT('',(139.81490134945,105.939422,54.716084192522)
  );
#3650 = CARTESIAN_POINT('',(139.72276338145,105.939422,54.786284192522)
  );
#3651 = VECTOR('',#3652,1.);
#3652 = DIRECTION('',(-0.,-1.,-0.));
#3653 = ADVANCED_FACE('',(#3654),#3679,.T.);
#3654 = FACE_BOUND('',#3655,.T.);
#3655 = EDGE_LOOP('',(#3656,#3666,#3672,#3673));
#3656 = ORIENTED_EDGE('',*,*,#3657,.T.);
#3657 = EDGE_CURVE('',#3658,#3660,#3662,.T.);
#3658 = VERTEX_POINT('',#3659);
#3659 = CARTESIAN_POINT('',(140.28875134945,105.939422,54.676597160522)
  );
#3660 = VERTEX_POINT('',#3661);
#3661 = CARTESIAN_POINT('',(140.28875134945,106.939422,54.676597160522)
  );
#3662 = LINE('',#3663,#3664);
#3663 = CARTESIAN_POINT('',(140.28875134945,105.939422,54.676597160522)
  );
#3664 = VECTOR('',#3665,1.);
#3665 = DIRECTION('',(0.,1.,0.));
#3666 = ORIENTED_EDGE('',*,*,#3667,.T.);
#3667 = EDGE_CURVE('',#3660,#3627,#3668,.T.);
#3668 = B_SPLINE_CURVE_WITH_KNOTS('',2,(#3669,#3670,#3671),
  .UNSPECIFIED.,.F.,.F.,(3,3),(0.,1.),.PIECEWISE_BEZIER_KNOTS.);
#3669 = CARTESIAN_POINT('',(140.28875134945,106.939422,54.676597160522)
  );
#3670 = CARTESIAN_POINT('',(140.08692634945,106.939422,54.676597160522)
  );
#3671 = CARTESIAN_POINT('',(139.95091338145,106.939422,54.696340208522)
  );
#3672 = ORIENTED_EDGE('',*,*,#3624,.F.);
#3673 = ORIENTED_EDGE('',*,*,#3674,.F.);
#3674 = EDGE_CURVE('',#3658,#3625,#3675,.T.);
#3675 = B_SPLINE_CURVE_WITH_KNOTS('',2,(#3676,#3677,#3678),
  .UNSPECIFIED.,.F.,.F.,(3,3),(0.,1.),.PIECEWISE_BEZIER_KNOTS.);
#3676 = CARTESIAN_POINT('',(140.28875134945,105.939422,54.676597160522)
  );
#3677 = CARTESIAN_POINT('',(140.08692634945,105.939422,54.676597160522)
  );
#3678 = CARTESIAN_POINT('',(139.95091338145,105.939422,54.696340208522)
  );
#3679 = SURFACE_OF_LINEAR_EXTRUSION('',#3680,#3684);
#3680 = B_SPLINE_CURVE_WITH_KNOTS('',2,(#3681,#3682,#3683),
  .UNSPECIFIED.,.F.,.F.,(3,3),(0.,1.),.PIECEWISE_BEZIER_KNOTS.);
#3681 = CARTESIAN_POINT('',(140.28875134945,105.939422,54.676597160522)
  );
#3682 = CARTESIAN_POINT('',(140.08692634945,105.939422,54.676597160522)
  );
#3683 = CARTESIAN_POINT('',(139.95091338145,105.939422,54.696340208522)
  );
#3684 = VECTOR('',#3685,1.);
#3685 = DIRECTION('',(-0.,-1.,-0.));
#3686 = ADVANCED_FACE('',(#3687),#3710,.T.);
#3687 = FACE_BOUND('',#3688,.T.);
#3688 = EDGE_LOOP('',(#3689,#3699,#3704,#3705));
#3689 = ORIENTED_EDGE('',*,*,#3690,.T.);
#3690 = EDGE_CURVE('',#3691,#3693,#3695,.T.);
#3691 = VERTEX_POINT('',#3692);
#3692 = CARTESIAN_POINT('',(140.54761338145,105.939422,54.676597160522)
  );
#3693 = VERTEX_POINT('',#3694);
#3694 = CARTESIAN_POINT('',(140.54761338145,106.939422,54.676597160522)
  );
#3695 = LINE('',#3696,#3697);
#3696 = CARTESIAN_POINT('',(140.54761338145,105.939422,54.676597160522)
  );
#3697 = VECTOR('',#3698,1.);
#3698 = DIRECTION('',(0.,1.,0.));
#3699 = ORIENTED_EDGE('',*,*,#3700,.T.);
#3700 = EDGE_CURVE('',#3693,#3660,#3701,.T.);
#3701 = B_SPLINE_CURVE_WITH_KNOTS('',1,(#3702,#3703),.UNSPECIFIED.,.F.,
  .F.,(2,2),(0.,2.76562),.PIECEWISE_BEZIER_KNOTS.);
#3702 = CARTESIAN_POINT('',(140.54761338145,106.939422,54.676597160522)
  );
#3703 = CARTESIAN_POINT('',(140.28875134945,106.939422,54.676597160522)
  );
#3704 = ORIENTED_EDGE('',*,*,#3657,.F.);
#3705 = ORIENTED_EDGE('',*,*,#3706,.F.);
#3706 = EDGE_CURVE('',#3691,#3658,#3707,.T.);
#3707 = B_SPLINE_CURVE_WITH_KNOTS('',1,(#3708,#3709),.UNSPECIFIED.,.F.,
  .F.,(2,2),(0.,2.76562),.PIECEWISE_BEZIER_KNOTS.);
#3708 = CARTESIAN_POINT('',(140.54761338145,105.939422,54.676597160522)
  );
#3709 = CARTESIAN_POINT('',(140.28875134945,105.939422,54.676597160522)
  );
#3710 = SURFACE_OF_LINEAR_EXTRUSION('',#3711,#3714);
#3711 = B_SPLINE_CURVE_WITH_KNOTS('',1,(#3712,#3713),.UNSPECIFIED.,.F.,
  .F.,(2,2),(0.,2.76562),.PIECEWISE_BEZIER_KNOTS.);
#3712 = CARTESIAN_POINT('',(140.54761338145,105.939422,54.676597160522)
  );
#3713 = CARTESIAN_POINT('',(140.28875134945,105.939422,54.676597160522)
  );
#3714 = VECTOR('',#3715,1.);
#3715 = DIRECTION('',(-0.,-1.,-0.));
#3716 = ADVANCED_FACE('',(#3717),#3740,.T.);
#3717 = FACE_BOUND('',#3718,.T.);
#3718 = EDGE_LOOP('',(#3719,#3729,#3734,#3735));
#3719 = ORIENTED_EDGE('',*,*,#3720,.T.);
#3720 = EDGE_CURVE('',#3721,#3723,#3725,.T.);
#3721 = VERTEX_POINT('',#3722);
#3722 = CARTESIAN_POINT('',(140.54761338145,105.939422,55.556290208522)
  );
#3723 = VERTEX_POINT('',#3724);
#3724 = CARTESIAN_POINT('',(140.54761338145,106.939422,55.556290208522)
  );
#3725 = LINE('',#3726,#3727);
#3726 = CARTESIAN_POINT('',(140.54761338145,105.939422,55.556290208522)
  );
#3727 = VECTOR('',#3728,1.);
#3728 = DIRECTION('',(0.,1.,0.));
#3729 = ORIENTED_EDGE('',*,*,#3730,.T.);
#3730 = EDGE_CURVE('',#3723,#3693,#3731,.T.);
#3731 = B_SPLINE_CURVE_WITH_KNOTS('',1,(#3732,#3733),.UNSPECIFIED.,.F.,
  .F.,(2,2),(0.,9.39843),.PIECEWISE_BEZIER_KNOTS.);
#3732 = CARTESIAN_POINT('',(140.54761338145,106.939422,55.556290208522)
  );
#3733 = CARTESIAN_POINT('',(140.54761338145,106.939422,54.676597160522)
  );
#3734 = ORIENTED_EDGE('',*,*,#3690,.F.);
#3735 = ORIENTED_EDGE('',*,*,#3736,.F.);
#3736 = EDGE_CURVE('',#3721,#3691,#3737,.T.);
#3737 = B_SPLINE_CURVE_WITH_KNOTS('',1,(#3738,#3739),.UNSPECIFIED.,.F.,
  .F.,(2,2),(0.,9.39843),.PIECEWISE_BEZIER_KNOTS.);
#3738 = CARTESIAN_POINT('',(140.54761338145,105.939422,55.556290208522)
  );
#3739 = CARTESIAN_POINT('',(140.54761338145,105.939422,54.676597160522)
  );
#3740 = SURFACE_OF_LINEAR_EXTRUSION('',#3741,#3744);
#3741 = B_SPLINE_CURVE_WITH_KNOTS('',1,(#3742,#3743),.UNSPECIFIED.,.F.,
  .F.,(2,2),(0.,9.39843),.PIECEWISE_BEZIER_KNOTS.);
#3742 = CARTESIAN_POINT('',(140.54761338145,105.939422,55.556290208522)
  );
#3743 = CARTESIAN_POINT('',(140.54761338145,105.939422,54.676597160522)
  );
#3744 = VECTOR('',#3745,1.);
#3745 = DIRECTION('',(-0.,-1.,-0.));
#3746 = ADVANCED_FACE('',(#3747),#3770,.T.);
#3747 = FACE_BOUND('',#3748,.T.);
#3748 = EDGE_LOOP('',(#3749,#3759,#3764,#3765));
#3749 = ORIENTED_EDGE('',*,*,#3750,.T.);
#3750 = EDGE_CURVE('',#3751,#3753,#3755,.T.);
#3751 = VERTEX_POINT('',#3752);
#3752 = CARTESIAN_POINT('',(140.24268236545,105.939422,55.556290208522)
  );
#3753 = VERTEX_POINT('',#3754);
#3754 = CARTESIAN_POINT('',(140.24268236545,106.939422,55.556290208522)
  );
#3755 = LINE('',#3756,#3757);
#3756 = CARTESIAN_POINT('',(140.24268236545,105.939422,55.556290208522)
  );
#3757 = VECTOR('',#3758,1.);
#3758 = DIRECTION('',(0.,1.,0.));
#3759 = ORIENTED_EDGE('',*,*,#3760,.T.);
#3760 = EDGE_CURVE('',#3753,#3723,#3761,.T.);
#3761 = B_SPLINE_CURVE_WITH_KNOTS('',1,(#3762,#3763),.UNSPECIFIED.,.F.,
  .F.,(2,2),(0.,3.25781),.PIECEWISE_BEZIER_KNOTS.);
#3762 = CARTESIAN_POINT('',(140.24268236545,106.939422,55.556290208522)
  );
#3763 = CARTESIAN_POINT('',(140.54761338145,106.939422,55.556290208522)
  );
#3764 = ORIENTED_EDGE('',*,*,#3720,.F.);
#3765 = ORIENTED_EDGE('',*,*,#3766,.F.);
#3766 = EDGE_CURVE('',#3751,#3721,#3767,.T.);
#3767 = B_SPLINE_CURVE_WITH_KNOTS('',1,(#3768,#3769),.UNSPECIFIED.,.F.,
  .F.,(2,2),(0.,3.25781),.PIECEWISE_BEZIER_KNOTS.);
#3768 = CARTESIAN_POINT('',(140.24268236545,105.939422,55.556290208522)
  );
#3769 = CARTESIAN_POINT('',(140.54761338145,105.939422,55.556290208522)
  );
#3770 = SURFACE_OF_LINEAR_EXTRUSION('',#3771,#3774);
#3771 = B_SPLINE_CURVE_WITH_KNOTS('',1,(#3772,#3773),.UNSPECIFIED.,.F.,
  .F.,(2,2),(0.,3.25781),.PIECEWISE_BEZIER_KNOTS.);
#3772 = CARTESIAN_POINT('',(140.24268236545,105.939422,55.556290208522)
  );
#3773 = CARTESIAN_POINT('',(140.54761338145,105.939422,55.556290208522)
  );
#3774 = VECTOR('',#3775,1.);
#3775 = DIRECTION('',(-0.,-1.,-0.));
#3776 = ADVANCED_FACE('',(#3777),#3802,.T.);
#3777 = FACE_BOUND('',#3778,.T.);
#3778 = EDGE_LOOP('',(#3779,#3789,#3795,#3796));
#3779 = ORIENTED_EDGE('',*,*,#3780,.T.);
#3780 = EDGE_CURVE('',#3781,#3783,#3785,.T.);
#3781 = VERTEX_POINT('',#3782);
#3782 = CARTESIAN_POINT('',(139.97723838145,105.939422,55.547519888522)
  );
#3783 = VERTEX_POINT('',#3784);
#3784 = CARTESIAN_POINT('',(139.97723838145,106.939422,55.547519888522)
  );
#3785 = LINE('',#3786,#3787);
#3786 = CARTESIAN_POINT('',(139.97723838145,105.939422,55.547519888522)
  );
#3787 = VECTOR('',#3788,1.);
#3788 = DIRECTION('',(0.,1.,0.));
#3789 = ORIENTED_EDGE('',*,*,#3790,.T.);
#3790 = EDGE_CURVE('',#3783,#3753,#3791,.T.);
#3791 = B_SPLINE_CURVE_WITH_KNOTS('',2,(#3792,#3793,#3794),
  .UNSPECIFIED.,.F.,.F.,(3,3),(0.,1.),.PIECEWISE_BEZIER_KNOTS.);
#3792 = CARTESIAN_POINT('',(139.97723838145,106.939422,55.547519888522)
  );
#3793 = CARTESIAN_POINT('',(140.09131338145,106.939422,55.556290208522)
  );
#3794 = CARTESIAN_POINT('',(140.24268236545,106.939422,55.556290208522)
  );
#3795 = ORIENTED_EDGE('',*,*,#3750,.F.);
#3796 = ORIENTED_EDGE('',*,*,#3797,.F.);
#3797 = EDGE_CURVE('',#3781,#3751,#3798,.T.);
#3798 = B_SPLINE_CURVE_WITH_KNOTS('',2,(#3799,#3800,#3801),
  .UNSPECIFIED.,.F.,.F.,(3,3),(0.,1.),.PIECEWISE_BEZIER_KNOTS.);
#3799 = CARTESIAN_POINT('',(139.97723838145,105.939422,55.547519888522)
  );
#3800 = CARTESIAN_POINT('',(140.09131338145,105.939422,55.556290208522)
  );
#3801 = CARTESIAN_POINT('',(140.24268236545,105.939422,55.556290208522)
  );
#3802 = SURFACE_OF_LINEAR_EXTRUSION('',#3803,#3807);
#3803 = B_SPLINE_CURVE_WITH_KNOTS('',2,(#3804,#3805,#3806),
  .UNSPECIFIED.,.F.,.F.,(3,3),(0.,1.),.PIECEWISE_BEZIER_KNOTS.);
#3804 = CARTESIAN_POINT('',(139.97723838145,105.939422,55.547519888522)
  );
#3805 = CARTESIAN_POINT('',(140.09131338145,105.939422,55.556290208522)
  );
#3806 = CARTESIAN_POINT('',(140.24268236545,105.939422,55.556290208522)
  );
#3807 = VECTOR('',#3808,1.);
#3808 = DIRECTION('',(-0.,-1.,-0.));
#3809 = ADVANCED_FACE('',(#3810),#3835,.T.);
#3810 = FACE_BOUND('',#3811,.T.);
#3811 = EDGE_LOOP('',(#3812,#3822,#3828,#3829));
#3812 = ORIENTED_EDGE('',*,*,#3813,.T.);
#3813 = EDGE_CURVE('',#3814,#3816,#3818,.T.);
#3814 = VERTEX_POINT('',#3815);
#3815 = CARTESIAN_POINT('',(139.77760736545,105.939422,55.505838872522)
  );
#3816 = VERTEX_POINT('',#3817);
#3817 = CARTESIAN_POINT('',(139.77760736545,106.939422,55.505838872522)
  );
#3818 = LINE('',#3819,#3820);
#3819 = CARTESIAN_POINT('',(139.77760736545,105.939422,55.505838872522)
  );
#3820 = VECTOR('',#3821,1.);
#3821 = DIRECTION('',(0.,1.,0.));
#3822 = ORIENTED_EDGE('',*,*,#3823,.T.);
#3823 = EDGE_CURVE('',#3816,#3783,#3824,.T.);
#3824 = B_SPLINE_CURVE_WITH_KNOTS('',2,(#3825,#3826,#3827),
  .UNSPECIFIED.,.F.,.F.,(3,3),(0.,1.),.PIECEWISE_BEZIER_KNOTS.);
#3825 = CARTESIAN_POINT('',(139.77760736545,106.939422,55.505838872522)
  );
#3826 = CARTESIAN_POINT('',(139.86316338145,106.939422,55.540938872522)
  );
#3827 = CARTESIAN_POINT('',(139.97723838145,106.939422,55.547519888522)
  );
#3828 = ORIENTED_EDGE('',*,*,#3780,.F.);
#3829 = ORIENTED_EDGE('',*,*,#3830,.F.);
#3830 = EDGE_CURVE('',#3814,#3781,#3831,.T.);
#3831 = B_SPLINE_CURVE_WITH_KNOTS('',2,(#3832,#3833,#3834),
  .UNSPECIFIED.,.F.,.F.,(3,3),(0.,1.),.PIECEWISE_BEZIER_KNOTS.);
#3832 = CARTESIAN_POINT('',(139.77760736545,105.939422,55.505838872522)
  );
#3833 = CARTESIAN_POINT('',(139.86316338145,105.939422,55.540938872522)
  );
#3834 = CARTESIAN_POINT('',(139.97723838145,105.939422,55.547519888522)
  );
#3835 = SURFACE_OF_LINEAR_EXTRUSION('',#3836,#3840);
#3836 = B_SPLINE_CURVE_WITH_KNOTS('',2,(#3837,#3838,#3839),
  .UNSPECIFIED.,.F.,.F.,(3,3),(0.,1.),.PIECEWISE_BEZIER_KNOTS.);
#3837 = CARTESIAN_POINT('',(139.77760736545,105.939422,55.505838872522)
  );
#3838 = CARTESIAN_POINT('',(139.86316338145,105.939422,55.540938872522)
  );
#3839 = CARTESIAN_POINT('',(139.97723838145,105.939422,55.547519888522)
  );
#3840 = VECTOR('',#3841,1.);
#3841 = DIRECTION('',(-0.,-1.,-0.));
#3842 = ADVANCED_FACE('',(#3843),#3868,.T.);
#3843 = FACE_BOUND('',#3844,.T.);
#3844 = EDGE_LOOP('',(#3845,#3855,#3861,#3862));
#3845 = ORIENTED_EDGE('',*,*,#3846,.T.);
#3846 = EDGE_CURVE('',#3847,#3849,#3851,.T.);
#3847 = VERTEX_POINT('',#3848);
#3848 = CARTESIAN_POINT('',(139.60430134945,105.939422,55.367632856522)
  );
#3849 = VERTEX_POINT('',#3850);
#3850 = CARTESIAN_POINT('',(139.60430134945,106.939422,55.367632856522)
  );
#3851 = LINE('',#3852,#3853);
#3852 = CARTESIAN_POINT('',(139.60430134945,105.939422,55.367632856522)
  );
#3853 = VECTOR('',#3854,1.);
#3854 = DIRECTION('',(0.,1.,0.));
#3855 = ORIENTED_EDGE('',*,*,#3856,.T.);
#3856 = EDGE_CURVE('',#3849,#3816,#3857,.T.);
#3857 = B_SPLINE_CURVE_WITH_KNOTS('',2,(#3858,#3859,#3860),
  .UNSPECIFIED.,.F.,.F.,(3,3),(0.,1.),.PIECEWISE_BEZIER_KNOTS.);
#3858 = CARTESIAN_POINT('',(139.60430134945,106.939422,55.367632856522)
  );
#3859 = CARTESIAN_POINT('',(139.65475736545,106.939422,55.455382856522)
  );
#3860 = CARTESIAN_POINT('',(139.77760736545,106.939422,55.505838872522)
  );
#3861 = ORIENTED_EDGE('',*,*,#3813,.F.);
#3862 = ORIENTED_EDGE('',*,*,#3863,.F.);
#3863 = EDGE_CURVE('',#3847,#3814,#3864,.T.);
#3864 = B_SPLINE_CURVE_WITH_KNOTS('',2,(#3865,#3866,#3867),
  .UNSPECIFIED.,.F.,.F.,(3,3),(0.,1.),.PIECEWISE_BEZIER_KNOTS.);
#3865 = CARTESIAN_POINT('',(139.60430134945,105.939422,55.367632856522)
  );
#3866 = CARTESIAN_POINT('',(139.65475736545,105.939422,55.455382856522)
  );
#3867 = CARTESIAN_POINT('',(139.77760736545,105.939422,55.505838872522)
  );
#3868 = SURFACE_OF_LINEAR_EXTRUSION('',#3869,#3873);
#3869 = B_SPLINE_CURVE_WITH_KNOTS('',2,(#3870,#3871,#3872),
  .UNSPECIFIED.,.F.,.F.,(3,3),(0.,1.),.PIECEWISE_BEZIER_KNOTS.);
#3870 = CARTESIAN_POINT('',(139.60430134945,105.939422,55.367632856522)
  );
#3871 = CARTESIAN_POINT('',(139.65475736545,105.939422,55.455382856522)
  );
#3872 = CARTESIAN_POINT('',(139.77760736545,105.939422,55.505838872522)
  );
#3873 = VECTOR('',#3874,1.);
#3874 = DIRECTION('',(-0.,-1.,-0.));
#3875 = ADVANCED_FACE('',(#3876),#3892,.T.);
#3876 = FACE_BOUND('',#3877,.T.);
#3877 = EDGE_LOOP('',(#3878,#3879,#3885,#3886));
#3878 = ORIENTED_EDGE('',*,*,#3567,.T.);
#3879 = ORIENTED_EDGE('',*,*,#3880,.T.);
#3880 = EDGE_CURVE('',#3560,#3849,#3881,.T.);
#3881 = B_SPLINE_CURVE_WITH_KNOTS('',2,(#3882,#3883,#3884),
  .UNSPECIFIED.,.F.,.F.,(3,3),(0.,1.),.PIECEWISE_BEZIER_KNOTS.);
#3882 = CARTESIAN_POINT('',(139.55384533345,106.939422,55.157032856522)
  );
#3883 = CARTESIAN_POINT('',(139.55384533345,106.939422,55.279882856522)
  );
#3884 = CARTESIAN_POINT('',(139.60430134945,106.939422,55.367632856522)
  );
#3885 = ORIENTED_EDGE('',*,*,#3846,.F.);
#3886 = ORIENTED_EDGE('',*,*,#3887,.F.);
#3887 = EDGE_CURVE('',#3568,#3847,#3888,.T.);
#3888 = B_SPLINE_CURVE_WITH_KNOTS('',2,(#3889,#3890,#3891),
  .UNSPECIFIED.,.F.,.F.,(3,3),(0.,1.),.PIECEWISE_BEZIER_KNOTS.);
#3889 = CARTESIAN_POINT('',(139.55384533345,105.939422,55.157032856522)
  );
#3890 = CARTESIAN_POINT('',(139.55384533345,105.939422,55.279882856522)
  );
#3891 = CARTESIAN_POINT('',(139.60430134945,105.939422,55.367632856522)
  );
#3892 = SURFACE_OF_LINEAR_EXTRUSION('',#3893,#3897);
#3893 = B_SPLINE_CURVE_WITH_KNOTS('',2,(#3894,#3895,#3896),
  .UNSPECIFIED.,.F.,.F.,(3,3),(0.,1.),.PIECEWISE_BEZIER_KNOTS.);
#3894 = CARTESIAN_POINT('',(139.55384533345,105.939422,55.157032856522)
  );
#3895 = CARTESIAN_POINT('',(139.55384533345,105.939422,55.279882856522)
  );
#3896 = CARTESIAN_POINT('',(139.60430134945,105.939422,55.367632856522)
  );
#3897 = VECTOR('',#3898,1.);
#3898 = DIRECTION('',(-0.,-1.,-0.));
#3899 = ADVANCED_FACE('',(#3900,#3916),#3929,.T.);
#3900 = FACE_BOUND('',#3901,.T.);
#3901 = EDGE_LOOP('',(#3902,#3903,#3904,#3905,#3906,#3907,#3908,#3909,
    #3910,#3911,#3912,#3913,#3914,#3915));
#3902 = ORIENTED_EDGE('',*,*,#3136,.T.);
#3903 = ORIENTED_EDGE('',*,*,#3196,.T.);
#3904 = ORIENTED_EDGE('',*,*,#3259,.T.);
#3905 = ORIENTED_EDGE('',*,*,#3322,.T.);
#3906 = ORIENTED_EDGE('',*,*,#3385,.T.);
#3907 = ORIENTED_EDGE('',*,*,#3448,.T.);
#3908 = ORIENTED_EDGE('',*,*,#3511,.T.);
#3909 = ORIENTED_EDGE('',*,*,#3533,.T.);
#3910 = ORIENTED_EDGE('',*,*,#3479,.T.);
#3911 = ORIENTED_EDGE('',*,*,#3416,.T.);
#3912 = ORIENTED_EDGE('',*,*,#3353,.T.);
#3913 = ORIENTED_EDGE('',*,*,#3290,.T.);
#3914 = ORIENTED_EDGE('',*,*,#3227,.T.);
#3915 = ORIENTED_EDGE('',*,*,#3166,.T.);
#3916 = FACE_BOUND('',#3917,.T.);
#3917 = EDGE_LOOP('',(#3918,#3919,#3920,#3921,#3922,#3923,#3924,#3925,
    #3926,#3927,#3928));
#3918 = ORIENTED_EDGE('',*,*,#3575,.T.);
#3919 = ORIENTED_EDGE('',*,*,#3887,.T.);
#3920 = ORIENTED_EDGE('',*,*,#3863,.T.);
#3921 = ORIENTED_EDGE('',*,*,#3830,.T.);
#3922 = ORIENTED_EDGE('',*,*,#3797,.T.);
#3923 = ORIENTED_EDGE('',*,*,#3766,.T.);
#3924 = ORIENTED_EDGE('',*,*,#3736,.T.);
#3925 = ORIENTED_EDGE('',*,*,#3706,.T.);
#3926 = ORIENTED_EDGE('',*,*,#3674,.T.);
#3927 = ORIENTED_EDGE('',*,*,#3641,.T.);
#3928 = ORIENTED_EDGE('',*,*,#3608,.T.);
#3929 = B_SPLINE_SURFACE_WITH_KNOTS('',1,1,(
    (#3930,#3931)
    ,(#3932,#3933
    )),.UNSPECIFIED.,.F.,.F.,.F.,(2,2),(2,2),(-19.1134554739,
    14.495924526091),(-15.46103963363,19.437400366361),
  .PIECEWISE_BEZIER_KNOTS.);
#3930 = CARTESIAN_POINT('',(138.23978838145,105.939422,52.890888872522)
  );
#3931 = CARTESIAN_POINT('',(138.23978838145,105.939422,56.157382856522)
  );
#3932 = CARTESIAN_POINT('',(141.38562634945,105.939422,52.890888872522)
  );
#3933 = CARTESIAN_POINT('',(141.38562634945,105.939422,56.157382856522)
  );
#3934 = ADVANCED_FACE('',(#3935,#3951),#3964,.F.);
#3935 = FACE_BOUND('',#3936,.F.);
#3936 = EDGE_LOOP('',(#3937,#3938,#3939,#3940,#3941,#3942,#3943,#3944,
    #3945,#3946,#3947,#3948,#3949,#3950));
#3937 = ORIENTED_EDGE('',*,*,#3121,.T.);
#3938 = ORIENTED_EDGE('',*,*,#3181,.T.);
#3939 = ORIENTED_EDGE('',*,*,#3244,.T.);
#3940 = ORIENTED_EDGE('',*,*,#3307,.T.);
#3941 = ORIENTED_EDGE('',*,*,#3370,.T.);
#3942 = ORIENTED_EDGE('',*,*,#3433,.T.);
#3943 = ORIENTED_EDGE('',*,*,#3496,.T.);
#3944 = ORIENTED_EDGE('',*,*,#3526,.T.);
#3945 = ORIENTED_EDGE('',*,*,#3472,.T.);
#3946 = ORIENTED_EDGE('',*,*,#3409,.T.);
#3947 = ORIENTED_EDGE('',*,*,#3346,.T.);
#3948 = ORIENTED_EDGE('',*,*,#3283,.T.);
#3949 = ORIENTED_EDGE('',*,*,#3220,.T.);
#3950 = ORIENTED_EDGE('',*,*,#3160,.T.);
#3951 = FACE_BOUND('',#3952,.F.);
#3952 = EDGE_LOOP('',(#3953,#3954,#3955,#3956,#3957,#3958,#3959,#3960,
    #3961,#3962,#3963));
#3953 = ORIENTED_EDGE('',*,*,#3559,.T.);
#3954 = ORIENTED_EDGE('',*,*,#3880,.T.);
#3955 = ORIENTED_EDGE('',*,*,#3856,.T.);
#3956 = ORIENTED_EDGE('',*,*,#3823,.T.);
#3957 = ORIENTED_EDGE('',*,*,#3790,.T.);
#3958 = ORIENTED_EDGE('',*,*,#3760,.T.);
#3959 = ORIENTED_EDGE('',*,*,#3730,.T.);
#3960 = ORIENTED_EDGE('',*,*,#3700,.T.);
#3961 = ORIENTED_EDGE('',*,*,#3667,.T.);
#3962 = ORIENTED_EDGE('',*,*,#3634,.T.);
#3963 = ORIENTED_EDGE('',*,*,#3601,.T.);
#3964 = B_SPLINE_SURFACE_WITH_KNOTS('',1,1,(
    (#3965,#3966)
    ,(#3967,#3968
    )),.UNSPECIFIED.,.F.,.F.,.F.,(2,2),(2,2),(-19.1134554739,
    14.495924526091),(-15.46103963363,19.437400366361),
  .PIECEWISE_BEZIER_KNOTS.);
#3965 = CARTESIAN_POINT('',(138.23978838145,106.939422,52.890888872522)
  );
#3966 = CARTESIAN_POINT('',(138.23978838145,106.939422,56.157382856522)
  );
#3967 = CARTESIAN_POINT('',(141.38562634945,106.939422,52.890888872522)
  );
#3968 = CARTESIAN_POINT('',(141.38562634945,106.939422,56.157382856522)
  );
#3969 = MANIFOLD_SOLID_BREP('',#3970);
#3970 = CLOSED_SHELL('',(#3971,#4010,#4040,#4070,#4100,#4130,#4160,#4190
    ,#4220,#4250,#4280,#4310,#4331,#4351));
#3971 = ADVANCED_FACE('',(#3972),#4004,.T.);
#3972 = FACE_BOUND('',#3973,.T.);
#3973 = EDGE_LOOP('',(#3974,#3984,#3991,#3999));
#3974 = ORIENTED_EDGE('',*,*,#3975,.T.);
#3975 = EDGE_CURVE('',#3976,#3978,#3980,.T.);
#3976 = VERTEX_POINT('',#3977);
#3977 = CARTESIAN_POINT('',(135.50857033345,105.939422,52.890888872522)
  );
#3978 = VERTEX_POINT('',#3979);
#3979 = CARTESIAN_POINT('',(135.50857033345,106.939422,52.890888872522)
  );
#3980 = LINE('',#3981,#3982);
#3981 = CARTESIAN_POINT('',(135.50857033345,105.939422,52.890888872522)
  );
#3982 = VECTOR('',#3983,1.);
#3983 = DIRECTION('',(0.,1.,0.));
#3984 = ORIENTED_EDGE('',*,*,#3985,.T.);
#3985 = EDGE_CURVE('',#3978,#3986,#3988,.T.);
#3986 = VERTEX_POINT('',#3987);
#3987 = CARTESIAN_POINT('',(137.87123838145,106.939422,52.890888872522)
  );
#3988 = B_SPLINE_CURVE_WITH_KNOTS('',1,(#3989,#3990),.UNSPECIFIED.,.F.,
  .F.,(2,2),(0.,25.24218),.PIECEWISE_BEZIER_KNOTS.);
#3989 = CARTESIAN_POINT('',(135.50857033345,106.939422,52.890888872522)
  );
#3990 = CARTESIAN_POINT('',(137.87123838145,106.939422,52.890888872522)
  );
#3991 = ORIENTED_EDGE('',*,*,#3992,.F.);
#3992 = EDGE_CURVE('',#3993,#3986,#3995,.T.);
#3993 = VERTEX_POINT('',#3994);
#3994 = CARTESIAN_POINT('',(137.87123838145,105.939422,52.890888872522)
  );
#3995 = LINE('',#3996,#3997);
#3996 = CARTESIAN_POINT('',(137.87123838145,105.939422,52.890888872522)
  );
#3997 = VECTOR('',#3998,1.);
#3998 = DIRECTION('',(0.,1.,0.));
#3999 = ORIENTED_EDGE('',*,*,#4000,.F.);
#4000 = EDGE_CURVE('',#3976,#3993,#4001,.T.);
#4001 = B_SPLINE_CURVE_WITH_KNOTS('',1,(#4002,#4003),.UNSPECIFIED.,.F.,
  .F.,(2,2),(0.,25.24218),.PIECEWISE_BEZIER_KNOTS.);
#4002 = CARTESIAN_POINT('',(135.50857033345,105.939422,52.890888872522)
  );
#4003 = CARTESIAN_POINT('',(137.87123838145,105.939422,52.890888872522)
  );
#4004 = SURFACE_OF_LINEAR_EXTRUSION('',#4005,#4008);
#4005 = B_SPLINE_CURVE_WITH_KNOTS('',1,(#4006,#4007),.UNSPECIFIED.,.F.,
  .F.,(2,2),(0.,25.24218),.PIECEWISE_BEZIER_KNOTS.);
#4006 = CARTESIAN_POINT('',(135.50857033345,105.939422,52.890888872522)
  );
#4007 = CARTESIAN_POINT('',(137.87123838145,105.939422,52.890888872522)
  );
#4008 = VECTOR('',#4009,1.);
#4009 = DIRECTION('',(-0.,-1.,-0.));
#4010 = ADVANCED_FACE('',(#4011),#4034,.T.);
#4011 = FACE_BOUND('',#4012,.T.);
#4012 = EDGE_LOOP('',(#4013,#4014,#4021,#4029));
#4013 = ORIENTED_EDGE('',*,*,#3992,.T.);
#4014 = ORIENTED_EDGE('',*,*,#4015,.T.);
#4015 = EDGE_CURVE('',#3986,#4016,#4018,.T.);
#4016 = VERTEX_POINT('',#4017);
#4017 = CARTESIAN_POINT('',(137.87123838145,106.939422,56.157382856522)
  );
#4018 = B_SPLINE_CURVE_WITH_KNOTS('',1,(#4019,#4020),.UNSPECIFIED.,.F.,
  .F.,(2,2),(0.,34.89844),.PIECEWISE_BEZIER_KNOTS.);
#4019 = CARTESIAN_POINT('',(137.87123838145,106.939422,52.890888872522)
  );
#4020 = CARTESIAN_POINT('',(137.87123838145,106.939422,56.157382856522)
  );
#4021 = ORIENTED_EDGE('',*,*,#4022,.F.);
#4022 = EDGE_CURVE('',#4023,#4016,#4025,.T.);
#4023 = VERTEX_POINT('',#4024);
#4024 = CARTESIAN_POINT('',(137.87123838145,105.939422,56.157382856522)
  );
#4025 = LINE('',#4026,#4027);
#4026 = CARTESIAN_POINT('',(137.87123838145,105.939422,56.157382856522)
  );
#4027 = VECTOR('',#4028,1.);
#4028 = DIRECTION('',(0.,1.,0.));
#4029 = ORIENTED_EDGE('',*,*,#4030,.F.);
#4030 = EDGE_CURVE('',#3993,#4023,#4031,.T.);
#4031 = B_SPLINE_CURVE_WITH_KNOTS('',1,(#4032,#4033),.UNSPECIFIED.,.F.,
  .F.,(2,2),(0.,34.89844),.PIECEWISE_BEZIER_KNOTS.);
#4032 = CARTESIAN_POINT('',(137.87123838145,105.939422,52.890888872522)
  );
#4033 = CARTESIAN_POINT('',(137.87123838145,105.939422,56.157382856522)
  );
#4034 = SURFACE_OF_LINEAR_EXTRUSION('',#4035,#4038);
#4035 = B_SPLINE_CURVE_WITH_KNOTS('',1,(#4036,#4037),.UNSPECIFIED.,.F.,
  .F.,(2,2),(0.,34.89844),.PIECEWISE_BEZIER_KNOTS.);
#4036 = CARTESIAN_POINT('',(137.87123838145,105.939422,52.890888872522)
  );
#4037 = CARTESIAN_POINT('',(137.87123838145,105.939422,56.157382856522)
  );
#4038 = VECTOR('',#4039,1.);
#4039 = DIRECTION('',(-0.,-1.,-0.));
#4040 = ADVANCED_FACE('',(#4041),#4064,.T.);
#4041 = FACE_BOUND('',#4042,.T.);
#4042 = EDGE_LOOP('',(#4043,#4044,#4051,#4059));
#4043 = ORIENTED_EDGE('',*,*,#4022,.T.);
#4044 = ORIENTED_EDGE('',*,*,#4045,.T.);
#4045 = EDGE_CURVE('',#4016,#4046,#4048,.T.);
#4046 = VERTEX_POINT('',#4047);
#4047 = CARTESIAN_POINT('',(135.50857033345,106.939422,56.157382856522)
  );
#4048 = B_SPLINE_CURVE_WITH_KNOTS('',1,(#4049,#4050),.UNSPECIFIED.,.F.,
  .F.,(2,2),(0.,25.24218),.PIECEWISE_BEZIER_KNOTS.);
#4049 = CARTESIAN_POINT('',(137.87123838145,106.939422,56.157382856522)
  );
#4050 = CARTESIAN_POINT('',(135.50857033345,106.939422,56.157382856522)
  );
#4051 = ORIENTED_EDGE('',*,*,#4052,.F.);
#4052 = EDGE_CURVE('',#4053,#4046,#4055,.T.);
#4053 = VERTEX_POINT('',#4054);
#4054 = CARTESIAN_POINT('',(135.50857033345,105.939422,56.157382856522)
  );
#4055 = LINE('',#4056,#4057);
#4056 = CARTESIAN_POINT('',(135.50857033345,105.939422,56.157382856522)
  );
#4057 = VECTOR('',#4058,1.);
#4058 = DIRECTION('',(0.,1.,0.));
#4059 = ORIENTED_EDGE('',*,*,#4060,.F.);
#4060 = EDGE_CURVE('',#4023,#4053,#4061,.T.);
#4061 = B_SPLINE_CURVE_WITH_KNOTS('',1,(#4062,#4063),.UNSPECIFIED.,.F.,
  .F.,(2,2),(0.,25.24218),.PIECEWISE_BEZIER_KNOTS.);
#4062 = CARTESIAN_POINT('',(137.87123838145,105.939422,56.157382856522)
  );
#4063 = CARTESIAN_POINT('',(135.50857033345,105.939422,56.157382856522)
  );
#4064 = SURFACE_OF_LINEAR_EXTRUSION('',#4065,#4068);
#4065 = B_SPLINE_CURVE_WITH_KNOTS('',1,(#4066,#4067),.UNSPECIFIED.,.F.,
  .F.,(2,2),(0.,25.24218),.PIECEWISE_BEZIER_KNOTS.);
#4066 = CARTESIAN_POINT('',(137.87123838145,105.939422,56.157382856522)
  );
#4067 = CARTESIAN_POINT('',(135.50857033345,105.939422,56.157382856522)
  );
#4068 = VECTOR('',#4069,1.);
#4069 = DIRECTION('',(-0.,-1.,-0.));
#4070 = ADVANCED_FACE('',(#4071),#4094,.T.);
#4071 = FACE_BOUND('',#4072,.T.);
#4072 = EDGE_LOOP('',(#4073,#4074,#4081,#4089));
#4073 = ORIENTED_EDGE('',*,*,#4052,.T.);
#4074 = ORIENTED_EDGE('',*,*,#4075,.T.);
#4075 = EDGE_CURVE('',#4046,#4076,#4078,.T.);
#4076 = VERTEX_POINT('',#4077);
#4077 = CARTESIAN_POINT('',(135.50857033345,106.939422,55.525582856522)
  );
#4078 = B_SPLINE_CURVE_WITH_KNOTS('',1,(#4079,#4080),.UNSPECIFIED.,.F.,
  .F.,(2,2),(0.,6.75),.PIECEWISE_BEZIER_KNOTS.);
#4079 = CARTESIAN_POINT('',(135.50857033345,106.939422,56.157382856522)
  );
#4080 = CARTESIAN_POINT('',(135.50857033345,106.939422,55.525582856522)
  );
#4081 = ORIENTED_EDGE('',*,*,#4082,.F.);
#4082 = EDGE_CURVE('',#4083,#4076,#4085,.T.);
#4083 = VERTEX_POINT('',#4084);
#4084 = CARTESIAN_POINT('',(135.50857033345,105.939422,55.525582856522)
  );
#4085 = LINE('',#4086,#4087);
#4086 = CARTESIAN_POINT('',(135.50857033345,105.939422,55.525582856522)
  );
#4087 = VECTOR('',#4088,1.);
#4088 = DIRECTION('',(0.,1.,0.));
#4089 = ORIENTED_EDGE('',*,*,#4090,.F.);
#4090 = EDGE_CURVE('',#4053,#4083,#4091,.T.);
#4091 = B_SPLINE_CURVE_WITH_KNOTS('',1,(#4092,#4093),.UNSPECIFIED.,.F.,
  .F.,(2,2),(0.,6.75),.PIECEWISE_BEZIER_KNOTS.);
#4092 = CARTESIAN_POINT('',(135.50857033345,105.939422,56.157382856522)
  );
#4093 = CARTESIAN_POINT('',(135.50857033345,105.939422,55.525582856522)
  );
#4094 = SURFACE_OF_LINEAR_EXTRUSION('',#4095,#4098);
#4095 = B_SPLINE_CURVE_WITH_KNOTS('',1,(#4096,#4097),.UNSPECIFIED.,.F.,
  .F.,(2,2),(0.,6.75),.PIECEWISE_BEZIER_KNOTS.);
#4096 = CARTESIAN_POINT('',(135.50857033345,105.939422,56.157382856522)
  );
#4097 = CARTESIAN_POINT('',(135.50857033345,105.939422,55.525582856522)
  );
#4098 = VECTOR('',#4099,1.);
#4099 = DIRECTION('',(-0.,-1.,-0.));
#4100 = ADVANCED_FACE('',(#4101),#4124,.T.);
#4101 = FACE_BOUND('',#4102,.T.);
#4102 = EDGE_LOOP('',(#4103,#4104,#4111,#4119));
#4103 = ORIENTED_EDGE('',*,*,#4082,.T.);
#4104 = ORIENTED_EDGE('',*,*,#4105,.T.);
#4105 = EDGE_CURVE('',#4076,#4106,#4108,.T.);
#4106 = VERTEX_POINT('',#4107);
#4107 = CARTESIAN_POINT('',(137.03322634945,106.939422,55.525582856522)
  );
#4108 = B_SPLINE_CURVE_WITH_KNOTS('',1,(#4109,#4110),.UNSPECIFIED.,.F.,
  .F.,(2,2),(0.,16.28906),.PIECEWISE_BEZIER_KNOTS.);
#4109 = CARTESIAN_POINT('',(135.50857033345,106.939422,55.525582856522)
  );
#4110 = CARTESIAN_POINT('',(137.03322634945,106.939422,55.525582856522)
  );
#4111 = ORIENTED_EDGE('',*,*,#4112,.F.);
#4112 = EDGE_CURVE('',#4113,#4106,#4115,.T.);
#4113 = VERTEX_POINT('',#4114);
#4114 = CARTESIAN_POINT('',(137.03322634945,105.939422,55.525582856522)
  );
#4115 = LINE('',#4116,#4117);
#4116 = CARTESIAN_POINT('',(137.03322634945,105.939422,55.525582856522)
  );
#4117 = VECTOR('',#4118,1.);
#4118 = DIRECTION('',(0.,1.,0.));
#4119 = ORIENTED_EDGE('',*,*,#4120,.F.);
#4120 = EDGE_CURVE('',#4083,#4113,#4121,.T.);
#4121 = B_SPLINE_CURVE_WITH_KNOTS('',1,(#4122,#4123),.UNSPECIFIED.,.F.,
  .F.,(2,2),(0.,16.28906),.PIECEWISE_BEZIER_KNOTS.);
#4122 = CARTESIAN_POINT('',(135.50857033345,105.939422,55.525582856522)
  );
#4123 = CARTESIAN_POINT('',(137.03322634945,105.939422,55.525582856522)
  );
#4124 = SURFACE_OF_LINEAR_EXTRUSION('',#4125,#4128);
#4125 = B_SPLINE_CURVE_WITH_KNOTS('',1,(#4126,#4127),.UNSPECIFIED.,.F.,
  .F.,(2,2),(0.,16.28906),.PIECEWISE_BEZIER_KNOTS.);
#4126 = CARTESIAN_POINT('',(135.50857033345,105.939422,55.525582856522)
  );
#4127 = CARTESIAN_POINT('',(137.03322634945,105.939422,55.525582856522)
  );
#4128 = VECTOR('',#4129,1.);
#4129 = DIRECTION('',(-0.,-1.,-0.));
#4130 = ADVANCED_FACE('',(#4131),#4154,.T.);
#4131 = FACE_BOUND('',#4132,.T.);
#4132 = EDGE_LOOP('',(#4133,#4134,#4141,#4149));
#4133 = ORIENTED_EDGE('',*,*,#4112,.T.);
#4134 = ORIENTED_EDGE('',*,*,#4135,.T.);
#4135 = EDGE_CURVE('',#4106,#4136,#4138,.T.);
#4136 = VERTEX_POINT('',#4137);
#4137 = CARTESIAN_POINT('',(137.03322634945,106.939422,54.961788872522)
  );
#4138 = B_SPLINE_CURVE_WITH_KNOTS('',1,(#4139,#4140),.UNSPECIFIED.,.F.,
  .F.,(2,2),(0.,6.02344),.PIECEWISE_BEZIER_KNOTS.);
#4139 = CARTESIAN_POINT('',(137.03322634945,106.939422,55.525582856522)
  );
#4140 = CARTESIAN_POINT('',(137.03322634945,106.939422,54.961788872522)
  );
#4141 = ORIENTED_EDGE('',*,*,#4142,.F.);
#4142 = EDGE_CURVE('',#4143,#4136,#4145,.T.);
#4143 = VERTEX_POINT('',#4144);
#4144 = CARTESIAN_POINT('',(137.03322634945,105.939422,54.961788872522)
  );
#4145 = LINE('',#4146,#4147);
#4146 = CARTESIAN_POINT('',(137.03322634945,105.939422,54.961788872522)
  );
#4147 = VECTOR('',#4148,1.);
#4148 = DIRECTION('',(0.,1.,0.));
#4149 = ORIENTED_EDGE('',*,*,#4150,.F.);
#4150 = EDGE_CURVE('',#4113,#4143,#4151,.T.);
#4151 = B_SPLINE_CURVE_WITH_KNOTS('',1,(#4152,#4153),.UNSPECIFIED.,.F.,
  .F.,(2,2),(0.,6.02344),.PIECEWISE_BEZIER_KNOTS.);
#4152 = CARTESIAN_POINT('',(137.03322634945,105.939422,55.525582856522)
  );
#4153 = CARTESIAN_POINT('',(137.03322634945,105.939422,54.961788872522)
  );
#4154 = SURFACE_OF_LINEAR_EXTRUSION('',#4155,#4158);
#4155 = B_SPLINE_CURVE_WITH_KNOTS('',1,(#4156,#4157),.UNSPECIFIED.,.F.,
  .F.,(2,2),(0.,6.02344),.PIECEWISE_BEZIER_KNOTS.);
#4156 = CARTESIAN_POINT('',(137.03322634945,105.939422,55.525582856522)
  );
#4157 = CARTESIAN_POINT('',(137.03322634945,105.939422,54.961788872522)
  );
#4158 = VECTOR('',#4159,1.);
#4159 = DIRECTION('',(-0.,-1.,-0.));
#4160 = ADVANCED_FACE('',(#4161),#4184,.T.);
#4161 = FACE_BOUND('',#4162,.T.);
#4162 = EDGE_LOOP('',(#4163,#4164,#4171,#4179));
#4163 = ORIENTED_EDGE('',*,*,#4142,.T.);
#4164 = ORIENTED_EDGE('',*,*,#4165,.T.);
#4165 = EDGE_CURVE('',#4136,#4166,#4168,.T.);
#4166 = VERTEX_POINT('',#4167);
#4167 = CARTESIAN_POINT('',(135.61825736545,106.939422,54.961788872522)
  );
#4168 = B_SPLINE_CURVE_WITH_KNOTS('',1,(#4169,#4170),.UNSPECIFIED.,.F.,
  .F.,(2,2),(0.,15.11719),.PIECEWISE_BEZIER_KNOTS.);
#4169 = CARTESIAN_POINT('',(137.03322634945,106.939422,54.961788872522)
  );
#4170 = CARTESIAN_POINT('',(135.61825736545,106.939422,54.961788872522)
  );
#4171 = ORIENTED_EDGE('',*,*,#4172,.F.);
#4172 = EDGE_CURVE('',#4173,#4166,#4175,.T.);
#4173 = VERTEX_POINT('',#4174);
#4174 = CARTESIAN_POINT('',(135.61825736545,105.939422,54.961788872522)
  );
#4175 = LINE('',#4176,#4177);
#4176 = CARTESIAN_POINT('',(135.61825736545,105.939422,54.961788872522)
  );
#4177 = VECTOR('',#4178,1.);
#4178 = DIRECTION('',(0.,1.,0.));
#4179 = ORIENTED_EDGE('',*,*,#4180,.F.);
#4180 = EDGE_CURVE('',#4143,#4173,#4181,.T.);
#4181 = B_SPLINE_CURVE_WITH_KNOTS('',1,(#4182,#4183),.UNSPECIFIED.,.F.,
  .F.,(2,2),(0.,15.11719),.PIECEWISE_BEZIER_KNOTS.);
#4182 = CARTESIAN_POINT('',(137.03322634945,105.939422,54.961788872522)
  );
#4183 = CARTESIAN_POINT('',(135.61825736545,105.939422,54.961788872522)
  );
#4184 = SURFACE_OF_LINEAR_EXTRUSION('',#4185,#4188);
#4185 = B_SPLINE_CURVE_WITH_KNOTS('',1,(#4186,#4187),.UNSPECIFIED.,.F.,
  .F.,(2,2),(0.,15.11719),.PIECEWISE_BEZIER_KNOTS.);
#4186 = CARTESIAN_POINT('',(137.03322634945,105.939422,54.961788872522)
  );
#4187 = CARTESIAN_POINT('',(135.61825736545,105.939422,54.961788872522)
  );
#4188 = VECTOR('',#4189,1.);
#4189 = DIRECTION('',(-0.,-1.,-0.));
#4190 = ADVANCED_FACE('',(#4191),#4214,.T.);
#4191 = FACE_BOUND('',#4192,.T.);
#4192 = EDGE_LOOP('',(#4193,#4194,#4201,#4209));
#4193 = ORIENTED_EDGE('',*,*,#4172,.T.);
#4194 = ORIENTED_EDGE('',*,*,#4195,.T.);
#4195 = EDGE_CURVE('',#4166,#4196,#4198,.T.);
#4196 = VERTEX_POINT('',#4197);
#4197 = CARTESIAN_POINT('',(135.61825736545,106.939422,54.329988872522)
  );
#4198 = B_SPLINE_CURVE_WITH_KNOTS('',1,(#4199,#4200),.UNSPECIFIED.,.F.,
  .F.,(2,2),(0.,6.75),.PIECEWISE_BEZIER_KNOTS.);
#4199 = CARTESIAN_POINT('',(135.61825736545,106.939422,54.961788872522)
  );
#4200 = CARTESIAN_POINT('',(135.61825736545,106.939422,54.329988872522)
  );
#4201 = ORIENTED_EDGE('',*,*,#4202,.F.);
#4202 = EDGE_CURVE('',#4203,#4196,#4205,.T.);
#4203 = VERTEX_POINT('',#4204);
#4204 = CARTESIAN_POINT('',(135.61825736545,105.939422,54.329988872522)
  );
#4205 = LINE('',#4206,#4207);
#4206 = CARTESIAN_POINT('',(135.61825736545,105.939422,54.329988872522)
  );
#4207 = VECTOR('',#4208,1.);
#4208 = DIRECTION('',(0.,1.,0.));
#4209 = ORIENTED_EDGE('',*,*,#4210,.F.);
#4210 = EDGE_CURVE('',#4173,#4203,#4211,.T.);
#4211 = B_SPLINE_CURVE_WITH_KNOTS('',1,(#4212,#4213),.UNSPECIFIED.,.F.,
  .F.,(2,2),(0.,6.75),.PIECEWISE_BEZIER_KNOTS.);
#4212 = CARTESIAN_POINT('',(135.61825736545,105.939422,54.961788872522)
  );
#4213 = CARTESIAN_POINT('',(135.61825736545,105.939422,54.329988872522)
  );
#4214 = SURFACE_OF_LINEAR_EXTRUSION('',#4215,#4218);
#4215 = B_SPLINE_CURVE_WITH_KNOTS('',1,(#4216,#4217),.UNSPECIFIED.,.F.,
  .F.,(2,2),(0.,6.75),.PIECEWISE_BEZIER_KNOTS.);
#4216 = CARTESIAN_POINT('',(135.61825736545,105.939422,54.961788872522)
  );
#4217 = CARTESIAN_POINT('',(135.61825736545,105.939422,54.329988872522)
  );
#4218 = VECTOR('',#4219,1.);
#4219 = DIRECTION('',(-0.,-1.,-0.));
#4220 = ADVANCED_FACE('',(#4221),#4244,.T.);
#4221 = FACE_BOUND('',#4222,.T.);
#4222 = EDGE_LOOP('',(#4223,#4224,#4231,#4239));
#4223 = ORIENTED_EDGE('',*,*,#4202,.T.);
#4224 = ORIENTED_EDGE('',*,*,#4225,.T.);
#4225 = EDGE_CURVE('',#4196,#4226,#4228,.T.);
#4226 = VERTEX_POINT('',#4227);
#4227 = CARTESIAN_POINT('',(137.03322634945,106.939422,54.329988872522)
  );
#4228 = B_SPLINE_CURVE_WITH_KNOTS('',1,(#4229,#4230),.UNSPECIFIED.,.F.,
  .F.,(2,2),(0.,15.11719),.PIECEWISE_BEZIER_KNOTS.);
#4229 = CARTESIAN_POINT('',(135.61825736545,106.939422,54.329988872522)
  );
#4230 = CARTESIAN_POINT('',(137.03322634945,106.939422,54.329988872522)
  );
#4231 = ORIENTED_EDGE('',*,*,#4232,.F.);
#4232 = EDGE_CURVE('',#4233,#4226,#4235,.T.);
#4233 = VERTEX_POINT('',#4234);
#4234 = CARTESIAN_POINT('',(137.03322634945,105.939422,54.329988872522)
  );
#4235 = LINE('',#4236,#4237);
#4236 = CARTESIAN_POINT('',(137.03322634945,105.939422,54.329988872522)
  );
#4237 = VECTOR('',#4238,1.);
#4238 = DIRECTION('',(0.,1.,0.));
#4239 = ORIENTED_EDGE('',*,*,#4240,.F.);
#4240 = EDGE_CURVE('',#4203,#4233,#4241,.T.);
#4241 = B_SPLINE_CURVE_WITH_KNOTS('',1,(#4242,#4243),.UNSPECIFIED.,.F.,
  .F.,(2,2),(0.,15.11719),.PIECEWISE_BEZIER_KNOTS.);
#4242 = CARTESIAN_POINT('',(135.61825736545,105.939422,54.329988872522)
  );
#4243 = CARTESIAN_POINT('',(137.03322634945,105.939422,54.329988872522)
  );
#4244 = SURFACE_OF_LINEAR_EXTRUSION('',#4245,#4248);
#4245 = B_SPLINE_CURVE_WITH_KNOTS('',1,(#4246,#4247),.UNSPECIFIED.,.F.,
  .F.,(2,2),(0.,15.11719),.PIECEWISE_BEZIER_KNOTS.);
#4246 = CARTESIAN_POINT('',(135.61825736545,105.939422,54.329988872522)
  );
#4247 = CARTESIAN_POINT('',(137.03322634945,105.939422,54.329988872522)
  );
#4248 = VECTOR('',#4249,1.);
#4249 = DIRECTION('',(-0.,-1.,-0.));
#4250 = ADVANCED_FACE('',(#4251),#4274,.T.);
#4251 = FACE_BOUND('',#4252,.T.);
#4252 = EDGE_LOOP('',(#4253,#4254,#4261,#4269));
#4253 = ORIENTED_EDGE('',*,*,#4232,.T.);
#4254 = ORIENTED_EDGE('',*,*,#4255,.T.);
#4255 = EDGE_CURVE('',#4226,#4256,#4258,.T.);
#4256 = VERTEX_POINT('',#4257);
#4257 = CARTESIAN_POINT('',(137.03322634945,106.939422,53.522688872522)
  );
#4258 = B_SPLINE_CURVE_WITH_KNOTS('',1,(#4259,#4260),.UNSPECIFIED.,.F.,
  .F.,(2,2),(0.,8.625),.PIECEWISE_BEZIER_KNOTS.);
#4259 = CARTESIAN_POINT('',(137.03322634945,106.939422,54.329988872522)
  );
#4260 = CARTESIAN_POINT('',(137.03322634945,106.939422,53.522688872522)
  );
#4261 = ORIENTED_EDGE('',*,*,#4262,.F.);
#4262 = EDGE_CURVE('',#4263,#4256,#4265,.T.);
#4263 = VERTEX_POINT('',#4264);
#4264 = CARTESIAN_POINT('',(137.03322634945,105.939422,53.522688872522)
  );
#4265 = LINE('',#4266,#4267);
#4266 = CARTESIAN_POINT('',(137.03322634945,105.939422,53.522688872522)
  );
#4267 = VECTOR('',#4268,1.);
#4268 = DIRECTION('',(0.,1.,0.));
#4269 = ORIENTED_EDGE('',*,*,#4270,.F.);
#4270 = EDGE_CURVE('',#4233,#4263,#4271,.T.);
#4271 = B_SPLINE_CURVE_WITH_KNOTS('',1,(#4272,#4273),.UNSPECIFIED.,.F.,
  .F.,(2,2),(0.,8.625),.PIECEWISE_BEZIER_KNOTS.);
#4272 = CARTESIAN_POINT('',(137.03322634945,105.939422,54.329988872522)
  );
#4273 = CARTESIAN_POINT('',(137.03322634945,105.939422,53.522688872522)
  );
#4274 = SURFACE_OF_LINEAR_EXTRUSION('',#4275,#4278);
#4275 = B_SPLINE_CURVE_WITH_KNOTS('',1,(#4276,#4277),.UNSPECIFIED.,.F.,
  .F.,(2,2),(0.,8.625),.PIECEWISE_BEZIER_KNOTS.);
#4276 = CARTESIAN_POINT('',(137.03322634945,105.939422,54.329988872522)
  );
#4277 = CARTESIAN_POINT('',(137.03322634945,105.939422,53.522688872522)
  );
#4278 = VECTOR('',#4279,1.);
#4279 = DIRECTION('',(-0.,-1.,-0.));
#4280 = ADVANCED_FACE('',(#4281),#4304,.T.);
#4281 = FACE_BOUND('',#4282,.T.);
#4282 = EDGE_LOOP('',(#4283,#4284,#4291,#4299));
#4283 = ORIENTED_EDGE('',*,*,#4262,.T.);
#4284 = ORIENTED_EDGE('',*,*,#4285,.T.);
#4285 = EDGE_CURVE('',#4256,#4286,#4288,.T.);
#4286 = VERTEX_POINT('',#4287);
#4287 = CARTESIAN_POINT('',(135.50857033345,106.939422,53.522688872522)
  );
#4288 = B_SPLINE_CURVE_WITH_KNOTS('',1,(#4289,#4290),.UNSPECIFIED.,.F.,
  .F.,(2,2),(0.,16.28906),.PIECEWISE_BEZIER_KNOTS.);
#4289 = CARTESIAN_POINT('',(137.03322634945,106.939422,53.522688872522)
  );
#4290 = CARTESIAN_POINT('',(135.50857033345,106.939422,53.522688872522)
  );
#4291 = ORIENTED_EDGE('',*,*,#4292,.F.);
#4292 = EDGE_CURVE('',#4293,#4286,#4295,.T.);
#4293 = VERTEX_POINT('',#4294);
#4294 = CARTESIAN_POINT('',(135.50857033345,105.939422,53.522688872522)
  );
#4295 = LINE('',#4296,#4297);
#4296 = CARTESIAN_POINT('',(135.50857033345,105.939422,53.522688872522)
  );
#4297 = VECTOR('',#4298,1.);
#4298 = DIRECTION('',(0.,1.,0.));
#4299 = ORIENTED_EDGE('',*,*,#4300,.F.);
#4300 = EDGE_CURVE('',#4263,#4293,#4301,.T.);
#4301 = B_SPLINE_CURVE_WITH_KNOTS('',1,(#4302,#4303),.UNSPECIFIED.,.F.,
  .F.,(2,2),(0.,16.28906),.PIECEWISE_BEZIER_KNOTS.);
#4302 = CARTESIAN_POINT('',(137.03322634945,105.939422,53.522688872522)
  );
#4303 = CARTESIAN_POINT('',(135.50857033345,105.939422,53.522688872522)
  );
#4304 = SURFACE_OF_LINEAR_EXTRUSION('',#4305,#4308);
#4305 = B_SPLINE_CURVE_WITH_KNOTS('',1,(#4306,#4307),.UNSPECIFIED.,.F.,
  .F.,(2,2),(0.,16.28906),.PIECEWISE_BEZIER_KNOTS.);
#4306 = CARTESIAN_POINT('',(137.03322634945,105.939422,53.522688872522)
  );
#4307 = CARTESIAN_POINT('',(135.50857033345,105.939422,53.522688872522)
  );
#4308 = VECTOR('',#4309,1.);
#4309 = DIRECTION('',(-0.,-1.,-0.));
#4310 = ADVANCED_FACE('',(#4311),#4325,.T.);
#4311 = FACE_BOUND('',#4312,.T.);
#4312 = EDGE_LOOP('',(#4313,#4314,#4319,#4320));
#4313 = ORIENTED_EDGE('',*,*,#4292,.T.);
#4314 = ORIENTED_EDGE('',*,*,#4315,.T.);
#4315 = EDGE_CURVE('',#4286,#3978,#4316,.T.);
#4316 = B_SPLINE_CURVE_WITH_KNOTS('',1,(#4317,#4318),.UNSPECIFIED.,.F.,
  .F.,(2,2),(0.,6.75),.PIECEWISE_BEZIER_KNOTS.);
#4317 = CARTESIAN_POINT('',(135.50857033345,106.939422,53.522688872522)
  );
#4318 = CARTESIAN_POINT('',(135.50857033345,106.939422,52.890888872522)
  );
#4319 = ORIENTED_EDGE('',*,*,#3975,.F.);
#4320 = ORIENTED_EDGE('',*,*,#4321,.F.);
#4321 = EDGE_CURVE('',#4293,#3976,#4322,.T.);
#4322 = B_SPLINE_CURVE_WITH_KNOTS('',1,(#4323,#4324),.UNSPECIFIED.,.F.,
  .F.,(2,2),(0.,6.75),.PIECEWISE_BEZIER_KNOTS.);
#4323 = CARTESIAN_POINT('',(135.50857033345,105.939422,53.522688872522)
  );
#4324 = CARTESIAN_POINT('',(135.50857033345,105.939422,52.890888872522)
  );
#4325 = SURFACE_OF_LINEAR_EXTRUSION('',#4326,#4329);
#4326 = B_SPLINE_CURVE_WITH_KNOTS('',1,(#4327,#4328),.UNSPECIFIED.,.F.,
  .F.,(2,2),(0.,6.75),.PIECEWISE_BEZIER_KNOTS.);
#4327 = CARTESIAN_POINT('',(135.50857033345,105.939422,53.522688872522)
  );
#4328 = CARTESIAN_POINT('',(135.50857033345,105.939422,52.890888872522)
  );
#4329 = VECTOR('',#4330,1.);
#4330 = DIRECTION('',(-0.,-1.,-0.));
#4331 = ADVANCED_FACE('',(#4332),#4346,.T.);
#4332 = FACE_BOUND('',#4333,.T.);
#4333 = EDGE_LOOP('',(#4334,#4335,#4336,#4337,#4338,#4339,#4340,#4341,
    #4342,#4343,#4344,#4345));
#4334 = ORIENTED_EDGE('',*,*,#4000,.T.);
#4335 = ORIENTED_EDGE('',*,*,#4030,.T.);
#4336 = ORIENTED_EDGE('',*,*,#4060,.T.);
#4337 = ORIENTED_EDGE('',*,*,#4090,.T.);
#4338 = ORIENTED_EDGE('',*,*,#4120,.T.);
#4339 = ORIENTED_EDGE('',*,*,#4150,.T.);
#4340 = ORIENTED_EDGE('',*,*,#4180,.T.);
#4341 = ORIENTED_EDGE('',*,*,#4210,.T.);
#4342 = ORIENTED_EDGE('',*,*,#4240,.T.);
#4343 = ORIENTED_EDGE('',*,*,#4270,.T.);
#4344 = ORIENTED_EDGE('',*,*,#4300,.T.);
#4345 = ORIENTED_EDGE('',*,*,#4321,.T.);
#4346 = B_SPLINE_SURFACE_WITH_KNOTS('',1,1,(
    (#4347,#4348)
    ,(#4349,#4350
    )),.UNSPECIFIED.,.F.,.F.,.F.,(2,2),(2,2),(-12.5285193693,
    12.713660630696),(-17.66401858796,17.23442141204),
  .PIECEWISE_BEZIER_KNOTS.);
#4347 = CARTESIAN_POINT('',(135.50857033345,105.939422,52.890888872522)
  );
#4348 = CARTESIAN_POINT('',(135.50857033345,105.939422,56.157382856522)
  );
#4349 = CARTESIAN_POINT('',(137.87123838145,105.939422,52.890888872522)
  );
#4350 = CARTESIAN_POINT('',(137.87123838145,105.939422,56.157382856522)
  );
#4351 = ADVANCED_FACE('',(#4352),#4366,.F.);
#4352 = FACE_BOUND('',#4353,.F.);
#4353 = EDGE_LOOP('',(#4354,#4355,#4356,#4357,#4358,#4359,#4360,#4361,
    #4362,#4363,#4364,#4365));
#4354 = ORIENTED_EDGE('',*,*,#3985,.T.);
#4355 = ORIENTED_EDGE('',*,*,#4015,.T.);
#4356 = ORIENTED_EDGE('',*,*,#4045,.T.);
#4357 = ORIENTED_EDGE('',*,*,#4075,.T.);
#4358 = ORIENTED_EDGE('',*,*,#4105,.T.);
#4359 = ORIENTED_EDGE('',*,*,#4135,.T.);
#4360 = ORIENTED_EDGE('',*,*,#4165,.T.);
#4361 = ORIENTED_EDGE('',*,*,#4195,.T.);
#4362 = ORIENTED_EDGE('',*,*,#4225,.T.);
#4363 = ORIENTED_EDGE('',*,*,#4255,.T.);
#4364 = ORIENTED_EDGE('',*,*,#4285,.T.);
#4365 = ORIENTED_EDGE('',*,*,#4315,.T.);
#4366 = B_SPLINE_SURFACE_WITH_KNOTS('',1,1,(
    (#4367,#4368)
    ,(#4369,#4370
    )),.UNSPECIFIED.,.F.,.F.,.F.,(2,2),(2,2),(-12.5285193693,
    12.713660630696),(-17.66401858796,17.23442141204),
  .PIECEWISE_BEZIER_KNOTS.);
#4367 = CARTESIAN_POINT('',(135.50857033345,106.939422,52.890888872522)
  );
#4368 = CARTESIAN_POINT('',(135.50857033345,106.939422,56.157382856522)
  );
#4369 = CARTESIAN_POINT('',(137.87123838145,106.939422,52.890888872522)
  );
#4370 = CARTESIAN_POINT('',(137.87123838145,106.939422,56.157382856522)
  );
#4371 = MANIFOLD_SOLID_BREP('',#4372);
#4372 = CLOSED_SHELL('',(#4373,#4415,#4448,#4481,#4514,#4547,#4577,#4610
    ,#4643,#4673,#4706,#4736,#4769,#4799,#4832,#4865,#4889,#4931,#4964,
    #4997,#5030,#5060,#5090,#5120,#5153,#5186,#5219,#5243,#5285,#5318,
    #5351,#5384,#5417,#5450,#5483,#5513,#5546,#5576,#5597,#5647));
#4373 = ADVANCED_FACE('',(#4374),#4408,.T.);
#4374 = FACE_BOUND('',#4375,.T.);
#4375 = EDGE_LOOP('',(#4376,#4386,#4394,#4402));
#4376 = ORIENTED_EDGE('',*,*,#4377,.T.);
#4377 = EDGE_CURVE('',#4378,#4380,#4382,.T.);
#4378 = VERTEX_POINT('',#4379);
#4379 = CARTESIAN_POINT('',(132.00734533345,105.939422,53.891238872522)
  );
#4380 = VERTEX_POINT('',#4381);
#4381 = CARTESIAN_POINT('',(132.00734533345,106.939422,53.891238872522)
  );
#4382 = LINE('',#4383,#4384);
#4383 = CARTESIAN_POINT('',(132.00734533345,105.939422,53.891238872522)
  );
#4384 = VECTOR('',#4385,1.);
#4385 = DIRECTION('',(0.,1.,0.));
#4386 = ORIENTED_EDGE('',*,*,#4387,.T.);
#4387 = EDGE_CURVE('',#4380,#4388,#4390,.T.);
#4388 = VERTEX_POINT('',#4389);
#4389 = CARTESIAN_POINT('',(132.10387033345,106.939422,53.467844888522)
  );
#4390 = B_SPLINE_CURVE_WITH_KNOTS('',2,(#4391,#4392,#4393),
  .UNSPECIFIED.,.F.,.F.,(3,3),(0.,1.),.PIECEWISE_BEZIER_KNOTS.);
#4391 = CARTESIAN_POINT('',(132.00734533345,106.939422,53.891238872522)
  );
#4392 = CARTESIAN_POINT('',(132.00734533345,106.939422,53.654313872522)
  );
#4393 = CARTESIAN_POINT('',(132.10387033345,106.939422,53.467844888522)
  );
#4394 = ORIENTED_EDGE('',*,*,#4395,.F.);
#4395 = EDGE_CURVE('',#4396,#4388,#4398,.T.);
#4396 = VERTEX_POINT('',#4397);
#4397 = CARTESIAN_POINT('',(132.10387033345,105.939422,53.467844888522)
  );
#4398 = LINE('',#4399,#4400);
#4399 = CARTESIAN_POINT('',(132.10387033345,105.939422,53.467844888522)
  );
#4400 = VECTOR('',#4401,1.);
#4401 = DIRECTION('',(0.,1.,0.));
#4402 = ORIENTED_EDGE('',*,*,#4403,.F.);
#4403 = EDGE_CURVE('',#4378,#4396,#4404,.T.);
#4404 = B_SPLINE_CURVE_WITH_KNOTS('',2,(#4405,#4406,#4407),
  .UNSPECIFIED.,.F.,.F.,(3,3),(0.,1.),.PIECEWISE_BEZIER_KNOTS.);
#4405 = CARTESIAN_POINT('',(132.00734533345,105.939422,53.891238872522)
  );
#4406 = CARTESIAN_POINT('',(132.00734533345,105.939422,53.654313872522)
  );
#4407 = CARTESIAN_POINT('',(132.10387033345,105.939422,53.467844888522)
  );
#4408 = SURFACE_OF_LINEAR_EXTRUSION('',#4409,#4413);
#4409 = B_SPLINE_CURVE_WITH_KNOTS('',2,(#4410,#4411,#4412),
  .UNSPECIFIED.,.F.,.F.,(3,3),(0.,1.),.PIECEWISE_BEZIER_KNOTS.);
#4410 = CARTESIAN_POINT('',(132.00734533345,105.939422,53.891238872522)
  );
#4411 = CARTESIAN_POINT('',(132.00734533345,105.939422,53.654313872522)
  );
#4412 = CARTESIAN_POINT('',(132.10387033345,105.939422,53.467844888522)
  );
#4413 = VECTOR('',#4414,1.);
#4414 = DIRECTION('',(-0.,-1.,-0.));
#4415 = ADVANCED_FACE('',(#4416),#4441,.T.);
#4416 = FACE_BOUND('',#4417,.T.);
#4417 = EDGE_LOOP('',(#4418,#4428,#4434,#4435));
#4418 = ORIENTED_EDGE('',*,*,#4419,.T.);
#4419 = EDGE_CURVE('',#4420,#4422,#4424,.T.);
#4420 = VERTEX_POINT('',#4421);
#4421 = CARTESIAN_POINT('',(132.19600736545,105.939422,54.417738872522)
  );
#4422 = VERTEX_POINT('',#4423);
#4423 = CARTESIAN_POINT('',(132.19600736545,106.939422,54.417738872522)
  );
#4424 = LINE('',#4425,#4426);
#4425 = CARTESIAN_POINT('',(132.19600736545,105.939422,54.417738872522)
  );
#4426 = VECTOR('',#4427,1.);
#4427 = DIRECTION('',(0.,1.,0.));
#4428 = ORIENTED_EDGE('',*,*,#4429,.T.);
#4429 = EDGE_CURVE('',#4422,#4380,#4430,.T.);
#4430 = B_SPLINE_CURVE_WITH_KNOTS('',2,(#4431,#4432,#4433),
  .UNSPECIFIED.,.F.,.F.,(3,3),(0.,1.),.PIECEWISE_BEZIER_KNOTS.);
#4431 = CARTESIAN_POINT('',(132.19600736545,106.939422,54.417738872522)
  );
#4432 = CARTESIAN_POINT('',(132.00734533345,106.939422,54.218107856522)
  );
#4433 = CARTESIAN_POINT('',(132.00734533345,106.939422,53.891238872522)
  );
#4434 = ORIENTED_EDGE('',*,*,#4377,.F.);
#4435 = ORIENTED_EDGE('',*,*,#4436,.F.);
#4436 = EDGE_CURVE('',#4420,#4378,#4437,.T.);
#4437 = B_SPLINE_CURVE_WITH_KNOTS('',2,(#4438,#4439,#4440),
  .UNSPECIFIED.,.F.,.F.,(3,3),(0.,1.),.PIECEWISE_BEZIER_KNOTS.);
#4438 = CARTESIAN_POINT('',(132.19600736545,105.939422,54.417738872522)
  );
#4439 = CARTESIAN_POINT('',(132.00734533345,105.939422,54.218107856522)
  );
#4440 = CARTESIAN_POINT('',(132.00734533345,105.939422,53.891238872522)
  );
#4441 = SURFACE_OF_LINEAR_EXTRUSION('',#4442,#4446);
#4442 = B_SPLINE_CURVE_WITH_KNOTS('',2,(#4443,#4444,#4445),
  .UNSPECIFIED.,.F.,.F.,(3,3),(0.,1.),.PIECEWISE_BEZIER_KNOTS.);
#4443 = CARTESIAN_POINT('',(132.19600736545,105.939422,54.417738872522)
  );
#4444 = CARTESIAN_POINT('',(132.00734533345,105.939422,54.218107856522)
  );
#4445 = CARTESIAN_POINT('',(132.00734533345,105.939422,53.891238872522)
  );
#4446 = VECTOR('',#4447,1.);
#4447 = DIRECTION('',(-0.,-1.,-0.));
#4448 = ADVANCED_FACE('',(#4449),#4474,.T.);
#4449 = FACE_BOUND('',#4450,.T.);
#4450 = EDGE_LOOP('',(#4451,#4452,#4460,#4468));
#4451 = ORIENTED_EDGE('',*,*,#4395,.T.);
#4452 = ORIENTED_EDGE('',*,*,#4453,.T.);
#4453 = EDGE_CURVE('',#4388,#4454,#4456,.T.);
#4454 = VERTEX_POINT('',#4455);
#4455 = CARTESIAN_POINT('',(132.36492634945,106.939422,53.158526840522)
  );
#4456 = B_SPLINE_CURVE_WITH_KNOTS('',2,(#4457,#4458,#4459),
  .UNSPECIFIED.,.F.,.F.,(3,3),(0.,1.),.PIECEWISE_BEZIER_KNOTS.);
#4457 = CARTESIAN_POINT('',(132.10387033345,106.939422,53.467844888522)
  );
#4458 = CARTESIAN_POINT('',(132.19820134945,106.939422,53.281376840522)
  );
#4459 = CARTESIAN_POINT('',(132.36492634945,106.939422,53.158526840522)
  );
#4460 = ORIENTED_EDGE('',*,*,#4461,.F.);
#4461 = EDGE_CURVE('',#4462,#4454,#4464,.T.);
#4462 = VERTEX_POINT('',#4463);
#4463 = CARTESIAN_POINT('',(132.36492634945,105.939422,53.158526840522)
  );
#4464 = LINE('',#4465,#4466);
#4465 = CARTESIAN_POINT('',(132.36492634945,105.939422,53.158526840522)
  );
#4466 = VECTOR('',#4467,1.);
#4467 = DIRECTION('',(0.,1.,0.));
#4468 = ORIENTED_EDGE('',*,*,#4469,.F.);
#4469 = EDGE_CURVE('',#4396,#4462,#4470,.T.);
#4470 = B_SPLINE_CURVE_WITH_KNOTS('',2,(#4471,#4472,#4473),
  .UNSPECIFIED.,.F.,.F.,(3,3),(0.,1.),.PIECEWISE_BEZIER_KNOTS.);
#4471 = CARTESIAN_POINT('',(132.10387033345,105.939422,53.467844888522)
  );
#4472 = CARTESIAN_POINT('',(132.19820134945,105.939422,53.281376840522)
  );
#4473 = CARTESIAN_POINT('',(132.36492634945,105.939422,53.158526840522)
  );
#4474 = SURFACE_OF_LINEAR_EXTRUSION('',#4475,#4479);
#4475 = B_SPLINE_CURVE_WITH_KNOTS('',2,(#4476,#4477,#4478),
  .UNSPECIFIED.,.F.,.F.,(3,3),(0.,1.),.PIECEWISE_BEZIER_KNOTS.);
#4476 = CARTESIAN_POINT('',(132.10387033345,105.939422,53.467844888522)
  );
#4477 = CARTESIAN_POINT('',(132.19820134945,105.939422,53.281376840522)
  );
#4478 = CARTESIAN_POINT('',(132.36492634945,105.939422,53.158526840522)
  );
#4479 = VECTOR('',#4480,1.);
#4480 = DIRECTION('',(-0.,-1.,-0.));
#4481 = ADVANCED_FACE('',(#4482),#4507,.T.);
#4482 = FACE_BOUND('',#4483,.T.);
#4483 = EDGE_LOOP('',(#4484,#4494,#4500,#4501));
#4484 = ORIENTED_EDGE('',*,*,#4485,.T.);
#4485 = EDGE_CURVE('',#4486,#4488,#4490,.T.);
#4486 = VERTEX_POINT('',#4487);
#4487 = CARTESIAN_POINT('',(132.70276338145,105.939422,54.680988872522)
  );
#4488 = VERTEX_POINT('',#4489);
#4489 = CARTESIAN_POINT('',(132.70276338145,106.939422,54.680988872522)
  );
#4490 = LINE('',#4491,#4492);
#4491 = CARTESIAN_POINT('',(132.70276338145,105.939422,54.680988872522)
  );
#4492 = VECTOR('',#4493,1.);
#4493 = DIRECTION('',(0.,1.,0.));
#4494 = ORIENTED_EDGE('',*,*,#4495,.T.);
#4495 = EDGE_CURVE('',#4488,#4422,#4496,.T.);
#4496 = B_SPLINE_CURVE_WITH_KNOTS('',2,(#4497,#4498,#4499),
  .UNSPECIFIED.,.F.,.F.,(3,3),(0.,1.),.PIECEWISE_BEZIER_KNOTS.);
#4497 = CARTESIAN_POINT('',(132.70276338145,106.939422,54.680988872522)
  );
#4498 = CARTESIAN_POINT('',(132.38247634945,106.939422,54.617369888522)
  );
#4499 = CARTESIAN_POINT('',(132.19600736545,106.939422,54.417738872522)
  );
#4500 = ORIENTED_EDGE('',*,*,#4419,.F.);
#4501 = ORIENTED_EDGE('',*,*,#4502,.F.);
#4502 = EDGE_CURVE('',#4486,#4420,#4503,.T.);
#4503 = B_SPLINE_CURVE_WITH_KNOTS('',2,(#4504,#4505,#4506),
  .UNSPECIFIED.,.F.,.F.,(3,3),(0.,1.),.PIECEWISE_BEZIER_KNOTS.);
#4504 = CARTESIAN_POINT('',(132.70276338145,105.939422,54.680988872522)
  );
#4505 = CARTESIAN_POINT('',(132.38247634945,105.939422,54.617369888522)
  );
#4506 = CARTESIAN_POINT('',(132.19600736545,105.939422,54.417738872522)
  );
#4507 = SURFACE_OF_LINEAR_EXTRUSION('',#4508,#4512);
#4508 = B_SPLINE_CURVE_WITH_KNOTS('',2,(#4509,#4510,#4511),
  .UNSPECIFIED.,.F.,.F.,(3,3),(0.,1.),.PIECEWISE_BEZIER_KNOTS.);
#4509 = CARTESIAN_POINT('',(132.70276338145,105.939422,54.680988872522)
  );
#4510 = CARTESIAN_POINT('',(132.38247634945,105.939422,54.617369888522)
  );
#4511 = CARTESIAN_POINT('',(132.19600736545,105.939422,54.417738872522)
  );
#4512 = VECTOR('',#4513,1.);
#4513 = DIRECTION('',(-0.,-1.,-0.));
#4514 = ADVANCED_FACE('',(#4515),#4540,.T.);
#4515 = FACE_BOUND('',#4516,.T.);
#4516 = EDGE_LOOP('',(#4517,#4518,#4526,#4534));
#4517 = ORIENTED_EDGE('',*,*,#4461,.T.);
#4518 = ORIENTED_EDGE('',*,*,#4519,.T.);
#4519 = EDGE_CURVE('',#4454,#4520,#4522,.T.);
#4520 = VERTEX_POINT('',#4521);
#4521 = CARTESIAN_POINT('',(132.79051338145,106.939422,52.952313872522)
  );
#4522 = B_SPLINE_CURVE_WITH_KNOTS('',2,(#4523,#4524,#4525),
  .UNSPECIFIED.,.F.,.F.,(3,3),(0.,1.),.PIECEWISE_BEZIER_KNOTS.);
#4523 = CARTESIAN_POINT('',(132.36492634945,106.939422,53.158526840522)
  );
#4524 = CARTESIAN_POINT('',(132.55797634945,106.939422,53.013738872522)
  );
#4525 = CARTESIAN_POINT('',(132.79051338145,106.939422,52.952313872522)
  );
#4526 = ORIENTED_EDGE('',*,*,#4527,.F.);
#4527 = EDGE_CURVE('',#4528,#4520,#4530,.T.);
#4528 = VERTEX_POINT('',#4529);
#4529 = CARTESIAN_POINT('',(132.79051338145,105.939422,52.952313872522)
  );
#4530 = LINE('',#4531,#4532);
#4531 = CARTESIAN_POINT('',(132.79051338145,105.939422,52.952313872522)
  );
#4532 = VECTOR('',#4533,1.);
#4533 = DIRECTION('',(0.,1.,0.));
#4534 = ORIENTED_EDGE('',*,*,#4535,.F.);
#4535 = EDGE_CURVE('',#4462,#4528,#4536,.T.);
#4536 = B_SPLINE_CURVE_WITH_KNOTS('',2,(#4537,#4538,#4539),
  .UNSPECIFIED.,.F.,.F.,(3,3),(0.,1.),.PIECEWISE_BEZIER_KNOTS.);
#4537 = CARTESIAN_POINT('',(132.36492634945,105.939422,53.158526840522)
  );
#4538 = CARTESIAN_POINT('',(132.55797634945,105.939422,53.013738872522)
  );
#4539 = CARTESIAN_POINT('',(132.79051338145,105.939422,52.952313872522)
  );
#4540 = SURFACE_OF_LINEAR_EXTRUSION('',#4541,#4545);
#4541 = B_SPLINE_CURVE_WITH_KNOTS('',2,(#4542,#4543,#4544),
  .UNSPECIFIED.,.F.,.F.,(3,3),(0.,1.),.PIECEWISE_BEZIER_KNOTS.);
#4542 = CARTESIAN_POINT('',(132.36492634945,105.939422,53.158526840522)
  );
#4543 = CARTESIAN_POINT('',(132.55797634945,105.939422,53.013738872522)
  );
#4544 = CARTESIAN_POINT('',(132.79051338145,105.939422,52.952313872522)
  );
#4545 = VECTOR('',#4546,1.);
#4546 = DIRECTION('',(-0.,-1.,-0.));
#4547 = ADVANCED_FACE('',(#4548),#4571,.T.);
#4548 = FACE_BOUND('',#4549,.T.);
#4549 = EDGE_LOOP('',(#4550,#4560,#4565,#4566));
#4550 = ORIENTED_EDGE('',*,*,#4551,.T.);
#4551 = EDGE_CURVE('',#4552,#4554,#4556,.T.);
#4552 = VERTEX_POINT('',#4553);
#4553 = CARTESIAN_POINT('',(132.70276338145,105.939422,54.698538872522)
  );
#4554 = VERTEX_POINT('',#4555);
#4555 = CARTESIAN_POINT('',(132.70276338145,106.939422,54.698538872522)
  );
#4556 = LINE('',#4557,#4558);
#4557 = CARTESIAN_POINT('',(132.70276338145,105.939422,54.698538872522)
  );
#4558 = VECTOR('',#4559,1.);
#4559 = DIRECTION('',(0.,1.,0.));
#4560 = ORIENTED_EDGE('',*,*,#4561,.T.);
#4561 = EDGE_CURVE('',#4554,#4488,#4562,.T.);
#4562 = B_SPLINE_CURVE_WITH_KNOTS('',1,(#4563,#4564),.UNSPECIFIED.,.F.,
  .F.,(2,2),(0.,0.1875),.PIECEWISE_BEZIER_KNOTS.);
#4563 = CARTESIAN_POINT('',(132.70276338145,106.939422,54.698538872522)
  );
#4564 = CARTESIAN_POINT('',(132.70276338145,106.939422,54.680988872522)
  );
#4565 = ORIENTED_EDGE('',*,*,#4485,.F.);
#4566 = ORIENTED_EDGE('',*,*,#4567,.F.);
#4567 = EDGE_CURVE('',#4552,#4486,#4568,.T.);
#4568 = B_SPLINE_CURVE_WITH_KNOTS('',1,(#4569,#4570),.UNSPECIFIED.,.F.,
  .F.,(2,2),(0.,0.1875),.PIECEWISE_BEZIER_KNOTS.);
#4569 = CARTESIAN_POINT('',(132.70276338145,105.939422,54.698538872522)
  );
#4570 = CARTESIAN_POINT('',(132.70276338145,105.939422,54.680988872522)
  );
#4571 = SURFACE_OF_LINEAR_EXTRUSION('',#4572,#4575);
#4572 = B_SPLINE_CURVE_WITH_KNOTS('',1,(#4573,#4574),.UNSPECIFIED.,.F.,
  .F.,(2,2),(0.,0.1875),.PIECEWISE_BEZIER_KNOTS.);
#4573 = CARTESIAN_POINT('',(132.70276338145,105.939422,54.698538872522)
  );
#4574 = CARTESIAN_POINT('',(132.70276338145,105.939422,54.680988872522)
  );
#4575 = VECTOR('',#4576,1.);
#4576 = DIRECTION('',(-0.,-1.,-0.));
#4577 = ADVANCED_FACE('',(#4578),#4603,.T.);
#4578 = FACE_BOUND('',#4579,.T.);
#4579 = EDGE_LOOP('',(#4580,#4581,#4589,#4597));
#4580 = ORIENTED_EDGE('',*,*,#4527,.T.);
#4581 = ORIENTED_EDGE('',*,*,#4582,.T.);
#4582 = EDGE_CURVE('',#4520,#4583,#4585,.T.);
#4583 = VERTEX_POINT('',#4584);
#4584 = CARTESIAN_POINT('',(133.37624533345,106.939422,52.890888872522)
  );
#4585 = B_SPLINE_CURVE_WITH_KNOTS('',2,(#4586,#4587,#4588),
  .UNSPECIFIED.,.F.,.F.,(3,3),(0.,1.),.PIECEWISE_BEZIER_KNOTS.);
#4586 = CARTESIAN_POINT('',(132.79051338145,106.939422,52.952313872522)
  );
#4587 = CARTESIAN_POINT('',(133.02085736545,106.939422,52.890888872522)
  );
#4588 = CARTESIAN_POINT('',(133.37624533345,106.939422,52.890888872522)
  );
#4589 = ORIENTED_EDGE('',*,*,#4590,.F.);
#4590 = EDGE_CURVE('',#4591,#4583,#4593,.T.);
#4591 = VERTEX_POINT('',#4592);
#4592 = CARTESIAN_POINT('',(133.37624533345,105.939422,52.890888872522)
  );
#4593 = LINE('',#4594,#4595);
#4594 = CARTESIAN_POINT('',(133.37624533345,105.939422,52.890888872522)
  );
#4595 = VECTOR('',#4596,1.);
#4596 = DIRECTION('',(0.,1.,0.));
#4597 = ORIENTED_EDGE('',*,*,#4598,.F.);
#4598 = EDGE_CURVE('',#4528,#4591,#4599,.T.);
#4599 = B_SPLINE_CURVE_WITH_KNOTS('',2,(#4600,#4601,#4602),
  .UNSPECIFIED.,.F.,.F.,(3,3),(0.,1.),.PIECEWISE_BEZIER_KNOTS.);
#4600 = CARTESIAN_POINT('',(132.79051338145,105.939422,52.952313872522)
  );
#4601 = CARTESIAN_POINT('',(133.02085736545,105.939422,52.890888872522)
  );
#4602 = CARTESIAN_POINT('',(133.37624533345,105.939422,52.890888872522)
  );
#4603 = SURFACE_OF_LINEAR_EXTRUSION('',#4604,#4608);
#4604 = B_SPLINE_CURVE_WITH_KNOTS('',2,(#4605,#4606,#4607),
  .UNSPECIFIED.,.F.,.F.,(3,3),(0.,1.),.PIECEWISE_BEZIER_KNOTS.);
#4605 = CARTESIAN_POINT('',(132.79051338145,105.939422,52.952313872522)
  );
#4606 = CARTESIAN_POINT('',(133.02085736545,105.939422,52.890888872522)
  );
#4607 = CARTESIAN_POINT('',(133.37624533345,105.939422,52.890888872522)
  );
#4608 = VECTOR('',#4609,1.);
#4609 = DIRECTION('',(-0.,-1.,-0.));
#4610 = ADVANCED_FACE('',(#4611),#4636,.T.);
#4611 = FACE_BOUND('',#4612,.T.);
#4612 = EDGE_LOOP('',(#4613,#4623,#4629,#4630));
#4613 = ORIENTED_EDGE('',*,*,#4614,.T.);
#4614 = EDGE_CURVE('',#4615,#4617,#4619,.T.);
#4615 = VERTEX_POINT('',#4616);
#4616 = CARTESIAN_POINT('',(132.34957033345,105.939422,54.979338872522)
  );
#4617 = VERTEX_POINT('',#4618);
#4618 = CARTESIAN_POINT('',(132.34957033345,106.939422,54.979338872522)
  );
#4619 = LINE('',#4620,#4621);
#4620 = CARTESIAN_POINT('',(132.34957033345,105.939422,54.979338872522)
  );
#4621 = VECTOR('',#4622,1.);
#4622 = DIRECTION('',(0.,1.,0.));
#4623 = ORIENTED_EDGE('',*,*,#4624,.T.);
#4624 = EDGE_CURVE('',#4617,#4554,#4625,.T.);
#4625 = B_SPLINE_CURVE_WITH_KNOTS('',2,(#4626,#4627,#4628),
  .UNSPECIFIED.,.F.,.F.,(3,3),(0.,1.),.PIECEWISE_BEZIER_KNOTS.);
#4626 = CARTESIAN_POINT('',(132.34957033345,106.939422,54.979338872522)
  );
#4627 = CARTESIAN_POINT('',(132.47461338145,106.939422,54.799451840522)
  );
#4628 = CARTESIAN_POINT('',(132.70276338145,106.939422,54.698538872522)
  );
#4629 = ORIENTED_EDGE('',*,*,#4551,.F.);
#4630 = ORIENTED_EDGE('',*,*,#4631,.F.);
#4631 = EDGE_CURVE('',#4615,#4552,#4632,.T.);
#4632 = B_SPLINE_CURVE_WITH_KNOTS('',2,(#4633,#4634,#4635),
  .UNSPECIFIED.,.F.,.F.,(3,3),(0.,1.),.PIECEWISE_BEZIER_KNOTS.);
#4633 = CARTESIAN_POINT('',(132.34957033345,105.939422,54.979338872522)
  );
#4634 = CARTESIAN_POINT('',(132.47461338145,105.939422,54.799451840522)
  );
#4635 = CARTESIAN_POINT('',(132.70276338145,105.939422,54.698538872522)
  );
#4636 = SURFACE_OF_LINEAR_EXTRUSION('',#4637,#4641);
#4637 = B_SPLINE_CURVE_WITH_KNOTS('',2,(#4638,#4639,#4640),
  .UNSPECIFIED.,.F.,.F.,(3,3),(0.,1.),.PIECEWISE_BEZIER_KNOTS.);
#4638 = CARTESIAN_POINT('',(132.34957033345,105.939422,54.979338872522)
  );
#4639 = CARTESIAN_POINT('',(132.47461338145,105.939422,54.799451840522)
  );
#4640 = CARTESIAN_POINT('',(132.70276338145,105.939422,54.698538872522)
  );
#4641 = VECTOR('',#4642,1.);
#4642 = DIRECTION('',(-0.,-1.,-0.));
#4643 = ADVANCED_FACE('',(#4644),#4667,.T.);
#4644 = FACE_BOUND('',#4645,.T.);
#4645 = EDGE_LOOP('',(#4646,#4647,#4654,#4662));
#4646 = ORIENTED_EDGE('',*,*,#4590,.T.);
#4647 = ORIENTED_EDGE('',*,*,#4648,.T.);
#4648 = EDGE_CURVE('',#4583,#4649,#4651,.T.);
#4649 = VERTEX_POINT('',#4650);
#4650 = CARTESIAN_POINT('',(134.80218236545,106.939422,52.890888872522)
  );
#4651 = B_SPLINE_CURVE_WITH_KNOTS('',1,(#4652,#4653),.UNSPECIFIED.,.F.,
  .F.,(2,2),(0.,15.23437),.PIECEWISE_BEZIER_KNOTS.);
#4652 = CARTESIAN_POINT('',(133.37624533345,106.939422,52.890888872522)
  );
#4653 = CARTESIAN_POINT('',(134.80218236545,106.939422,52.890888872522)
  );
#4654 = ORIENTED_EDGE('',*,*,#4655,.F.);
#4655 = EDGE_CURVE('',#4656,#4649,#4658,.T.);
#4656 = VERTEX_POINT('',#4657);
#4657 = CARTESIAN_POINT('',(134.80218236545,105.939422,52.890888872522)
  );
#4658 = LINE('',#4659,#4660);
#4659 = CARTESIAN_POINT('',(134.80218236545,105.939422,52.890888872522)
  );
#4660 = VECTOR('',#4661,1.);
#4661 = DIRECTION('',(0.,1.,0.));
#4662 = ORIENTED_EDGE('',*,*,#4663,.F.);
#4663 = EDGE_CURVE('',#4591,#4656,#4664,.T.);
#4664 = B_SPLINE_CURVE_WITH_KNOTS('',1,(#4665,#4666),.UNSPECIFIED.,.F.,
  .F.,(2,2),(0.,15.23437),.PIECEWISE_BEZIER_KNOTS.);
#4665 = CARTESIAN_POINT('',(133.37624533345,105.939422,52.890888872522)
  );
#4666 = CARTESIAN_POINT('',(134.80218236545,105.939422,52.890888872522)
  );
#4667 = SURFACE_OF_LINEAR_EXTRUSION('',#4668,#4671);
#4668 = B_SPLINE_CURVE_WITH_KNOTS('',1,(#4669,#4670),.UNSPECIFIED.,.F.,
  .F.,(2,2),(0.,15.23437),.PIECEWISE_BEZIER_KNOTS.);
#4669 = CARTESIAN_POINT('',(133.37624533345,105.939422,52.890888872522)
  );
#4670 = CARTESIAN_POINT('',(134.80218236545,105.939422,52.890888872522)
  );
#4671 = VECTOR('',#4672,1.);
#4672 = DIRECTION('',(-0.,-1.,-0.));
#4673 = ADVANCED_FACE('',(#4674),#4699,.T.);
#4674 = FACE_BOUND('',#4675,.T.);
#4675 = EDGE_LOOP('',(#4676,#4686,#4692,#4693));
#4676 = ORIENTED_EDGE('',*,*,#4677,.T.);
#4677 = EDGE_CURVE('',#4678,#4680,#4682,.T.);
#4678 = VERTEX_POINT('',#4679);
#4679 = CARTESIAN_POINT('',(132.22452634945,105.939422,55.398344888522)
  );
#4680 = VERTEX_POINT('',#4681);
#4681 = CARTESIAN_POINT('',(132.22452634945,106.939422,55.398344888522)
  );
#4682 = LINE('',#4683,#4684);
#4683 = CARTESIAN_POINT('',(132.22452634945,105.939422,55.398344888522)
  );
#4684 = VECTOR('',#4685,1.);
#4685 = DIRECTION('',(0.,1.,0.));
#4686 = ORIENTED_EDGE('',*,*,#4687,.T.);
#4687 = EDGE_CURVE('',#4680,#4617,#4688,.T.);
#4688 = B_SPLINE_CURVE_WITH_KNOTS('',2,(#4689,#4690,#4691),
  .UNSPECIFIED.,.F.,.F.,(3,3),(0.,1.),.PIECEWISE_BEZIER_KNOTS.);
#4689 = CARTESIAN_POINT('',(132.22452634945,106.939422,55.398344888522)
  );
#4690 = CARTESIAN_POINT('',(132.22452634945,106.939422,55.161419888522)
  );
#4691 = CARTESIAN_POINT('',(132.34957033345,106.939422,54.979338872522)
  );
#4692 = ORIENTED_EDGE('',*,*,#4614,.F.);
#4693 = ORIENTED_EDGE('',*,*,#4694,.F.);
#4694 = EDGE_CURVE('',#4678,#4615,#4695,.T.);
#4695 = B_SPLINE_CURVE_WITH_KNOTS('',2,(#4696,#4697,#4698),
  .UNSPECIFIED.,.F.,.F.,(3,3),(0.,1.),.PIECEWISE_BEZIER_KNOTS.);
#4696 = CARTESIAN_POINT('',(132.22452634945,105.939422,55.398344888522)
  );
#4697 = CARTESIAN_POINT('',(132.22452634945,105.939422,55.161419888522)
  );
#4698 = CARTESIAN_POINT('',(132.34957033345,105.939422,54.979338872522)
  );
#4699 = SURFACE_OF_LINEAR_EXTRUSION('',#4700,#4704);
#4700 = B_SPLINE_CURVE_WITH_KNOTS('',2,(#4701,#4702,#4703),
  .UNSPECIFIED.,.F.,.F.,(3,3),(0.,1.),.PIECEWISE_BEZIER_KNOTS.);
#4701 = CARTESIAN_POINT('',(132.22452634945,105.939422,55.398344888522)
  );
#4702 = CARTESIAN_POINT('',(132.22452634945,105.939422,55.161419888522)
  );
#4703 = CARTESIAN_POINT('',(132.34957033345,105.939422,54.979338872522)
  );
#4704 = VECTOR('',#4705,1.);
#4705 = DIRECTION('',(-0.,-1.,-0.));
#4706 = ADVANCED_FACE('',(#4707),#4730,.T.);
#4707 = FACE_BOUND('',#4708,.T.);
#4708 = EDGE_LOOP('',(#4709,#4710,#4717,#4725));
#4709 = ORIENTED_EDGE('',*,*,#4655,.T.);
#4710 = ORIENTED_EDGE('',*,*,#4711,.T.);
#4711 = EDGE_CURVE('',#4649,#4712,#4714,.T.);
#4712 = VERTEX_POINT('',#4713);
#4713 = CARTESIAN_POINT('',(134.80218236545,106.939422,56.157382856522)
  );
#4714 = B_SPLINE_CURVE_WITH_KNOTS('',1,(#4715,#4716),.UNSPECIFIED.,.F.,
  .F.,(2,2),(0.,34.89844),.PIECEWISE_BEZIER_KNOTS.);
#4715 = CARTESIAN_POINT('',(134.80218236545,106.939422,52.890888872522)
  );
#4716 = CARTESIAN_POINT('',(134.80218236545,106.939422,56.157382856522)
  );
#4717 = ORIENTED_EDGE('',*,*,#4718,.F.);
#4718 = EDGE_CURVE('',#4719,#4712,#4721,.T.);
#4719 = VERTEX_POINT('',#4720);
#4720 = CARTESIAN_POINT('',(134.80218236545,105.939422,56.157382856522)
  );
#4721 = LINE('',#4722,#4723);
#4722 = CARTESIAN_POINT('',(134.80218236545,105.939422,56.157382856522)
  );
#4723 = VECTOR('',#4724,1.);
#4724 = DIRECTION('',(0.,1.,0.));
#4725 = ORIENTED_EDGE('',*,*,#4726,.F.);
#4726 = EDGE_CURVE('',#4656,#4719,#4727,.T.);
#4727 = B_SPLINE_CURVE_WITH_KNOTS('',1,(#4728,#4729),.UNSPECIFIED.,.F.,
  .F.,(2,2),(0.,34.89844),.PIECEWISE_BEZIER_KNOTS.);
#4728 = CARTESIAN_POINT('',(134.80218236545,105.939422,52.890888872522)
  );
#4729 = CARTESIAN_POINT('',(134.80218236545,105.939422,56.157382856522)
  );
#4730 = SURFACE_OF_LINEAR_EXTRUSION('',#4731,#4734);
#4731 = B_SPLINE_CURVE_WITH_KNOTS('',1,(#4732,#4733),.UNSPECIFIED.,.F.,
  .F.,(2,2),(0.,34.89844),.PIECEWISE_BEZIER_KNOTS.);
#4732 = CARTESIAN_POINT('',(134.80218236545,105.939422,52.890888872522)
  );
#4733 = CARTESIAN_POINT('',(134.80218236545,105.939422,56.157382856522)
  );
#4734 = VECTOR('',#4735,1.);
#4735 = DIRECTION('',(-0.,-1.,-0.));
#4736 = ADVANCED_FACE('',(#4737),#4762,.T.);
#4737 = FACE_BOUND('',#4738,.T.);
#4738 = EDGE_LOOP('',(#4739,#4749,#4755,#4756));
#4739 = ORIENTED_EDGE('',*,*,#4740,.T.);
#4740 = EDGE_CURVE('',#4741,#4743,#4745,.T.);
#4741 = VERTEX_POINT('',#4742);
#4742 = CARTESIAN_POINT('',(132.31666338145,105.939422,55.760313872522)
  );
#4743 = VERTEX_POINT('',#4744);
#4744 = CARTESIAN_POINT('',(132.31666338145,106.939422,55.760313872522)
  );
#4745 = LINE('',#4746,#4747);
#4746 = CARTESIAN_POINT('',(132.31666338145,105.939422,55.760313872522)
  );
#4747 = VECTOR('',#4748,1.);
#4748 = DIRECTION('',(0.,1.,0.));
#4749 = ORIENTED_EDGE('',*,*,#4750,.T.);
#4750 = EDGE_CURVE('',#4743,#4680,#4751,.T.);
#4751 = B_SPLINE_CURVE_WITH_KNOTS('',2,(#4752,#4753,#4754),
  .UNSPECIFIED.,.F.,.F.,(3,3),(0.,1.),.PIECEWISE_BEZIER_KNOTS.);
#4752 = CARTESIAN_POINT('',(132.31666338145,106.939422,55.760313872522)
  );
#4753 = CARTESIAN_POINT('',(132.22452634945,106.939422,55.602363872522)
  );
#4754 = CARTESIAN_POINT('',(132.22452634945,106.939422,55.398344888522)
  );
#4755 = ORIENTED_EDGE('',*,*,#4677,.F.);
#4756 = ORIENTED_EDGE('',*,*,#4757,.F.);
#4757 = EDGE_CURVE('',#4741,#4678,#4758,.T.);
#4758 = B_SPLINE_CURVE_WITH_KNOTS('',2,(#4759,#4760,#4761),
  .UNSPECIFIED.,.F.,.F.,(3,3),(0.,1.),.PIECEWISE_BEZIER_KNOTS.);
#4759 = CARTESIAN_POINT('',(132.31666338145,105.939422,55.760313872522)
  );
#4760 = CARTESIAN_POINT('',(132.22452634945,105.939422,55.602363872522)
  );
#4761 = CARTESIAN_POINT('',(132.22452634945,105.939422,55.398344888522)
  );
#4762 = SURFACE_OF_LINEAR_EXTRUSION('',#4763,#4767);
#4763 = B_SPLINE_CURVE_WITH_KNOTS('',2,(#4764,#4765,#4766),
  .UNSPECIFIED.,.F.,.F.,(3,3),(0.,1.),.PIECEWISE_BEZIER_KNOTS.);
#4764 = CARTESIAN_POINT('',(132.31666338145,105.939422,55.760313872522)
  );
#4765 = CARTESIAN_POINT('',(132.22452634945,105.939422,55.602363872522)
  );
#4766 = CARTESIAN_POINT('',(132.22452634945,105.939422,55.398344888522)
  );
#4767 = VECTOR('',#4768,1.);
#4768 = DIRECTION('',(-0.,-1.,-0.));
#4769 = ADVANCED_FACE('',(#4770),#4793,.T.);
#4770 = FACE_BOUND('',#4771,.T.);
#4771 = EDGE_LOOP('',(#4772,#4773,#4780,#4788));
#4772 = ORIENTED_EDGE('',*,*,#4718,.T.);
#4773 = ORIENTED_EDGE('',*,*,#4774,.T.);
#4774 = EDGE_CURVE('',#4712,#4775,#4777,.T.);
#4775 = VERTEX_POINT('',#4776);
#4776 = CARTESIAN_POINT('',(133.53419533345,106.939422,56.157382856522)
  );
#4777 = B_SPLINE_CURVE_WITH_KNOTS('',1,(#4778,#4779),.UNSPECIFIED.,.F.,
  .F.,(2,2),(0.,13.54687),.PIECEWISE_BEZIER_KNOTS.);
#4778 = CARTESIAN_POINT('',(134.80218236545,106.939422,56.157382856522)
  );
#4779 = CARTESIAN_POINT('',(133.53419533345,106.939422,56.157382856522)
  );
#4780 = ORIENTED_EDGE('',*,*,#4781,.F.);
#4781 = EDGE_CURVE('',#4782,#4775,#4784,.T.);
#4782 = VERTEX_POINT('',#4783);
#4783 = CARTESIAN_POINT('',(133.53419533345,105.939422,56.157382856522)
  );
#4784 = LINE('',#4785,#4786);
#4785 = CARTESIAN_POINT('',(133.53419533345,105.939422,56.157382856522)
  );
#4786 = VECTOR('',#4787,1.);
#4787 = DIRECTION('',(0.,1.,0.));
#4788 = ORIENTED_EDGE('',*,*,#4789,.F.);
#4789 = EDGE_CURVE('',#4719,#4782,#4790,.T.);
#4790 = B_SPLINE_CURVE_WITH_KNOTS('',1,(#4791,#4792),.UNSPECIFIED.,.F.,
  .F.,(2,2),(0.,13.54687),.PIECEWISE_BEZIER_KNOTS.);
#4791 = CARTESIAN_POINT('',(134.80218236545,105.939422,56.157382856522)
  );
#4792 = CARTESIAN_POINT('',(133.53419533345,105.939422,56.157382856522)
  );
#4793 = SURFACE_OF_LINEAR_EXTRUSION('',#4794,#4797);
#4794 = B_SPLINE_CURVE_WITH_KNOTS('',1,(#4795,#4796),.UNSPECIFIED.,.F.,
  .F.,(2,2),(0.,13.54687),.PIECEWISE_BEZIER_KNOTS.);
#4795 = CARTESIAN_POINT('',(134.80218236545,105.939422,56.157382856522)
  );
#4796 = CARTESIAN_POINT('',(133.53419533345,105.939422,56.157382856522)
  );
#4797 = VECTOR('',#4798,1.);
#4798 = DIRECTION('',(-0.,-1.,-0.));
#4799 = ADVANCED_FACE('',(#4800),#4825,.T.);
#4800 = FACE_BOUND('',#4801,.T.);
#4801 = EDGE_LOOP('',(#4802,#4812,#4818,#4819));
#4802 = ORIENTED_EDGE('',*,*,#4803,.T.);
#4803 = EDGE_CURVE('',#4804,#4806,#4808,.T.);
#4804 = VERTEX_POINT('',#4805);
#4805 = CARTESIAN_POINT('',(132.59307634945,105.939422,56.014788872522)
  );
#4806 = VERTEX_POINT('',#4807);
#4807 = CARTESIAN_POINT('',(132.59307634945,106.939422,56.014788872522)
  );
#4808 = LINE('',#4809,#4810);
#4809 = CARTESIAN_POINT('',(132.59307634945,105.939422,56.014788872522)
  );
#4810 = VECTOR('',#4811,1.);
#4811 = DIRECTION('',(0.,1.,0.));
#4812 = ORIENTED_EDGE('',*,*,#4813,.T.);
#4813 = EDGE_CURVE('',#4806,#4743,#4814,.T.);
#4814 = B_SPLINE_CURVE_WITH_KNOTS('',2,(#4815,#4816,#4817),
  .UNSPECIFIED.,.F.,.F.,(3,3),(0.,1.),.PIECEWISE_BEZIER_KNOTS.);
#4815 = CARTESIAN_POINT('',(132.59307634945,106.939422,56.014788872522)
  );
#4816 = CARTESIAN_POINT('',(132.40660736545,106.939422,55.920457856522)
  );
#4817 = CARTESIAN_POINT('',(132.31666338145,106.939422,55.760313872522)
  );
#4818 = ORIENTED_EDGE('',*,*,#4740,.F.);
#4819 = ORIENTED_EDGE('',*,*,#4820,.F.);
#4820 = EDGE_CURVE('',#4804,#4741,#4821,.T.);
#4821 = B_SPLINE_CURVE_WITH_KNOTS('',2,(#4822,#4823,#4824),
  .UNSPECIFIED.,.F.,.F.,(3,3),(0.,1.),.PIECEWISE_BEZIER_KNOTS.);
#4822 = CARTESIAN_POINT('',(132.59307634945,105.939422,56.014788872522)
  );
#4823 = CARTESIAN_POINT('',(132.40660736545,105.939422,55.920457856522)
  );
#4824 = CARTESIAN_POINT('',(132.31666338145,105.939422,55.760313872522)
  );
#4825 = SURFACE_OF_LINEAR_EXTRUSION('',#4826,#4830);
#4826 = B_SPLINE_CURVE_WITH_KNOTS('',2,(#4827,#4828,#4829),
  .UNSPECIFIED.,.F.,.F.,(3,3),(0.,1.),.PIECEWISE_BEZIER_KNOTS.);
#4827 = CARTESIAN_POINT('',(132.59307634945,105.939422,56.014788872522)
  );
#4828 = CARTESIAN_POINT('',(132.40660736545,105.939422,55.920457856522)
  );
#4829 = CARTESIAN_POINT('',(132.31666338145,105.939422,55.760313872522)
  );
#4830 = VECTOR('',#4831,1.);
#4831 = DIRECTION('',(-0.,-1.,-0.));
#4832 = ADVANCED_FACE('',(#4833),#4858,.T.);
#4833 = FACE_BOUND('',#4834,.T.);
#4834 = EDGE_LOOP('',(#4835,#4836,#4844,#4852));
#4835 = ORIENTED_EDGE('',*,*,#4781,.T.);
#4836 = ORIENTED_EDGE('',*,*,#4837,.T.);
#4837 = EDGE_CURVE('',#4775,#4838,#4840,.T.);
#4838 = VERTEX_POINT('',#4839);
#4839 = CARTESIAN_POINT('',(132.95723838145,106.939422,56.131057856522)
  );
#4840 = B_SPLINE_CURVE_WITH_KNOTS('',2,(#4841,#4842,#4843),
  .UNSPECIFIED.,.F.,.F.,(3,3),(0.,1.),.PIECEWISE_BEZIER_KNOTS.);
#4841 = CARTESIAN_POINT('',(133.53419533345,106.939422,56.157382856522)
  );
#4842 = CARTESIAN_POINT('',(133.13932033345,106.939422,56.157382856522)
  );
#4843 = CARTESIAN_POINT('',(132.95723838145,106.939422,56.131057856522)
  );
#4844 = ORIENTED_EDGE('',*,*,#4845,.F.);
#4845 = EDGE_CURVE('',#4846,#4838,#4848,.T.);
#4846 = VERTEX_POINT('',#4847);
#4847 = CARTESIAN_POINT('',(132.95723838145,105.939422,56.131057856522)
  );
#4848 = LINE('',#4849,#4850);
#4849 = CARTESIAN_POINT('',(132.95723838145,105.939422,56.131057856522)
  );
#4850 = VECTOR('',#4851,1.);
#4851 = DIRECTION('',(0.,1.,0.));
#4852 = ORIENTED_EDGE('',*,*,#4853,.F.);
#4853 = EDGE_CURVE('',#4782,#4846,#4854,.T.);
#4854 = B_SPLINE_CURVE_WITH_KNOTS('',2,(#4855,#4856,#4857),
  .UNSPECIFIED.,.F.,.F.,(3,3),(0.,1.),.PIECEWISE_BEZIER_KNOTS.);
#4855 = CARTESIAN_POINT('',(133.53419533345,105.939422,56.157382856522)
  );
#4856 = CARTESIAN_POINT('',(133.13932033345,105.939422,56.157382856522)
  );
#4857 = CARTESIAN_POINT('',(132.95723838145,105.939422,56.131057856522)
  );
#4858 = SURFACE_OF_LINEAR_EXTRUSION('',#4859,#4863);
#4859 = B_SPLINE_CURVE_WITH_KNOTS('',2,(#4860,#4861,#4862),
  .UNSPECIFIED.,.F.,.F.,(3,3),(0.,1.),.PIECEWISE_BEZIER_KNOTS.);
#4860 = CARTESIAN_POINT('',(133.53419533345,105.939422,56.157382856522)
  );
#4861 = CARTESIAN_POINT('',(133.13932033345,105.939422,56.157382856522)
  );
#4862 = CARTESIAN_POINT('',(132.95723838145,105.939422,56.131057856522)
  );
#4863 = VECTOR('',#4864,1.);
#4864 = DIRECTION('',(-0.,-1.,-0.));
#4865 = ADVANCED_FACE('',(#4866),#4882,.T.);
#4866 = FACE_BOUND('',#4867,.T.);
#4867 = EDGE_LOOP('',(#4868,#4869,#4875,#4876));
#4868 = ORIENTED_EDGE('',*,*,#4845,.T.);
#4869 = ORIENTED_EDGE('',*,*,#4870,.T.);
#4870 = EDGE_CURVE('',#4838,#4806,#4871,.T.);
#4871 = B_SPLINE_CURVE_WITH_KNOTS('',2,(#4872,#4873,#4874),
  .UNSPECIFIED.,.F.,.F.,(3,3),(0.,1.),.PIECEWISE_BEZIER_KNOTS.);
#4872 = CARTESIAN_POINT('',(132.95723838145,106.939422,56.131057856522)
  );
#4873 = CARTESIAN_POINT('',(132.77296338145,106.939422,56.104732856522)
  );
#4874 = CARTESIAN_POINT('',(132.59307634945,106.939422,56.014788872522)
  );
#4875 = ORIENTED_EDGE('',*,*,#4803,.F.);
#4876 = ORIENTED_EDGE('',*,*,#4877,.F.);
#4877 = EDGE_CURVE('',#4846,#4804,#4878,.T.);
#4878 = B_SPLINE_CURVE_WITH_KNOTS('',2,(#4879,#4880,#4881),
  .UNSPECIFIED.,.F.,.F.,(3,3),(0.,1.),.PIECEWISE_BEZIER_KNOTS.);
#4879 = CARTESIAN_POINT('',(132.95723838145,105.939422,56.131057856522)
  );
#4880 = CARTESIAN_POINT('',(132.77296338145,105.939422,56.104732856522)
  );
#4881 = CARTESIAN_POINT('',(132.59307634945,105.939422,56.014788872522)
  );
#4882 = SURFACE_OF_LINEAR_EXTRUSION('',#4883,#4887);
#4883 = B_SPLINE_CURVE_WITH_KNOTS('',2,(#4884,#4885,#4886),
  .UNSPECIFIED.,.F.,.F.,(3,3),(0.,1.),.PIECEWISE_BEZIER_KNOTS.);
#4884 = CARTESIAN_POINT('',(132.95723838145,105.939422,56.131057856522)
  );
#4885 = CARTESIAN_POINT('',(132.77296338145,105.939422,56.104732856522)
  );
#4886 = CARTESIAN_POINT('',(132.59307634945,105.939422,56.014788872522)
  );
#4887 = VECTOR('',#4888,1.);
#4888 = DIRECTION('',(-0.,-1.,-0.));
#4889 = ADVANCED_FACE('',(#4890),#4924,.T.);
#4890 = FACE_BOUND('',#4891,.T.);
#4891 = EDGE_LOOP('',(#4892,#4902,#4910,#4918));
#4892 = ORIENTED_EDGE('',*,*,#4893,.T.);
#4893 = EDGE_CURVE('',#4894,#4896,#4898,.T.);
#4894 = VERTEX_POINT('',#4895);
#4895 = CARTESIAN_POINT('',(132.93091338145,105.939422,53.693794352522)
  );
#4896 = VERTEX_POINT('',#4897);
#4897 = CARTESIAN_POINT('',(132.93091338145,106.939422,53.693794352522)
  );
#4898 = LINE('',#4899,#4900);
#4899 = CARTESIAN_POINT('',(132.93091338145,105.939422,53.693794352522)
  );
#4900 = VECTOR('',#4901,1.);
#4901 = DIRECTION('',(0.,1.,0.));
#4902 = ORIENTED_EDGE('',*,*,#4903,.T.);
#4903 = EDGE_CURVE('',#4896,#4904,#4906,.T.);
#4904 = VERTEX_POINT('',#4905);
#4905 = CARTESIAN_POINT('',(132.88045736545,106.939422,53.904401840522)
  );
#4906 = B_SPLINE_CURVE_WITH_KNOTS('',2,(#4907,#4908,#4909),
  .UNSPECIFIED.,.F.,.F.,(3,3),(0.,1.),.PIECEWISE_BEZIER_KNOTS.);
#4907 = CARTESIAN_POINT('',(132.93091338145,106.939422,53.693794352522)
  );
#4908 = CARTESIAN_POINT('',(132.88045736545,106.939422,53.785935128522)
  );
#4909 = CARTESIAN_POINT('',(132.88045736545,106.939422,53.904401840522)
  );
#4910 = ORIENTED_EDGE('',*,*,#4911,.F.);
#4911 = EDGE_CURVE('',#4912,#4904,#4914,.T.);
#4912 = VERTEX_POINT('',#4913);
#4913 = CARTESIAN_POINT('',(132.88045736545,105.939422,53.904401840522)
  );
#4914 = LINE('',#4915,#4916);
#4915 = CARTESIAN_POINT('',(132.88045736545,105.939422,53.904401840522)
  );
#4916 = VECTOR('',#4917,1.);
#4917 = DIRECTION('',(0.,1.,0.));
#4918 = ORIENTED_EDGE('',*,*,#4919,.F.);
#4919 = EDGE_CURVE('',#4894,#4912,#4920,.T.);
#4920 = B_SPLINE_CURVE_WITH_KNOTS('',2,(#4921,#4922,#4923),
  .UNSPECIFIED.,.F.,.F.,(3,3),(0.,1.),.PIECEWISE_BEZIER_KNOTS.);
#4921 = CARTESIAN_POINT('',(132.93091338145,105.939422,53.693794352522)
  );
#4922 = CARTESIAN_POINT('',(132.88045736545,105.939422,53.785935128522)
  );
#4923 = CARTESIAN_POINT('',(132.88045736545,105.939422,53.904401840522)
  );
#4924 = SURFACE_OF_LINEAR_EXTRUSION('',#4925,#4929);
#4925 = B_SPLINE_CURVE_WITH_KNOTS('',2,(#4926,#4927,#4928),
  .UNSPECIFIED.,.F.,.F.,(3,3),(0.,1.),.PIECEWISE_BEZIER_KNOTS.);
#4926 = CARTESIAN_POINT('',(132.93091338145,105.939422,53.693794352522)
  );
#4927 = CARTESIAN_POINT('',(132.88045736545,105.939422,53.785935128522)
  );
#4928 = CARTESIAN_POINT('',(132.88045736545,105.939422,53.904401840522)
  );
#4929 = VECTOR('',#4930,1.);
#4930 = DIRECTION('',(-0.,-1.,-0.));
#4931 = ADVANCED_FACE('',(#4932),#4957,.T.);
#4932 = FACE_BOUND('',#4933,.T.);
#4933 = EDGE_LOOP('',(#4934,#4944,#4950,#4951));
#4934 = ORIENTED_EDGE('',*,*,#4935,.T.);
#4935 = EDGE_CURVE('',#4936,#4938,#4940,.T.);
#4936 = VERTEX_POINT('',#4937);
#4937 = CARTESIAN_POINT('',(133.11080134945,105.939422,53.549006384522)
  );
#4938 = VERTEX_POINT('',#4939);
#4939 = CARTESIAN_POINT('',(133.11080134945,106.939422,53.549006384522)
  );
#4940 = LINE('',#4941,#4942);
#4941 = CARTESIAN_POINT('',(133.11080134945,105.939422,53.549006384522)
  );
#4942 = VECTOR('',#4943,1.);
#4943 = DIRECTION('',(0.,1.,0.));
#4944 = ORIENTED_EDGE('',*,*,#4945,.T.);
#4945 = EDGE_CURVE('',#4938,#4896,#4946,.T.);
#4946 = B_SPLINE_CURVE_WITH_KNOTS('',2,(#4947,#4948,#4949),
  .UNSPECIFIED.,.F.,.F.,(3,3),(0.,1.),.PIECEWISE_BEZIER_KNOTS.);
#4947 = CARTESIAN_POINT('',(133.11080134945,106.939422,53.549006384522)
  );
#4948 = CARTESIAN_POINT('',(132.97917634945,106.939422,53.603850368522)
  );
#4949 = CARTESIAN_POINT('',(132.93091338145,106.939422,53.693794352522)
  );
#4950 = ORIENTED_EDGE('',*,*,#4893,.F.);
#4951 = ORIENTED_EDGE('',*,*,#4952,.F.);
#4952 = EDGE_CURVE('',#4936,#4894,#4953,.T.);
#4953 = B_SPLINE_CURVE_WITH_KNOTS('',2,(#4954,#4955,#4956),
  .UNSPECIFIED.,.F.,.F.,(3,3),(0.,1.),.PIECEWISE_BEZIER_KNOTS.);
#4954 = CARTESIAN_POINT('',(133.11080134945,105.939422,53.549006384522)
  );
#4955 = CARTESIAN_POINT('',(132.97917634945,105.939422,53.603850368522)
  );
#4956 = CARTESIAN_POINT('',(132.93091338145,105.939422,53.693794352522)
  );
#4957 = SURFACE_OF_LINEAR_EXTRUSION('',#4958,#4962);
#4958 = B_SPLINE_CURVE_WITH_KNOTS('',2,(#4959,#4960,#4961),
  .UNSPECIFIED.,.F.,.F.,(3,3),(0.,1.),.PIECEWISE_BEZIER_KNOTS.);
#4959 = CARTESIAN_POINT('',(133.11080134945,105.939422,53.549006384522)
  );
#4960 = CARTESIAN_POINT('',(132.97917634945,105.939422,53.603850368522)
  );
#4961 = CARTESIAN_POINT('',(132.93091338145,105.939422,53.693794352522)
  );
#4962 = VECTOR('',#4963,1.);
#4963 = DIRECTION('',(-0.,-1.,-0.));
#4964 = ADVANCED_FACE('',(#4965),#4990,.T.);
#4965 = FACE_BOUND('',#4966,.T.);
#4966 = EDGE_LOOP('',(#4967,#4977,#4983,#4984));
#4967 = ORIENTED_EDGE('',*,*,#4968,.T.);
#4968 = EDGE_CURVE('',#4969,#4971,#4973,.T.);
#4969 = VERTEX_POINT('',#4970);
#4970 = CARTESIAN_POINT('',(133.39379533345,105.939422,53.491969352522)
  );
#4971 = VERTEX_POINT('',#4972);
#4972 = CARTESIAN_POINT('',(133.39379533345,106.939422,53.491969352522)
  );
#4973 = LINE('',#4974,#4975);
#4974 = CARTESIAN_POINT('',(133.39379533345,105.939422,53.491969352522)
  );
#4975 = VECTOR('',#4976,1.);
#4976 = DIRECTION('',(0.,1.,0.));
#4977 = ORIENTED_EDGE('',*,*,#4978,.T.);
#4978 = EDGE_CURVE('',#4971,#4938,#4979,.T.);
#4979 = B_SPLINE_CURVE_WITH_KNOTS('',2,(#4980,#4981,#4982),
  .UNSPECIFIED.,.F.,.F.,(3,3),(0.,1.),.PIECEWISE_BEZIER_KNOTS.);
#4980 = CARTESIAN_POINT('',(133.39379533345,106.939422,53.491969352522)
  );
#4981 = CARTESIAN_POINT('',(133.24023236545,106.939422,53.494159592522)
  );
#4982 = CARTESIAN_POINT('',(133.11080134945,106.939422,53.549006384522)
  );
#4983 = ORIENTED_EDGE('',*,*,#4935,.F.);
#4984 = ORIENTED_EDGE('',*,*,#4985,.F.);
#4985 = EDGE_CURVE('',#4969,#4936,#4986,.T.);
#4986 = B_SPLINE_CURVE_WITH_KNOTS('',2,(#4987,#4988,#4989),
  .UNSPECIFIED.,.F.,.F.,(3,3),(0.,1.),.PIECEWISE_BEZIER_KNOTS.);
#4987 = CARTESIAN_POINT('',(133.39379533345,105.939422,53.491969352522)
  );
#4988 = CARTESIAN_POINT('',(133.24023236545,105.939422,53.494159592522)
  );
#4989 = CARTESIAN_POINT('',(133.11080134945,105.939422,53.549006384522)
  );
#4990 = SURFACE_OF_LINEAR_EXTRUSION('',#4991,#4995);
#4991 = B_SPLINE_CURVE_WITH_KNOTS('',2,(#4992,#4993,#4994),
  .UNSPECIFIED.,.F.,.F.,(3,3),(0.,1.),.PIECEWISE_BEZIER_KNOTS.);
#4992 = CARTESIAN_POINT('',(133.39379533345,105.939422,53.491969352522)
  );
#4993 = CARTESIAN_POINT('',(133.24023236545,105.939422,53.494159592522)
  );
#4994 = CARTESIAN_POINT('',(133.11080134945,105.939422,53.549006384522)
  );
#4995 = VECTOR('',#4996,1.);
#4996 = DIRECTION('',(-0.,-1.,-0.));
#4997 = ADVANCED_FACE('',(#4998),#5023,.T.);
#4998 = FACE_BOUND('',#4999,.T.);
#4999 = EDGE_LOOP('',(#5000,#5010,#5016,#5017));
#5000 = ORIENTED_EDGE('',*,*,#5001,.T.);
#5001 = EDGE_CURVE('',#5002,#5004,#5006,.T.);
#5002 = VERTEX_POINT('',#5003);
#5003 = CARTESIAN_POINT('',(133.90274533345,105.939422,53.489779112522)
  );
#5004 = VERTEX_POINT('',#5005);
#5005 = CARTESIAN_POINT('',(133.90274533345,106.939422,53.489779112522)
  );
#5006 = LINE('',#5007,#5008);
#5007 = CARTESIAN_POINT('',(133.90274533345,105.939422,53.489779112522)
  );
#5008 = VECTOR('',#5009,1.);
#5009 = DIRECTION('',(0.,1.,0.));
#5010 = ORIENTED_EDGE('',*,*,#5011,.T.);
#5011 = EDGE_CURVE('',#5004,#4971,#5012,.T.);
#5012 = B_SPLINE_CURVE_WITH_KNOTS('',2,(#5013,#5014,#5015),
  .UNSPECIFIED.,.F.,.F.,(3,3),(0.,1.),.PIECEWISE_BEZIER_KNOTS.);
#5013 = CARTESIAN_POINT('',(133.90274533345,106.939422,53.489779112522)
  );
#5014 = CARTESIAN_POINT('',(133.54735736545,106.939422,53.489779112522)
  );
#5015 = CARTESIAN_POINT('',(133.39379533345,106.939422,53.491969352522)
  );
#5016 = ORIENTED_EDGE('',*,*,#4968,.F.);
#5017 = ORIENTED_EDGE('',*,*,#5018,.F.);
#5018 = EDGE_CURVE('',#5002,#4969,#5019,.T.);
#5019 = B_SPLINE_CURVE_WITH_KNOTS('',2,(#5020,#5021,#5022),
  .UNSPECIFIED.,.F.,.F.,(3,3),(0.,1.),.PIECEWISE_BEZIER_KNOTS.);
#5020 = CARTESIAN_POINT('',(133.90274533345,105.939422,53.489779112522)
  );
#5021 = CARTESIAN_POINT('',(133.54735736545,105.939422,53.489779112522)
  );
#5022 = CARTESIAN_POINT('',(133.39379533345,105.939422,53.491969352522)
  );
#5023 = SURFACE_OF_LINEAR_EXTRUSION('',#5024,#5028);
#5024 = B_SPLINE_CURVE_WITH_KNOTS('',2,(#5025,#5026,#5027),
  .UNSPECIFIED.,.F.,.F.,(3,3),(0.,1.),.PIECEWISE_BEZIER_KNOTS.);
#5025 = CARTESIAN_POINT('',(133.90274533345,105.939422,53.489779112522)
  );
#5026 = CARTESIAN_POINT('',(133.54735736545,105.939422,53.489779112522)
  );
#5027 = CARTESIAN_POINT('',(133.39379533345,105.939422,53.491969352522)
  );
#5028 = VECTOR('',#5029,1.);
#5029 = DIRECTION('',(-0.,-1.,-0.));
#5030 = ADVANCED_FACE('',(#5031),#5054,.T.);
#5031 = FACE_BOUND('',#5032,.T.);
#5032 = EDGE_LOOP('',(#5033,#5043,#5048,#5049));
#5033 = ORIENTED_EDGE('',*,*,#5034,.T.);
#5034 = EDGE_CURVE('',#5035,#5037,#5039,.T.);
#5035 = VERTEX_POINT('',#5036);
#5036 = CARTESIAN_POINT('',(133.96417033345,105.939422,53.489779112522)
  );
#5037 = VERTEX_POINT('',#5038);
#5038 = CARTESIAN_POINT('',(133.96417033345,106.939422,53.489779112522)
  );
#5039 = LINE('',#5040,#5041);
#5040 = CARTESIAN_POINT('',(133.96417033345,105.939422,53.489779112522)
  );
#5041 = VECTOR('',#5042,1.);
#5042 = DIRECTION('',(0.,1.,0.));
#5043 = ORIENTED_EDGE('',*,*,#5044,.T.);
#5044 = EDGE_CURVE('',#5037,#5004,#5045,.T.);
#5045 = B_SPLINE_CURVE_WITH_KNOTS('',1,(#5046,#5047),.UNSPECIFIED.,.F.,
  .F.,(2,2),(0.,0.65625),.PIECEWISE_BEZIER_KNOTS.);
#5046 = CARTESIAN_POINT('',(133.96417033345,106.939422,53.489779112522)
  );
#5047 = CARTESIAN_POINT('',(133.90274533345,106.939422,53.489779112522)
  );
#5048 = ORIENTED_EDGE('',*,*,#5001,.F.);
#5049 = ORIENTED_EDGE('',*,*,#5050,.F.);
#5050 = EDGE_CURVE('',#5035,#5002,#5051,.T.);
#5051 = B_SPLINE_CURVE_WITH_KNOTS('',1,(#5052,#5053),.UNSPECIFIED.,.F.,
  .F.,(2,2),(0.,0.65625),.PIECEWISE_BEZIER_KNOTS.);
#5052 = CARTESIAN_POINT('',(133.96417033345,105.939422,53.489779112522)
  );
#5053 = CARTESIAN_POINT('',(133.90274533345,105.939422,53.489779112522)
  );
#5054 = SURFACE_OF_LINEAR_EXTRUSION('',#5055,#5058);
#5055 = B_SPLINE_CURVE_WITH_KNOTS('',1,(#5056,#5057),.UNSPECIFIED.,.F.,
  .F.,(2,2),(0.,0.65625),.PIECEWISE_BEZIER_KNOTS.);
#5056 = CARTESIAN_POINT('',(133.96417033345,105.939422,53.489779112522)
  );
#5057 = CARTESIAN_POINT('',(133.90274533345,105.939422,53.489779112522)
  );
#5058 = VECTOR('',#5059,1.);
#5059 = DIRECTION('',(-0.,-1.,-0.));
#5060 = ADVANCED_FACE('',(#5061),#5084,.T.);
#5061 = FACE_BOUND('',#5062,.T.);
#5062 = EDGE_LOOP('',(#5063,#5073,#5078,#5079));
#5063 = ORIENTED_EDGE('',*,*,#5064,.T.);
#5064 = EDGE_CURVE('',#5065,#5067,#5069,.T.);
#5065 = VERTEX_POINT('',#5066);
#5066 = CARTESIAN_POINT('',(133.96417033345,105.939422,54.303660128522)
  );
#5067 = VERTEX_POINT('',#5068);
#5068 = CARTESIAN_POINT('',(133.96417033345,106.939422,54.303660128522)
  );
#5069 = LINE('',#5070,#5071);
#5070 = CARTESIAN_POINT('',(133.96417033345,105.939422,54.303660128522)
  );
#5071 = VECTOR('',#5072,1.);
#5072 = DIRECTION('',(0.,1.,0.));
#5073 = ORIENTED_EDGE('',*,*,#5074,.T.);
#5074 = EDGE_CURVE('',#5067,#5037,#5075,.T.);
#5075 = B_SPLINE_CURVE_WITH_KNOTS('',1,(#5076,#5077),.UNSPECIFIED.,.F.,
  .F.,(2,2),(0.,8.69531),.PIECEWISE_BEZIER_KNOTS.);
#5076 = CARTESIAN_POINT('',(133.96417033345,106.939422,54.303660128522)
  );
#5077 = CARTESIAN_POINT('',(133.96417033345,106.939422,53.489779112522)
  );
#5078 = ORIENTED_EDGE('',*,*,#5034,.F.);
#5079 = ORIENTED_EDGE('',*,*,#5080,.F.);
#5080 = EDGE_CURVE('',#5065,#5035,#5081,.T.);
#5081 = B_SPLINE_CURVE_WITH_KNOTS('',1,(#5082,#5083),.UNSPECIFIED.,.F.,
  .F.,(2,2),(0.,8.69531),.PIECEWISE_BEZIER_KNOTS.);
#5082 = CARTESIAN_POINT('',(133.96417033345,105.939422,54.303660128522)
  );
#5083 = CARTESIAN_POINT('',(133.96417033345,105.939422,53.489779112522)
  );
#5084 = SURFACE_OF_LINEAR_EXTRUSION('',#5085,#5088);
#5085 = B_SPLINE_CURVE_WITH_KNOTS('',1,(#5086,#5087),.UNSPECIFIED.,.F.,
  .F.,(2,2),(0.,8.69531),.PIECEWISE_BEZIER_KNOTS.);
#5086 = CARTESIAN_POINT('',(133.96417033345,105.939422,54.303660128522)
  );
#5087 = CARTESIAN_POINT('',(133.96417033345,105.939422,53.489779112522)
  );
#5088 = VECTOR('',#5089,1.);
#5089 = DIRECTION('',(-0.,-1.,-0.));
#5090 = ADVANCED_FACE('',(#5091),#5114,.T.);
#5091 = FACE_BOUND('',#5092,.T.);
#5092 = EDGE_LOOP('',(#5093,#5103,#5108,#5109));
#5093 = ORIENTED_EDGE('',*,*,#5094,.T.);
#5094 = EDGE_CURVE('',#5095,#5097,#5099,.T.);
#5095 = VERTEX_POINT('',#5096);
#5096 = CARTESIAN_POINT('',(133.77989533345,105.939422,54.303660128522)
  );
#5097 = VERTEX_POINT('',#5098);
#5098 = CARTESIAN_POINT('',(133.77989533345,106.939422,54.303660128522)
  );
#5099 = LINE('',#5100,#5101);
#5100 = CARTESIAN_POINT('',(133.77989533345,105.939422,54.303660128522)
  );
#5101 = VECTOR('',#5102,1.);
#5102 = DIRECTION('',(0.,1.,0.));
#5103 = ORIENTED_EDGE('',*,*,#5104,.T.);
#5104 = EDGE_CURVE('',#5097,#5067,#5105,.T.);
#5105 = B_SPLINE_CURVE_WITH_KNOTS('',1,(#5106,#5107),.UNSPECIFIED.,.F.,
  .F.,(2,2),(0.,1.96875),.PIECEWISE_BEZIER_KNOTS.);
#5106 = CARTESIAN_POINT('',(133.77989533345,106.939422,54.303660128522)
  );
#5107 = CARTESIAN_POINT('',(133.96417033345,106.939422,54.303660128522)
  );
#5108 = ORIENTED_EDGE('',*,*,#5064,.F.);
#5109 = ORIENTED_EDGE('',*,*,#5110,.F.);
#5110 = EDGE_CURVE('',#5095,#5065,#5111,.T.);
#5111 = B_SPLINE_CURVE_WITH_KNOTS('',1,(#5112,#5113),.UNSPECIFIED.,.F.,
  .F.,(2,2),(0.,1.96875),.PIECEWISE_BEZIER_KNOTS.);
#5112 = CARTESIAN_POINT('',(133.77989533345,105.939422,54.303660128522)
  );
#5113 = CARTESIAN_POINT('',(133.96417033345,105.939422,54.303660128522)
  );
#5114 = SURFACE_OF_LINEAR_EXTRUSION('',#5115,#5118);
#5115 = B_SPLINE_CURVE_WITH_KNOTS('',1,(#5116,#5117),.UNSPECIFIED.,.F.,
  .F.,(2,2),(0.,1.96875),.PIECEWISE_BEZIER_KNOTS.);
#5116 = CARTESIAN_POINT('',(133.77989533345,105.939422,54.303660128522)
  );
#5117 = CARTESIAN_POINT('',(133.96417033345,105.939422,54.303660128522)
  );
#5118 = VECTOR('',#5119,1.);
#5119 = DIRECTION('',(-0.,-1.,-0.));
#5120 = ADVANCED_FACE('',(#5121),#5146,.T.);
#5121 = FACE_BOUND('',#5122,.T.);
#5122 = EDGE_LOOP('',(#5123,#5133,#5139,#5140));
#5123 = ORIENTED_EDGE('',*,*,#5124,.T.);
#5124 = EDGE_CURVE('',#5125,#5127,#5129,.T.);
#5125 = VERTEX_POINT('',#5126);
#5126 = CARTESIAN_POINT('',(133.41792634945,105.939422,54.301469888522)
  );
#5127 = VERTEX_POINT('',#5128);
#5128 = CARTESIAN_POINT('',(133.41792634945,106.939422,54.301469888522)
  );
#5129 = LINE('',#5130,#5131);
#5130 = CARTESIAN_POINT('',(133.41792634945,105.939422,54.301469888522)
  );
#5131 = VECTOR('',#5132,1.);
#5132 = DIRECTION('',(0.,1.,0.));
#5133 = ORIENTED_EDGE('',*,*,#5134,.T.);
#5134 = EDGE_CURVE('',#5127,#5097,#5135,.T.);
#5135 = B_SPLINE_CURVE_WITH_KNOTS('',2,(#5136,#5137,#5138),
  .UNSPECIFIED.,.F.,.F.,(3,3),(0.,1.),.PIECEWISE_BEZIER_KNOTS.);
#5136 = CARTESIAN_POINT('',(133.41792634945,106.939422,54.301469888522)
  );
#5137 = CARTESIAN_POINT('',(133.59123236545,106.939422,54.303660128522)
  );
#5138 = CARTESIAN_POINT('',(133.77989533345,106.939422,54.303660128522)
  );
#5139 = ORIENTED_EDGE('',*,*,#5094,.F.);
#5140 = ORIENTED_EDGE('',*,*,#5141,.F.);
#5141 = EDGE_CURVE('',#5125,#5095,#5142,.T.);
#5142 = B_SPLINE_CURVE_WITH_KNOTS('',2,(#5143,#5144,#5145),
  .UNSPECIFIED.,.F.,.F.,(3,3),(0.,1.),.PIECEWISE_BEZIER_KNOTS.);
#5143 = CARTESIAN_POINT('',(133.41792634945,105.939422,54.301469888522)
  );
#5144 = CARTESIAN_POINT('',(133.59123236545,105.939422,54.303660128522)
  );
#5145 = CARTESIAN_POINT('',(133.77989533345,105.939422,54.303660128522)
  );
#5146 = SURFACE_OF_LINEAR_EXTRUSION('',#5147,#5151);
#5147 = B_SPLINE_CURVE_WITH_KNOTS('',2,(#5148,#5149,#5150),
  .UNSPECIFIED.,.F.,.F.,(3,3),(0.,1.),.PIECEWISE_BEZIER_KNOTS.);
#5148 = CARTESIAN_POINT('',(133.41792634945,105.939422,54.301469888522)
  );
#5149 = CARTESIAN_POINT('',(133.59123236545,105.939422,54.303660128522)
  );
#5150 = CARTESIAN_POINT('',(133.77989533345,105.939422,54.303660128522)
  );
#5151 = VECTOR('',#5152,1.);
#5152 = DIRECTION('',(-0.,-1.,-0.));
#5153 = ADVANCED_FACE('',(#5154),#5179,.T.);
#5154 = FACE_BOUND('',#5155,.T.);
#5155 = EDGE_LOOP('',(#5156,#5166,#5172,#5173));
#5156 = ORIENTED_EDGE('',*,*,#5157,.T.);
#5157 = EDGE_CURVE('',#5158,#5160,#5162,.T.);
#5158 = VERTEX_POINT('',#5159);
#5159 = CARTESIAN_POINT('',(133.14590134945,105.939422,54.270757856522)
  );
#5160 = VERTEX_POINT('',#5161);
#5161 = CARTESIAN_POINT('',(133.14590134945,106.939422,54.270757856522)
  );
#5162 = LINE('',#5163,#5164);
#5163 = CARTESIAN_POINT('',(133.14590134945,105.939422,54.270757856522)
  );
#5164 = VECTOR('',#5165,1.);
#5165 = DIRECTION('',(0.,1.,0.));
#5166 = ORIENTED_EDGE('',*,*,#5167,.T.);
#5167 = EDGE_CURVE('',#5160,#5127,#5168,.T.);
#5168 = B_SPLINE_CURVE_WITH_KNOTS('',2,(#5169,#5170,#5171),
  .UNSPECIFIED.,.F.,.F.,(3,3),(0.,1.),.PIECEWISE_BEZIER_KNOTS.);
#5169 = CARTESIAN_POINT('',(133.14590134945,106.939422,54.270757856522)
  );
#5170 = CARTESIAN_POINT('',(133.24462033345,106.939422,54.299276840522)
  );
#5171 = CARTESIAN_POINT('',(133.41792634945,106.939422,54.301469888522)
  );
#5172 = ORIENTED_EDGE('',*,*,#5124,.F.);
#5173 = ORIENTED_EDGE('',*,*,#5174,.F.);
#5174 = EDGE_CURVE('',#5158,#5125,#5175,.T.);
#5175 = B_SPLINE_CURVE_WITH_KNOTS('',2,(#5176,#5177,#5178),
  .UNSPECIFIED.,.F.,.F.,(3,3),(0.,1.),.PIECEWISE_BEZIER_KNOTS.);
#5176 = CARTESIAN_POINT('',(133.14590134945,105.939422,54.270757856522)
  );
#5177 = CARTESIAN_POINT('',(133.24462033345,105.939422,54.299276840522)
  );
#5178 = CARTESIAN_POINT('',(133.41792634945,105.939422,54.301469888522)
  );
#5179 = SURFACE_OF_LINEAR_EXTRUSION('',#5180,#5184);
#5180 = B_SPLINE_CURVE_WITH_KNOTS('',2,(#5181,#5182,#5183),
  .UNSPECIFIED.,.F.,.F.,(3,3),(0.,1.),.PIECEWISE_BEZIER_KNOTS.);
#5181 = CARTESIAN_POINT('',(133.14590134945,105.939422,54.270757856522)
  );
#5182 = CARTESIAN_POINT('',(133.24462033345,105.939422,54.299276840522)
  );
#5183 = CARTESIAN_POINT('',(133.41792634945,105.939422,54.301469888522)
  );
#5184 = VECTOR('',#5185,1.);
#5185 = DIRECTION('',(-0.,-1.,-0.));
#5186 = ADVANCED_FACE('',(#5187),#5212,.T.);
#5187 = FACE_BOUND('',#5188,.T.);
#5188 = EDGE_LOOP('',(#5189,#5199,#5205,#5206));
#5189 = ORIENTED_EDGE('',*,*,#5190,.T.);
#5190 = EDGE_CURVE('',#5191,#5193,#5195,.T.);
#5191 = VERTEX_POINT('',#5192);
#5192 = CARTESIAN_POINT('',(132.94188236545,105.939422,54.143519888522)
  );
#5193 = VERTEX_POINT('',#5194);
#5194 = CARTESIAN_POINT('',(132.94188236545,106.939422,54.143519888522)
  );
#5195 = LINE('',#5196,#5197);
#5196 = CARTESIAN_POINT('',(132.94188236545,105.939422,54.143519888522)
  );
#5197 = VECTOR('',#5198,1.);
#5198 = DIRECTION('',(0.,1.,0.));
#5199 = ORIENTED_EDGE('',*,*,#5200,.T.);
#5200 = EDGE_CURVE('',#5193,#5160,#5201,.T.);
#5201 = B_SPLINE_CURVE_WITH_KNOTS('',2,(#5202,#5203,#5204),
  .UNSPECIFIED.,.F.,.F.,(3,3),(0.,1.),.PIECEWISE_BEZIER_KNOTS.);
#5202 = CARTESIAN_POINT('',(132.94188236545,106.939422,54.143519888522)
  );
#5203 = CARTESIAN_POINT('',(133.00111338145,106.939422,54.229076840522)
  );
#5204 = CARTESIAN_POINT('',(133.14590134945,106.939422,54.270757856522)
  );
#5205 = ORIENTED_EDGE('',*,*,#5157,.F.);
#5206 = ORIENTED_EDGE('',*,*,#5207,.F.);
#5207 = EDGE_CURVE('',#5191,#5158,#5208,.T.);
#5208 = B_SPLINE_CURVE_WITH_KNOTS('',2,(#5209,#5210,#5211),
  .UNSPECIFIED.,.F.,.F.,(3,3),(0.,1.),.PIECEWISE_BEZIER_KNOTS.);
#5209 = CARTESIAN_POINT('',(132.94188236545,105.939422,54.143519888522)
  );
#5210 = CARTESIAN_POINT('',(133.00111338145,105.939422,54.229076840522)
  );
#5211 = CARTESIAN_POINT('',(133.14590134945,105.939422,54.270757856522)
  );
#5212 = SURFACE_OF_LINEAR_EXTRUSION('',#5213,#5217);
#5213 = B_SPLINE_CURVE_WITH_KNOTS('',2,(#5214,#5215,#5216),
  .UNSPECIFIED.,.F.,.F.,(3,3),(0.,1.),.PIECEWISE_BEZIER_KNOTS.);
#5214 = CARTESIAN_POINT('',(132.94188236545,105.939422,54.143519888522)
  );
#5215 = CARTESIAN_POINT('',(133.00111338145,105.939422,54.229076840522)
  );
#5216 = CARTESIAN_POINT('',(133.14590134945,105.939422,54.270757856522)
  );
#5217 = VECTOR('',#5218,1.);
#5218 = DIRECTION('',(-0.,-1.,-0.));
#5219 = ADVANCED_FACE('',(#5220),#5236,.T.);
#5220 = FACE_BOUND('',#5221,.T.);
#5221 = EDGE_LOOP('',(#5222,#5223,#5229,#5230));
#5222 = ORIENTED_EDGE('',*,*,#4911,.T.);
#5223 = ORIENTED_EDGE('',*,*,#5224,.T.);
#5224 = EDGE_CURVE('',#4904,#5193,#5225,.T.);
#5225 = B_SPLINE_CURVE_WITH_KNOTS('',2,(#5226,#5227,#5228),
  .UNSPECIFIED.,.F.,.F.,(3,3),(0.,1.),.PIECEWISE_BEZIER_KNOTS.);
#5226 = CARTESIAN_POINT('',(132.88045736545,106.939422,53.904401840522)
  );
#5227 = CARTESIAN_POINT('',(132.88045736545,106.939422,54.060157856522)
  );
#5228 = CARTESIAN_POINT('',(132.94188236545,106.939422,54.143519888522)
  );
#5229 = ORIENTED_EDGE('',*,*,#5190,.F.);
#5230 = ORIENTED_EDGE('',*,*,#5231,.F.);
#5231 = EDGE_CURVE('',#4912,#5191,#5232,.T.);
#5232 = B_SPLINE_CURVE_WITH_KNOTS('',2,(#5233,#5234,#5235),
  .UNSPECIFIED.,.F.,.F.,(3,3),(0.,1.),.PIECEWISE_BEZIER_KNOTS.);
#5233 = CARTESIAN_POINT('',(132.88045736545,105.939422,53.904401840522)
  );
#5234 = CARTESIAN_POINT('',(132.88045736545,105.939422,54.060157856522)
  );
#5235 = CARTESIAN_POINT('',(132.94188236545,105.939422,54.143519888522)
  );
#5236 = SURFACE_OF_LINEAR_EXTRUSION('',#5237,#5241);
#5237 = B_SPLINE_CURVE_WITH_KNOTS('',2,(#5238,#5239,#5240),
  .UNSPECIFIED.,.F.,.F.,(3,3),(0.,1.),.PIECEWISE_BEZIER_KNOTS.);
#5238 = CARTESIAN_POINT('',(132.88045736545,105.939422,53.904401840522)
  );
#5239 = CARTESIAN_POINT('',(132.88045736545,105.939422,54.060157856522)
  );
#5240 = CARTESIAN_POINT('',(132.94188236545,105.939422,54.143519888522)
  );
#5241 = VECTOR('',#5242,1.);
#5242 = DIRECTION('',(-0.,-1.,-0.));
#5243 = ADVANCED_FACE('',(#5244),#5278,.T.);
#5244 = FACE_BOUND('',#5245,.T.);
#5245 = EDGE_LOOP('',(#5246,#5256,#5264,#5272));
#5246 = ORIENTED_EDGE('',*,*,#5247,.T.);
#5247 = EDGE_CURVE('',#5248,#5250,#5252,.T.);
#5248 = VERTEX_POINT('',#5249);
#5249 = CARTESIAN_POINT('',(133.12177033345,105.939422,55.047346760522)
  );
#5250 = VERTEX_POINT('',#5251);
#5251 = CARTESIAN_POINT('',(133.12177033345,106.939422,55.047346760522)
  );
#5252 = LINE('',#5253,#5254);
#5253 = CARTESIAN_POINT('',(133.12177033345,105.939422,55.047346760522)
  );
#5254 = VECTOR('',#5255,1.);
#5255 = DIRECTION('',(0.,1.,0.));
#5256 = ORIENTED_EDGE('',*,*,#5257,.T.);
#5257 = EDGE_CURVE('',#5250,#5258,#5260,.T.);
#5258 = VERTEX_POINT('',#5259);
#5259 = CARTESIAN_POINT('',(133.08667033345,106.939422,55.233813872522)
  );
#5260 = B_SPLINE_CURVE_WITH_KNOTS('',2,(#5261,#5262,#5263),
  .UNSPECIFIED.,.F.,.F.,(3,3),(0.,1.),.PIECEWISE_BEZIER_KNOTS.);
#5261 = CARTESIAN_POINT('',(133.12177033345,106.939422,55.047346760522)
  );
#5262 = CARTESIAN_POINT('',(133.08667033345,106.939422,55.128514808522)
  );
#5263 = CARTESIAN_POINT('',(133.08667033345,106.939422,55.233813872522)
  );
#5264 = ORIENTED_EDGE('',*,*,#5265,.F.);
#5265 = EDGE_CURVE('',#5266,#5258,#5268,.T.);
#5266 = VERTEX_POINT('',#5267);
#5267 = CARTESIAN_POINT('',(133.08667033345,105.939422,55.233813872522)
  );
#5268 = LINE('',#5269,#5270);
#5269 = CARTESIAN_POINT('',(133.08667033345,105.939422,55.233813872522)
  );
#5270 = VECTOR('',#5271,1.);
#5271 = DIRECTION('',(0.,1.,0.));
#5272 = ORIENTED_EDGE('',*,*,#5273,.F.);
#5273 = EDGE_CURVE('',#5248,#5266,#5274,.T.);
#5274 = B_SPLINE_CURVE_WITH_KNOTS('',2,(#5275,#5276,#5277),
  .UNSPECIFIED.,.F.,.F.,(3,3),(0.,1.),.PIECEWISE_BEZIER_KNOTS.);
#5275 = CARTESIAN_POINT('',(133.12177033345,105.939422,55.047346760522)
  );
#5276 = CARTESIAN_POINT('',(133.08667033345,105.939422,55.128514808522)
  );
#5277 = CARTESIAN_POINT('',(133.08667033345,105.939422,55.233813872522)
  );
#5278 = SURFACE_OF_LINEAR_EXTRUSION('',#5279,#5283);
#5279 = B_SPLINE_CURVE_WITH_KNOTS('',2,(#5280,#5281,#5282),
  .UNSPECIFIED.,.F.,.F.,(3,3),(0.,1.),.PIECEWISE_BEZIER_KNOTS.);
#5280 = CARTESIAN_POINT('',(133.12177033345,105.939422,55.047346760522)
  );
#5281 = CARTESIAN_POINT('',(133.08667033345,105.939422,55.128514808522)
  );
#5282 = CARTESIAN_POINT('',(133.08667033345,105.939422,55.233813872522)
  );
#5283 = VECTOR('',#5284,1.);
#5284 = DIRECTION('',(-0.,-1.,-0.));
#5285 = ADVANCED_FACE('',(#5286),#5311,.T.);
#5286 = FACE_BOUND('',#5287,.T.);
#5287 = EDGE_LOOP('',(#5288,#5298,#5304,#5305));
#5288 = ORIENTED_EDGE('',*,*,#5289,.T.);
#5289 = EDGE_CURVE('',#5290,#5292,#5294,.T.);
#5290 = VERTEX_POINT('',#5291);
#5291 = CARTESIAN_POINT('',(133.27094533345,105.939422,54.917915744522)
  );
#5292 = VERTEX_POINT('',#5293);
#5293 = CARTESIAN_POINT('',(133.27094533345,106.939422,54.917915744522)
  );
#5294 = LINE('',#5295,#5296);
#5295 = CARTESIAN_POINT('',(133.27094533345,105.939422,54.917915744522)
  );
#5296 = VECTOR('',#5297,1.);
#5297 = DIRECTION('',(0.,1.,0.));
#5298 = ORIENTED_EDGE('',*,*,#5299,.T.);
#5299 = EDGE_CURVE('',#5292,#5250,#5300,.T.);
#5300 = B_SPLINE_CURVE_WITH_KNOTS('',2,(#5301,#5302,#5303),
  .UNSPECIFIED.,.F.,.F.,(3,3),(0.,1.),.PIECEWISE_BEZIER_KNOTS.);
#5301 = CARTESIAN_POINT('',(133.27094533345,106.939422,54.917915744522)
  );
#5302 = CARTESIAN_POINT('',(133.15687033345,106.939422,54.968371760522)
  );
#5303 = CARTESIAN_POINT('',(133.12177033345,106.939422,55.047346760522)
  );
#5304 = ORIENTED_EDGE('',*,*,#5247,.F.);
#5305 = ORIENTED_EDGE('',*,*,#5306,.F.);
#5306 = EDGE_CURVE('',#5290,#5248,#5307,.T.);
#5307 = B_SPLINE_CURVE_WITH_KNOTS('',2,(#5308,#5309,#5310),
  .UNSPECIFIED.,.F.,.F.,(3,3),(0.,1.),.PIECEWISE_BEZIER_KNOTS.);
#5308 = CARTESIAN_POINT('',(133.27094533345,105.939422,54.917915744522)
  );
#5309 = CARTESIAN_POINT('',(133.15687033345,105.939422,54.968371760522)
  );
#5310 = CARTESIAN_POINT('',(133.12177033345,105.939422,55.047346760522)
  );
#5311 = SURFACE_OF_LINEAR_EXTRUSION('',#5312,#5316);
#5312 = B_SPLINE_CURVE_WITH_KNOTS('',2,(#5313,#5314,#5315),
  .UNSPECIFIED.,.F.,.F.,(3,3),(0.,1.),.PIECEWISE_BEZIER_KNOTS.);
#5313 = CARTESIAN_POINT('',(133.27094533345,105.939422,54.917915744522)
  );
#5314 = CARTESIAN_POINT('',(133.15687033345,105.939422,54.968371760522)
  );
#5315 = CARTESIAN_POINT('',(133.12177033345,105.939422,55.047346760522)
  );
#5316 = VECTOR('',#5317,1.);
#5317 = DIRECTION('',(-0.,-1.,-0.));
#5318 = ADVANCED_FACE('',(#5319),#5344,.T.);
#5319 = FACE_BOUND('',#5320,.T.);
#5320 = EDGE_LOOP('',(#5321,#5322,#5330,#5338));
#5321 = ORIENTED_EDGE('',*,*,#5265,.T.);
#5322 = ORIENTED_EDGE('',*,*,#5323,.T.);
#5323 = EDGE_CURVE('',#5258,#5324,#5326,.T.);
#5324 = VERTEX_POINT('',#5325);
#5325 = CARTESIAN_POINT('',(133.12835134945,106.939422,55.396151840522)
  );
#5326 = B_SPLINE_CURVE_WITH_KNOTS('',2,(#5327,#5328,#5329),
  .UNSPECIFIED.,.F.,.F.,(3,3),(0.,1.),.PIECEWISE_BEZIER_KNOTS.);
#5327 = CARTESIAN_POINT('',(133.08667033345,106.939422,55.233813872522)
  );
#5328 = CARTESIAN_POINT('',(133.08667033345,106.939422,55.314982856522)
  );
#5329 = CARTESIAN_POINT('',(133.12835134945,106.939422,55.396151840522)
  );
#5330 = ORIENTED_EDGE('',*,*,#5331,.F.);
#5331 = EDGE_CURVE('',#5332,#5324,#5334,.T.);
#5332 = VERTEX_POINT('',#5333);
#5333 = CARTESIAN_POINT('',(133.12835134945,105.939422,55.396151840522)
  );
#5334 = LINE('',#5335,#5336);
#5335 = CARTESIAN_POINT('',(133.12835134945,105.939422,55.396151840522)
  );
#5336 = VECTOR('',#5337,1.);
#5337 = DIRECTION('',(0.,1.,0.));
#5338 = ORIENTED_EDGE('',*,*,#5339,.F.);
#5339 = EDGE_CURVE('',#5266,#5332,#5340,.T.);
#5340 = B_SPLINE_CURVE_WITH_KNOTS('',2,(#5341,#5342,#5343),
  .UNSPECIFIED.,.F.,.F.,(3,3),(0.,1.),.PIECEWISE_BEZIER_KNOTS.);
#5341 = CARTESIAN_POINT('',(133.08667033345,105.939422,55.233813872522)
  );
#5342 = CARTESIAN_POINT('',(133.08667033345,105.939422,55.314982856522)
  );
#5343 = CARTESIAN_POINT('',(133.12835134945,105.939422,55.396151840522)
  );
#5344 = SURFACE_OF_LINEAR_EXTRUSION('',#5345,#5349);
#5345 = B_SPLINE_CURVE_WITH_KNOTS('',2,(#5346,#5347,#5348),
  .UNSPECIFIED.,.F.,.F.,(3,3),(0.,1.),.PIECEWISE_BEZIER_KNOTS.);
#5346 = CARTESIAN_POINT('',(133.08667033345,105.939422,55.233813872522)
  );
#5347 = CARTESIAN_POINT('',(133.08667033345,105.939422,55.314982856522)
  );
#5348 = CARTESIAN_POINT('',(133.12835134945,105.939422,55.396151840522)
  );
#5349 = VECTOR('',#5350,1.);
#5350 = DIRECTION('',(-0.,-1.,-0.));
#5351 = ADVANCED_FACE('',(#5352),#5377,.T.);
#5352 = FACE_BOUND('',#5353,.T.);
#5353 = EDGE_LOOP('',(#5354,#5364,#5370,#5371));
#5354 = ORIENTED_EDGE('',*,*,#5355,.T.);
#5355 = EDGE_CURVE('',#5356,#5358,#5360,.T.);
#5356 = VERTEX_POINT('',#5357);
#5357 = CARTESIAN_POINT('',(133.49251338145,105.939422,54.874040744522)
  );
#5358 = VERTEX_POINT('',#5359);
#5359 = CARTESIAN_POINT('',(133.49251338145,106.939422,54.874040744522)
  );
#5360 = LINE('',#5361,#5362);
#5361 = CARTESIAN_POINT('',(133.49251338145,105.939422,54.874040744522)
  );
#5362 = VECTOR('',#5363,1.);
#5363 = DIRECTION('',(0.,1.,0.));
#5364 = ORIENTED_EDGE('',*,*,#5365,.T.);
#5365 = EDGE_CURVE('',#5358,#5292,#5366,.T.);
#5366 = B_SPLINE_CURVE_WITH_KNOTS('',2,(#5367,#5368,#5369),
  .UNSPECIFIED.,.F.,.F.,(3,3),(0.,1.),.PIECEWISE_BEZIER_KNOTS.);
#5367 = CARTESIAN_POINT('',(133.49251338145,106.939422,54.874040744522)
  );
#5368 = CARTESIAN_POINT('',(133.35211338145,106.939422,54.880620824522)
  );
#5369 = CARTESIAN_POINT('',(133.27094533345,106.939422,54.917915744522)
  );
#5370 = ORIENTED_EDGE('',*,*,#5289,.F.);
#5371 = ORIENTED_EDGE('',*,*,#5372,.F.);
#5372 = EDGE_CURVE('',#5356,#5290,#5373,.T.);
#5373 = B_SPLINE_CURVE_WITH_KNOTS('',2,(#5374,#5375,#5376),
  .UNSPECIFIED.,.F.,.F.,(3,3),(0.,1.),.PIECEWISE_BEZIER_KNOTS.);
#5374 = CARTESIAN_POINT('',(133.49251338145,105.939422,54.874040744522)
  );
#5375 = CARTESIAN_POINT('',(133.35211338145,105.939422,54.880620824522)
  );
#5376 = CARTESIAN_POINT('',(133.27094533345,105.939422,54.917915744522)
  );
#5377 = SURFACE_OF_LINEAR_EXTRUSION('',#5378,#5382);
#5378 = B_SPLINE_CURVE_WITH_KNOTS('',2,(#5379,#5380,#5381),
  .UNSPECIFIED.,.F.,.F.,(3,3),(0.,1.),.PIECEWISE_BEZIER_KNOTS.);
#5379 = CARTESIAN_POINT('',(133.49251338145,105.939422,54.874040744522)
  );
#5380 = CARTESIAN_POINT('',(133.35211338145,105.939422,54.880620824522)
  );
#5381 = CARTESIAN_POINT('',(133.27094533345,105.939422,54.917915744522)
  );
#5382 = VECTOR('',#5383,1.);
#5383 = DIRECTION('',(-0.,-1.,-0.));
#5384 = ADVANCED_FACE('',(#5385),#5410,.T.);
#5385 = FACE_BOUND('',#5386,.T.);
#5386 = EDGE_LOOP('',(#5387,#5388,#5396,#5404));
#5387 = ORIENTED_EDGE('',*,*,#5331,.T.);
#5388 = ORIENTED_EDGE('',*,*,#5389,.T.);
#5389 = EDGE_CURVE('',#5324,#5390,#5392,.T.);
#5390 = VERTEX_POINT('',#5391);
#5391 = CARTESIAN_POINT('',(133.27094533345,106.939422,55.516807856522)
  );
#5392 = B_SPLINE_CURVE_WITH_KNOTS('',2,(#5393,#5394,#5395),
  .UNSPECIFIED.,.F.,.F.,(3,3),(0.,1.),.PIECEWISE_BEZIER_KNOTS.);
#5393 = CARTESIAN_POINT('',(133.12835134945,106.939422,55.396151840522)
  );
#5394 = CARTESIAN_POINT('',(133.16783838145,106.939422,55.477319888522)
  );
#5395 = CARTESIAN_POINT('',(133.27094533345,106.939422,55.516807856522)
  );
#5396 = ORIENTED_EDGE('',*,*,#5397,.F.);
#5397 = EDGE_CURVE('',#5398,#5390,#5400,.T.);
#5398 = VERTEX_POINT('',#5399);
#5399 = CARTESIAN_POINT('',(133.27094533345,105.939422,55.516807856522)
  );
#5400 = LINE('',#5401,#5402);
#5401 = CARTESIAN_POINT('',(133.27094533345,105.939422,55.516807856522)
  );
#5402 = VECTOR('',#5403,1.);
#5403 = DIRECTION('',(0.,1.,0.));
#5404 = ORIENTED_EDGE('',*,*,#5405,.F.);
#5405 = EDGE_CURVE('',#5332,#5398,#5406,.T.);
#5406 = B_SPLINE_CURVE_WITH_KNOTS('',2,(#5407,#5408,#5409),
  .UNSPECIFIED.,.F.,.F.,(3,3),(0.,1.),.PIECEWISE_BEZIER_KNOTS.);
#5407 = CARTESIAN_POINT('',(133.12835134945,105.939422,55.396151840522)
  );
#5408 = CARTESIAN_POINT('',(133.16783838145,105.939422,55.477319888522)
  );
#5409 = CARTESIAN_POINT('',(133.27094533345,105.939422,55.516807856522)
  );
#5410 = SURFACE_OF_LINEAR_EXTRUSION('',#5411,#5415);
#5411 = B_SPLINE_CURVE_WITH_KNOTS('',2,(#5412,#5413,#5414),
  .UNSPECIFIED.,.F.,.F.,(3,3),(0.,1.),.PIECEWISE_BEZIER_KNOTS.);
#5412 = CARTESIAN_POINT('',(133.12835134945,105.939422,55.396151840522)
  );
#5413 = CARTESIAN_POINT('',(133.16783838145,105.939422,55.477319888522)
  );
#5414 = CARTESIAN_POINT('',(133.27094533345,105.939422,55.516807856522)
  );
#5415 = VECTOR('',#5416,1.);
#5416 = DIRECTION('',(-0.,-1.,-0.));
#5417 = ADVANCED_FACE('',(#5418),#5443,.T.);
#5418 = FACE_BOUND('',#5419,.T.);
#5419 = EDGE_LOOP('',(#5420,#5430,#5436,#5437));
#5420 = ORIENTED_EDGE('',*,*,#5421,.T.);
#5421 = EDGE_CURVE('',#5422,#5424,#5426,.T.);
#5422 = VERTEX_POINT('',#5423);
#5423 = CARTESIAN_POINT('',(133.83254533345,105.939422,54.867460664522)
  );
#5424 = VERTEX_POINT('',#5425);
#5425 = CARTESIAN_POINT('',(133.83254533345,106.939422,54.867460664522)
  );
#5426 = LINE('',#5427,#5428);
#5427 = CARTESIAN_POINT('',(133.83254533345,105.939422,54.867460664522)
  );
#5428 = VECTOR('',#5429,1.);
#5429 = DIRECTION('',(0.,1.,0.));
#5430 = ORIENTED_EDGE('',*,*,#5431,.T.);
#5431 = EDGE_CURVE('',#5424,#5358,#5432,.T.);
#5432 = B_SPLINE_CURVE_WITH_KNOTS('',2,(#5433,#5434,#5435),
  .UNSPECIFIED.,.F.,.F.,(3,3),(0.,1.),.PIECEWISE_BEZIER_KNOTS.);
#5433 = CARTESIAN_POINT('',(133.83254533345,106.939422,54.867460664522)
  );
#5434 = CARTESIAN_POINT('',(133.63291338145,106.939422,54.867460664522)
  );
#5435 = CARTESIAN_POINT('',(133.49251338145,106.939422,54.874040744522)
  );
#5436 = ORIENTED_EDGE('',*,*,#5355,.F.);
#5437 = ORIENTED_EDGE('',*,*,#5438,.F.);
#5438 = EDGE_CURVE('',#5422,#5356,#5439,.T.);
#5439 = B_SPLINE_CURVE_WITH_KNOTS('',2,(#5440,#5441,#5442),
  .UNSPECIFIED.,.F.,.F.,(3,3),(0.,1.),.PIECEWISE_BEZIER_KNOTS.);
#5440 = CARTESIAN_POINT('',(133.83254533345,105.939422,54.867460664522)
  );
#5441 = CARTESIAN_POINT('',(133.63291338145,105.939422,54.867460664522)
  );
#5442 = CARTESIAN_POINT('',(133.49251338145,105.939422,54.874040744522)
  );
#5443 = SURFACE_OF_LINEAR_EXTRUSION('',#5444,#5448);
#5444 = B_SPLINE_CURVE_WITH_KNOTS('',2,(#5445,#5446,#5447),
  .UNSPECIFIED.,.F.,.F.,(3,3),(0.,1.),.PIECEWISE_BEZIER_KNOTS.);
#5445 = CARTESIAN_POINT('',(133.83254533345,105.939422,54.867460664522)
  );
#5446 = CARTESIAN_POINT('',(133.63291338145,105.939422,54.867460664522)
  );
#5447 = CARTESIAN_POINT('',(133.49251338145,105.939422,54.874040744522)
  );
#5448 = VECTOR('',#5449,1.);
#5449 = DIRECTION('',(-0.,-1.,-0.));
#5450 = ADVANCED_FACE('',(#5451),#5476,.T.);
#5451 = FACE_BOUND('',#5452,.T.);
#5452 = EDGE_LOOP('',(#5453,#5454,#5462,#5470));
#5453 = ORIENTED_EDGE('',*,*,#5397,.T.);
#5454 = ORIENTED_EDGE('',*,*,#5455,.T.);
#5455 = EDGE_CURVE('',#5390,#5456,#5458,.T.);
#5456 = VERTEX_POINT('',#5457);
#5457 = CARTESIAN_POINT('',(133.50128838145,106.939422,55.554101840522)
  );
#5458 = B_SPLINE_CURVE_WITH_KNOTS('',2,(#5459,#5460,#5461),
  .UNSPECIFIED.,.F.,.F.,(3,3),(0.,1.),.PIECEWISE_BEZIER_KNOTS.);
#5459 = CARTESIAN_POINT('',(133.27094533345,106.939422,55.516807856522)
  );
#5460 = CARTESIAN_POINT('',(133.36308236545,106.939422,55.551907856522)
  );
#5461 = CARTESIAN_POINT('',(133.50128838145,106.939422,55.554101840522)
  );
#5462 = ORIENTED_EDGE('',*,*,#5463,.F.);
#5463 = EDGE_CURVE('',#5464,#5456,#5466,.T.);
#5464 = VERTEX_POINT('',#5465);
#5465 = CARTESIAN_POINT('',(133.50128838145,105.939422,55.554101840522)
  );
#5466 = LINE('',#5467,#5468);
#5467 = CARTESIAN_POINT('',(133.50128838145,105.939422,55.554101840522)
  );
#5468 = VECTOR('',#5469,1.);
#5469 = DIRECTION('',(0.,1.,0.));
#5470 = ORIENTED_EDGE('',*,*,#5471,.F.);
#5471 = EDGE_CURVE('',#5398,#5464,#5472,.T.);
#5472 = B_SPLINE_CURVE_WITH_KNOTS('',2,(#5473,#5474,#5475),
  .UNSPECIFIED.,.F.,.F.,(3,3),(0.,1.),.PIECEWISE_BEZIER_KNOTS.);
#5473 = CARTESIAN_POINT('',(133.27094533345,105.939422,55.516807856522)
  );
#5474 = CARTESIAN_POINT('',(133.36308236545,105.939422,55.551907856522)
  );
#5475 = CARTESIAN_POINT('',(133.50128838145,105.939422,55.554101840522)
  );
#5476 = SURFACE_OF_LINEAR_EXTRUSION('',#5477,#5481);
#5477 = B_SPLINE_CURVE_WITH_KNOTS('',2,(#5478,#5479,#5480),
  .UNSPECIFIED.,.F.,.F.,(3,3),(0.,1.),.PIECEWISE_BEZIER_KNOTS.);
#5478 = CARTESIAN_POINT('',(133.27094533345,105.939422,55.516807856522)
  );
#5479 = CARTESIAN_POINT('',(133.36308236545,105.939422,55.551907856522)
  );
#5480 = CARTESIAN_POINT('',(133.50128838145,105.939422,55.554101840522)
  );
#5481 = VECTOR('',#5482,1.);
#5482 = DIRECTION('',(-0.,-1.,-0.));
#5483 = ADVANCED_FACE('',(#5484),#5507,.T.);
#5484 = FACE_BOUND('',#5485,.T.);
#5485 = EDGE_LOOP('',(#5486,#5496,#5501,#5502));
#5486 = ORIENTED_EDGE('',*,*,#5487,.T.);
#5487 = EDGE_CURVE('',#5488,#5490,#5492,.T.);
#5488 = VERTEX_POINT('',#5489);
#5489 = CARTESIAN_POINT('',(133.96417033345,105.939422,54.867460664522)
  );
#5490 = VERTEX_POINT('',#5491);
#5491 = CARTESIAN_POINT('',(133.96417033345,106.939422,54.867460664522)
  );
#5492 = LINE('',#5493,#5494);
#5493 = CARTESIAN_POINT('',(133.96417033345,105.939422,54.867460664522)
  );
#5494 = VECTOR('',#5495,1.);
#5495 = DIRECTION('',(0.,1.,0.));
#5496 = ORIENTED_EDGE('',*,*,#5497,.T.);
#5497 = EDGE_CURVE('',#5490,#5424,#5498,.T.);
#5498 = B_SPLINE_CURVE_WITH_KNOTS('',1,(#5499,#5500),.UNSPECIFIED.,.F.,
  .F.,(2,2),(0.,1.40625),.PIECEWISE_BEZIER_KNOTS.);
#5499 = CARTESIAN_POINT('',(133.96417033345,106.939422,54.867460664522)
  );
#5500 = CARTESIAN_POINT('',(133.83254533345,106.939422,54.867460664522)
  );
#5501 = ORIENTED_EDGE('',*,*,#5421,.F.);
#5502 = ORIENTED_EDGE('',*,*,#5503,.F.);
#5503 = EDGE_CURVE('',#5488,#5422,#5504,.T.);
#5504 = B_SPLINE_CURVE_WITH_KNOTS('',1,(#5505,#5506),.UNSPECIFIED.,.F.,
  .F.,(2,2),(0.,1.40625),.PIECEWISE_BEZIER_KNOTS.);
#5505 = CARTESIAN_POINT('',(133.96417033345,105.939422,54.867460664522)
  );
#5506 = CARTESIAN_POINT('',(133.83254533345,105.939422,54.867460664522)
  );
#5507 = SURFACE_OF_LINEAR_EXTRUSION('',#5508,#5511);
#5508 = B_SPLINE_CURVE_WITH_KNOTS('',1,(#5509,#5510),.UNSPECIFIED.,.F.,
  .F.,(2,2),(0.,1.40625),.PIECEWISE_BEZIER_KNOTS.);
#5509 = CARTESIAN_POINT('',(133.96417033345,105.939422,54.867460664522)
  );
#5510 = CARTESIAN_POINT('',(133.83254533345,105.939422,54.867460664522)
  );
#5511 = VECTOR('',#5512,1.);
#5512 = DIRECTION('',(-0.,-1.,-0.));
#5513 = ADVANCED_FACE('',(#5514),#5539,.T.);
#5514 = FACE_BOUND('',#5515,.T.);
#5515 = EDGE_LOOP('',(#5516,#5517,#5525,#5533));
#5516 = ORIENTED_EDGE('',*,*,#5463,.T.);
#5517 = ORIENTED_EDGE('',*,*,#5518,.T.);
#5518 = EDGE_CURVE('',#5456,#5519,#5521,.T.);
#5519 = VERTEX_POINT('',#5520);
#5520 = CARTESIAN_POINT('',(133.88519533345,106.939422,55.558491680522)
  );
#5521 = B_SPLINE_CURVE_WITH_KNOTS('',2,(#5522,#5523,#5524),
  .UNSPECIFIED.,.F.,.F.,(3,3),(0.,1.),.PIECEWISE_BEZIER_KNOTS.);
#5522 = CARTESIAN_POINT('',(133.50128838145,106.939422,55.554101840522)
  );
#5523 = CARTESIAN_POINT('',(133.63730134945,106.939422,55.558491680522)
  );
#5524 = CARTESIAN_POINT('',(133.88519533345,106.939422,55.558491680522)
  );
#5525 = ORIENTED_EDGE('',*,*,#5526,.F.);
#5526 = EDGE_CURVE('',#5527,#5519,#5529,.T.);
#5527 = VERTEX_POINT('',#5528);
#5528 = CARTESIAN_POINT('',(133.88519533345,105.939422,55.558491680522)
  );
#5529 = LINE('',#5530,#5531);
#5530 = CARTESIAN_POINT('',(133.88519533345,105.939422,55.558491680522)
  );
#5531 = VECTOR('',#5532,1.);
#5532 = DIRECTION('',(0.,1.,0.));
#5533 = ORIENTED_EDGE('',*,*,#5534,.F.);
#5534 = EDGE_CURVE('',#5464,#5527,#5535,.T.);
#5535 = B_SPLINE_CURVE_WITH_KNOTS('',2,(#5536,#5537,#5538),
  .UNSPECIFIED.,.F.,.F.,(3,3),(0.,1.),.PIECEWISE_BEZIER_KNOTS.);
#5536 = CARTESIAN_POINT('',(133.50128838145,105.939422,55.554101840522)
  );
#5537 = CARTESIAN_POINT('',(133.63730134945,105.939422,55.558491680522)
  );
#5538 = CARTESIAN_POINT('',(133.88519533345,105.939422,55.558491680522)
  );
#5539 = SURFACE_OF_LINEAR_EXTRUSION('',#5540,#5544);
#5540 = B_SPLINE_CURVE_WITH_KNOTS('',2,(#5541,#5542,#5543),
  .UNSPECIFIED.,.F.,.F.,(3,3),(0.,1.),.PIECEWISE_BEZIER_KNOTS.);
#5541 = CARTESIAN_POINT('',(133.50128838145,105.939422,55.554101840522)
  );
#5542 = CARTESIAN_POINT('',(133.63730134945,105.939422,55.558491680522)
  );
#5543 = CARTESIAN_POINT('',(133.88519533345,105.939422,55.558491680522)
  );
#5544 = VECTOR('',#5545,1.);
#5545 = DIRECTION('',(-0.,-1.,-0.));
#5546 = ADVANCED_FACE('',(#5547),#5570,.T.);
#5547 = FACE_BOUND('',#5548,.T.);
#5548 = EDGE_LOOP('',(#5549,#5559,#5564,#5565));
#5549 = ORIENTED_EDGE('',*,*,#5550,.T.);
#5550 = EDGE_CURVE('',#5551,#5553,#5555,.T.);
#5551 = VERTEX_POINT('',#5552);
#5552 = CARTESIAN_POINT('',(133.96417033345,105.939422,55.558491680522)
  );
#5553 = VERTEX_POINT('',#5554);
#5554 = CARTESIAN_POINT('',(133.96417033345,106.939422,55.558491680522)
  );
#5555 = LINE('',#5556,#5557);
#5556 = CARTESIAN_POINT('',(133.96417033345,105.939422,55.558491680522)
  );
#5557 = VECTOR('',#5558,1.);
#5558 = DIRECTION('',(0.,1.,0.));
#5559 = ORIENTED_EDGE('',*,*,#5560,.T.);
#5560 = EDGE_CURVE('',#5553,#5490,#5561,.T.);
#5561 = B_SPLINE_CURVE_WITH_KNOTS('',1,(#5562,#5563),.UNSPECIFIED.,.F.,
  .F.,(2,2),(0.,7.38281),.PIECEWISE_BEZIER_KNOTS.);
#5562 = CARTESIAN_POINT('',(133.96417033345,106.939422,55.558491680522)
  );
#5563 = CARTESIAN_POINT('',(133.96417033345,106.939422,54.867460664522)
  );
#5564 = ORIENTED_EDGE('',*,*,#5487,.F.);
#5565 = ORIENTED_EDGE('',*,*,#5566,.F.);
#5566 = EDGE_CURVE('',#5551,#5488,#5567,.T.);
#5567 = B_SPLINE_CURVE_WITH_KNOTS('',1,(#5568,#5569),.UNSPECIFIED.,.F.,
  .F.,(2,2),(0.,7.38281),.PIECEWISE_BEZIER_KNOTS.);
#5568 = CARTESIAN_POINT('',(133.96417033345,105.939422,55.558491680522)
  );
#5569 = CARTESIAN_POINT('',(133.96417033345,105.939422,54.867460664522)
  );
#5570 = SURFACE_OF_LINEAR_EXTRUSION('',#5571,#5574);
#5571 = B_SPLINE_CURVE_WITH_KNOTS('',1,(#5572,#5573),.UNSPECIFIED.,.F.,
  .F.,(2,2),(0.,7.38281),.PIECEWISE_BEZIER_KNOTS.);
#5572 = CARTESIAN_POINT('',(133.96417033345,105.939422,55.558491680522)
  );
#5573 = CARTESIAN_POINT('',(133.96417033345,105.939422,54.867460664522)
  );
#5574 = VECTOR('',#5575,1.);
#5575 = DIRECTION('',(-0.,-1.,-0.));
#5576 = ADVANCED_FACE('',(#5577),#5591,.T.);
#5577 = FACE_BOUND('',#5578,.T.);
#5578 = EDGE_LOOP('',(#5579,#5580,#5585,#5586));
#5579 = ORIENTED_EDGE('',*,*,#5526,.T.);
#5580 = ORIENTED_EDGE('',*,*,#5581,.T.);
#5581 = EDGE_CURVE('',#5519,#5553,#5582,.T.);
#5582 = B_SPLINE_CURVE_WITH_KNOTS('',1,(#5583,#5584),.UNSPECIFIED.,.F.,
  .F.,(2,2),(0.,0.84375),.PIECEWISE_BEZIER_KNOTS.);
#5583 = CARTESIAN_POINT('',(133.88519533345,106.939422,55.558491680522)
  );
#5584 = CARTESIAN_POINT('',(133.96417033345,106.939422,55.558491680522)
  );
#5585 = ORIENTED_EDGE('',*,*,#5550,.F.);
#5586 = ORIENTED_EDGE('',*,*,#5587,.F.);
#5587 = EDGE_CURVE('',#5527,#5551,#5588,.T.);
#5588 = B_SPLINE_CURVE_WITH_KNOTS('',1,(#5589,#5590),.UNSPECIFIED.,.F.,
  .F.,(2,2),(0.,0.84375),.PIECEWISE_BEZIER_KNOTS.);
#5589 = CARTESIAN_POINT('',(133.88519533345,105.939422,55.558491680522)
  );
#5590 = CARTESIAN_POINT('',(133.96417033345,105.939422,55.558491680522)
  );
#5591 = SURFACE_OF_LINEAR_EXTRUSION('',#5592,#5595);
#5592 = B_SPLINE_CURVE_WITH_KNOTS('',1,(#5593,#5594),.UNSPECIFIED.,.F.,
  .F.,(2,2),(0.,0.84375),.PIECEWISE_BEZIER_KNOTS.);
#5593 = CARTESIAN_POINT('',(133.88519533345,105.939422,55.558491680522)
  );
#5594 = CARTESIAN_POINT('',(133.96417033345,105.939422,55.558491680522)
  );
#5595 = VECTOR('',#5596,1.);
#5596 = DIRECTION('',(-0.,-1.,-0.));
#5597 = ADVANCED_FACE('',(#5598,#5616,#5629),#5642,.T.);
#5598 = FACE_BOUND('',#5599,.T.);
#5599 = EDGE_LOOP('',(#5600,#5601,#5602,#5603,#5604,#5605,#5606,#5607,
    #5608,#5609,#5610,#5611,#5612,#5613,#5614,#5615));
#5600 = ORIENTED_EDGE('',*,*,#4403,.T.);
#5601 = ORIENTED_EDGE('',*,*,#4469,.T.);
#5602 = ORIENTED_EDGE('',*,*,#4535,.T.);
#5603 = ORIENTED_EDGE('',*,*,#4598,.T.);
#5604 = ORIENTED_EDGE('',*,*,#4663,.T.);
#5605 = ORIENTED_EDGE('',*,*,#4726,.T.);
#5606 = ORIENTED_EDGE('',*,*,#4789,.T.);
#5607 = ORIENTED_EDGE('',*,*,#4853,.T.);
#5608 = ORIENTED_EDGE('',*,*,#4877,.T.);
#5609 = ORIENTED_EDGE('',*,*,#4820,.T.);
#5610 = ORIENTED_EDGE('',*,*,#4757,.T.);
#5611 = ORIENTED_EDGE('',*,*,#4694,.T.);
#5612 = ORIENTED_EDGE('',*,*,#4631,.T.);
#5613 = ORIENTED_EDGE('',*,*,#4567,.T.);
#5614 = ORIENTED_EDGE('',*,*,#4502,.T.);
#5615 = ORIENTED_EDGE('',*,*,#4436,.T.);
#5616 = FACE_BOUND('',#5617,.T.);
#5617 = EDGE_LOOP('',(#5618,#5619,#5620,#5621,#5622,#5623,#5624,#5625,
    #5626,#5627,#5628));
#5618 = ORIENTED_EDGE('',*,*,#4919,.T.);
#5619 = ORIENTED_EDGE('',*,*,#5231,.T.);
#5620 = ORIENTED_EDGE('',*,*,#5207,.T.);
#5621 = ORIENTED_EDGE('',*,*,#5174,.T.);
#5622 = ORIENTED_EDGE('',*,*,#5141,.T.);
#5623 = ORIENTED_EDGE('',*,*,#5110,.T.);
#5624 = ORIENTED_EDGE('',*,*,#5080,.T.);
#5625 = ORIENTED_EDGE('',*,*,#5050,.T.);
#5626 = ORIENTED_EDGE('',*,*,#5018,.T.);
#5627 = ORIENTED_EDGE('',*,*,#4985,.T.);
#5628 = ORIENTED_EDGE('',*,*,#4952,.T.);
#5629 = FACE_BOUND('',#5630,.T.);
#5630 = EDGE_LOOP('',(#5631,#5632,#5633,#5634,#5635,#5636,#5637,#5638,
    #5639,#5640,#5641));
#5631 = ORIENTED_EDGE('',*,*,#5273,.T.);
#5632 = ORIENTED_EDGE('',*,*,#5339,.T.);
#5633 = ORIENTED_EDGE('',*,*,#5405,.T.);
#5634 = ORIENTED_EDGE('',*,*,#5471,.T.);
#5635 = ORIENTED_EDGE('',*,*,#5534,.T.);
#5636 = ORIENTED_EDGE('',*,*,#5587,.T.);
#5637 = ORIENTED_EDGE('',*,*,#5566,.T.);
#5638 = ORIENTED_EDGE('',*,*,#5503,.T.);
#5639 = ORIENTED_EDGE('',*,*,#5438,.T.);
#5640 = ORIENTED_EDGE('',*,*,#5372,.T.);
#5641 = ORIENTED_EDGE('',*,*,#5306,.T.);
#5642 = B_SPLINE_SURFACE_WITH_KNOTS('',1,1,(
    (#5643,#5644)
    ,(#5645,#5646
    )),.UNSPECIFIED.,.F.,.F.,.F.,(2,2),(2,2),(-16.28678498109,
    13.572585018905),(-17.38573307487,17.512706925121),
  .PIECEWISE_BEZIER_KNOTS.);
#5643 = CARTESIAN_POINT('',(132.00734533345,105.939422,52.890888872522)
  );
#5644 = CARTESIAN_POINT('',(132.00734533345,105.939422,56.157382856522)
  );
#5645 = CARTESIAN_POINT('',(134.80218236545,105.939422,52.890888872522)
  );
#5646 = CARTESIAN_POINT('',(134.80218236545,105.939422,56.157382856522)
  );
#5647 = ADVANCED_FACE('',(#5648,#5666,#5679),#5692,.F.);
#5648 = FACE_BOUND('',#5649,.F.);
#5649 = EDGE_LOOP('',(#5650,#5651,#5652,#5653,#5654,#5655,#5656,#5657,
    #5658,#5659,#5660,#5661,#5662,#5663,#5664,#5665));
#5650 = ORIENTED_EDGE('',*,*,#4387,.T.);
#5651 = ORIENTED_EDGE('',*,*,#4453,.T.);
#5652 = ORIENTED_EDGE('',*,*,#4519,.T.);
#5653 = ORIENTED_EDGE('',*,*,#4582,.T.);
#5654 = ORIENTED_EDGE('',*,*,#4648,.T.);
#5655 = ORIENTED_EDGE('',*,*,#4711,.T.);
#5656 = ORIENTED_EDGE('',*,*,#4774,.T.);
#5657 = ORIENTED_EDGE('',*,*,#4837,.T.);
#5658 = ORIENTED_EDGE('',*,*,#4870,.T.);
#5659 = ORIENTED_EDGE('',*,*,#4813,.T.);
#5660 = ORIENTED_EDGE('',*,*,#4750,.T.);
#5661 = ORIENTED_EDGE('',*,*,#4687,.T.);
#5662 = ORIENTED_EDGE('',*,*,#4624,.T.);
#5663 = ORIENTED_EDGE('',*,*,#4561,.T.);
#5664 = ORIENTED_EDGE('',*,*,#4495,.T.);
#5665 = ORIENTED_EDGE('',*,*,#4429,.T.);
#5666 = FACE_BOUND('',#5667,.F.);
#5667 = EDGE_LOOP('',(#5668,#5669,#5670,#5671,#5672,#5673,#5674,#5675,
    #5676,#5677,#5678));
#5668 = ORIENTED_EDGE('',*,*,#4903,.T.);
#5669 = ORIENTED_EDGE('',*,*,#5224,.T.);
#5670 = ORIENTED_EDGE('',*,*,#5200,.T.);
#5671 = ORIENTED_EDGE('',*,*,#5167,.T.);
#5672 = ORIENTED_EDGE('',*,*,#5134,.T.);
#5673 = ORIENTED_EDGE('',*,*,#5104,.T.);
#5674 = ORIENTED_EDGE('',*,*,#5074,.T.);
#5675 = ORIENTED_EDGE('',*,*,#5044,.T.);
#5676 = ORIENTED_EDGE('',*,*,#5011,.T.);
#5677 = ORIENTED_EDGE('',*,*,#4978,.T.);
#5678 = ORIENTED_EDGE('',*,*,#4945,.T.);
#5679 = FACE_BOUND('',#5680,.F.);
#5680 = EDGE_LOOP('',(#5681,#5682,#5683,#5684,#5685,#5686,#5687,#5688,
    #5689,#5690,#5691));
#5681 = ORIENTED_EDGE('',*,*,#5257,.T.);
#5682 = ORIENTED_EDGE('',*,*,#5323,.T.);
#5683 = ORIENTED_EDGE('',*,*,#5389,.T.);
#5684 = ORIENTED_EDGE('',*,*,#5455,.T.);
#5685 = ORIENTED_EDGE('',*,*,#5518,.T.);
#5686 = ORIENTED_EDGE('',*,*,#5581,.T.);
#5687 = ORIENTED_EDGE('',*,*,#5560,.T.);
#5688 = ORIENTED_EDGE('',*,*,#5497,.T.);
#5689 = ORIENTED_EDGE('',*,*,#5431,.T.);
#5690 = ORIENTED_EDGE('',*,*,#5365,.T.);
#5691 = ORIENTED_EDGE('',*,*,#5299,.T.);
#5692 = B_SPLINE_SURFACE_WITH_KNOTS('',1,1,(
    (#5693,#5694)
    ,(#5695,#5696
    )),.UNSPECIFIED.,.F.,.F.,.F.,(2,2),(2,2),(-16.28678498109,
    13.572585018905),(-17.38573307487,17.512706925121),
  .PIECEWISE_BEZIER_KNOTS.);
#5693 = CARTESIAN_POINT('',(132.00734533345,106.939422,52.890888872522)
  );
#5694 = CARTESIAN_POINT('',(132.00734533345,106.939422,56.157382856522)
  );
#5695 = CARTESIAN_POINT('',(134.80218236545,106.939422,52.890888872522)
  );
#5696 = CARTESIAN_POINT('',(134.80218236545,106.939422,56.157382856522)
  );
#5697 = MANIFOLD_SOLID_BREP('',#5698);
#5698 = CLOSED_SHELL('',(#5699,#5738,#5768,#5798,#5828,#5858,#5879,#5893
    ));
#5699 = ADVANCED_FACE('',(#5700),#5732,.T.);
#5700 = FACE_BOUND('',#5701,.T.);
#5701 = EDGE_LOOP('',(#5702,#5712,#5719,#5727));
#5702 = ORIENTED_EDGE('',*,*,#5703,.T.);
#5703 = EDGE_CURVE('',#5704,#5706,#5708,.T.);
#5704 = VERTEX_POINT('',#5705);
#5705 = CARTESIAN_POINT('',(129.02384533345,105.939422,52.890888872522)
  );
#5706 = VERTEX_POINT('',#5707);
#5707 = CARTESIAN_POINT('',(129.02384533345,106.939422,52.890888872522)
  );
#5708 = LINE('',#5709,#5710);
#5709 = CARTESIAN_POINT('',(129.02384533345,105.939422,52.890888872522)
  );
#5710 = VECTOR('',#5711,1.);
#5711 = DIRECTION('',(0.,1.,0.));
#5712 = ORIENTED_EDGE('',*,*,#5713,.T.);
#5713 = EDGE_CURVE('',#5706,#5714,#5716,.T.);
#5714 = VERTEX_POINT('',#5715);
#5715 = CARTESIAN_POINT('',(131.37993236545,106.939422,52.890888872522)
  );
#5716 = B_SPLINE_CURVE_WITH_KNOTS('',1,(#5717,#5718),.UNSPECIFIED.,.F.,
  .F.,(2,2),(0.,25.17187),.PIECEWISE_BEZIER_KNOTS.);
#5717 = CARTESIAN_POINT('',(129.02384533345,106.939422,52.890888872522)
  );
#5718 = CARTESIAN_POINT('',(131.37993236545,106.939422,52.890888872522)
  );
#5719 = ORIENTED_EDGE('',*,*,#5720,.F.);
#5720 = EDGE_CURVE('',#5721,#5714,#5723,.T.);
#5721 = VERTEX_POINT('',#5722);
#5722 = CARTESIAN_POINT('',(131.37993236545,105.939422,52.890888872522)
  );
#5723 = LINE('',#5724,#5725);
#5724 = CARTESIAN_POINT('',(131.37993236545,105.939422,52.890888872522)
  );
#5725 = VECTOR('',#5726,1.);
#5726 = DIRECTION('',(0.,1.,0.));
#5727 = ORIENTED_EDGE('',*,*,#5728,.F.);
#5728 = EDGE_CURVE('',#5704,#5721,#5729,.T.);
#5729 = B_SPLINE_CURVE_WITH_KNOTS('',1,(#5730,#5731),.UNSPECIFIED.,.F.,
  .F.,(2,2),(0.,25.17187),.PIECEWISE_BEZIER_KNOTS.);
#5730 = CARTESIAN_POINT('',(129.02384533345,105.939422,52.890888872522)
  );
#5731 = CARTESIAN_POINT('',(131.37993236545,105.939422,52.890888872522)
  );
#5732 = SURFACE_OF_LINEAR_EXTRUSION('',#5733,#5736);
#5733 = B_SPLINE_CURVE_WITH_KNOTS('',1,(#5734,#5735),.UNSPECIFIED.,.F.,
  .F.,(2,2),(0.,25.17187),.PIECEWISE_BEZIER_KNOTS.);
#5734 = CARTESIAN_POINT('',(129.02384533345,105.939422,52.890888872522)
  );
#5735 = CARTESIAN_POINT('',(131.37993236545,105.939422,52.890888872522)
  );
#5736 = VECTOR('',#5737,1.);
#5737 = DIRECTION('',(-0.,-1.,-0.));
#5738 = ADVANCED_FACE('',(#5739),#5762,.T.);
#5739 = FACE_BOUND('',#5740,.T.);
#5740 = EDGE_LOOP('',(#5741,#5742,#5749,#5757));
#5741 = ORIENTED_EDGE('',*,*,#5720,.T.);
#5742 = ORIENTED_EDGE('',*,*,#5743,.T.);
#5743 = EDGE_CURVE('',#5714,#5744,#5746,.T.);
#5744 = VERTEX_POINT('',#5745);
#5745 = CARTESIAN_POINT('',(131.37993236545,106.939422,56.157382856522)
  );
#5746 = B_SPLINE_CURVE_WITH_KNOTS('',1,(#5747,#5748),.UNSPECIFIED.,.F.,
  .F.,(2,2),(0.,34.89844),.PIECEWISE_BEZIER_KNOTS.);
#5747 = CARTESIAN_POINT('',(131.37993236545,106.939422,52.890888872522)
  );
#5748 = CARTESIAN_POINT('',(131.37993236545,106.939422,56.157382856522)
  );
#5749 = ORIENTED_EDGE('',*,*,#5750,.F.);
#5750 = EDGE_CURVE('',#5751,#5744,#5753,.T.);
#5751 = VERTEX_POINT('',#5752);
#5752 = CARTESIAN_POINT('',(131.37993236545,105.939422,56.157382856522)
  );
#5753 = LINE('',#5754,#5755);
#5754 = CARTESIAN_POINT('',(131.37993236545,105.939422,56.157382856522)
  );
#5755 = VECTOR('',#5756,1.);
#5756 = DIRECTION('',(0.,1.,0.));
#5757 = ORIENTED_EDGE('',*,*,#5758,.F.);
#5758 = EDGE_CURVE('',#5721,#5751,#5759,.T.);
#5759 = B_SPLINE_CURVE_WITH_KNOTS('',1,(#5760,#5761),.UNSPECIFIED.,.F.,
  .F.,(2,2),(0.,34.89844),.PIECEWISE_BEZIER_KNOTS.);
#5760 = CARTESIAN_POINT('',(131.37993236545,105.939422,52.890888872522)
  );
#5761 = CARTESIAN_POINT('',(131.37993236545,105.939422,56.157382856522)
  );
#5762 = SURFACE_OF_LINEAR_EXTRUSION('',#5763,#5766);
#5763 = B_SPLINE_CURVE_WITH_KNOTS('',1,(#5764,#5765),.UNSPECIFIED.,.F.,
  .F.,(2,2),(0.,34.89844),.PIECEWISE_BEZIER_KNOTS.);
#5764 = CARTESIAN_POINT('',(131.37993236545,105.939422,52.890888872522)
  );
#5765 = CARTESIAN_POINT('',(131.37993236545,105.939422,56.157382856522)
  );
#5766 = VECTOR('',#5767,1.);
#5767 = DIRECTION('',(-0.,-1.,-0.));
#5768 = ADVANCED_FACE('',(#5769),#5792,.T.);
#5769 = FACE_BOUND('',#5770,.T.);
#5770 = EDGE_LOOP('',(#5771,#5772,#5779,#5787));
#5771 = ORIENTED_EDGE('',*,*,#5750,.T.);
#5772 = ORIENTED_EDGE('',*,*,#5773,.T.);
#5773 = EDGE_CURVE('',#5744,#5774,#5776,.T.);
#5774 = VERTEX_POINT('',#5775);
#5775 = CARTESIAN_POINT('',(130.53753236545,106.939422,56.157382856522)
  );
#5776 = B_SPLINE_CURVE_WITH_KNOTS('',1,(#5777,#5778),.UNSPECIFIED.,.F.,
  .F.,(2,2),(0.,9.),.PIECEWISE_BEZIER_KNOTS.);
#5777 = CARTESIAN_POINT('',(131.37993236545,106.939422,56.157382856522)
  );
#5778 = CARTESIAN_POINT('',(130.53753236545,106.939422,56.157382856522)
  );
#5779 = ORIENTED_EDGE('',*,*,#5780,.F.);
#5780 = EDGE_CURVE('',#5781,#5774,#5783,.T.);
#5781 = VERTEX_POINT('',#5782);
#5782 = CARTESIAN_POINT('',(130.53753236545,105.939422,56.157382856522)
  );
#5783 = LINE('',#5784,#5785);
#5784 = CARTESIAN_POINT('',(130.53753236545,105.939422,56.157382856522)
  );
#5785 = VECTOR('',#5786,1.);
#5786 = DIRECTION('',(0.,1.,0.));
#5787 = ORIENTED_EDGE('',*,*,#5788,.F.);
#5788 = EDGE_CURVE('',#5751,#5781,#5789,.T.);
#5789 = B_SPLINE_CURVE_WITH_KNOTS('',1,(#5790,#5791),.UNSPECIFIED.,.F.,
  .F.,(2,2),(0.,9.),.PIECEWISE_BEZIER_KNOTS.);
#5790 = CARTESIAN_POINT('',(131.37993236545,105.939422,56.157382856522)
  );
#5791 = CARTESIAN_POINT('',(130.53753236545,105.939422,56.157382856522)
  );
#5792 = SURFACE_OF_LINEAR_EXTRUSION('',#5793,#5796);
#5793 = B_SPLINE_CURVE_WITH_KNOTS('',1,(#5794,#5795),.UNSPECIFIED.,.F.,
  .F.,(2,2),(0.,9.),.PIECEWISE_BEZIER_KNOTS.);
#5794 = CARTESIAN_POINT('',(131.37993236545,105.939422,56.157382856522)
  );
#5795 = CARTESIAN_POINT('',(130.53753236545,105.939422,56.157382856522)
  );
#5796 = VECTOR('',#5797,1.);
#5797 = DIRECTION('',(-0.,-1.,-0.));
#5798 = ADVANCED_FACE('',(#5799),#5822,.T.);
#5799 = FACE_BOUND('',#5800,.T.);
#5800 = EDGE_LOOP('',(#5801,#5802,#5809,#5817));
#5801 = ORIENTED_EDGE('',*,*,#5780,.T.);
#5802 = ORIENTED_EDGE('',*,*,#5803,.T.);
#5803 = EDGE_CURVE('',#5774,#5804,#5806,.T.);
#5804 = VERTEX_POINT('',#5805);
#5805 = CARTESIAN_POINT('',(130.53753236545,106.939422,53.522688872522)
  );
#5806 = B_SPLINE_CURVE_WITH_KNOTS('',1,(#5807,#5808),.UNSPECIFIED.,.F.,
  .F.,(2,2),(0.,28.14844),.PIECEWISE_BEZIER_KNOTS.);
#5807 = CARTESIAN_POINT('',(130.53753236545,106.939422,56.157382856522)
  );
#5808 = CARTESIAN_POINT('',(130.53753236545,106.939422,53.522688872522)
  );
#5809 = ORIENTED_EDGE('',*,*,#5810,.F.);
#5810 = EDGE_CURVE('',#5811,#5804,#5813,.T.);
#5811 = VERTEX_POINT('',#5812);
#5812 = CARTESIAN_POINT('',(130.53753236545,105.939422,53.522688872522)
  );
#5813 = LINE('',#5814,#5815);
#5814 = CARTESIAN_POINT('',(130.53753236545,105.939422,53.522688872522)
  );
#5815 = VECTOR('',#5816,1.);
#5816 = DIRECTION('',(0.,1.,0.));
#5817 = ORIENTED_EDGE('',*,*,#5818,.F.);
#5818 = EDGE_CURVE('',#5781,#5811,#5819,.T.);
#5819 = B_SPLINE_CURVE_WITH_KNOTS('',1,(#5820,#5821),.UNSPECIFIED.,.F.,
  .F.,(2,2),(0.,28.14844),.PIECEWISE_BEZIER_KNOTS.);
#5820 = CARTESIAN_POINT('',(130.53753236545,105.939422,56.157382856522)
  );
#5821 = CARTESIAN_POINT('',(130.53753236545,105.939422,53.522688872522)
  );
#5822 = SURFACE_OF_LINEAR_EXTRUSION('',#5823,#5826);
#5823 = B_SPLINE_CURVE_WITH_KNOTS('',1,(#5824,#5825),.UNSPECIFIED.,.F.,
  .F.,(2,2),(0.,28.14844),.PIECEWISE_BEZIER_KNOTS.);
#5824 = CARTESIAN_POINT('',(130.53753236545,105.939422,56.157382856522)
  );
#5825 = CARTESIAN_POINT('',(130.53753236545,105.939422,53.522688872522)
  );
#5826 = VECTOR('',#5827,1.);
#5827 = DIRECTION('',(-0.,-1.,-0.));
#5828 = ADVANCED_FACE('',(#5829),#5852,.T.);
#5829 = FACE_BOUND('',#5830,.T.);
#5830 = EDGE_LOOP('',(#5831,#5832,#5839,#5847));
#5831 = ORIENTED_EDGE('',*,*,#5810,.T.);
#5832 = ORIENTED_EDGE('',*,*,#5833,.T.);
#5833 = EDGE_CURVE('',#5804,#5834,#5836,.T.);
#5834 = VERTEX_POINT('',#5835);
#5835 = CARTESIAN_POINT('',(129.02384533345,106.939422,53.522688872522)
  );
#5836 = B_SPLINE_CURVE_WITH_KNOTS('',1,(#5837,#5838),.UNSPECIFIED.,.F.,
  .F.,(2,2),(0.,16.17187),.PIECEWISE_BEZIER_KNOTS.);
#5837 = CARTESIAN_POINT('',(130.53753236545,106.939422,53.522688872522)
  );
#5838 = CARTESIAN_POINT('',(129.02384533345,106.939422,53.522688872522)
  );
#5839 = ORIENTED_EDGE('',*,*,#5840,.F.);
#5840 = EDGE_CURVE('',#5841,#5834,#5843,.T.);
#5841 = VERTEX_POINT('',#5842);
#5842 = CARTESIAN_POINT('',(129.02384533345,105.939422,53.522688872522)
  );
#5843 = LINE('',#5844,#5845);
#5844 = CARTESIAN_POINT('',(129.02384533345,105.939422,53.522688872522)
  );
#5845 = VECTOR('',#5846,1.);
#5846 = DIRECTION('',(0.,1.,0.));
#5847 = ORIENTED_EDGE('',*,*,#5848,.F.);
#5848 = EDGE_CURVE('',#5811,#5841,#5849,.T.);
#5849 = B_SPLINE_CURVE_WITH_KNOTS('',1,(#5850,#5851),.UNSPECIFIED.,.F.,
  .F.,(2,2),(0.,16.17187),.PIECEWISE_BEZIER_KNOTS.);
#5850 = CARTESIAN_POINT('',(130.53753236545,105.939422,53.522688872522)
  );
#5851 = CARTESIAN_POINT('',(129.02384533345,105.939422,53.522688872522)
  );
#5852 = SURFACE_OF_LINEAR_EXTRUSION('',#5853,#5856);
#5853 = B_SPLINE_CURVE_WITH_KNOTS('',1,(#5854,#5855),.UNSPECIFIED.,.F.,
  .F.,(2,2),(0.,16.17187),.PIECEWISE_BEZIER_KNOTS.);
#5854 = CARTESIAN_POINT('',(130.53753236545,105.939422,53.522688872522)
  );
#5855 = CARTESIAN_POINT('',(129.02384533345,105.939422,53.522688872522)
  );
#5856 = VECTOR('',#5857,1.);
#5857 = DIRECTION('',(-0.,-1.,-0.));
#5858 = ADVANCED_FACE('',(#5859),#5873,.T.);
#5859 = FACE_BOUND('',#5860,.T.);
#5860 = EDGE_LOOP('',(#5861,#5862,#5867,#5868));
#5861 = ORIENTED_EDGE('',*,*,#5840,.T.);
#5862 = ORIENTED_EDGE('',*,*,#5863,.T.);
#5863 = EDGE_CURVE('',#5834,#5706,#5864,.T.);
#5864 = B_SPLINE_CURVE_WITH_KNOTS('',1,(#5865,#5866),.UNSPECIFIED.,.F.,
  .F.,(2,2),(0.,6.75),.PIECEWISE_BEZIER_KNOTS.);
#5865 = CARTESIAN_POINT('',(129.02384533345,106.939422,53.522688872522)
  );
#5866 = CARTESIAN_POINT('',(129.02384533345,106.939422,52.890888872522)
  );
#5867 = ORIENTED_EDGE('',*,*,#5703,.F.);
#5868 = ORIENTED_EDGE('',*,*,#5869,.F.);
#5869 = EDGE_CURVE('',#5841,#5704,#5870,.T.);
#5870 = B_SPLINE_CURVE_WITH_KNOTS('',1,(#5871,#5872),.UNSPECIFIED.,.F.,
  .F.,(2,2),(0.,6.75),.PIECEWISE_BEZIER_KNOTS.);
#5871 = CARTESIAN_POINT('',(129.02384533345,105.939422,53.522688872522)
  );
#5872 = CARTESIAN_POINT('',(129.02384533345,105.939422,52.890888872522)
  );
#5873 = SURFACE_OF_LINEAR_EXTRUSION('',#5874,#5877);
#5874 = B_SPLINE_CURVE_WITH_KNOTS('',1,(#5875,#5876),.UNSPECIFIED.,.F.,
  .F.,(2,2),(0.,6.75),.PIECEWISE_BEZIER_KNOTS.);
#5875 = CARTESIAN_POINT('',(129.02384533345,105.939422,53.522688872522)
  );
#5876 = CARTESIAN_POINT('',(129.02384533345,105.939422,52.890888872522)
  );
#5877 = VECTOR('',#5878,1.);
#5878 = DIRECTION('',(-0.,-1.,-0.));
#5879 = ADVANCED_FACE('',(#5880),#5888,.T.);
#5880 = FACE_BOUND('',#5881,.T.);
#5881 = EDGE_LOOP('',(#5882,#5883,#5884,#5885,#5886,#5887));
#5882 = ORIENTED_EDGE('',*,*,#5728,.T.);
#5883 = ORIENTED_EDGE('',*,*,#5758,.T.);
#5884 = ORIENTED_EDGE('',*,*,#5788,.T.);
#5885 = ORIENTED_EDGE('',*,*,#5818,.T.);
#5886 = ORIENTED_EDGE('',*,*,#5848,.T.);
#5887 = ORIENTED_EDGE('',*,*,#5869,.T.);
#5888 = B_SPLINE_SURFACE_WITH_KNOTS('',1,1,(
    (#5889,#5890)
    ,(#5891,#5892
    )),.UNSPECIFIED.,.F.,.F.,.F.,(2,2),(2,2),(-16.37493585901,
    8.796934140983),(-13.66021914098,21.238220859017),
  .PIECEWISE_BEZIER_KNOTS.);
#5889 = CARTESIAN_POINT('',(129.02384533345,105.939422,52.890888872522)
  );
#5890 = CARTESIAN_POINT('',(129.02384533345,105.939422,56.157382856522)
  );
#5891 = CARTESIAN_POINT('',(131.37993236545,105.939422,52.890888872522)
  );
#5892 = CARTESIAN_POINT('',(131.37993236545,105.939422,56.157382856522)
  );
#5893 = ADVANCED_FACE('',(#5894),#5902,.F.);
#5894 = FACE_BOUND('',#5895,.F.);
#5895 = EDGE_LOOP('',(#5896,#5897,#5898,#5899,#5900,#5901));
#5896 = ORIENTED_EDGE('',*,*,#5713,.T.);
#5897 = ORIENTED_EDGE('',*,*,#5743,.T.);
#5898 = ORIENTED_EDGE('',*,*,#5773,.T.);
#5899 = ORIENTED_EDGE('',*,*,#5803,.T.);
#5900 = ORIENTED_EDGE('',*,*,#5833,.T.);
#5901 = ORIENTED_EDGE('',*,*,#5863,.T.);
#5902 = B_SPLINE_SURFACE_WITH_KNOTS('',1,1,(
    (#5903,#5904)
    ,(#5905,#5906
    )),.UNSPECIFIED.,.F.,.F.,.F.,(2,2),(2,2),(-16.37493585901,
    8.796934140983),(-13.66021914098,21.238220859017),
  .PIECEWISE_BEZIER_KNOTS.);
#5903 = CARTESIAN_POINT('',(129.02384533345,106.939422,52.890888872522)
  );
#5904 = CARTESIAN_POINT('',(129.02384533345,106.939422,56.157382856522)
  );
#5905 = CARTESIAN_POINT('',(131.37993236545,106.939422,52.890888872522)
  );
#5906 = CARTESIAN_POINT('',(131.37993236545,106.939422,56.157382856522)
  );
#5907 = MANIFOLD_SOLID_BREP('',#5908);
#5908 = CLOSED_SHELL('',(#5909,#5948,#5978,#6008,#6038,#6068,#6098,#6128
    ,#6158,#6188,#6218,#6248,#6269,#6289));
#5909 = ADVANCED_FACE('',(#5910),#5942,.T.);
#5910 = FACE_BOUND('',#5911,.T.);
#5911 = EDGE_LOOP('',(#5912,#5922,#5929,#5937));
#5912 = ORIENTED_EDGE('',*,*,#5913,.T.);
#5913 = EDGE_CURVE('',#5914,#5916,#5918,.T.);
#5914 = VERTEX_POINT('',#5915);
#5915 = CARTESIAN_POINT('',(126.15442033345,105.939422,52.890888872522)
  );
#5916 = VERTEX_POINT('',#5917);
#5917 = CARTESIAN_POINT('',(126.15442033345,106.939422,52.890888872522)
  );
#5918 = LINE('',#5919,#5920);
#5919 = CARTESIAN_POINT('',(126.15442033345,105.939422,52.890888872522)
  );
#5920 = VECTOR('',#5921,1.);
#5921 = DIRECTION('',(0.,1.,0.));
#5922 = ORIENTED_EDGE('',*,*,#5923,.T.);
#5923 = EDGE_CURVE('',#5916,#5924,#5926,.T.);
#5924 = VERTEX_POINT('',#5925);
#5925 = CARTESIAN_POINT('',(128.51708838145,106.939422,52.890888872522)
  );
#5926 = B_SPLINE_CURVE_WITH_KNOTS('',1,(#5927,#5928),.UNSPECIFIED.,.F.,
  .F.,(2,2),(0.,25.24218),.PIECEWISE_BEZIER_KNOTS.);
#5927 = CARTESIAN_POINT('',(126.15442033345,106.939422,52.890888872522)
  );
#5928 = CARTESIAN_POINT('',(128.51708838145,106.939422,52.890888872522)
  );
#5929 = ORIENTED_EDGE('',*,*,#5930,.F.);
#5930 = EDGE_CURVE('',#5931,#5924,#5933,.T.);
#5931 = VERTEX_POINT('',#5932);
#5932 = CARTESIAN_POINT('',(128.51708838145,105.939422,52.890888872522)
  );
#5933 = LINE('',#5934,#5935);
#5934 = CARTESIAN_POINT('',(128.51708838145,105.939422,52.890888872522)
  );
#5935 = VECTOR('',#5936,1.);
#5936 = DIRECTION('',(0.,1.,0.));
#5937 = ORIENTED_EDGE('',*,*,#5938,.F.);
#5938 = EDGE_CURVE('',#5914,#5931,#5939,.T.);
#5939 = B_SPLINE_CURVE_WITH_KNOTS('',1,(#5940,#5941),.UNSPECIFIED.,.F.,
  .F.,(2,2),(0.,25.24218),.PIECEWISE_BEZIER_KNOTS.);
#5940 = CARTESIAN_POINT('',(126.15442033345,105.939422,52.890888872522)
  );
#5941 = CARTESIAN_POINT('',(128.51708838145,105.939422,52.890888872522)
  );
#5942 = SURFACE_OF_LINEAR_EXTRUSION('',#5943,#5946);
#5943 = B_SPLINE_CURVE_WITH_KNOTS('',1,(#5944,#5945),.UNSPECIFIED.,.F.,
  .F.,(2,2),(0.,25.24218),.PIECEWISE_BEZIER_KNOTS.);
#5944 = CARTESIAN_POINT('',(126.15442033345,105.939422,52.890888872522)
  );
#5945 = CARTESIAN_POINT('',(128.51708838145,105.939422,52.890888872522)
  );
#5946 = VECTOR('',#5947,1.);
#5947 = DIRECTION('',(-0.,-1.,-0.));
#5948 = ADVANCED_FACE('',(#5949),#5972,.T.);
#5949 = FACE_BOUND('',#5950,.T.);
#5950 = EDGE_LOOP('',(#5951,#5952,#5959,#5967));
#5951 = ORIENTED_EDGE('',*,*,#5930,.T.);
#5952 = ORIENTED_EDGE('',*,*,#5953,.T.);
#5953 = EDGE_CURVE('',#5924,#5954,#5956,.T.);
#5954 = VERTEX_POINT('',#5955);
#5955 = CARTESIAN_POINT('',(128.51708838145,106.939422,56.157382856522)
  );
#5956 = B_SPLINE_CURVE_WITH_KNOTS('',1,(#5957,#5958),.UNSPECIFIED.,.F.,
  .F.,(2,2),(0.,34.89844),.PIECEWISE_BEZIER_KNOTS.);
#5957 = CARTESIAN_POINT('',(128.51708838145,106.939422,52.890888872522)
  );
#5958 = CARTESIAN_POINT('',(128.51708838145,106.939422,56.157382856522)
  );
#5959 = ORIENTED_EDGE('',*,*,#5960,.F.);
#5960 = EDGE_CURVE('',#5961,#5954,#5963,.T.);
#5961 = VERTEX_POINT('',#5962);
#5962 = CARTESIAN_POINT('',(128.51708838145,105.939422,56.157382856522)
  );
#5963 = LINE('',#5964,#5965);
#5964 = CARTESIAN_POINT('',(128.51708838145,105.939422,56.157382856522)
  );
#5965 = VECTOR('',#5966,1.);
#5966 = DIRECTION('',(0.,1.,0.));
#5967 = ORIENTED_EDGE('',*,*,#5968,.F.);
#5968 = EDGE_CURVE('',#5931,#5961,#5969,.T.);
#5969 = B_SPLINE_CURVE_WITH_KNOTS('',1,(#5970,#5971),.UNSPECIFIED.,.F.,
  .F.,(2,2),(0.,34.89844),.PIECEWISE_BEZIER_KNOTS.);
#5970 = CARTESIAN_POINT('',(128.51708838145,105.939422,52.890888872522)
  );
#5971 = CARTESIAN_POINT('',(128.51708838145,105.939422,56.157382856522)
  );
#5972 = SURFACE_OF_LINEAR_EXTRUSION('',#5973,#5976);
#5973 = B_SPLINE_CURVE_WITH_KNOTS('',1,(#5974,#5975),.UNSPECIFIED.,.F.,
  .F.,(2,2),(0.,34.89844),.PIECEWISE_BEZIER_KNOTS.);
#5974 = CARTESIAN_POINT('',(128.51708838145,105.939422,52.890888872522)
  );
#5975 = CARTESIAN_POINT('',(128.51708838145,105.939422,56.157382856522)
  );
#5976 = VECTOR('',#5977,1.);
#5977 = DIRECTION('',(-0.,-1.,-0.));
#5978 = ADVANCED_FACE('',(#5979),#6002,.T.);
#5979 = FACE_BOUND('',#5980,.T.);
#5980 = EDGE_LOOP('',(#5981,#5982,#5989,#5997));
#5981 = ORIENTED_EDGE('',*,*,#5960,.T.);
#5982 = ORIENTED_EDGE('',*,*,#5983,.T.);
#5983 = EDGE_CURVE('',#5954,#5984,#5986,.T.);
#5984 = VERTEX_POINT('',#5985);
#5985 = CARTESIAN_POINT('',(126.15442033345,106.939422,56.157382856522)
  );
#5986 = B_SPLINE_CURVE_WITH_KNOTS('',1,(#5987,#5988),.UNSPECIFIED.,.F.,
  .F.,(2,2),(0.,25.24218),.PIECEWISE_BEZIER_KNOTS.);
#5987 = CARTESIAN_POINT('',(128.51708838145,106.939422,56.157382856522)
  );
#5988 = CARTESIAN_POINT('',(126.15442033345,106.939422,56.157382856522)
  );
#5989 = ORIENTED_EDGE('',*,*,#5990,.F.);
#5990 = EDGE_CURVE('',#5991,#5984,#5993,.T.);
#5991 = VERTEX_POINT('',#5992);
#5992 = CARTESIAN_POINT('',(126.15442033345,105.939422,56.157382856522)
  );
#5993 = LINE('',#5994,#5995);
#5994 = CARTESIAN_POINT('',(126.15442033345,105.939422,56.157382856522)
  );
#5995 = VECTOR('',#5996,1.);
#5996 = DIRECTION('',(0.,1.,0.));
#5997 = ORIENTED_EDGE('',*,*,#5998,.F.);
#5998 = EDGE_CURVE('',#5961,#5991,#5999,.T.);
#5999 = B_SPLINE_CURVE_WITH_KNOTS('',1,(#6000,#6001),.UNSPECIFIED.,.F.,
  .F.,(2,2),(0.,25.24218),.PIECEWISE_BEZIER_KNOTS.);
#6000 = CARTESIAN_POINT('',(128.51708838145,105.939422,56.157382856522)
  );
#6001 = CARTESIAN_POINT('',(126.15442033345,105.939422,56.157382856522)
  );
#6002 = SURFACE_OF_LINEAR_EXTRUSION('',#6003,#6006);
#6003 = B_SPLINE_CURVE_WITH_KNOTS('',1,(#6004,#6005),.UNSPECIFIED.,.F.,
  .F.,(2,2),(0.,25.24218),.PIECEWISE_BEZIER_KNOTS.);
#6004 = CARTESIAN_POINT('',(128.51708838145,105.939422,56.157382856522)
  );
#6005 = CARTESIAN_POINT('',(126.15442033345,105.939422,56.157382856522)
  );
#6006 = VECTOR('',#6007,1.);
#6007 = DIRECTION('',(-0.,-1.,-0.));
#6008 = ADVANCED_FACE('',(#6009),#6032,.T.);
#6009 = FACE_BOUND('',#6010,.T.);
#6010 = EDGE_LOOP('',(#6011,#6012,#6019,#6027));
#6011 = ORIENTED_EDGE('',*,*,#5990,.T.);
#6012 = ORIENTED_EDGE('',*,*,#6013,.T.);
#6013 = EDGE_CURVE('',#5984,#6014,#6016,.T.);
#6014 = VERTEX_POINT('',#6015);
#6015 = CARTESIAN_POINT('',(126.15442033345,106.939422,55.525582856522)
  );
#6016 = B_SPLINE_CURVE_WITH_KNOTS('',1,(#6017,#6018),.UNSPECIFIED.,.F.,
  .F.,(2,2),(0.,6.75),.PIECEWISE_BEZIER_KNOTS.);
#6017 = CARTESIAN_POINT('',(126.15442033345,106.939422,56.157382856522)
  );
#6018 = CARTESIAN_POINT('',(126.15442033345,106.939422,55.525582856522)
  );
#6019 = ORIENTED_EDGE('',*,*,#6020,.F.);
#6020 = EDGE_CURVE('',#6021,#6014,#6023,.T.);
#6021 = VERTEX_POINT('',#6022);
#6022 = CARTESIAN_POINT('',(126.15442033345,105.939422,55.525582856522)
  );
#6023 = LINE('',#6024,#6025);
#6024 = CARTESIAN_POINT('',(126.15442033345,105.939422,55.525582856522)
  );
#6025 = VECTOR('',#6026,1.);
#6026 = DIRECTION('',(0.,1.,0.));
#6027 = ORIENTED_EDGE('',*,*,#6028,.F.);
#6028 = EDGE_CURVE('',#5991,#6021,#6029,.T.);
#6029 = B_SPLINE_CURVE_WITH_KNOTS('',1,(#6030,#6031),.UNSPECIFIED.,.F.,
  .F.,(2,2),(0.,6.75),.PIECEWISE_BEZIER_KNOTS.);
#6030 = CARTESIAN_POINT('',(126.15442033345,105.939422,56.157382856522)
  );
#6031 = CARTESIAN_POINT('',(126.15442033345,105.939422,55.525582856522)
  );
#6032 = SURFACE_OF_LINEAR_EXTRUSION('',#6033,#6036);
#6033 = B_SPLINE_CURVE_WITH_KNOTS('',1,(#6034,#6035),.UNSPECIFIED.,.F.,
  .F.,(2,2),(0.,6.75),.PIECEWISE_BEZIER_KNOTS.);
#6034 = CARTESIAN_POINT('',(126.15442033345,105.939422,56.157382856522)
  );
#6035 = CARTESIAN_POINT('',(126.15442033345,105.939422,55.525582856522)
  );
#6036 = VECTOR('',#6037,1.);
#6037 = DIRECTION('',(-0.,-1.,-0.));
#6038 = ADVANCED_FACE('',(#6039),#6062,.T.);
#6039 = FACE_BOUND('',#6040,.T.);
#6040 = EDGE_LOOP('',(#6041,#6042,#6049,#6057));
#6041 = ORIENTED_EDGE('',*,*,#6020,.T.);
#6042 = ORIENTED_EDGE('',*,*,#6043,.T.);
#6043 = EDGE_CURVE('',#6014,#6044,#6046,.T.);
#6044 = VERTEX_POINT('',#6045);
#6045 = CARTESIAN_POINT('',(127.67907634945,106.939422,55.525582856522)
  );
#6046 = B_SPLINE_CURVE_WITH_KNOTS('',1,(#6047,#6048),.UNSPECIFIED.,.F.,
  .F.,(2,2),(0.,16.28906),.PIECEWISE_BEZIER_KNOTS.);
#6047 = CARTESIAN_POINT('',(126.15442033345,106.939422,55.525582856522)
  );
#6048 = CARTESIAN_POINT('',(127.67907634945,106.939422,55.525582856522)
  );
#6049 = ORIENTED_EDGE('',*,*,#6050,.F.);
#6050 = EDGE_CURVE('',#6051,#6044,#6053,.T.);
#6051 = VERTEX_POINT('',#6052);
#6052 = CARTESIAN_POINT('',(127.67907634945,105.939422,55.525582856522)
  );
#6053 = LINE('',#6054,#6055);
#6054 = CARTESIAN_POINT('',(127.67907634945,105.939422,55.525582856522)
  );
#6055 = VECTOR('',#6056,1.);
#6056 = DIRECTION('',(0.,1.,0.));
#6057 = ORIENTED_EDGE('',*,*,#6058,.F.);
#6058 = EDGE_CURVE('',#6021,#6051,#6059,.T.);
#6059 = B_SPLINE_CURVE_WITH_KNOTS('',1,(#6060,#6061),.UNSPECIFIED.,.F.,
  .F.,(2,2),(0.,16.28906),.PIECEWISE_BEZIER_KNOTS.);
#6060 = CARTESIAN_POINT('',(126.15442033345,105.939422,55.525582856522)
  );
#6061 = CARTESIAN_POINT('',(127.67907634945,105.939422,55.525582856522)
  );
#6062 = SURFACE_OF_LINEAR_EXTRUSION('',#6063,#6066);
#6063 = B_SPLINE_CURVE_WITH_KNOTS('',1,(#6064,#6065),.UNSPECIFIED.,.F.,
  .F.,(2,2),(0.,16.28906),.PIECEWISE_BEZIER_KNOTS.);
#6064 = CARTESIAN_POINT('',(126.15442033345,105.939422,55.525582856522)
  );
#6065 = CARTESIAN_POINT('',(127.67907634945,105.939422,55.525582856522)
  );
#6066 = VECTOR('',#6067,1.);
#6067 = DIRECTION('',(-0.,-1.,-0.));
#6068 = ADVANCED_FACE('',(#6069),#6092,.T.);
#6069 = FACE_BOUND('',#6070,.T.);
#6070 = EDGE_LOOP('',(#6071,#6072,#6079,#6087));
#6071 = ORIENTED_EDGE('',*,*,#6050,.T.);
#6072 = ORIENTED_EDGE('',*,*,#6073,.T.);
#6073 = EDGE_CURVE('',#6044,#6074,#6076,.T.);
#6074 = VERTEX_POINT('',#6075);
#6075 = CARTESIAN_POINT('',(127.67907634945,106.939422,54.961788872522)
  );
#6076 = B_SPLINE_CURVE_WITH_KNOTS('',1,(#6077,#6078),.UNSPECIFIED.,.F.,
  .F.,(2,2),(0.,6.02344),.PIECEWISE_BEZIER_KNOTS.);
#6077 = CARTESIAN_POINT('',(127.67907634945,106.939422,55.525582856522)
  );
#6078 = CARTESIAN_POINT('',(127.67907634945,106.939422,54.961788872522)
  );
#6079 = ORIENTED_EDGE('',*,*,#6080,.F.);
#6080 = EDGE_CURVE('',#6081,#6074,#6083,.T.);
#6081 = VERTEX_POINT('',#6082);
#6082 = CARTESIAN_POINT('',(127.67907634945,105.939422,54.961788872522)
  );
#6083 = LINE('',#6084,#6085);
#6084 = CARTESIAN_POINT('',(127.67907634945,105.939422,54.961788872522)
  );
#6085 = VECTOR('',#6086,1.);
#6086 = DIRECTION('',(0.,1.,0.));
#6087 = ORIENTED_EDGE('',*,*,#6088,.F.);
#6088 = EDGE_CURVE('',#6051,#6081,#6089,.T.);
#6089 = B_SPLINE_CURVE_WITH_KNOTS('',1,(#6090,#6091),.UNSPECIFIED.,.F.,
  .F.,(2,2),(0.,6.02344),.PIECEWISE_BEZIER_KNOTS.);
#6090 = CARTESIAN_POINT('',(127.67907634945,105.939422,55.525582856522)
  );
#6091 = CARTESIAN_POINT('',(127.67907634945,105.939422,54.961788872522)
  );
#6092 = SURFACE_OF_LINEAR_EXTRUSION('',#6093,#6096);
#6093 = B_SPLINE_CURVE_WITH_KNOTS('',1,(#6094,#6095),.UNSPECIFIED.,.F.,
  .F.,(2,2),(0.,6.02344),.PIECEWISE_BEZIER_KNOTS.);
#6094 = CARTESIAN_POINT('',(127.67907634945,105.939422,55.525582856522)
  );
#6095 = CARTESIAN_POINT('',(127.67907634945,105.939422,54.961788872522)
  );
#6096 = VECTOR('',#6097,1.);
#6097 = DIRECTION('',(-0.,-1.,-0.));
#6098 = ADVANCED_FACE('',(#6099),#6122,.T.);
#6099 = FACE_BOUND('',#6100,.T.);
#6100 = EDGE_LOOP('',(#6101,#6102,#6109,#6117));
#6101 = ORIENTED_EDGE('',*,*,#6080,.T.);
#6102 = ORIENTED_EDGE('',*,*,#6103,.T.);
#6103 = EDGE_CURVE('',#6074,#6104,#6106,.T.);
#6104 = VERTEX_POINT('',#6105);
#6105 = CARTESIAN_POINT('',(126.26410736545,106.939422,54.961788872522)
  );
#6106 = B_SPLINE_CURVE_WITH_KNOTS('',1,(#6107,#6108),.UNSPECIFIED.,.F.,
  .F.,(2,2),(0.,15.11719),.PIECEWISE_BEZIER_KNOTS.);
#6107 = CARTESIAN_POINT('',(127.67907634945,106.939422,54.961788872522)
  );
#6108 = CARTESIAN_POINT('',(126.26410736545,106.939422,54.961788872522)
  );
#6109 = ORIENTED_EDGE('',*,*,#6110,.F.);
#6110 = EDGE_CURVE('',#6111,#6104,#6113,.T.);
#6111 = VERTEX_POINT('',#6112);
#6112 = CARTESIAN_POINT('',(126.26410736545,105.939422,54.961788872522)
  );
#6113 = LINE('',#6114,#6115);
#6114 = CARTESIAN_POINT('',(126.26410736545,105.939422,54.961788872522)
  );
#6115 = VECTOR('',#6116,1.);
#6116 = DIRECTION('',(0.,1.,0.));
#6117 = ORIENTED_EDGE('',*,*,#6118,.F.);
#6118 = EDGE_CURVE('',#6081,#6111,#6119,.T.);
#6119 = B_SPLINE_CURVE_WITH_KNOTS('',1,(#6120,#6121),.UNSPECIFIED.,.F.,
  .F.,(2,2),(0.,15.11719),.PIECEWISE_BEZIER_KNOTS.);
#6120 = CARTESIAN_POINT('',(127.67907634945,105.939422,54.961788872522)
  );
#6121 = CARTESIAN_POINT('',(126.26410736545,105.939422,54.961788872522)
  );
#6122 = SURFACE_OF_LINEAR_EXTRUSION('',#6123,#6126);
#6123 = B_SPLINE_CURVE_WITH_KNOTS('',1,(#6124,#6125),.UNSPECIFIED.,.F.,
  .F.,(2,2),(0.,15.11719),.PIECEWISE_BEZIER_KNOTS.);
#6124 = CARTESIAN_POINT('',(127.67907634945,105.939422,54.961788872522)
  );
#6125 = CARTESIAN_POINT('',(126.26410736545,105.939422,54.961788872522)
  );
#6126 = VECTOR('',#6127,1.);
#6127 = DIRECTION('',(-0.,-1.,-0.));
#6128 = ADVANCED_FACE('',(#6129),#6152,.T.);
#6129 = FACE_BOUND('',#6130,.T.);
#6130 = EDGE_LOOP('',(#6131,#6132,#6139,#6147));
#6131 = ORIENTED_EDGE('',*,*,#6110,.T.);
#6132 = ORIENTED_EDGE('',*,*,#6133,.T.);
#6133 = EDGE_CURVE('',#6104,#6134,#6136,.T.);
#6134 = VERTEX_POINT('',#6135);
#6135 = CARTESIAN_POINT('',(126.26410736545,106.939422,54.329988872522)
  );
#6136 = B_SPLINE_CURVE_WITH_KNOTS('',1,(#6137,#6138),.UNSPECIFIED.,.F.,
  .F.,(2,2),(0.,6.75),.PIECEWISE_BEZIER_KNOTS.);
#6137 = CARTESIAN_POINT('',(126.26410736545,106.939422,54.961788872522)
  );
#6138 = CARTESIAN_POINT('',(126.26410736545,106.939422,54.329988872522)
  );
#6139 = ORIENTED_EDGE('',*,*,#6140,.F.);
#6140 = EDGE_CURVE('',#6141,#6134,#6143,.T.);
#6141 = VERTEX_POINT('',#6142);
#6142 = CARTESIAN_POINT('',(126.26410736545,105.939422,54.329988872522)
  );
#6143 = LINE('',#6144,#6145);
#6144 = CARTESIAN_POINT('',(126.26410736545,105.939422,54.329988872522)
  );
#6145 = VECTOR('',#6146,1.);
#6146 = DIRECTION('',(0.,1.,0.));
#6147 = ORIENTED_EDGE('',*,*,#6148,.F.);
#6148 = EDGE_CURVE('',#6111,#6141,#6149,.T.);
#6149 = B_SPLINE_CURVE_WITH_KNOTS('',1,(#6150,#6151),.UNSPECIFIED.,.F.,
  .F.,(2,2),(0.,6.75),.PIECEWISE_BEZIER_KNOTS.);
#6150 = CARTESIAN_POINT('',(126.26410736545,105.939422,54.961788872522)
  );
#6151 = CARTESIAN_POINT('',(126.26410736545,105.939422,54.329988872522)
  );
#6152 = SURFACE_OF_LINEAR_EXTRUSION('',#6153,#6156);
#6153 = B_SPLINE_CURVE_WITH_KNOTS('',1,(#6154,#6155),.UNSPECIFIED.,.F.,
  .F.,(2,2),(0.,6.75),.PIECEWISE_BEZIER_KNOTS.);
#6154 = CARTESIAN_POINT('',(126.26410736545,105.939422,54.961788872522)
  );
#6155 = CARTESIAN_POINT('',(126.26410736545,105.939422,54.329988872522)
  );
#6156 = VECTOR('',#6157,1.);
#6157 = DIRECTION('',(-0.,-1.,-0.));
#6158 = ADVANCED_FACE('',(#6159),#6182,.T.);
#6159 = FACE_BOUND('',#6160,.T.);
#6160 = EDGE_LOOP('',(#6161,#6162,#6169,#6177));
#6161 = ORIENTED_EDGE('',*,*,#6140,.T.);
#6162 = ORIENTED_EDGE('',*,*,#6163,.T.);
#6163 = EDGE_CURVE('',#6134,#6164,#6166,.T.);
#6164 = VERTEX_POINT('',#6165);
#6165 = CARTESIAN_POINT('',(127.67907634945,106.939422,54.329988872522)
  );
#6166 = B_SPLINE_CURVE_WITH_KNOTS('',1,(#6167,#6168),.UNSPECIFIED.,.F.,
  .F.,(2,2),(0.,15.11719),.PIECEWISE_BEZIER_KNOTS.);
#6167 = CARTESIAN_POINT('',(126.26410736545,106.939422,54.329988872522)
  );
#6168 = CARTESIAN_POINT('',(127.67907634945,106.939422,54.329988872522)
  );
#6169 = ORIENTED_EDGE('',*,*,#6170,.F.);
#6170 = EDGE_CURVE('',#6171,#6164,#6173,.T.);
#6171 = VERTEX_POINT('',#6172);
#6172 = CARTESIAN_POINT('',(127.67907634945,105.939422,54.329988872522)
  );
#6173 = LINE('',#6174,#6175);
#6174 = CARTESIAN_POINT('',(127.67907634945,105.939422,54.329988872522)
  );
#6175 = VECTOR('',#6176,1.);
#6176 = DIRECTION('',(0.,1.,0.));
#6177 = ORIENTED_EDGE('',*,*,#6178,.F.);
#6178 = EDGE_CURVE('',#6141,#6171,#6179,.T.);
#6179 = B_SPLINE_CURVE_WITH_KNOTS('',1,(#6180,#6181),.UNSPECIFIED.,.F.,
  .F.,(2,2),(0.,15.11719),.PIECEWISE_BEZIER_KNOTS.);
#6180 = CARTESIAN_POINT('',(126.26410736545,105.939422,54.329988872522)
  );
#6181 = CARTESIAN_POINT('',(127.67907634945,105.939422,54.329988872522)
  );
#6182 = SURFACE_OF_LINEAR_EXTRUSION('',#6183,#6186);
#6183 = B_SPLINE_CURVE_WITH_KNOTS('',1,(#6184,#6185),.UNSPECIFIED.,.F.,
  .F.,(2,2),(0.,15.11719),.PIECEWISE_BEZIER_KNOTS.);
#6184 = CARTESIAN_POINT('',(126.26410736545,105.939422,54.329988872522)
  );
#6185 = CARTESIAN_POINT('',(127.67907634945,105.939422,54.329988872522)
  );
#6186 = VECTOR('',#6187,1.);
#6187 = DIRECTION('',(-0.,-1.,-0.));
#6188 = ADVANCED_FACE('',(#6189),#6212,.T.);
#6189 = FACE_BOUND('',#6190,.T.);
#6190 = EDGE_LOOP('',(#6191,#6192,#6199,#6207));
#6191 = ORIENTED_EDGE('',*,*,#6170,.T.);
#6192 = ORIENTED_EDGE('',*,*,#6193,.T.);
#6193 = EDGE_CURVE('',#6164,#6194,#6196,.T.);
#6194 = VERTEX_POINT('',#6195);
#6195 = CARTESIAN_POINT('',(127.67907634945,106.939422,53.522688872522)
  );
#6196 = B_SPLINE_CURVE_WITH_KNOTS('',1,(#6197,#6198),.UNSPECIFIED.,.F.,
  .F.,(2,2),(0.,8.625),.PIECEWISE_BEZIER_KNOTS.);
#6197 = CARTESIAN_POINT('',(127.67907634945,106.939422,54.329988872522)
  );
#6198 = CARTESIAN_POINT('',(127.67907634945,106.939422,53.522688872522)
  );
#6199 = ORIENTED_EDGE('',*,*,#6200,.F.);
#6200 = EDGE_CURVE('',#6201,#6194,#6203,.T.);
#6201 = VERTEX_POINT('',#6202);
#6202 = CARTESIAN_POINT('',(127.67907634945,105.939422,53.522688872522)
  );
#6203 = LINE('',#6204,#6205);
#6204 = CARTESIAN_POINT('',(127.67907634945,105.939422,53.522688872522)
  );
#6205 = VECTOR('',#6206,1.);
#6206 = DIRECTION('',(0.,1.,0.));
#6207 = ORIENTED_EDGE('',*,*,#6208,.F.);
#6208 = EDGE_CURVE('',#6171,#6201,#6209,.T.);
#6209 = B_SPLINE_CURVE_WITH_KNOTS('',1,(#6210,#6211),.UNSPECIFIED.,.F.,
  .F.,(2,2),(0.,8.625),.PIECEWISE_BEZIER_KNOTS.);
#6210 = CARTESIAN_POINT('',(127.67907634945,105.939422,54.329988872522)
  );
#6211 = CARTESIAN_POINT('',(127.67907634945,105.939422,53.522688872522)
  );
#6212 = SURFACE_OF_LINEAR_EXTRUSION('',#6213,#6216);
#6213 = B_SPLINE_CURVE_WITH_KNOTS('',1,(#6214,#6215),.UNSPECIFIED.,.F.,
  .F.,(2,2),(0.,8.625),.PIECEWISE_BEZIER_KNOTS.);
#6214 = CARTESIAN_POINT('',(127.67907634945,105.939422,54.329988872522)
  );
#6215 = CARTESIAN_POINT('',(127.67907634945,105.939422,53.522688872522)
  );
#6216 = VECTOR('',#6217,1.);
#6217 = DIRECTION('',(-0.,-1.,-0.));
#6218 = ADVANCED_FACE('',(#6219),#6242,.T.);
#6219 = FACE_BOUND('',#6220,.T.);
#6220 = EDGE_LOOP('',(#6221,#6222,#6229,#6237));
#6221 = ORIENTED_EDGE('',*,*,#6200,.T.);
#6222 = ORIENTED_EDGE('',*,*,#6223,.T.);
#6223 = EDGE_CURVE('',#6194,#6224,#6226,.T.);
#6224 = VERTEX_POINT('',#6225);
#6225 = CARTESIAN_POINT('',(126.15442033345,106.939422,53.522688872522)
  );
#6226 = B_SPLINE_CURVE_WITH_KNOTS('',1,(#6227,#6228),.UNSPECIFIED.,.F.,
  .F.,(2,2),(0.,16.28906),.PIECEWISE_BEZIER_KNOTS.);
#6227 = CARTESIAN_POINT('',(127.67907634945,106.939422,53.522688872522)
  );
#6228 = CARTESIAN_POINT('',(126.15442033345,106.939422,53.522688872522)
  );
#6229 = ORIENTED_EDGE('',*,*,#6230,.F.);
#6230 = EDGE_CURVE('',#6231,#6224,#6233,.T.);
#6231 = VERTEX_POINT('',#6232);
#6232 = CARTESIAN_POINT('',(126.15442033345,105.939422,53.522688872522)
  );
#6233 = LINE('',#6234,#6235);
#6234 = CARTESIAN_POINT('',(126.15442033345,105.939422,53.522688872522)
  );
#6235 = VECTOR('',#6236,1.);
#6236 = DIRECTION('',(0.,1.,0.));
#6237 = ORIENTED_EDGE('',*,*,#6238,.F.);
#6238 = EDGE_CURVE('',#6201,#6231,#6239,.T.);
#6239 = B_SPLINE_CURVE_WITH_KNOTS('',1,(#6240,#6241),.UNSPECIFIED.,.F.,
  .F.,(2,2),(0.,16.28906),.PIECEWISE_BEZIER_KNOTS.);
#6240 = CARTESIAN_POINT('',(127.67907634945,105.939422,53.522688872522)
  );
#6241 = CARTESIAN_POINT('',(126.15442033345,105.939422,53.522688872522)
  );
#6242 = SURFACE_OF_LINEAR_EXTRUSION('',#6243,#6246);
#6243 = B_SPLINE_CURVE_WITH_KNOTS('',1,(#6244,#6245),.UNSPECIFIED.,.F.,
  .F.,(2,2),(0.,16.28906),.PIECEWISE_BEZIER_KNOTS.);
#6244 = CARTESIAN_POINT('',(127.67907634945,105.939422,53.522688872522)
  );
#6245 = CARTESIAN_POINT('',(126.15442033345,105.939422,53.522688872522)
  );
#6246 = VECTOR('',#6247,1.);
#6247 = DIRECTION('',(-0.,-1.,-0.));
#6248 = ADVANCED_FACE('',(#6249),#6263,.T.);
#6249 = FACE_BOUND('',#6250,.T.);
#6250 = EDGE_LOOP('',(#6251,#6252,#6257,#6258));
#6251 = ORIENTED_EDGE('',*,*,#6230,.T.);
#6252 = ORIENTED_EDGE('',*,*,#6253,.T.);
#6253 = EDGE_CURVE('',#6224,#5916,#6254,.T.);
#6254 = B_SPLINE_CURVE_WITH_KNOTS('',1,(#6255,#6256),.UNSPECIFIED.,.F.,
  .F.,(2,2),(0.,6.75),.PIECEWISE_BEZIER_KNOTS.);
#6255 = CARTESIAN_POINT('',(126.15442033345,106.939422,53.522688872522)
  );
#6256 = CARTESIAN_POINT('',(126.15442033345,106.939422,52.890888872522)
  );
#6257 = ORIENTED_EDGE('',*,*,#5913,.F.);
#6258 = ORIENTED_EDGE('',*,*,#6259,.F.);
#6259 = EDGE_CURVE('',#6231,#5914,#6260,.T.);
#6260 = B_SPLINE_CURVE_WITH_KNOTS('',1,(#6261,#6262),.UNSPECIFIED.,.F.,
  .F.,(2,2),(0.,6.75),.PIECEWISE_BEZIER_KNOTS.);
#6261 = CARTESIAN_POINT('',(126.15442033345,105.939422,53.522688872522)
  );
#6262 = CARTESIAN_POINT('',(126.15442033345,105.939422,52.890888872522)
  );
#6263 = SURFACE_OF_LINEAR_EXTRUSION('',#6264,#6267);
#6264 = B_SPLINE_CURVE_WITH_KNOTS('',1,(#6265,#6266),.UNSPECIFIED.,.F.,
  .F.,(2,2),(0.,6.75),.PIECEWISE_BEZIER_KNOTS.);
#6265 = CARTESIAN_POINT('',(126.15442033345,105.939422,53.522688872522)
  );
#6266 = CARTESIAN_POINT('',(126.15442033345,105.939422,52.890888872522)
  );
#6267 = VECTOR('',#6268,1.);
#6268 = DIRECTION('',(-0.,-1.,-0.));
#6269 = ADVANCED_FACE('',(#6270),#6284,.T.);
#6270 = FACE_BOUND('',#6271,.T.);
#6271 = EDGE_LOOP('',(#6272,#6273,#6274,#6275,#6276,#6277,#6278,#6279,
    #6280,#6281,#6282,#6283));
#6272 = ORIENTED_EDGE('',*,*,#5938,.T.);
#6273 = ORIENTED_EDGE('',*,*,#5968,.T.);
#6274 = ORIENTED_EDGE('',*,*,#5998,.T.);
#6275 = ORIENTED_EDGE('',*,*,#6028,.T.);
#6276 = ORIENTED_EDGE('',*,*,#6058,.T.);
#6277 = ORIENTED_EDGE('',*,*,#6088,.T.);
#6278 = ORIENTED_EDGE('',*,*,#6118,.T.);
#6279 = ORIENTED_EDGE('',*,*,#6148,.T.);
#6280 = ORIENTED_EDGE('',*,*,#6178,.T.);
#6281 = ORIENTED_EDGE('',*,*,#6208,.T.);
#6282 = ORIENTED_EDGE('',*,*,#6238,.T.);
#6283 = ORIENTED_EDGE('',*,*,#6259,.T.);
#6284 = B_SPLINE_SURFACE_WITH_KNOTS('',1,1,(
    (#6285,#6286)
    ,(#6287,#6288
    )),.UNSPECIFIED.,.F.,.F.,.F.,(2,2),(2,2),(-12.5285193693,
    12.713660630696),(-17.66401858796,17.23442141204),
  .PIECEWISE_BEZIER_KNOTS.);
#6285 = CARTESIAN_POINT('',(126.15442033345,105.939422,52.890888872522)
  );
#6286 = CARTESIAN_POINT('',(126.15442033345,105.939422,56.157382856522)
  );
#6287 = CARTESIAN_POINT('',(128.51708838145,105.939422,52.890888872522)
  );
#6288 = CARTESIAN_POINT('',(128.51708838145,105.939422,56.157382856522)
  );
#6289 = ADVANCED_FACE('',(#6290),#6304,.F.);
#6290 = FACE_BOUND('',#6291,.F.);
#6291 = EDGE_LOOP('',(#6292,#6293,#6294,#6295,#6296,#6297,#6298,#6299,
    #6300,#6301,#6302,#6303));
#6292 = ORIENTED_EDGE('',*,*,#5923,.T.);
#6293 = ORIENTED_EDGE('',*,*,#5953,.T.);
#6294 = ORIENTED_EDGE('',*,*,#5983,.T.);
#6295 = ORIENTED_EDGE('',*,*,#6013,.T.);
#6296 = ORIENTED_EDGE('',*,*,#6043,.T.);
#6297 = ORIENTED_EDGE('',*,*,#6073,.T.);
#6298 = ORIENTED_EDGE('',*,*,#6103,.T.);
#6299 = ORIENTED_EDGE('',*,*,#6133,.T.);
#6300 = ORIENTED_EDGE('',*,*,#6163,.T.);
#6301 = ORIENTED_EDGE('',*,*,#6193,.T.);
#6302 = ORIENTED_EDGE('',*,*,#6223,.T.);
#6303 = ORIENTED_EDGE('',*,*,#6253,.T.);
#6304 = B_SPLINE_SURFACE_WITH_KNOTS('',1,1,(
    (#6305,#6306)
    ,(#6307,#6308
    )),.UNSPECIFIED.,.F.,.F.,.F.,(2,2),(2,2),(-12.5285193693,
    12.713660630696),(-17.66401858796,17.23442141204),
  .PIECEWISE_BEZIER_KNOTS.);
#6305 = CARTESIAN_POINT('',(126.15442033345,106.939422,52.890888872522)
  );
#6306 = CARTESIAN_POINT('',(126.15442033345,106.939422,56.157382856522)
  );
#6307 = CARTESIAN_POINT('',(128.51708838145,106.939422,52.890888872522)
  );
#6308 = CARTESIAN_POINT('',(128.51708838145,106.939422,56.157382856522)
  );
#6309 = MANIFOLD_SOLID_BREP('',#6310);
#6310 = CLOSED_SHELL('',(#6311,#6350,#6380,#6410,#6431,#6443));
#6311 = ADVANCED_FACE('',(#6312),#6344,.F.);
#6312 = FACE_BOUND('',#6313,.F.);
#6313 = EDGE_LOOP('',(#6314,#6324,#6331,#6339));
#6314 = ORIENTED_EDGE('',*,*,#6315,.T.);
#6315 = EDGE_CURVE('',#6316,#6318,#6320,.T.);
#6316 = VERTEX_POINT('',#6317);
#6317 = CARTESIAN_POINT('',(135.55207935745,105.939422,49.498888872522)
  );
#6318 = VERTEX_POINT('',#6319);
#6319 = CARTESIAN_POINT('',(135.55207935745,106.939422,49.498888872522)
  );
#6320 = LINE('',#6321,#6322);
#6321 = CARTESIAN_POINT('',(135.55207935745,105.939422,49.498888872522)
  );
#6322 = VECTOR('',#6323,1.);
#6323 = DIRECTION('',(0.,1.,0.));
#6324 = ORIENTED_EDGE('',*,*,#6325,.T.);
#6325 = EDGE_CURVE('',#6318,#6326,#6328,.T.);
#6326 = VERTEX_POINT('',#6327);
#6327 = CARTESIAN_POINT('',(135.17767935745,106.939422,49.498888872522)
  );
#6328 = B_SPLINE_CURVE_WITH_KNOTS('',1,(#6329,#6330),.UNSPECIFIED.,.F.,
  .F.,(2,2),(0.,4.),.PIECEWISE_BEZIER_KNOTS.);
#6329 = CARTESIAN_POINT('',(135.55207935745,106.939422,49.498888872522)
  );
#6330 = CARTESIAN_POINT('',(135.17767935745,106.939422,49.498888872522)
  );
#6331 = ORIENTED_EDGE('',*,*,#6332,.F.);
#6332 = EDGE_CURVE('',#6333,#6326,#6335,.T.);
#6333 = VERTEX_POINT('',#6334);
#6334 = CARTESIAN_POINT('',(135.17767935745,105.939422,49.498888872522)
  );
#6335 = LINE('',#6336,#6337);
#6336 = CARTESIAN_POINT('',(135.17767935745,105.939422,49.498888872522)
  );
#6337 = VECTOR('',#6338,1.);
#6338 = DIRECTION('',(0.,1.,0.));
#6339 = ORIENTED_EDGE('',*,*,#6340,.F.);
#6340 = EDGE_CURVE('',#6316,#6333,#6341,.T.);
#6341 = B_SPLINE_CURVE_WITH_KNOTS('',1,(#6342,#6343),.UNSPECIFIED.,.F.,
  .F.,(2,2),(0.,4.),.PIECEWISE_BEZIER_KNOTS.);
#6342 = CARTESIAN_POINT('',(135.55207935745,105.939422,49.498888872522)
  );
#6343 = CARTESIAN_POINT('',(135.17767935745,105.939422,49.498888872522)
  );
#6344 = SURFACE_OF_LINEAR_EXTRUSION('',#6345,#6348);
#6345 = B_SPLINE_CURVE_WITH_KNOTS('',1,(#6346,#6347),.UNSPECIFIED.,.F.,
  .F.,(2,2),(0.,4.),.PIECEWISE_BEZIER_KNOTS.);
#6346 = CARTESIAN_POINT('',(135.55207935745,105.939422,49.498888872522)
  );
#6347 = CARTESIAN_POINT('',(135.17767935745,105.939422,49.498888872522)
  );
#6348 = VECTOR('',#6349,1.);
#6349 = DIRECTION('',(-0.,-1.,-0.));
#6350 = ADVANCED_FACE('',(#6351),#6374,.F.);
#6351 = FACE_BOUND('',#6352,.F.);
#6352 = EDGE_LOOP('',(#6353,#6354,#6361,#6369));
#6353 = ORIENTED_EDGE('',*,*,#6332,.T.);
#6354 = ORIENTED_EDGE('',*,*,#6355,.T.);
#6355 = EDGE_CURVE('',#6326,#6356,#6358,.T.);
#6356 = VERTEX_POINT('',#6357);
#6357 = CARTESIAN_POINT('',(135.17767935745,106.939422,50.902888872522)
  );
#6358 = B_SPLINE_CURVE_WITH_KNOTS('',1,(#6359,#6360),.UNSPECIFIED.,.F.,
  .F.,(2,2),(0.,15.),.PIECEWISE_BEZIER_KNOTS.);
#6359 = CARTESIAN_POINT('',(135.17767935745,106.939422,49.498888872522)
  );
#6360 = CARTESIAN_POINT('',(135.17767935745,106.939422,50.902888872522)
  );
#6361 = ORIENTED_EDGE('',*,*,#6362,.F.);
#6362 = EDGE_CURVE('',#6363,#6356,#6365,.T.);
#6363 = VERTEX_POINT('',#6364);
#6364 = CARTESIAN_POINT('',(135.17767935745,105.939422,50.902888872522)
  );
#6365 = LINE('',#6366,#6367);
#6366 = CARTESIAN_POINT('',(135.17767935745,105.939422,50.902888872522)
  );
#6367 = VECTOR('',#6368,1.);
#6368 = DIRECTION('',(0.,1.,0.));
#6369 = ORIENTED_EDGE('',*,*,#6370,.F.);
#6370 = EDGE_CURVE('',#6333,#6363,#6371,.T.);
#6371 = B_SPLINE_CURVE_WITH_KNOTS('',1,(#6372,#6373),.UNSPECIFIED.,.F.,
  .F.,(2,2),(0.,15.),.PIECEWISE_BEZIER_KNOTS.);
#6372 = CARTESIAN_POINT('',(135.17767935745,105.939422,49.498888872522)
  );
#6373 = CARTESIAN_POINT('',(135.17767935745,105.939422,50.902888872522)
  );
#6374 = SURFACE_OF_LINEAR_EXTRUSION('',#6375,#6378);
#6375 = B_SPLINE_CURVE_WITH_KNOTS('',1,(#6376,#6377),.UNSPECIFIED.,.F.,
  .F.,(2,2),(0.,15.),.PIECEWISE_BEZIER_KNOTS.);
#6376 = CARTESIAN_POINT('',(135.17767935745,105.939422,49.498888872522)
  );
#6377 = CARTESIAN_POINT('',(135.17767935745,105.939422,50.902888872522)
  );
#6378 = VECTOR('',#6379,1.);
#6379 = DIRECTION('',(-0.,-1.,-0.));
#6380 = ADVANCED_FACE('',(#6381),#6404,.F.);
#6381 = FACE_BOUND('',#6382,.F.);
#6382 = EDGE_LOOP('',(#6383,#6384,#6391,#6399));
#6383 = ORIENTED_EDGE('',*,*,#6362,.T.);
#6384 = ORIENTED_EDGE('',*,*,#6385,.T.);
#6385 = EDGE_CURVE('',#6356,#6386,#6388,.T.);
#6386 = VERTEX_POINT('',#6387);
#6387 = CARTESIAN_POINT('',(135.55207935745,106.939422,50.902888872522)
  );
#6388 = B_SPLINE_CURVE_WITH_KNOTS('',1,(#6389,#6390),.UNSPECIFIED.,.F.,
  .F.,(2,2),(0.,4.),.PIECEWISE_BEZIER_KNOTS.);
#6389 = CARTESIAN_POINT('',(135.17767935745,106.939422,50.902888872522)
  );
#6390 = CARTESIAN_POINT('',(135.55207935745,106.939422,50.902888872522)
  );
#6391 = ORIENTED_EDGE('',*,*,#6392,.F.);
#6392 = EDGE_CURVE('',#6393,#6386,#6395,.T.);
#6393 = VERTEX_POINT('',#6394);
#6394 = CARTESIAN_POINT('',(135.55207935745,105.939422,50.902888872522)
  );
#6395 = LINE('',#6396,#6397);
#6396 = CARTESIAN_POINT('',(135.55207935745,105.939422,50.902888872522)
  );
#6397 = VECTOR('',#6398,1.);
#6398 = DIRECTION('',(0.,1.,0.));
#6399 = ORIENTED_EDGE('',*,*,#6400,.F.);
#6400 = EDGE_CURVE('',#6363,#6393,#6401,.T.);
#6401 = B_SPLINE_CURVE_WITH_KNOTS('',1,(#6402,#6403),.UNSPECIFIED.,.F.,
  .F.,(2,2),(0.,4.),.PIECEWISE_BEZIER_KNOTS.);
#6402 = CARTESIAN_POINT('',(135.17767935745,105.939422,50.902888872522)
  );
#6403 = CARTESIAN_POINT('',(135.55207935745,105.939422,50.902888872522)
  );
#6404 = SURFACE_OF_LINEAR_EXTRUSION('',#6405,#6408);
#6405 = B_SPLINE_CURVE_WITH_KNOTS('',1,(#6406,#6407),.UNSPECIFIED.,.F.,
  .F.,(2,2),(0.,4.),.PIECEWISE_BEZIER_KNOTS.);
#6406 = CARTESIAN_POINT('',(135.17767935745,105.939422,50.902888872522)
  );
#6407 = CARTESIAN_POINT('',(135.55207935745,105.939422,50.902888872522)
  );
#6408 = VECTOR('',#6409,1.);
#6409 = DIRECTION('',(-0.,-1.,-0.));
#6410 = ADVANCED_FACE('',(#6411),#6425,.F.);
#6411 = FACE_BOUND('',#6412,.F.);
#6412 = EDGE_LOOP('',(#6413,#6414,#6419,#6420));
#6413 = ORIENTED_EDGE('',*,*,#6392,.T.);
#6414 = ORIENTED_EDGE('',*,*,#6415,.T.);
#6415 = EDGE_CURVE('',#6386,#6318,#6416,.T.);
#6416 = B_SPLINE_CURVE_WITH_KNOTS('',1,(#6417,#6418),.UNSPECIFIED.,.F.,
  .F.,(2,2),(0.,15.),.PIECEWISE_BEZIER_KNOTS.);
#6417 = CARTESIAN_POINT('',(135.55207935745,106.939422,50.902888872522)
  );
#6418 = CARTESIAN_POINT('',(135.55207935745,106.939422,49.498888872522)
  );
#6419 = ORIENTED_EDGE('',*,*,#6315,.F.);
#6420 = ORIENTED_EDGE('',*,*,#6421,.F.);
#6421 = EDGE_CURVE('',#6393,#6316,#6422,.T.);
#6422 = B_SPLINE_CURVE_WITH_KNOTS('',1,(#6423,#6424),.UNSPECIFIED.,.F.,
  .F.,(2,2),(0.,15.),.PIECEWISE_BEZIER_KNOTS.);
#6423 = CARTESIAN_POINT('',(135.55207935745,105.939422,50.902888872522)
  );
#6424 = CARTESIAN_POINT('',(135.55207935745,105.939422,49.498888872522)
  );
#6425 = SURFACE_OF_LINEAR_EXTRUSION('',#6426,#6429);
#6426 = B_SPLINE_CURVE_WITH_KNOTS('',1,(#6427,#6428),.UNSPECIFIED.,.F.,
  .F.,(2,2),(0.,15.),.PIECEWISE_BEZIER_KNOTS.);
#6427 = CARTESIAN_POINT('',(135.55207935745,105.939422,50.902888872522)
  );
#6428 = CARTESIAN_POINT('',(135.55207935745,105.939422,49.498888872522)
  );
#6429 = VECTOR('',#6430,1.);
#6430 = DIRECTION('',(-0.,-1.,-0.));
#6431 = ADVANCED_FACE('',(#6432),#6438,.F.);
#6432 = FACE_BOUND('',#6433,.F.);
#6433 = EDGE_LOOP('',(#6434,#6435,#6436,#6437));
#6434 = ORIENTED_EDGE('',*,*,#6340,.T.);
#6435 = ORIENTED_EDGE('',*,*,#6370,.T.);
#6436 = ORIENTED_EDGE('',*,*,#6400,.T.);
#6437 = ORIENTED_EDGE('',*,*,#6421,.T.);
#6438 = B_SPLINE_SURFACE_WITH_KNOTS('',1,1,(
    (#6439,#6440)
    ,(#6441,#6442
    )),.UNSPECIFIED.,.F.,.F.,.F.,(2,2),(2,2),(-2.,2.),(-7.5,7.5),
  .PIECEWISE_BEZIER_KNOTS.);
#6439 = CARTESIAN_POINT('',(135.55207935745,105.939422,49.498888872522)
  );
#6440 = CARTESIAN_POINT('',(135.55207935745,105.939422,50.902888872522)
  );
#6441 = CARTESIAN_POINT('',(135.17767935745,105.939422,49.498888872522)
  );
#6442 = CARTESIAN_POINT('',(135.17767935745,105.939422,50.902888872522)
  );
#6443 = ADVANCED_FACE('',(#6444),#6450,.T.);
#6444 = FACE_BOUND('',#6445,.T.);
#6445 = EDGE_LOOP('',(#6446,#6447,#6448,#6449));
#6446 = ORIENTED_EDGE('',*,*,#6325,.T.);
#6447 = ORIENTED_EDGE('',*,*,#6355,.T.);
#6448 = ORIENTED_EDGE('',*,*,#6385,.T.);
#6449 = ORIENTED_EDGE('',*,*,#6415,.T.);
#6450 = B_SPLINE_SURFACE_WITH_KNOTS('',1,1,(
    (#6451,#6452)
    ,(#6453,#6454
    )),.UNSPECIFIED.,.F.,.F.,.F.,(2,2),(2,2),(-2.,2.),(-7.5,7.5),
  .PIECEWISE_BEZIER_KNOTS.);
#6451 = CARTESIAN_POINT('',(135.55207935745,106.939422,49.498888872522)
  );
#6452 = CARTESIAN_POINT('',(135.55207935745,106.939422,50.902888872522)
  );
#6453 = CARTESIAN_POINT('',(135.17767935745,106.939422,49.498888872522)
  );
#6454 = CARTESIAN_POINT('',(135.17767935745,106.939422,50.902888872522)
  );
#6455 = MANIFOLD_SOLID_BREP('',#6456);
#6456 = CLOSED_SHELL('',(#6457,#6499,#6529,#6562,#6583,#6595));
#6457 = ADVANCED_FACE('',(#6458),#6492,.T.);
#6458 = FACE_BOUND('',#6459,.T.);
#6459 = EDGE_LOOP('',(#6460,#6470,#6478,#6486));
#6460 = ORIENTED_EDGE('',*,*,#6461,.T.);
#6461 = EDGE_CURVE('',#6462,#6464,#6466,.T.);
#6462 = VERTEX_POINT('',#6463);
#6463 = CARTESIAN_POINT('',(136.18107135745,105.939422,49.931320872522)
  );
#6464 = VERTEX_POINT('',#6465);
#6465 = CARTESIAN_POINT('',(136.18107135745,106.939422,49.931320872522)
  );
#6466 = LINE('',#6467,#6468);
#6467 = CARTESIAN_POINT('',(136.18107135745,105.939422,49.931320872522)
  );
#6468 = VECTOR('',#6469,1.);
#6469 = DIRECTION('',(0.,1.,0.));
#6470 = ORIENTED_EDGE('',*,*,#6471,.T.);
#6471 = EDGE_CURVE('',#6464,#6472,#6474,.T.);
#6472 = VERTEX_POINT('',#6473);
#6473 = CARTESIAN_POINT('',(141.98333535745,106.939422,33.988432872522)
  );
#6474 = ( BOUNDED_CURVE() B_SPLINE_CURVE(2,(#6475,#6476,#6477),
.UNSPECIFIED.,.F.,.F.) B_SPLINE_CURVE_WITH_KNOTS((3,3),(1.658111265526,
3.926994701649),.PIECEWISE_BEZIER_KNOTS.) CURVE() 
GEOMETRIC_REPRESENTATION_ITEM() RATIONAL_B_SPLINE_CURVE((1.,
0.422638468434,1.)) REPRESENTATION_ITEM('') );
#6475 = CARTESIAN_POINT('',(136.18107135745,106.939422,49.931320872522)
  );
#6476 = CARTESIAN_POINT('',(156.17602513969,106.939422,48.181012387587)
  );
#6477 = CARTESIAN_POINT('',(141.98333535745,106.939422,33.988432872522)
  );
#6478 = ORIENTED_EDGE('',*,*,#6479,.F.);
#6479 = EDGE_CURVE('',#6480,#6472,#6482,.T.);
#6480 = VERTEX_POINT('',#6481);
#6481 = CARTESIAN_POINT('',(141.98333535745,105.939422,33.988432872522)
  );
#6482 = LINE('',#6483,#6484);
#6483 = CARTESIAN_POINT('',(141.98333535745,105.939422,33.988432872522)
  );
#6484 = VECTOR('',#6485,1.);
#6485 = DIRECTION('',(0.,1.,0.));
#6486 = ORIENTED_EDGE('',*,*,#6487,.F.);
#6487 = EDGE_CURVE('',#6462,#6480,#6488,.T.);
#6488 = ( BOUNDED_CURVE() B_SPLINE_CURVE(2,(#6489,#6490,#6491),
.UNSPECIFIED.,.F.,.F.) B_SPLINE_CURVE_WITH_KNOTS((3,3),(1.658111265526,
3.926994701649),.PIECEWISE_BEZIER_KNOTS.) CURVE() 
GEOMETRIC_REPRESENTATION_ITEM() RATIONAL_B_SPLINE_CURVE((1.,
0.422638468434,1.)) REPRESENTATION_ITEM('') );
#6489 = CARTESIAN_POINT('',(136.18107135745,105.939422,49.931320872522)
  );
#6490 = CARTESIAN_POINT('',(156.17602513969,105.939422,48.181012387587)
  );
#6491 = CARTESIAN_POINT('',(141.98333535745,105.939422,33.988432872522)
  );
#6492 = SURFACE_OF_LINEAR_EXTRUSION('',#6493,#6497);
#6493 = ( BOUNDED_CURVE() B_SPLINE_CURVE(2,(#6494,#6495,#6496),
.UNSPECIFIED.,.F.,.F.) B_SPLINE_CURVE_WITH_KNOTS((3,3),(1.658111265526,
3.926994701649),.PIECEWISE_BEZIER_KNOTS.) CURVE() 
GEOMETRIC_REPRESENTATION_ITEM() RATIONAL_B_SPLINE_CURVE((1.,
0.422638468434,1.)) REPRESENTATION_ITEM('') );
#6494 = CARTESIAN_POINT('',(136.18107135745,105.939422,49.931320872522)
  );
#6495 = CARTESIAN_POINT('',(156.17602513969,105.939422,48.181012387587)
  );
#6496 = CARTESIAN_POINT('',(141.98333535745,105.939422,33.988432872522)
  );
#6497 = VECTOR('',#6498,1.);
#6498 = DIRECTION('',(-0.,-1.,-0.));
#6499 = ADVANCED_FACE('',(#6500),#6523,.F.);
#6500 = FACE_BOUND('',#6501,.F.);
#6501 = EDGE_LOOP('',(#6502,#6503,#6510,#6518));
#6502 = ORIENTED_EDGE('',*,*,#6461,.T.);
#6503 = ORIENTED_EDGE('',*,*,#6504,.T.);
#6504 = EDGE_CURVE('',#6464,#6505,#6507,.T.);
#6505 = VERTEX_POINT('',#6506);
#6506 = CARTESIAN_POINT('',(136.22131935745,106.939422,50.397448872522)
  );
#6507 = B_SPLINE_CURVE_WITH_KNOTS('',1,(#6508,#6509),.UNSPECIFIED.,.F.,
  .F.,(2,2),(0.,4.998529783846),.PIECEWISE_BEZIER_KNOTS.);
#6508 = CARTESIAN_POINT('',(136.18107135745,106.939422,49.931320872522)
  );
#6509 = CARTESIAN_POINT('',(136.22131935745,106.939422,50.397448872522)
  );
#6510 = ORIENTED_EDGE('',*,*,#6511,.F.);
#6511 = EDGE_CURVE('',#6512,#6505,#6514,.T.);
#6512 = VERTEX_POINT('',#6513);
#6513 = CARTESIAN_POINT('',(136.22131935745,105.939422,50.397448872522)
  );
#6514 = LINE('',#6515,#6516);
#6515 = CARTESIAN_POINT('',(136.22131935745,105.939422,50.397448872522)
  );
#6516 = VECTOR('',#6517,1.);
#6517 = DIRECTION('',(0.,1.,0.));
#6518 = ORIENTED_EDGE('',*,*,#6519,.F.);
#6519 = EDGE_CURVE('',#6462,#6512,#6520,.T.);
#6520 = B_SPLINE_CURVE_WITH_KNOTS('',1,(#6521,#6522),.UNSPECIFIED.,.F.,
  .F.,(2,2),(0.,4.998529783846),.PIECEWISE_BEZIER_KNOTS.);
#6521 = CARTESIAN_POINT('',(136.18107135745,105.939422,49.931320872522)
  );
#6522 = CARTESIAN_POINT('',(136.22131935745,105.939422,50.397448872522)
  );
#6523 = SURFACE_OF_LINEAR_EXTRUSION('',#6524,#6527);
#6524 = B_SPLINE_CURVE_WITH_KNOTS('',1,(#6525,#6526),.UNSPECIFIED.,.F.,
  .F.,(2,2),(0.,4.998529783846),.PIECEWISE_BEZIER_KNOTS.);
#6525 = CARTESIAN_POINT('',(136.18107135745,105.939422,49.931320872522)
  );
#6526 = CARTESIAN_POINT('',(136.22131935745,105.939422,50.397448872522)
  );
#6527 = VECTOR('',#6528,1.);
#6528 = DIRECTION('',(-0.,-1.,-0.));
#6529 = ADVANCED_FACE('',(#6530),#6555,.F.);
#6530 = FACE_BOUND('',#6531,.F.);
#6531 = EDGE_LOOP('',(#6532,#6533,#6541,#6549));
#6532 = ORIENTED_EDGE('',*,*,#6511,.T.);
#6533 = ORIENTED_EDGE('',*,*,#6534,.T.);
#6534 = EDGE_CURVE('',#6505,#6535,#6537,.T.);
#6535 = VERTEX_POINT('',#6536);
#6536 = CARTESIAN_POINT('',(143.63818335745,106.939422,32.333584872522)
  );
#6537 = ( BOUNDED_CURVE() B_SPLINE_CURVE(2,(#6538,#6539,#6540),
.UNSPECIFIED.,.F.,.F.) B_SPLINE_CURVE_WITH_KNOTS((3,3),(1.615736437557,
3.888242337262),.PIECEWISE_BEZIER_KNOTS.) CURVE() 
GEOMETRIC_REPRESENTATION_ITEM() RATIONAL_B_SPLINE_CURVE((1.,
0.420996259677,1.)) REPRESENTATION_ITEM('') );
#6538 = CARTESIAN_POINT('',(136.22131935745,106.939422,50.397448872522)
  );
#6539 = CARTESIAN_POINT('',(159.38960518869,106.939422,49.355562043712)
  );
#6540 = CARTESIAN_POINT('',(143.63818335745,106.939422,32.333584872522)
  );
#6541 = ORIENTED_EDGE('',*,*,#6542,.F.);
#6542 = EDGE_CURVE('',#6543,#6535,#6545,.T.);
#6543 = VERTEX_POINT('',#6544);
#6544 = CARTESIAN_POINT('',(143.63818335745,105.939422,32.333584872522)
  );
#6545 = LINE('',#6546,#6547);
#6546 = CARTESIAN_POINT('',(143.63818335745,105.939422,32.333584872522)
  );
#6547 = VECTOR('',#6548,1.);
#6548 = DIRECTION('',(0.,1.,0.));
#6549 = ORIENTED_EDGE('',*,*,#6550,.F.);
#6550 = EDGE_CURVE('',#6512,#6543,#6551,.T.);
#6551 = ( BOUNDED_CURVE() B_SPLINE_CURVE(2,(#6552,#6553,#6554),
.UNSPECIFIED.,.F.,.F.) B_SPLINE_CURVE_WITH_KNOTS((3,3),(1.615736437557,
3.888242337262),.PIECEWISE_BEZIER_KNOTS.) CURVE() 
GEOMETRIC_REPRESENTATION_ITEM() RATIONAL_B_SPLINE_CURVE((1.,
0.420996259677,1.)) REPRESENTATION_ITEM('') );
#6552 = CARTESIAN_POINT('',(136.22131935745,105.939422,50.397448872522)
  );
#6553 = CARTESIAN_POINT('',(159.38960518869,105.939422,49.355562043712)
  );
#6554 = CARTESIAN_POINT('',(143.63818335745,105.939422,32.333584872522)
  );
#6555 = SURFACE_OF_LINEAR_EXTRUSION('',#6556,#6560);
#6556 = ( BOUNDED_CURVE() B_SPLINE_CURVE(2,(#6557,#6558,#6559),
.UNSPECIFIED.,.F.,.F.) B_SPLINE_CURVE_WITH_KNOTS((3,3),(1.615736437557,
3.888242337262),.PIECEWISE_BEZIER_KNOTS.) CURVE() 
GEOMETRIC_REPRESENTATION_ITEM() RATIONAL_B_SPLINE_CURVE((1.,
0.420996259677,1.)) REPRESENTATION_ITEM('') );
#6557 = CARTESIAN_POINT('',(136.22131935745,105.939422,50.397448872522)
  );
#6558 = CARTESIAN_POINT('',(159.38960518869,105.939422,49.355562043712)
  );
#6559 = CARTESIAN_POINT('',(143.63818335745,105.939422,32.333584872522)
  );
#6560 = VECTOR('',#6561,1.);
#6561 = DIRECTION('',(-0.,-1.,-0.));
#6562 = ADVANCED_FACE('',(#6563),#6577,.F.);
#6563 = FACE_BOUND('',#6564,.F.);
#6564 = EDGE_LOOP('',(#6565,#6566,#6571,#6572));
#6565 = ORIENTED_EDGE('',*,*,#6542,.T.);
#6566 = ORIENTED_EDGE('',*,*,#6567,.T.);
#6567 = EDGE_CURVE('',#6535,#6472,#6568,.T.);
#6568 = B_SPLINE_CURVE_WITH_KNOTS('',1,(#6569,#6570),.UNSPECIFIED.,.F.,
  .F.,(2,2),(0.,25.003295782756),.PIECEWISE_BEZIER_KNOTS.);
#6569 = CARTESIAN_POINT('',(143.63818335745,106.939422,32.333584872522)
  );
#6570 = CARTESIAN_POINT('',(141.98333535745,106.939422,33.988432872522)
  );
#6571 = ORIENTED_EDGE('',*,*,#6479,.F.);
#6572 = ORIENTED_EDGE('',*,*,#6573,.F.);
#6573 = EDGE_CURVE('',#6543,#6480,#6574,.T.);
#6574 = B_SPLINE_CURVE_WITH_KNOTS('',1,(#6575,#6576),.UNSPECIFIED.,.F.,
  .F.,(2,2),(0.,25.003295782756),.PIECEWISE_BEZIER_KNOTS.);
#6575 = CARTESIAN_POINT('',(143.63818335745,105.939422,32.333584872522)
  );
#6576 = CARTESIAN_POINT('',(141.98333535745,105.939422,33.988432872522)
  );
#6577 = SURFACE_OF_LINEAR_EXTRUSION('',#6578,#6581);
#6578 = B_SPLINE_CURVE_WITH_KNOTS('',1,(#6579,#6580),.UNSPECIFIED.,.F.,
  .F.,(2,2),(0.,25.003295782756),.PIECEWISE_BEZIER_KNOTS.);
#6579 = CARTESIAN_POINT('',(143.63818335745,105.939422,32.333584872522)
  );
#6580 = CARTESIAN_POINT('',(141.98333535745,105.939422,33.988432872522)
  );
#6581 = VECTOR('',#6582,1.);
#6582 = DIRECTION('',(-0.,-1.,-0.));
#6583 = ADVANCED_FACE('',(#6584),#6590,.F.);
#6584 = FACE_BOUND('',#6585,.F.);
#6585 = EDGE_LOOP('',(#6586,#6587,#6588,#6589));
#6586 = ORIENTED_EDGE('',*,*,#6487,.F.);
#6587 = ORIENTED_EDGE('',*,*,#6519,.T.);
#6588 = ORIENTED_EDGE('',*,*,#6550,.T.);
#6589 = ORIENTED_EDGE('',*,*,#6573,.T.);
#6590 = B_SPLINE_SURFACE_WITH_KNOTS('',1,1,(
    (#6591,#6592)
    ,(#6593,#6594
    )),.UNSPECIFIED.,.F.,.F.,.F.,(2,2),(2,2),(-41.02050739391,
    69.243119291163),(-108.3752170426,84.614782957389),
  .PIECEWISE_BEZIER_KNOTS.);
#6591 = CARTESIAN_POINT('',(146.50174681517,105.939422,32.333584872522)
  );
#6592 = CARTESIAN_POINT('',(146.50174681517,105.939422,50.397448872522)
  );
#6593 = CARTESIAN_POINT('',(136.18107135745,105.939422,32.333584872522)
  );
#6594 = CARTESIAN_POINT('',(136.18107135745,105.939422,50.397448872522)
  );
#6595 = ADVANCED_FACE('',(#6596),#6602,.T.);
#6596 = FACE_BOUND('',#6597,.T.);
#6597 = EDGE_LOOP('',(#6598,#6599,#6600,#6601));
#6598 = ORIENTED_EDGE('',*,*,#6471,.F.);
#6599 = ORIENTED_EDGE('',*,*,#6504,.T.);
#6600 = ORIENTED_EDGE('',*,*,#6534,.T.);
#6601 = ORIENTED_EDGE('',*,*,#6567,.T.);
#6602 = B_SPLINE_SURFACE_WITH_KNOTS('',1,1,(
    (#6603,#6604)
    ,(#6605,#6606
    )),.UNSPECIFIED.,.F.,.F.,.F.,(2,2),(2,2),(-41.02050739391,
    69.243119291163),(-108.3752170426,84.614782957389),
  .PIECEWISE_BEZIER_KNOTS.);
#6603 = CARTESIAN_POINT('',(146.50174681517,106.939422,32.333584872522)
  );
#6604 = CARTESIAN_POINT('',(146.50174681517,106.939422,50.397448872522)
  );
#6605 = CARTESIAN_POINT('',(136.18107135745,106.939422,32.333584872522)
  );
#6606 = CARTESIAN_POINT('',(136.18107135745,106.939422,50.397448872522)
  );
#6607 = MANIFOLD_SOLID_BREP('',#6608);
#6608 = CLOSED_SHELL('',(#6609,#6651,#6681,#6714,#6735,#6747));
#6609 = ADVANCED_FACE('',(#6610),#6644,.T.);
#6610 = FACE_BOUND('',#6611,.T.);
#6611 = EDGE_LOOP('',(#6612,#6622,#6630,#6638));
#6612 = ORIENTED_EDGE('',*,*,#6613,.T.);
#6613 = EDGE_CURVE('',#6614,#6616,#6618,.T.);
#6614 = VERTEX_POINT('',#6615);
#6615 = CARTESIAN_POINT('',(128.74642335745,105.939422,33.988432872522)
  );
#6616 = VERTEX_POINT('',#6617);
#6617 = CARTESIAN_POINT('',(128.74642335745,106.939422,33.988432872522)
  );
#6618 = LINE('',#6619,#6620);
#6619 = CARTESIAN_POINT('',(128.74642335745,105.939422,33.988432872522)
  );
#6620 = VECTOR('',#6621,1.);
#6621 = DIRECTION('',(0.,1.,0.));
#6622 = ORIENTED_EDGE('',*,*,#6623,.T.);
#6623 = EDGE_CURVE('',#6616,#6624,#6626,.T.);
#6624 = VERTEX_POINT('',#6625);
#6625 = CARTESIAN_POINT('',(134.54868735745,106.939422,49.931320872522)
  );
#6626 = ( BOUNDED_CURVE() B_SPLINE_CURVE(2,(#6627,#6628,#6629),
.UNSPECIFIED.,.F.,.F.) B_SPLINE_CURVE_WITH_KNOTS((3,3),(5.49778325912,
7.766666695243),.PIECEWISE_BEZIER_KNOTS.) CURVE() 
GEOMETRIC_REPRESENTATION_ITEM() RATIONAL_B_SPLINE_CURVE((1.,
0.422638468434,1.)) REPRESENTATION_ITEM('') );
#6627 = CARTESIAN_POINT('',(128.74642335745,106.939422,33.988432872522)
  );
#6628 = CARTESIAN_POINT('',(114.55373357521,106.939422,48.181012387587)
  );
#6629 = CARTESIAN_POINT('',(134.54868735745,106.939422,49.931320872522)
  );
#6630 = ORIENTED_EDGE('',*,*,#6631,.F.);
#6631 = EDGE_CURVE('',#6632,#6624,#6634,.T.);
#6632 = VERTEX_POINT('',#6633);
#6633 = CARTESIAN_POINT('',(134.54868735745,105.939422,49.931320872522)
  );
#6634 = LINE('',#6635,#6636);
#6635 = CARTESIAN_POINT('',(134.54868735745,105.939422,49.931320872522)
  );
#6636 = VECTOR('',#6637,1.);
#6637 = DIRECTION('',(0.,1.,0.));
#6638 = ORIENTED_EDGE('',*,*,#6639,.F.);
#6639 = EDGE_CURVE('',#6614,#6632,#6640,.T.);
#6640 = ( BOUNDED_CURVE() B_SPLINE_CURVE(2,(#6641,#6642,#6643),
.UNSPECIFIED.,.F.,.F.) B_SPLINE_CURVE_WITH_KNOTS((3,3),(5.49778325912,
7.766666695243),.PIECEWISE_BEZIER_KNOTS.) CURVE() 
GEOMETRIC_REPRESENTATION_ITEM() RATIONAL_B_SPLINE_CURVE((1.,
0.422638468434,1.)) REPRESENTATION_ITEM('') );
#6641 = CARTESIAN_POINT('',(128.74642335745,105.939422,33.988432872522)
  );
#6642 = CARTESIAN_POINT('',(114.55373357521,105.939422,48.181012387587)
  );
#6643 = CARTESIAN_POINT('',(134.54868735745,105.939422,49.931320872522)
  );
#6644 = SURFACE_OF_LINEAR_EXTRUSION('',#6645,#6649);
#6645 = ( BOUNDED_CURVE() B_SPLINE_CURVE(2,(#6646,#6647,#6648),
.UNSPECIFIED.,.F.,.F.) B_SPLINE_CURVE_WITH_KNOTS((3,3),(5.49778325912,
7.766666695243),.PIECEWISE_BEZIER_KNOTS.) CURVE() 
GEOMETRIC_REPRESENTATION_ITEM() RATIONAL_B_SPLINE_CURVE((1.,
0.422638468434,1.)) REPRESENTATION_ITEM('') );
#6646 = CARTESIAN_POINT('',(128.74642335745,105.939422,33.988432872522)
  );
#6647 = CARTESIAN_POINT('',(114.55373357521,105.939422,48.181012387587)
  );
#6648 = CARTESIAN_POINT('',(134.54868735745,105.939422,49.931320872522)
  );
#6649 = VECTOR('',#6650,1.);
#6650 = DIRECTION('',(-0.,-1.,-0.));
#6651 = ADVANCED_FACE('',(#6652),#6675,.F.);
#6652 = FACE_BOUND('',#6653,.F.);
#6653 = EDGE_LOOP('',(#6654,#6655,#6662,#6670));
#6654 = ORIENTED_EDGE('',*,*,#6613,.T.);
#6655 = ORIENTED_EDGE('',*,*,#6656,.T.);
#6656 = EDGE_CURVE('',#6616,#6657,#6659,.T.);
#6657 = VERTEX_POINT('',#6658);
#6658 = CARTESIAN_POINT('',(127.09157535745,106.939422,32.333584872522)
  );
#6659 = B_SPLINE_CURVE_WITH_KNOTS('',1,(#6660,#6661),.UNSPECIFIED.,.F.,
  .F.,(2,2),(0.,25.003295782756),.PIECEWISE_BEZIER_KNOTS.);
#6660 = CARTESIAN_POINT('',(128.74642335745,106.939422,33.988432872522)
  );
#6661 = CARTESIAN_POINT('',(127.09157535745,106.939422,32.333584872522)
  );
#6662 = ORIENTED_EDGE('',*,*,#6663,.F.);
#6663 = EDGE_CURVE('',#6664,#6657,#6666,.T.);
#6664 = VERTEX_POINT('',#6665);
#6665 = CARTESIAN_POINT('',(127.09157535745,105.939422,32.333584872522)
  );
#6666 = LINE('',#6667,#6668);
#6667 = CARTESIAN_POINT('',(127.09157535745,105.939422,32.333584872522)
  );
#6668 = VECTOR('',#6669,1.);
#6669 = DIRECTION('',(0.,1.,0.));
#6670 = ORIENTED_EDGE('',*,*,#6671,.F.);
#6671 = EDGE_CURVE('',#6614,#6664,#6672,.T.);
#6672 = B_SPLINE_CURVE_WITH_KNOTS('',1,(#6673,#6674),.UNSPECIFIED.,.F.,
  .F.,(2,2),(0.,25.003295782756),.PIECEWISE_BEZIER_KNOTS.);
#6673 = CARTESIAN_POINT('',(128.74642335745,105.939422,33.988432872522)
  );
#6674 = CARTESIAN_POINT('',(127.09157535745,105.939422,32.333584872522)
  );
#6675 = SURFACE_OF_LINEAR_EXTRUSION('',#6676,#6679);
#6676 = B_SPLINE_CURVE_WITH_KNOTS('',1,(#6677,#6678),.UNSPECIFIED.,.F.,
  .F.,(2,2),(0.,25.003295782756),.PIECEWISE_BEZIER_KNOTS.);
#6677 = CARTESIAN_POINT('',(128.74642335745,105.939422,33.988432872522)
  );
#6678 = CARTESIAN_POINT('',(127.09157535745,105.939422,32.333584872522)
  );
#6679 = VECTOR('',#6680,1.);
#6680 = DIRECTION('',(-0.,-1.,-0.));
#6681 = ADVANCED_FACE('',(#6682),#6707,.F.);
#6682 = FACE_BOUND('',#6683,.F.);
#6683 = EDGE_LOOP('',(#6684,#6685,#6693,#6701));
#6684 = ORIENTED_EDGE('',*,*,#6663,.T.);
#6685 = ORIENTED_EDGE('',*,*,#6686,.T.);
#6686 = EDGE_CURVE('',#6657,#6687,#6689,.T.);
#6687 = VERTEX_POINT('',#6688);
#6688 = CARTESIAN_POINT('',(134.50843935745,106.939422,50.397448872522)
  );
#6689 = ( BOUNDED_CURVE() B_SPLINE_CURVE(2,(#6690,#6691,#6692),
.UNSPECIFIED.,.F.,.F.) B_SPLINE_CURVE_WITH_KNOTS((3,3),(5.536535623507,
7.809041523212),.PIECEWISE_BEZIER_KNOTS.) CURVE() 
GEOMETRIC_REPRESENTATION_ITEM() RATIONAL_B_SPLINE_CURVE((1.,
0.420996259677,1.)) REPRESENTATION_ITEM('') );
#6690 = CARTESIAN_POINT('',(127.09157535745,106.939422,32.333584872522)
  );
#6691 = CARTESIAN_POINT('',(111.3401535262,106.939422,49.355562043712));
#6692 = CARTESIAN_POINT('',(134.50843935745,106.939422,50.397448872522)
  );
#6693 = ORIENTED_EDGE('',*,*,#6694,.F.);
#6694 = EDGE_CURVE('',#6695,#6687,#6697,.T.);
#6695 = VERTEX_POINT('',#6696);
#6696 = CARTESIAN_POINT('',(134.50843935745,105.939422,50.397448872522)
  );
#6697 = LINE('',#6698,#6699);
#6698 = CARTESIAN_POINT('',(134.50843935745,105.939422,50.397448872522)
  );
#6699 = VECTOR('',#6700,1.);
#6700 = DIRECTION('',(0.,1.,0.));
#6701 = ORIENTED_EDGE('',*,*,#6702,.F.);
#6702 = EDGE_CURVE('',#6664,#6695,#6703,.T.);
#6703 = ( BOUNDED_CURVE() B_SPLINE_CURVE(2,(#6704,#6705,#6706),
.UNSPECIFIED.,.F.,.F.) B_SPLINE_CURVE_WITH_KNOTS((3,3),(5.536535623507,
7.809041523212),.PIECEWISE_BEZIER_KNOTS.) CURVE() 
GEOMETRIC_REPRESENTATION_ITEM() RATIONAL_B_SPLINE_CURVE((1.,
0.420996259677,1.)) REPRESENTATION_ITEM('') );
#6704 = CARTESIAN_POINT('',(127.09157535745,105.939422,32.333584872522)
  );
#6705 = CARTESIAN_POINT('',(111.3401535262,105.939422,49.355562043712));
#6706 = CARTESIAN_POINT('',(134.50843935745,105.939422,50.397448872522)
  );
#6707 = SURFACE_OF_LINEAR_EXTRUSION('',#6708,#6712);
#6708 = ( BOUNDED_CURVE() B_SPLINE_CURVE(2,(#6709,#6710,#6711),
.UNSPECIFIED.,.F.,.F.) B_SPLINE_CURVE_WITH_KNOTS((3,3),(5.536535623507,
7.809041523212),.PIECEWISE_BEZIER_KNOTS.) CURVE() 
GEOMETRIC_REPRESENTATION_ITEM() RATIONAL_B_SPLINE_CURVE((1.,
0.420996259677,1.)) REPRESENTATION_ITEM('') );
#6709 = CARTESIAN_POINT('',(127.09157535745,105.939422,32.333584872522)
  );
#6710 = CARTESIAN_POINT('',(111.3401535262,105.939422,49.355562043712));
#6711 = CARTESIAN_POINT('',(134.50843935745,105.939422,50.397448872522)
  );
#6712 = VECTOR('',#6713,1.);
#6713 = DIRECTION('',(-0.,-1.,-0.));
#6714 = ADVANCED_FACE('',(#6715),#6729,.F.);
#6715 = FACE_BOUND('',#6716,.F.);
#6716 = EDGE_LOOP('',(#6717,#6718,#6723,#6724));
#6717 = ORIENTED_EDGE('',*,*,#6694,.T.);
#6718 = ORIENTED_EDGE('',*,*,#6719,.T.);
#6719 = EDGE_CURVE('',#6687,#6624,#6720,.T.);
#6720 = B_SPLINE_CURVE_WITH_KNOTS('',1,(#6721,#6722),.UNSPECIFIED.,.F.,
  .F.,(2,2),(0.,4.998529783846),.PIECEWISE_BEZIER_KNOTS.);
#6721 = CARTESIAN_POINT('',(134.50843935745,106.939422,50.397448872522)
  );
#6722 = CARTESIAN_POINT('',(134.54868735745,106.939422,49.931320872522)
  );
#6723 = ORIENTED_EDGE('',*,*,#6631,.F.);
#6724 = ORIENTED_EDGE('',*,*,#6725,.F.);
#6725 = EDGE_CURVE('',#6695,#6632,#6726,.T.);
#6726 = B_SPLINE_CURVE_WITH_KNOTS('',1,(#6727,#6728),.UNSPECIFIED.,.F.,
  .F.,(2,2),(0.,4.998529783846),.PIECEWISE_BEZIER_KNOTS.);
#6727 = CARTESIAN_POINT('',(134.50843935745,105.939422,50.397448872522)
  );
#6728 = CARTESIAN_POINT('',(134.54868735745,105.939422,49.931320872522)
  );
#6729 = SURFACE_OF_LINEAR_EXTRUSION('',#6730,#6733);
#6730 = B_SPLINE_CURVE_WITH_KNOTS('',1,(#6731,#6732),.UNSPECIFIED.,.F.,
  .F.,(2,2),(0.,4.998529783846),.PIECEWISE_BEZIER_KNOTS.);
#6731 = CARTESIAN_POINT('',(134.50843935745,105.939422,50.397448872522)
  );
#6732 = CARTESIAN_POINT('',(134.54868735745,105.939422,49.931320872522)
  );
#6733 = VECTOR('',#6734,1.);
#6734 = DIRECTION('',(-0.,-1.,-0.));
#6735 = ADVANCED_FACE('',(#6736),#6742,.F.);
#6736 = FACE_BOUND('',#6737,.F.);
#6737 = EDGE_LOOP('',(#6738,#6739,#6740,#6741));
#6738 = ORIENTED_EDGE('',*,*,#6639,.F.);
#6739 = ORIENTED_EDGE('',*,*,#6671,.T.);
#6740 = ORIENTED_EDGE('',*,*,#6702,.T.);
#6741 = ORIENTED_EDGE('',*,*,#6725,.T.);
#6742 = B_SPLINE_SURFACE_WITH_KNOTS('',1,1,(
    (#6743,#6744)
    ,(#6745,#6746
    )),.UNSPECIFIED.,.F.,.F.,.F.,(2,2),(2,2),(-69.24311929116,
    41.020507393917),(-108.3752170426,84.614782957389),
  .PIECEWISE_BEZIER_KNOTS.);
#6743 = CARTESIAN_POINT('',(134.54868735745,105.939422,32.333584872522)
  );
#6744 = CARTESIAN_POINT('',(134.54868735745,105.939422,50.397448872522)
  );
#6745 = CARTESIAN_POINT('',(124.22801189972,105.939422,32.333584872522)
  );
#6746 = CARTESIAN_POINT('',(124.22801189972,105.939422,50.397448872522)
  );
#6747 = ADVANCED_FACE('',(#6748),#6754,.T.);
#6748 = FACE_BOUND('',#6749,.T.);
#6749 = EDGE_LOOP('',(#6750,#6751,#6752,#6753));
#6750 = ORIENTED_EDGE('',*,*,#6623,.F.);
#6751 = ORIENTED_EDGE('',*,*,#6656,.T.);
#6752 = ORIENTED_EDGE('',*,*,#6686,.T.);
#6753 = ORIENTED_EDGE('',*,*,#6719,.T.);
#6754 = B_SPLINE_SURFACE_WITH_KNOTS('',1,1,(
    (#6755,#6756)
    ,(#6757,#6758
    )),.UNSPECIFIED.,.F.,.F.,.F.,(2,2),(2,2),(-69.24311929116,
    41.020507393917),(-108.3752170426,84.614782957389),
  .PIECEWISE_BEZIER_KNOTS.);
#6755 = CARTESIAN_POINT('',(134.54868735745,106.939422,32.333584872522)
  );
#6756 = CARTESIAN_POINT('',(134.54868735745,106.939422,50.397448872522)
  );
#6757 = CARTESIAN_POINT('',(124.22801189972,106.939422,32.333584872522)
  );
#6758 = CARTESIAN_POINT('',(124.22801189972,106.939422,50.397448872522)
  );
#6759 = MANIFOLD_SOLID_BREP('',#6760);
#6760 = CLOSED_SHELL('',(#6761,#6803,#6836,#6869,#6902,#6935,#6965,#6998
    ,#7031,#7061,#7094,#7124,#7157,#7187,#7220,#7253,#7277,#7319,#7352,
    #7385,#7418,#7448,#7478,#7508,#7541,#7574,#7607,#7631,#7673,#7706,
    #7739,#7772,#7805,#7838,#7871,#7901,#7934,#7964,#7985,#8035));
#6761 = ADVANCED_FACE('',(#6762),#6796,.T.);
#6762 = FACE_BOUND('',#6763,.T.);
#6763 = EDGE_LOOP('',(#6764,#6774,#6782,#6790));
#6764 = ORIENTED_EDGE('',*,*,#6765,.T.);
#6765 = EDGE_CURVE('',#6766,#6768,#6770,.T.);
#6766 = VERTEX_POINT('',#6767);
#6767 = CARTESIAN_POINT('',(112.81028951745,105.939422,53.891238872522)
  );
#6768 = VERTEX_POINT('',#6769);
#6769 = CARTESIAN_POINT('',(112.81028951745,106.939422,53.891238872522)
  );
#6770 = LINE('',#6771,#6772);
#6771 = CARTESIAN_POINT('',(112.81028951745,105.939422,53.891238872522)
  );
#6772 = VECTOR('',#6773,1.);
#6773 = DIRECTION('',(0.,1.,0.));
#6774 = ORIENTED_EDGE('',*,*,#6775,.T.);
#6775 = EDGE_CURVE('',#6768,#6776,#6778,.T.);
#6776 = VERTEX_POINT('',#6777);
#6777 = CARTESIAN_POINT('',(112.90681919745,106.939422,53.467844888522)
  );
#6778 = B_SPLINE_CURVE_WITH_KNOTS('',2,(#6779,#6780,#6781),
  .UNSPECIFIED.,.F.,.F.,(3,3),(0.,1.),.PIECEWISE_BEZIER_KNOTS.);
#6779 = CARTESIAN_POINT('',(112.81028951745,106.939422,53.891238872522)
  );
#6780 = CARTESIAN_POINT('',(112.81028951745,106.939422,53.654313872522)
  );
#6781 = CARTESIAN_POINT('',(112.90681919745,106.939422,53.467844888522)
  );
#6782 = ORIENTED_EDGE('',*,*,#6783,.F.);
#6783 = EDGE_CURVE('',#6784,#6776,#6786,.T.);
#6784 = VERTEX_POINT('',#6785);
#6785 = CARTESIAN_POINT('',(112.90681919745,105.939422,53.467844888522)
  );
#6786 = LINE('',#6787,#6788);
#6787 = CARTESIAN_POINT('',(112.90681919745,105.939422,53.467844888522)
  );
#6788 = VECTOR('',#6789,1.);
#6789 = DIRECTION('',(0.,1.,0.));
#6790 = ORIENTED_EDGE('',*,*,#6791,.F.);
#6791 = EDGE_CURVE('',#6766,#6784,#6792,.T.);
#6792 = B_SPLINE_CURVE_WITH_KNOTS('',2,(#6793,#6794,#6795),
  .UNSPECIFIED.,.F.,.F.,(3,3),(0.,1.),.PIECEWISE_BEZIER_KNOTS.);
#6793 = CARTESIAN_POINT('',(112.81028951745,105.939422,53.891238872522)
  );
#6794 = CARTESIAN_POINT('',(112.81028951745,105.939422,53.654313872522)
  );
#6795 = CARTESIAN_POINT('',(112.90681919745,105.939422,53.467844888522)
  );
#6796 = SURFACE_OF_LINEAR_EXTRUSION('',#6797,#6801);
#6797 = B_SPLINE_CURVE_WITH_KNOTS('',2,(#6798,#6799,#6800),
  .UNSPECIFIED.,.F.,.F.,(3,3),(0.,1.),.PIECEWISE_BEZIER_KNOTS.);
#6798 = CARTESIAN_POINT('',(112.81028951745,105.939422,53.891238872522)
  );
#6799 = CARTESIAN_POINT('',(112.81028951745,105.939422,53.654313872522)
  );
#6800 = CARTESIAN_POINT('',(112.90681919745,105.939422,53.467844888522)
  );
#6801 = VECTOR('',#6802,1.);
#6802 = DIRECTION('',(-0.,-1.,-0.));
#6803 = ADVANCED_FACE('',(#6804),#6829,.T.);
#6804 = FACE_BOUND('',#6805,.T.);
#6805 = EDGE_LOOP('',(#6806,#6816,#6822,#6823));
#6806 = ORIENTED_EDGE('',*,*,#6807,.T.);
#6807 = EDGE_CURVE('',#6808,#6810,#6812,.T.);
#6808 = VERTEX_POINT('',#6809);
#6809 = CARTESIAN_POINT('',(112.99894967745,105.939422,54.417738872522)
  );
#6810 = VERTEX_POINT('',#6811);
#6811 = CARTESIAN_POINT('',(112.99894967745,106.939422,54.417738872522)
  );
#6812 = LINE('',#6813,#6814);
#6813 = CARTESIAN_POINT('',(112.99894967745,105.939422,54.417738872522)
  );
#6814 = VECTOR('',#6815,1.);
#6815 = DIRECTION('',(0.,1.,0.));
#6816 = ORIENTED_EDGE('',*,*,#6817,.T.);
#6817 = EDGE_CURVE('',#6810,#6768,#6818,.T.);
#6818 = B_SPLINE_CURVE_WITH_KNOTS('',2,(#6819,#6820,#6821),
  .UNSPECIFIED.,.F.,.F.,(3,3),(0.,1.),.PIECEWISE_BEZIER_KNOTS.);
#6819 = CARTESIAN_POINT('',(112.99894967745,106.939422,54.417738872522)
  );
#6820 = CARTESIAN_POINT('',(112.81028951745,106.939422,54.218107856522)
  );
#6821 = CARTESIAN_POINT('',(112.81028951745,106.939422,53.891238872522)
  );
#6822 = ORIENTED_EDGE('',*,*,#6765,.F.);
#6823 = ORIENTED_EDGE('',*,*,#6824,.F.);
#6824 = EDGE_CURVE('',#6808,#6766,#6825,.T.);
#6825 = B_SPLINE_CURVE_WITH_KNOTS('',2,(#6826,#6827,#6828),
  .UNSPECIFIED.,.F.,.F.,(3,3),(0.,1.),.PIECEWISE_BEZIER_KNOTS.);
#6826 = CARTESIAN_POINT('',(112.99894967745,105.939422,54.417738872522)
  );
#6827 = CARTESIAN_POINT('',(112.81028951745,105.939422,54.218107856522)
  );
#6828 = CARTESIAN_POINT('',(112.81028951745,105.939422,53.891238872522)
  );
#6829 = SURFACE_OF_LINEAR_EXTRUSION('',#6830,#6834);
#6830 = B_SPLINE_CURVE_WITH_KNOTS('',2,(#6831,#6832,#6833),
  .UNSPECIFIED.,.F.,.F.,(3,3),(0.,1.),.PIECEWISE_BEZIER_KNOTS.);
#6831 = CARTESIAN_POINT('',(112.99894967745,105.939422,54.417738872522)
  );
#6832 = CARTESIAN_POINT('',(112.81028951745,105.939422,54.218107856522)
  );
#6833 = CARTESIAN_POINT('',(112.81028951745,105.939422,53.891238872522)
  );
#6834 = VECTOR('',#6835,1.);
#6835 = DIRECTION('',(-0.,-1.,-0.));
#6836 = ADVANCED_FACE('',(#6837),#6862,.T.);
#6837 = FACE_BOUND('',#6838,.T.);
#6838 = EDGE_LOOP('',(#6839,#6840,#6848,#6856));
#6839 = ORIENTED_EDGE('',*,*,#6783,.T.);
#6840 = ORIENTED_EDGE('',*,*,#6841,.T.);
#6841 = EDGE_CURVE('',#6776,#6842,#6844,.T.);
#6842 = VERTEX_POINT('',#6843);
#6843 = CARTESIAN_POINT('',(113.16786959745,106.939422,53.158526840522)
  );
#6844 = B_SPLINE_CURVE_WITH_KNOTS('',2,(#6845,#6846,#6847),
  .UNSPECIFIED.,.F.,.F.,(3,3),(0.,1.),.PIECEWISE_BEZIER_KNOTS.);
#6845 = CARTESIAN_POINT('',(112.90681919745,106.939422,53.467844888522)
  );
#6846 = CARTESIAN_POINT('',(113.00114927745,106.939422,53.281376840522)
  );
#6847 = CARTESIAN_POINT('',(113.16786959745,106.939422,53.158526840522)
  );
#6848 = ORIENTED_EDGE('',*,*,#6849,.F.);
#6849 = EDGE_CURVE('',#6850,#6842,#6852,.T.);
#6850 = VERTEX_POINT('',#6851);
#6851 = CARTESIAN_POINT('',(113.16786959745,105.939422,53.158526840522)
  );
#6852 = LINE('',#6853,#6854);
#6853 = CARTESIAN_POINT('',(113.16786959745,105.939422,53.158526840522)
  );
#6854 = VECTOR('',#6855,1.);
#6855 = DIRECTION('',(0.,1.,0.));
#6856 = ORIENTED_EDGE('',*,*,#6857,.F.);
#6857 = EDGE_CURVE('',#6784,#6850,#6858,.T.);
#6858 = B_SPLINE_CURVE_WITH_KNOTS('',2,(#6859,#6860,#6861),
  .UNSPECIFIED.,.F.,.F.,(3,3),(0.,1.),.PIECEWISE_BEZIER_KNOTS.);
#6859 = CARTESIAN_POINT('',(112.90681919745,105.939422,53.467844888522)
  );
#6860 = CARTESIAN_POINT('',(113.00114927745,105.939422,53.281376840522)
  );
#6861 = CARTESIAN_POINT('',(113.16786959745,105.939422,53.158526840522)
  );
#6862 = SURFACE_OF_LINEAR_EXTRUSION('',#6863,#6867);
#6863 = B_SPLINE_CURVE_WITH_KNOTS('',2,(#6864,#6865,#6866),
  .UNSPECIFIED.,.F.,.F.,(3,3),(0.,1.),.PIECEWISE_BEZIER_KNOTS.);
#6864 = CARTESIAN_POINT('',(112.90681919745,105.939422,53.467844888522)
  );
#6865 = CARTESIAN_POINT('',(113.00114927745,105.939422,53.281376840522)
  );
#6866 = CARTESIAN_POINT('',(113.16786959745,105.939422,53.158526840522)
  );
#6867 = VECTOR('',#6868,1.);
#6868 = DIRECTION('',(-0.,-1.,-0.));
#6869 = ADVANCED_FACE('',(#6870),#6895,.T.);
#6870 = FACE_BOUND('',#6871,.T.);
#6871 = EDGE_LOOP('',(#6872,#6882,#6888,#6889));
#6872 = ORIENTED_EDGE('',*,*,#6873,.T.);
#6873 = EDGE_CURVE('',#6874,#6876,#6878,.T.);
#6874 = VERTEX_POINT('',#6875);
#6875 = CARTESIAN_POINT('',(113.50570943745,105.939422,54.680988872522)
  );
#6876 = VERTEX_POINT('',#6877);
#6877 = CARTESIAN_POINT('',(113.50570943745,106.939422,54.680988872522)
  );
#6878 = LINE('',#6879,#6880);
#6879 = CARTESIAN_POINT('',(113.50570943745,105.939422,54.680988872522)
  );
#6880 = VECTOR('',#6881,1.);
#6881 = DIRECTION('',(0.,1.,0.));
#6882 = ORIENTED_EDGE('',*,*,#6883,.T.);
#6883 = EDGE_CURVE('',#6876,#6810,#6884,.T.);
#6884 = B_SPLINE_CURVE_WITH_KNOTS('',2,(#6885,#6886,#6887),
  .UNSPECIFIED.,.F.,.F.,(3,3),(0.,1.),.PIECEWISE_BEZIER_KNOTS.);
#6885 = CARTESIAN_POINT('',(113.50570943745,106.939422,54.680988872522)
  );
#6886 = CARTESIAN_POINT('',(113.18541959745,106.939422,54.617369888522)
  );
#6887 = CARTESIAN_POINT('',(112.99894967745,106.939422,54.417738872522)
  );
#6888 = ORIENTED_EDGE('',*,*,#6807,.F.);
#6889 = ORIENTED_EDGE('',*,*,#6890,.F.);
#6890 = EDGE_CURVE('',#6874,#6808,#6891,.T.);
#6891 = B_SPLINE_CURVE_WITH_KNOTS('',2,(#6892,#6893,#6894),
  .UNSPECIFIED.,.F.,.F.,(3,3),(0.,1.),.PIECEWISE_BEZIER_KNOTS.);
#6892 = CARTESIAN_POINT('',(113.50570943745,105.939422,54.680988872522)
  );
#6893 = CARTESIAN_POINT('',(113.18541959745,105.939422,54.617369888522)
  );
#6894 = CARTESIAN_POINT('',(112.99894967745,105.939422,54.417738872522)
  );
#6895 = SURFACE_OF_LINEAR_EXTRUSION('',#6896,#6900);
#6896 = B_SPLINE_CURVE_WITH_KNOTS('',2,(#6897,#6898,#6899),
  .UNSPECIFIED.,.F.,.F.,(3,3),(0.,1.),.PIECEWISE_BEZIER_KNOTS.);
#6897 = CARTESIAN_POINT('',(113.50570943745,105.939422,54.680988872522)
  );
#6898 = CARTESIAN_POINT('',(113.18541959745,105.939422,54.617369888522)
  );
#6899 = CARTESIAN_POINT('',(112.99894967745,105.939422,54.417738872522)
  );
#6900 = VECTOR('',#6901,1.);
#6901 = DIRECTION('',(-0.,-1.,-0.));
#6902 = ADVANCED_FACE('',(#6903),#6928,.T.);
#6903 = FACE_BOUND('',#6904,.T.);
#6904 = EDGE_LOOP('',(#6905,#6906,#6914,#6922));
#6905 = ORIENTED_EDGE('',*,*,#6849,.T.);
#6906 = ORIENTED_EDGE('',*,*,#6907,.T.);
#6907 = EDGE_CURVE('',#6842,#6908,#6910,.T.);
#6908 = VERTEX_POINT('',#6909);
#6909 = CARTESIAN_POINT('',(113.59345943745,106.939422,52.952313872522)
  );
#6910 = B_SPLINE_CURVE_WITH_KNOTS('',2,(#6911,#6912,#6913),
  .UNSPECIFIED.,.F.,.F.,(3,3),(0.,1.),.PIECEWISE_BEZIER_KNOTS.);
#6911 = CARTESIAN_POINT('',(113.16786959745,106.939422,53.158526840522)
  );
#6912 = CARTESIAN_POINT('',(113.36091959745,106.939422,53.013738872522)
  );
#6913 = CARTESIAN_POINT('',(113.59345943745,106.939422,52.952313872522)
  );
#6914 = ORIENTED_EDGE('',*,*,#6915,.F.);
#6915 = EDGE_CURVE('',#6916,#6908,#6918,.T.);
#6916 = VERTEX_POINT('',#6917);
#6917 = CARTESIAN_POINT('',(113.59345943745,105.939422,52.952313872522)
  );
#6918 = LINE('',#6919,#6920);
#6919 = CARTESIAN_POINT('',(113.59345943745,105.939422,52.952313872522)
  );
#6920 = VECTOR('',#6921,1.);
#6921 = DIRECTION('',(0.,1.,0.));
#6922 = ORIENTED_EDGE('',*,*,#6923,.F.);
#6923 = EDGE_CURVE('',#6850,#6916,#6924,.T.);
#6924 = B_SPLINE_CURVE_WITH_KNOTS('',2,(#6925,#6926,#6927),
  .UNSPECIFIED.,.F.,.F.,(3,3),(0.,1.),.PIECEWISE_BEZIER_KNOTS.);
#6925 = CARTESIAN_POINT('',(113.16786959745,105.939422,53.158526840522)
  );
#6926 = CARTESIAN_POINT('',(113.36091959745,105.939422,53.013738872522)
  );
#6927 = CARTESIAN_POINT('',(113.59345943745,105.939422,52.952313872522)
  );
#6928 = SURFACE_OF_LINEAR_EXTRUSION('',#6929,#6933);
#6929 = B_SPLINE_CURVE_WITH_KNOTS('',2,(#6930,#6931,#6932),
  .UNSPECIFIED.,.F.,.F.,(3,3),(0.,1.),.PIECEWISE_BEZIER_KNOTS.);
#6930 = CARTESIAN_POINT('',(113.16786959745,105.939422,53.158526840522)
  );
#6931 = CARTESIAN_POINT('',(113.36091959745,105.939422,53.013738872522)
  );
#6932 = CARTESIAN_POINT('',(113.59345943745,105.939422,52.952313872522)
  );
#6933 = VECTOR('',#6934,1.);
#6934 = DIRECTION('',(-0.,-1.,-0.));
#6935 = ADVANCED_FACE('',(#6936),#6959,.T.);
#6936 = FACE_BOUND('',#6937,.T.);
#6937 = EDGE_LOOP('',(#6938,#6948,#6953,#6954));
#6938 = ORIENTED_EDGE('',*,*,#6939,.T.);
#6939 = EDGE_CURVE('',#6940,#6942,#6944,.T.);
#6940 = VERTEX_POINT('',#6941);
#6941 = CARTESIAN_POINT('',(113.50570943745,105.939422,54.698538872522)
  );
#6942 = VERTEX_POINT('',#6943);
#6943 = CARTESIAN_POINT('',(113.50570943745,106.939422,54.698538872522)
  );
#6944 = LINE('',#6945,#6946);
#6945 = CARTESIAN_POINT('',(113.50570943745,105.939422,54.698538872522)
  );
#6946 = VECTOR('',#6947,1.);
#6947 = DIRECTION('',(0.,1.,0.));
#6948 = ORIENTED_EDGE('',*,*,#6949,.T.);
#6949 = EDGE_CURVE('',#6942,#6876,#6950,.T.);
#6950 = B_SPLINE_CURVE_WITH_KNOTS('',1,(#6951,#6952),.UNSPECIFIED.,.F.,
  .F.,(2,2),(0.,0.1875),.PIECEWISE_BEZIER_KNOTS.);
#6951 = CARTESIAN_POINT('',(113.50570943745,106.939422,54.698538872522)
  );
#6952 = CARTESIAN_POINT('',(113.50570943745,106.939422,54.680988872522)
  );
#6953 = ORIENTED_EDGE('',*,*,#6873,.F.);
#6954 = ORIENTED_EDGE('',*,*,#6955,.F.);
#6955 = EDGE_CURVE('',#6940,#6874,#6956,.T.);
#6956 = B_SPLINE_CURVE_WITH_KNOTS('',1,(#6957,#6958),.UNSPECIFIED.,.F.,
  .F.,(2,2),(0.,0.1875),.PIECEWISE_BEZIER_KNOTS.);
#6957 = CARTESIAN_POINT('',(113.50570943745,105.939422,54.698538872522)
  );
#6958 = CARTESIAN_POINT('',(113.50570943745,105.939422,54.680988872522)
  );
#6959 = SURFACE_OF_LINEAR_EXTRUSION('',#6960,#6963);
#6960 = B_SPLINE_CURVE_WITH_KNOTS('',1,(#6961,#6962),.UNSPECIFIED.,.F.,
  .F.,(2,2),(0.,0.1875),.PIECEWISE_BEZIER_KNOTS.);
#6961 = CARTESIAN_POINT('',(113.50570943745,105.939422,54.698538872522)
  );
#6962 = CARTESIAN_POINT('',(113.50570943745,105.939422,54.680988872522)
  );
#6963 = VECTOR('',#6964,1.);
#6964 = DIRECTION('',(-0.,-1.,-0.));
#6965 = ADVANCED_FACE('',(#6966),#6991,.T.);
#6966 = FACE_BOUND('',#6967,.T.);
#6967 = EDGE_LOOP('',(#6968,#6969,#6977,#6985));
#6968 = ORIENTED_EDGE('',*,*,#6915,.T.);
#6969 = ORIENTED_EDGE('',*,*,#6970,.T.);
#6970 = EDGE_CURVE('',#6908,#6971,#6973,.T.);
#6971 = VERTEX_POINT('',#6972);
#6972 = CARTESIAN_POINT('',(114.17918951745,106.939422,52.890888872522)
  );
#6973 = B_SPLINE_CURVE_WITH_KNOTS('',2,(#6974,#6975,#6976),
  .UNSPECIFIED.,.F.,.F.,(3,3),(0.,1.),.PIECEWISE_BEZIER_KNOTS.);
#6974 = CARTESIAN_POINT('',(113.59345943745,106.939422,52.952313872522)
  );
#6975 = CARTESIAN_POINT('',(113.82379967745,106.939422,52.890888872522)
  );
#6976 = CARTESIAN_POINT('',(114.17918951745,106.939422,52.890888872522)
  );
#6977 = ORIENTED_EDGE('',*,*,#6978,.F.);
#6978 = EDGE_CURVE('',#6979,#6971,#6981,.T.);
#6979 = VERTEX_POINT('',#6980);
#6980 = CARTESIAN_POINT('',(114.17918951745,105.939422,52.890888872522)
  );
#6981 = LINE('',#6982,#6983);
#6982 = CARTESIAN_POINT('',(114.17918951745,105.939422,52.890888872522)
  );
#6983 = VECTOR('',#6984,1.);
#6984 = DIRECTION('',(0.,1.,0.));
#6985 = ORIENTED_EDGE('',*,*,#6986,.F.);
#6986 = EDGE_CURVE('',#6916,#6979,#6987,.T.);
#6987 = B_SPLINE_CURVE_WITH_KNOTS('',2,(#6988,#6989,#6990),
  .UNSPECIFIED.,.F.,.F.,(3,3),(0.,1.),.PIECEWISE_BEZIER_KNOTS.);
#6988 = CARTESIAN_POINT('',(113.59345943745,105.939422,52.952313872522)
  );
#6989 = CARTESIAN_POINT('',(113.82379967745,105.939422,52.890888872522)
  );
#6990 = CARTESIAN_POINT('',(114.17918951745,105.939422,52.890888872522)
  );
#6991 = SURFACE_OF_LINEAR_EXTRUSION('',#6992,#6996);
#6992 = B_SPLINE_CURVE_WITH_KNOTS('',2,(#6993,#6994,#6995),
  .UNSPECIFIED.,.F.,.F.,(3,3),(0.,1.),.PIECEWISE_BEZIER_KNOTS.);
#6993 = CARTESIAN_POINT('',(113.59345943745,105.939422,52.952313872522)
  );
#6994 = CARTESIAN_POINT('',(113.82379967745,105.939422,52.890888872522)
  );
#6995 = CARTESIAN_POINT('',(114.17918951745,105.939422,52.890888872522)
  );
#6996 = VECTOR('',#6997,1.);
#6997 = DIRECTION('',(-0.,-1.,-0.));
#6998 = ADVANCED_FACE('',(#6999),#7024,.T.);
#6999 = FACE_BOUND('',#7000,.T.);
#7000 = EDGE_LOOP('',(#7001,#7011,#7017,#7018));
#7001 = ORIENTED_EDGE('',*,*,#7002,.T.);
#7002 = EDGE_CURVE('',#7003,#7005,#7007,.T.);
#7003 = VERTEX_POINT('',#7004);
#7004 = CARTESIAN_POINT('',(113.15251919745,105.939422,54.979338872522)
  );
#7005 = VERTEX_POINT('',#7006);
#7006 = CARTESIAN_POINT('',(113.15251919745,106.939422,54.979338872522)
  );
#7007 = LINE('',#7008,#7009);
#7008 = CARTESIAN_POINT('',(113.15251919745,105.939422,54.979338872522)
  );
#7009 = VECTOR('',#7010,1.);
#7010 = DIRECTION('',(0.,1.,0.));
#7011 = ORIENTED_EDGE('',*,*,#7012,.T.);
#7012 = EDGE_CURVE('',#7005,#6942,#7013,.T.);
#7013 = B_SPLINE_CURVE_WITH_KNOTS('',2,(#7014,#7015,#7016),
  .UNSPECIFIED.,.F.,.F.,(3,3),(0.,1.),.PIECEWISE_BEZIER_KNOTS.);
#7014 = CARTESIAN_POINT('',(113.15251919745,106.939422,54.979338872522)
  );
#7015 = CARTESIAN_POINT('',(113.27755943745,106.939422,54.799451840522)
  );
#7016 = CARTESIAN_POINT('',(113.50570943745,106.939422,54.698538872522)
  );
#7017 = ORIENTED_EDGE('',*,*,#6939,.F.);
#7018 = ORIENTED_EDGE('',*,*,#7019,.F.);
#7019 = EDGE_CURVE('',#7003,#6940,#7020,.T.);
#7020 = B_SPLINE_CURVE_WITH_KNOTS('',2,(#7021,#7022,#7023),
  .UNSPECIFIED.,.F.,.F.,(3,3),(0.,1.),.PIECEWISE_BEZIER_KNOTS.);
#7021 = CARTESIAN_POINT('',(113.15251919745,105.939422,54.979338872522)
  );
#7022 = CARTESIAN_POINT('',(113.27755943745,105.939422,54.799451840522)
  );
#7023 = CARTESIAN_POINT('',(113.50570943745,105.939422,54.698538872522)
  );
#7024 = SURFACE_OF_LINEAR_EXTRUSION('',#7025,#7029);
#7025 = B_SPLINE_CURVE_WITH_KNOTS('',2,(#7026,#7027,#7028),
  .UNSPECIFIED.,.F.,.F.,(3,3),(0.,1.),.PIECEWISE_BEZIER_KNOTS.);
#7026 = CARTESIAN_POINT('',(113.15251919745,105.939422,54.979338872522)
  );
#7027 = CARTESIAN_POINT('',(113.27755943745,105.939422,54.799451840522)
  );
#7028 = CARTESIAN_POINT('',(113.50570943745,105.939422,54.698538872522)
  );
#7029 = VECTOR('',#7030,1.);
#7030 = DIRECTION('',(-0.,-1.,-0.));
#7031 = ADVANCED_FACE('',(#7032),#7055,.T.);
#7032 = FACE_BOUND('',#7033,.T.);
#7033 = EDGE_LOOP('',(#7034,#7035,#7042,#7050));
#7034 = ORIENTED_EDGE('',*,*,#6978,.T.);
#7035 = ORIENTED_EDGE('',*,*,#7036,.T.);
#7036 = EDGE_CURVE('',#6971,#7037,#7039,.T.);
#7037 = VERTEX_POINT('',#7038);
#7038 = CARTESIAN_POINT('',(115.60512935745,106.939422,52.890888872522)
  );
#7039 = B_SPLINE_CURVE_WITH_KNOTS('',1,(#7040,#7041),.UNSPECIFIED.,.F.,
  .F.,(2,2),(0.,15.2344),.PIECEWISE_BEZIER_KNOTS.);
#7040 = CARTESIAN_POINT('',(114.17918951745,106.939422,52.890888872522)
  );
#7041 = CARTESIAN_POINT('',(115.60512935745,106.939422,52.890888872522)
  );
#7042 = ORIENTED_EDGE('',*,*,#7043,.F.);
#7043 = EDGE_CURVE('',#7044,#7037,#7046,.T.);
#7044 = VERTEX_POINT('',#7045);
#7045 = CARTESIAN_POINT('',(115.60512935745,105.939422,52.890888872522)
  );
#7046 = LINE('',#7047,#7048);
#7047 = CARTESIAN_POINT('',(115.60512935745,105.939422,52.890888872522)
  );
#7048 = VECTOR('',#7049,1.);
#7049 = DIRECTION('',(0.,1.,0.));
#7050 = ORIENTED_EDGE('',*,*,#7051,.F.);
#7051 = EDGE_CURVE('',#6979,#7044,#7052,.T.);
#7052 = B_SPLINE_CURVE_WITH_KNOTS('',1,(#7053,#7054),.UNSPECIFIED.,.F.,
  .F.,(2,2),(0.,15.2344),.PIECEWISE_BEZIER_KNOTS.);
#7053 = CARTESIAN_POINT('',(114.17918951745,105.939422,52.890888872522)
  );
#7054 = CARTESIAN_POINT('',(115.60512935745,105.939422,52.890888872522)
  );
#7055 = SURFACE_OF_LINEAR_EXTRUSION('',#7056,#7059);
#7056 = B_SPLINE_CURVE_WITH_KNOTS('',1,(#7057,#7058),.UNSPECIFIED.,.F.,
  .F.,(2,2),(0.,15.2344),.PIECEWISE_BEZIER_KNOTS.);
#7057 = CARTESIAN_POINT('',(114.17918951745,105.939422,52.890888872522)
  );
#7058 = CARTESIAN_POINT('',(115.60512935745,105.939422,52.890888872522)
  );
#7059 = VECTOR('',#7060,1.);
#7060 = DIRECTION('',(-0.,-1.,-0.));
#7061 = ADVANCED_FACE('',(#7062),#7087,.T.);
#7062 = FACE_BOUND('',#7063,.T.);
#7063 = EDGE_LOOP('',(#7064,#7074,#7080,#7081));
#7064 = ORIENTED_EDGE('',*,*,#7065,.T.);
#7065 = EDGE_CURVE('',#7066,#7068,#7070,.T.);
#7066 = VERTEX_POINT('',#7067);
#7067 = CARTESIAN_POINT('',(113.02746959745,105.939422,55.398344888522)
  );
#7068 = VERTEX_POINT('',#7069);
#7069 = CARTESIAN_POINT('',(113.02746959745,106.939422,55.398344888522)
  );
#7070 = LINE('',#7071,#7072);
#7071 = CARTESIAN_POINT('',(113.02746959745,105.939422,55.398344888522)
  );
#7072 = VECTOR('',#7073,1.);
#7073 = DIRECTION('',(0.,1.,0.));
#7074 = ORIENTED_EDGE('',*,*,#7075,.T.);
#7075 = EDGE_CURVE('',#7068,#7005,#7076,.T.);
#7076 = B_SPLINE_CURVE_WITH_KNOTS('',2,(#7077,#7078,#7079),
  .UNSPECIFIED.,.F.,.F.,(3,3),(0.,1.),.PIECEWISE_BEZIER_KNOTS.);
#7077 = CARTESIAN_POINT('',(113.02746959745,106.939422,55.398344888522)
  );
#7078 = CARTESIAN_POINT('',(113.02746959745,106.939422,55.161419888522)
  );
#7079 = CARTESIAN_POINT('',(113.15251919745,106.939422,54.979338872522)
  );
#7080 = ORIENTED_EDGE('',*,*,#7002,.F.);
#7081 = ORIENTED_EDGE('',*,*,#7082,.F.);
#7082 = EDGE_CURVE('',#7066,#7003,#7083,.T.);
#7083 = B_SPLINE_CURVE_WITH_KNOTS('',2,(#7084,#7085,#7086),
  .UNSPECIFIED.,.F.,.F.,(3,3),(0.,1.),.PIECEWISE_BEZIER_KNOTS.);
#7084 = CARTESIAN_POINT('',(113.02746959745,105.939422,55.398344888522)
  );
#7085 = CARTESIAN_POINT('',(113.02746959745,105.939422,55.161419888522)
  );
#7086 = CARTESIAN_POINT('',(113.15251919745,105.939422,54.979338872522)
  );
#7087 = SURFACE_OF_LINEAR_EXTRUSION('',#7088,#7092);
#7088 = B_SPLINE_CURVE_WITH_KNOTS('',2,(#7089,#7090,#7091),
  .UNSPECIFIED.,.F.,.F.,(3,3),(0.,1.),.PIECEWISE_BEZIER_KNOTS.);
#7089 = CARTESIAN_POINT('',(113.02746959745,105.939422,55.398344888522)
  );
#7090 = CARTESIAN_POINT('',(113.02746959745,105.939422,55.161419888522)
  );
#7091 = CARTESIAN_POINT('',(113.15251919745,105.939422,54.979338872522)
  );
#7092 = VECTOR('',#7093,1.);
#7093 = DIRECTION('',(-0.,-1.,-0.));
#7094 = ADVANCED_FACE('',(#7095),#7118,.T.);
#7095 = FACE_BOUND('',#7096,.T.);
#7096 = EDGE_LOOP('',(#7097,#7098,#7105,#7113));
#7097 = ORIENTED_EDGE('',*,*,#7043,.T.);
#7098 = ORIENTED_EDGE('',*,*,#7099,.T.);
#7099 = EDGE_CURVE('',#7037,#7100,#7102,.T.);
#7100 = VERTEX_POINT('',#7101);
#7101 = CARTESIAN_POINT('',(115.60512935745,106.939422,56.157382856522)
  );
#7102 = B_SPLINE_CURVE_WITH_KNOTS('',1,(#7103,#7104),.UNSPECIFIED.,.F.,
  .F.,(2,2),(0.,34.89844),.PIECEWISE_BEZIER_KNOTS.);
#7103 = CARTESIAN_POINT('',(115.60512935745,106.939422,52.890888872522)
  );
#7104 = CARTESIAN_POINT('',(115.60512935745,106.939422,56.157382856522)
  );
#7105 = ORIENTED_EDGE('',*,*,#7106,.F.);
#7106 = EDGE_CURVE('',#7107,#7100,#7109,.T.);
#7107 = VERTEX_POINT('',#7108);
#7108 = CARTESIAN_POINT('',(115.60512935745,105.939422,56.157382856522)
  );
#7109 = LINE('',#7110,#7111);
#7110 = CARTESIAN_POINT('',(115.60512935745,105.939422,56.157382856522)
  );
#7111 = VECTOR('',#7112,1.);
#7112 = DIRECTION('',(0.,1.,0.));
#7113 = ORIENTED_EDGE('',*,*,#7114,.F.);
#7114 = EDGE_CURVE('',#7044,#7107,#7115,.T.);
#7115 = B_SPLINE_CURVE_WITH_KNOTS('',1,(#7116,#7117),.UNSPECIFIED.,.F.,
  .F.,(2,2),(0.,34.89844),.PIECEWISE_BEZIER_KNOTS.);
#7116 = CARTESIAN_POINT('',(115.60512935745,105.939422,52.890888872522)
  );
#7117 = CARTESIAN_POINT('',(115.60512935745,105.939422,56.157382856522)
  );
#7118 = SURFACE_OF_LINEAR_EXTRUSION('',#7119,#7122);
#7119 = B_SPLINE_CURVE_WITH_KNOTS('',1,(#7120,#7121),.UNSPECIFIED.,.F.,
  .F.,(2,2),(0.,34.89844),.PIECEWISE_BEZIER_KNOTS.);
#7120 = CARTESIAN_POINT('',(115.60512935745,105.939422,52.890888872522)
  );
#7121 = CARTESIAN_POINT('',(115.60512935745,105.939422,56.157382856522)
  );
#7122 = VECTOR('',#7123,1.);
#7123 = DIRECTION('',(-0.,-1.,-0.));
#7124 = ADVANCED_FACE('',(#7125),#7150,.T.);
#7125 = FACE_BOUND('',#7126,.T.);
#7126 = EDGE_LOOP('',(#7127,#7137,#7143,#7144));
#7127 = ORIENTED_EDGE('',*,*,#7128,.T.);
#7128 = EDGE_CURVE('',#7129,#7131,#7133,.T.);
#7129 = VERTEX_POINT('',#7130);
#7130 = CARTESIAN_POINT('',(113.11960943745,105.939422,55.760313872522)
  );
#7131 = VERTEX_POINT('',#7132);
#7132 = CARTESIAN_POINT('',(113.11960943745,106.939422,55.760313872522)
  );
#7133 = LINE('',#7134,#7135);
#7134 = CARTESIAN_POINT('',(113.11960943745,105.939422,55.760313872522)
  );
#7135 = VECTOR('',#7136,1.);
#7136 = DIRECTION('',(0.,1.,0.));
#7137 = ORIENTED_EDGE('',*,*,#7138,.T.);
#7138 = EDGE_CURVE('',#7131,#7068,#7139,.T.);
#7139 = B_SPLINE_CURVE_WITH_KNOTS('',2,(#7140,#7141,#7142),
  .UNSPECIFIED.,.F.,.F.,(3,3),(0.,1.),.PIECEWISE_BEZIER_KNOTS.);
#7140 = CARTESIAN_POINT('',(113.11960943745,106.939422,55.760313872522)
  );
#7141 = CARTESIAN_POINT('',(113.02746959745,106.939422,55.602363872522)
  );
#7142 = CARTESIAN_POINT('',(113.02746959745,106.939422,55.398344888522)
  );
#7143 = ORIENTED_EDGE('',*,*,#7065,.F.);
#7144 = ORIENTED_EDGE('',*,*,#7145,.F.);
#7145 = EDGE_CURVE('',#7129,#7066,#7146,.T.);
#7146 = B_SPLINE_CURVE_WITH_KNOTS('',2,(#7147,#7148,#7149),
  .UNSPECIFIED.,.F.,.F.,(3,3),(0.,1.),.PIECEWISE_BEZIER_KNOTS.);
#7147 = CARTESIAN_POINT('',(113.11960943745,105.939422,55.760313872522)
  );
#7148 = CARTESIAN_POINT('',(113.02746959745,105.939422,55.602363872522)
  );
#7149 = CARTESIAN_POINT('',(113.02746959745,105.939422,55.398344888522)
  );
#7150 = SURFACE_OF_LINEAR_EXTRUSION('',#7151,#7155);
#7151 = B_SPLINE_CURVE_WITH_KNOTS('',2,(#7152,#7153,#7154),
  .UNSPECIFIED.,.F.,.F.,(3,3),(0.,1.),.PIECEWISE_BEZIER_KNOTS.);
#7152 = CARTESIAN_POINT('',(113.11960943745,105.939422,55.760313872522)
  );
#7153 = CARTESIAN_POINT('',(113.02746959745,105.939422,55.602363872522)
  );
#7154 = CARTESIAN_POINT('',(113.02746959745,105.939422,55.398344888522)
  );
#7155 = VECTOR('',#7156,1.);
#7156 = DIRECTION('',(-0.,-1.,-0.));
#7157 = ADVANCED_FACE('',(#7158),#7181,.T.);
#7158 = FACE_BOUND('',#7159,.T.);
#7159 = EDGE_LOOP('',(#7160,#7161,#7168,#7176));
#7160 = ORIENTED_EDGE('',*,*,#7106,.T.);
#7161 = ORIENTED_EDGE('',*,*,#7162,.T.);
#7162 = EDGE_CURVE('',#7100,#7163,#7165,.T.);
#7163 = VERTEX_POINT('',#7164);
#7164 = CARTESIAN_POINT('',(114.33713951745,106.939422,56.157382856522)
  );
#7165 = B_SPLINE_CURVE_WITH_KNOTS('',1,(#7166,#7167),.UNSPECIFIED.,.F.,
  .F.,(2,2),(0.,13.5469),.PIECEWISE_BEZIER_KNOTS.);
#7166 = CARTESIAN_POINT('',(115.60512935745,106.939422,56.157382856522)
  );
#7167 = CARTESIAN_POINT('',(114.33713951745,106.939422,56.157382856522)
  );
#7168 = ORIENTED_EDGE('',*,*,#7169,.F.);
#7169 = EDGE_CURVE('',#7170,#7163,#7172,.T.);
#7170 = VERTEX_POINT('',#7171);
#7171 = CARTESIAN_POINT('',(114.33713951745,105.939422,56.157382856522)
  );
#7172 = LINE('',#7173,#7174);
#7173 = CARTESIAN_POINT('',(114.33713951745,105.939422,56.157382856522)
  );
#7174 = VECTOR('',#7175,1.);
#7175 = DIRECTION('',(0.,1.,0.));
#7176 = ORIENTED_EDGE('',*,*,#7177,.F.);
#7177 = EDGE_CURVE('',#7107,#7170,#7178,.T.);
#7178 = B_SPLINE_CURVE_WITH_KNOTS('',1,(#7179,#7180),.UNSPECIFIED.,.F.,
  .F.,(2,2),(0.,13.5469),.PIECEWISE_BEZIER_KNOTS.);
#7179 = CARTESIAN_POINT('',(115.60512935745,105.939422,56.157382856522)
  );
#7180 = CARTESIAN_POINT('',(114.33713951745,105.939422,56.157382856522)
  );
#7181 = SURFACE_OF_LINEAR_EXTRUSION('',#7182,#7185);
#7182 = B_SPLINE_CURVE_WITH_KNOTS('',1,(#7183,#7184),.UNSPECIFIED.,.F.,
  .F.,(2,2),(0.,13.5469),.PIECEWISE_BEZIER_KNOTS.);
#7183 = CARTESIAN_POINT('',(115.60512935745,105.939422,56.157382856522)
  );
#7184 = CARTESIAN_POINT('',(114.33713951745,105.939422,56.157382856522)
  );
#7185 = VECTOR('',#7186,1.);
#7186 = DIRECTION('',(-0.,-1.,-0.));
#7187 = ADVANCED_FACE('',(#7188),#7213,.T.);
#7188 = FACE_BOUND('',#7189,.T.);
#7189 = EDGE_LOOP('',(#7190,#7200,#7206,#7207));
#7190 = ORIENTED_EDGE('',*,*,#7191,.T.);
#7191 = EDGE_CURVE('',#7192,#7194,#7196,.T.);
#7192 = VERTEX_POINT('',#7193);
#7193 = CARTESIAN_POINT('',(113.39601959745,105.939422,56.014788872522)
  );
#7194 = VERTEX_POINT('',#7195);
#7195 = CARTESIAN_POINT('',(113.39601959745,106.939422,56.014788872522)
  );
#7196 = LINE('',#7197,#7198);
#7197 = CARTESIAN_POINT('',(113.39601959745,105.939422,56.014788872522)
  );
#7198 = VECTOR('',#7199,1.);
#7199 = DIRECTION('',(0.,1.,0.));
#7200 = ORIENTED_EDGE('',*,*,#7201,.T.);
#7201 = EDGE_CURVE('',#7194,#7131,#7202,.T.);
#7202 = B_SPLINE_CURVE_WITH_KNOTS('',2,(#7203,#7204,#7205),
  .UNSPECIFIED.,.F.,.F.,(3,3),(0.,1.),.PIECEWISE_BEZIER_KNOTS.);
#7203 = CARTESIAN_POINT('',(113.39601959745,106.939422,56.014788872522)
  );
#7204 = CARTESIAN_POINT('',(113.20954967745,106.939422,55.920457856522)
  );
#7205 = CARTESIAN_POINT('',(113.11960943745,106.939422,55.760313872522)
  );
#7206 = ORIENTED_EDGE('',*,*,#7128,.F.);
#7207 = ORIENTED_EDGE('',*,*,#7208,.F.);
#7208 = EDGE_CURVE('',#7192,#7129,#7209,.T.);
#7209 = B_SPLINE_CURVE_WITH_KNOTS('',2,(#7210,#7211,#7212),
  .UNSPECIFIED.,.F.,.F.,(3,3),(0.,1.),.PIECEWISE_BEZIER_KNOTS.);
#7210 = CARTESIAN_POINT('',(113.39601959745,105.939422,56.014788872522)
  );
#7211 = CARTESIAN_POINT('',(113.20954967745,105.939422,55.920457856522)
  );
#7212 = CARTESIAN_POINT('',(113.11960943745,105.939422,55.760313872522)
  );
#7213 = SURFACE_OF_LINEAR_EXTRUSION('',#7214,#7218);
#7214 = B_SPLINE_CURVE_WITH_KNOTS('',2,(#7215,#7216,#7217),
  .UNSPECIFIED.,.F.,.F.,(3,3),(0.,1.),.PIECEWISE_BEZIER_KNOTS.);
#7215 = CARTESIAN_POINT('',(113.39601959745,105.939422,56.014788872522)
  );
#7216 = CARTESIAN_POINT('',(113.20954967745,105.939422,55.920457856522)
  );
#7217 = CARTESIAN_POINT('',(113.11960943745,105.939422,55.760313872522)
  );
#7218 = VECTOR('',#7219,1.);
#7219 = DIRECTION('',(-0.,-1.,-0.));
#7220 = ADVANCED_FACE('',(#7221),#7246,.T.);
#7221 = FACE_BOUND('',#7222,.T.);
#7222 = EDGE_LOOP('',(#7223,#7224,#7232,#7240));
#7223 = ORIENTED_EDGE('',*,*,#7169,.T.);
#7224 = ORIENTED_EDGE('',*,*,#7225,.T.);
#7225 = EDGE_CURVE('',#7163,#7226,#7228,.T.);
#7226 = VERTEX_POINT('',#7227);
#7227 = CARTESIAN_POINT('',(113.76018911745,106.939422,56.131057856522)
  );
#7228 = B_SPLINE_CURVE_WITH_KNOTS('',2,(#7229,#7230,#7231),
  .UNSPECIFIED.,.F.,.F.,(3,3),(0.,1.),.PIECEWISE_BEZIER_KNOTS.);
#7229 = CARTESIAN_POINT('',(114.33713951745,106.939422,56.157382856522)
  );
#7230 = CARTESIAN_POINT('',(113.94226919745,106.939422,56.157382856522)
  );
#7231 = CARTESIAN_POINT('',(113.76018911745,106.939422,56.131057856522)
  );
#7232 = ORIENTED_EDGE('',*,*,#7233,.F.);
#7233 = EDGE_CURVE('',#7234,#7226,#7236,.T.);
#7234 = VERTEX_POINT('',#7235);
#7235 = CARTESIAN_POINT('',(113.76018911745,105.939422,56.131057856522)
  );
#7236 = LINE('',#7237,#7238);
#7237 = CARTESIAN_POINT('',(113.76018911745,105.939422,56.131057856522)
  );
#7238 = VECTOR('',#7239,1.);
#7239 = DIRECTION('',(0.,1.,0.));
#7240 = ORIENTED_EDGE('',*,*,#7241,.F.);
#7241 = EDGE_CURVE('',#7170,#7234,#7242,.T.);
#7242 = B_SPLINE_CURVE_WITH_KNOTS('',2,(#7243,#7244,#7245),
  .UNSPECIFIED.,.F.,.F.,(3,3),(0.,1.),.PIECEWISE_BEZIER_KNOTS.);
#7243 = CARTESIAN_POINT('',(114.33713951745,105.939422,56.157382856522)
  );
#7244 = CARTESIAN_POINT('',(113.94226919745,105.939422,56.157382856522)
  );
#7245 = CARTESIAN_POINT('',(113.76018911745,105.939422,56.131057856522)
  );
#7246 = SURFACE_OF_LINEAR_EXTRUSION('',#7247,#7251);
#7247 = B_SPLINE_CURVE_WITH_KNOTS('',2,(#7248,#7249,#7250),
  .UNSPECIFIED.,.F.,.F.,(3,3),(0.,1.),.PIECEWISE_BEZIER_KNOTS.);
#7248 = CARTESIAN_POINT('',(114.33713951745,105.939422,56.157382856522)
  );
#7249 = CARTESIAN_POINT('',(113.94226919745,105.939422,56.157382856522)
  );
#7250 = CARTESIAN_POINT('',(113.76018911745,105.939422,56.131057856522)
  );
#7251 = VECTOR('',#7252,1.);
#7252 = DIRECTION('',(-0.,-1.,-0.));
#7253 = ADVANCED_FACE('',(#7254),#7270,.T.);
#7254 = FACE_BOUND('',#7255,.T.);
#7255 = EDGE_LOOP('',(#7256,#7257,#7263,#7264));
#7256 = ORIENTED_EDGE('',*,*,#7233,.T.);
#7257 = ORIENTED_EDGE('',*,*,#7258,.T.);
#7258 = EDGE_CURVE('',#7226,#7194,#7259,.T.);
#7259 = B_SPLINE_CURVE_WITH_KNOTS('',2,(#7260,#7261,#7262),
  .UNSPECIFIED.,.F.,.F.,(3,3),(0.,1.),.PIECEWISE_BEZIER_KNOTS.);
#7260 = CARTESIAN_POINT('',(113.76018911745,106.939422,56.131057856522)
  );
#7261 = CARTESIAN_POINT('',(113.57590943745,106.939422,56.104732856522)
  );
#7262 = CARTESIAN_POINT('',(113.39601959745,106.939422,56.014788872522)
  );
#7263 = ORIENTED_EDGE('',*,*,#7191,.F.);
#7264 = ORIENTED_EDGE('',*,*,#7265,.F.);
#7265 = EDGE_CURVE('',#7234,#7192,#7266,.T.);
#7266 = B_SPLINE_CURVE_WITH_KNOTS('',2,(#7267,#7268,#7269),
  .UNSPECIFIED.,.F.,.F.,(3,3),(0.,1.),.PIECEWISE_BEZIER_KNOTS.);
#7267 = CARTESIAN_POINT('',(113.76018911745,105.939422,56.131057856522)
  );
#7268 = CARTESIAN_POINT('',(113.57590943745,105.939422,56.104732856522)
  );
#7269 = CARTESIAN_POINT('',(113.39601959745,105.939422,56.014788872522)
  );
#7270 = SURFACE_OF_LINEAR_EXTRUSION('',#7271,#7275);
#7271 = B_SPLINE_CURVE_WITH_KNOTS('',2,(#7272,#7273,#7274),
  .UNSPECIFIED.,.F.,.F.,(3,3),(0.,1.),.PIECEWISE_BEZIER_KNOTS.);
#7272 = CARTESIAN_POINT('',(113.76018911745,105.939422,56.131057856522)
  );
#7273 = CARTESIAN_POINT('',(113.57590943745,105.939422,56.104732856522)
  );
#7274 = CARTESIAN_POINT('',(113.39601959745,105.939422,56.014788872522)
  );
#7275 = VECTOR('',#7276,1.);
#7276 = DIRECTION('',(-0.,-1.,-0.));
#7277 = ADVANCED_FACE('',(#7278),#7312,.T.);
#7278 = FACE_BOUND('',#7279,.T.);
#7279 = EDGE_LOOP('',(#7280,#7290,#7298,#7306));
#7280 = ORIENTED_EDGE('',*,*,#7281,.T.);
#7281 = EDGE_CURVE('',#7282,#7284,#7286,.T.);
#7282 = VERTEX_POINT('',#7283);
#7283 = CARTESIAN_POINT('',(113.73385943745,105.939422,53.693794352522)
  );
#7284 = VERTEX_POINT('',#7285);
#7285 = CARTESIAN_POINT('',(113.73385943745,106.939422,53.693794352522)
  );
#7286 = LINE('',#7287,#7288);
#7287 = CARTESIAN_POINT('',(113.73385943745,105.939422,53.693794352522)
  );
#7288 = VECTOR('',#7289,1.);
#7289 = DIRECTION('',(0.,1.,0.));
#7290 = ORIENTED_EDGE('',*,*,#7291,.T.);
#7291 = EDGE_CURVE('',#7284,#7292,#7294,.T.);
#7292 = VERTEX_POINT('',#7293);
#7293 = CARTESIAN_POINT('',(113.68339967745,106.939422,53.904401840522)
  );
#7294 = B_SPLINE_CURVE_WITH_KNOTS('',2,(#7295,#7296,#7297),
  .UNSPECIFIED.,.F.,.F.,(3,3),(0.,1.),.PIECEWISE_BEZIER_KNOTS.);
#7295 = CARTESIAN_POINT('',(113.73385943745,106.939422,53.693794352522)
  );
#7296 = CARTESIAN_POINT('',(113.68339967745,106.939422,53.785935128522)
  );
#7297 = CARTESIAN_POINT('',(113.68339967745,106.939422,53.904401840522)
  );
#7298 = ORIENTED_EDGE('',*,*,#7299,.F.);
#7299 = EDGE_CURVE('',#7300,#7292,#7302,.T.);
#7300 = VERTEX_POINT('',#7301);
#7301 = CARTESIAN_POINT('',(113.68339967745,105.939422,53.904401840522)
  );
#7302 = LINE('',#7303,#7304);
#7303 = CARTESIAN_POINT('',(113.68339967745,105.939422,53.904401840522)
  );
#7304 = VECTOR('',#7305,1.);
#7305 = DIRECTION('',(0.,1.,0.));
#7306 = ORIENTED_EDGE('',*,*,#7307,.F.);
#7307 = EDGE_CURVE('',#7282,#7300,#7308,.T.);
#7308 = B_SPLINE_CURVE_WITH_KNOTS('',2,(#7309,#7310,#7311),
  .UNSPECIFIED.,.F.,.F.,(3,3),(0.,1.),.PIECEWISE_BEZIER_KNOTS.);
#7309 = CARTESIAN_POINT('',(113.73385943745,105.939422,53.693794352522)
  );
#7310 = CARTESIAN_POINT('',(113.68339967745,105.939422,53.785935128522)
  );
#7311 = CARTESIAN_POINT('',(113.68339967745,105.939422,53.904401840522)
  );
#7312 = SURFACE_OF_LINEAR_EXTRUSION('',#7313,#7317);
#7313 = B_SPLINE_CURVE_WITH_KNOTS('',2,(#7314,#7315,#7316),
  .UNSPECIFIED.,.F.,.F.,(3,3),(0.,1.),.PIECEWISE_BEZIER_KNOTS.);
#7314 = CARTESIAN_POINT('',(113.73385943745,105.939422,53.693794352522)
  );
#7315 = CARTESIAN_POINT('',(113.68339967745,105.939422,53.785935128522)
  );
#7316 = CARTESIAN_POINT('',(113.68339967745,105.939422,53.904401840522)
  );
#7317 = VECTOR('',#7318,1.);
#7318 = DIRECTION('',(-0.,-1.,-0.));
#7319 = ADVANCED_FACE('',(#7320),#7345,.T.);
#7320 = FACE_BOUND('',#7321,.T.);
#7321 = EDGE_LOOP('',(#7322,#7332,#7338,#7339));
#7322 = ORIENTED_EDGE('',*,*,#7323,.T.);
#7323 = EDGE_CURVE('',#7324,#7326,#7328,.T.);
#7324 = VERTEX_POINT('',#7325);
#7325 = CARTESIAN_POINT('',(113.91374927745,105.939422,53.549006384522)
  );
#7326 = VERTEX_POINT('',#7327);
#7327 = CARTESIAN_POINT('',(113.91374927745,106.939422,53.549006384522)
  );
#7328 = LINE('',#7329,#7330);
#7329 = CARTESIAN_POINT('',(113.91374927745,105.939422,53.549006384522)
  );
#7330 = VECTOR('',#7331,1.);
#7331 = DIRECTION('',(0.,1.,0.));
#7332 = ORIENTED_EDGE('',*,*,#7333,.T.);
#7333 = EDGE_CURVE('',#7326,#7284,#7334,.T.);
#7334 = B_SPLINE_CURVE_WITH_KNOTS('',2,(#7335,#7336,#7337),
  .UNSPECIFIED.,.F.,.F.,(3,3),(0.,1.),.PIECEWISE_BEZIER_KNOTS.);
#7335 = CARTESIAN_POINT('',(113.91374927745,106.939422,53.549006384522)
  );
#7336 = CARTESIAN_POINT('',(113.78211959745,106.939422,53.603850368522)
  );
#7337 = CARTESIAN_POINT('',(113.73385943745,106.939422,53.693794352522)
  );
#7338 = ORIENTED_EDGE('',*,*,#7281,.F.);
#7339 = ORIENTED_EDGE('',*,*,#7340,.F.);
#7340 = EDGE_CURVE('',#7324,#7282,#7341,.T.);
#7341 = B_SPLINE_CURVE_WITH_KNOTS('',2,(#7342,#7343,#7344),
  .UNSPECIFIED.,.F.,.F.,(3,3),(0.,1.),.PIECEWISE_BEZIER_KNOTS.);
#7342 = CARTESIAN_POINT('',(113.91374927745,105.939422,53.549006384522)
  );
#7343 = CARTESIAN_POINT('',(113.78211959745,105.939422,53.603850368522)
  );
#7344 = CARTESIAN_POINT('',(113.73385943745,105.939422,53.693794352522)
  );
#7345 = SURFACE_OF_LINEAR_EXTRUSION('',#7346,#7350);
#7346 = B_SPLINE_CURVE_WITH_KNOTS('',2,(#7347,#7348,#7349),
  .UNSPECIFIED.,.F.,.F.,(3,3),(0.,1.),.PIECEWISE_BEZIER_KNOTS.);
#7347 = CARTESIAN_POINT('',(113.91374927745,105.939422,53.549006384522)
  );
#7348 = CARTESIAN_POINT('',(113.78211959745,105.939422,53.603850368522)
  );
#7349 = CARTESIAN_POINT('',(113.73385943745,105.939422,53.693794352522)
  );
#7350 = VECTOR('',#7351,1.);
#7351 = DIRECTION('',(-0.,-1.,-0.));
#7352 = ADVANCED_FACE('',(#7353),#7378,.T.);
#7353 = FACE_BOUND('',#7354,.T.);
#7354 = EDGE_LOOP('',(#7355,#7365,#7371,#7372));
#7355 = ORIENTED_EDGE('',*,*,#7356,.T.);
#7356 = EDGE_CURVE('',#7357,#7359,#7361,.T.);
#7357 = VERTEX_POINT('',#7358);
#7358 = CARTESIAN_POINT('',(114.19673951745,105.939422,53.491969352522)
  );
#7359 = VERTEX_POINT('',#7360);
#7360 = CARTESIAN_POINT('',(114.19673951745,106.939422,53.491969352522)
  );
#7361 = LINE('',#7362,#7363);
#7362 = CARTESIAN_POINT('',(114.19673951745,105.939422,53.491969352522)
  );
#7363 = VECTOR('',#7364,1.);
#7364 = DIRECTION('',(0.,1.,0.));
#7365 = ORIENTED_EDGE('',*,*,#7366,.T.);
#7366 = EDGE_CURVE('',#7359,#7326,#7367,.T.);
#7367 = B_SPLINE_CURVE_WITH_KNOTS('',2,(#7368,#7369,#7370),
  .UNSPECIFIED.,.F.,.F.,(3,3),(0.,1.),.PIECEWISE_BEZIER_KNOTS.);
#7368 = CARTESIAN_POINT('',(114.19673951745,106.939422,53.491969352522)
  );
#7369 = CARTESIAN_POINT('',(114.04317935745,106.939422,53.494159592522)
  );
#7370 = CARTESIAN_POINT('',(113.91374927745,106.939422,53.549006384522)
  );
#7371 = ORIENTED_EDGE('',*,*,#7323,.F.);
#7372 = ORIENTED_EDGE('',*,*,#7373,.F.);
#7373 = EDGE_CURVE('',#7357,#7324,#7374,.T.);
#7374 = B_SPLINE_CURVE_WITH_KNOTS('',2,(#7375,#7376,#7377),
  .UNSPECIFIED.,.F.,.F.,(3,3),(0.,1.),.PIECEWISE_BEZIER_KNOTS.);
#7375 = CARTESIAN_POINT('',(114.19673951745,105.939422,53.491969352522)
  );
#7376 = CARTESIAN_POINT('',(114.04317935745,105.939422,53.494159592522)
  );
#7377 = CARTESIAN_POINT('',(113.91374927745,105.939422,53.549006384522)
  );
#7378 = SURFACE_OF_LINEAR_EXTRUSION('',#7379,#7383);
#7379 = B_SPLINE_CURVE_WITH_KNOTS('',2,(#7380,#7381,#7382),
  .UNSPECIFIED.,.F.,.F.,(3,3),(0.,1.),.PIECEWISE_BEZIER_KNOTS.);
#7380 = CARTESIAN_POINT('',(114.19673951745,105.939422,53.491969352522)
  );
#7381 = CARTESIAN_POINT('',(114.04317935745,105.939422,53.494159592522)
  );
#7382 = CARTESIAN_POINT('',(113.91374927745,105.939422,53.549006384522)
  );
#7383 = VECTOR('',#7384,1.);
#7384 = DIRECTION('',(-0.,-1.,-0.));
#7385 = ADVANCED_FACE('',(#7386),#7411,.T.);
#7386 = FACE_BOUND('',#7387,.T.);
#7387 = EDGE_LOOP('',(#7388,#7398,#7404,#7405));
#7388 = ORIENTED_EDGE('',*,*,#7389,.T.);
#7389 = EDGE_CURVE('',#7390,#7392,#7394,.T.);
#7390 = VERTEX_POINT('',#7391);
#7391 = CARTESIAN_POINT('',(114.70568951745,105.939422,53.489779112522)
  );
#7392 = VERTEX_POINT('',#7393);
#7393 = CARTESIAN_POINT('',(114.70568951745,106.939422,53.489779112522)
  );
#7394 = LINE('',#7395,#7396);
#7395 = CARTESIAN_POINT('',(114.70568951745,105.939422,53.489779112522)
  );
#7396 = VECTOR('',#7397,1.);
#7397 = DIRECTION('',(0.,1.,0.));
#7398 = ORIENTED_EDGE('',*,*,#7399,.T.);
#7399 = EDGE_CURVE('',#7392,#7359,#7400,.T.);
#7400 = B_SPLINE_CURVE_WITH_KNOTS('',2,(#7401,#7402,#7403),
  .UNSPECIFIED.,.F.,.F.,(3,3),(0.,1.),.PIECEWISE_BEZIER_KNOTS.);
#7401 = CARTESIAN_POINT('',(114.70568951745,106.939422,53.489779112522)
  );
#7402 = CARTESIAN_POINT('',(114.35029967745,106.939422,53.489779112522)
  );
#7403 = CARTESIAN_POINT('',(114.19673951745,106.939422,53.491969352522)
  );
#7404 = ORIENTED_EDGE('',*,*,#7356,.F.);
#7405 = ORIENTED_EDGE('',*,*,#7406,.F.);
#7406 = EDGE_CURVE('',#7390,#7357,#7407,.T.);
#7407 = B_SPLINE_CURVE_WITH_KNOTS('',2,(#7408,#7409,#7410),
  .UNSPECIFIED.,.F.,.F.,(3,3),(0.,1.),.PIECEWISE_BEZIER_KNOTS.);
#7408 = CARTESIAN_POINT('',(114.70568951745,105.939422,53.489779112522)
  );
#7409 = CARTESIAN_POINT('',(114.35029967745,105.939422,53.489779112522)
  );
#7410 = CARTESIAN_POINT('',(114.19673951745,105.939422,53.491969352522)
  );
#7411 = SURFACE_OF_LINEAR_EXTRUSION('',#7412,#7416);
#7412 = B_SPLINE_CURVE_WITH_KNOTS('',2,(#7413,#7414,#7415),
  .UNSPECIFIED.,.F.,.F.,(3,3),(0.,1.),.PIECEWISE_BEZIER_KNOTS.);
#7413 = CARTESIAN_POINT('',(114.70568951745,105.939422,53.489779112522)
  );
#7414 = CARTESIAN_POINT('',(114.35029967745,105.939422,53.489779112522)
  );
#7415 = CARTESIAN_POINT('',(114.19673951745,105.939422,53.491969352522)
  );
#7416 = VECTOR('',#7417,1.);
#7417 = DIRECTION('',(-0.,-1.,-0.));
#7418 = ADVANCED_FACE('',(#7419),#7442,.T.);
#7419 = FACE_BOUND('',#7420,.T.);
#7420 = EDGE_LOOP('',(#7421,#7431,#7436,#7437));
#7421 = ORIENTED_EDGE('',*,*,#7422,.T.);
#7422 = EDGE_CURVE('',#7423,#7425,#7427,.T.);
#7423 = VERTEX_POINT('',#7424);
#7424 = CARTESIAN_POINT('',(114.76711919745,105.939422,53.489779112522)
  );
#7425 = VERTEX_POINT('',#7426);
#7426 = CARTESIAN_POINT('',(114.76711919745,106.939422,53.489779112522)
  );
#7427 = LINE('',#7428,#7429);
#7428 = CARTESIAN_POINT('',(114.76711919745,105.939422,53.489779112522)
  );
#7429 = VECTOR('',#7430,1.);
#7430 = DIRECTION('',(0.,1.,0.));
#7431 = ORIENTED_EDGE('',*,*,#7432,.T.);
#7432 = EDGE_CURVE('',#7425,#7392,#7433,.T.);
#7433 = B_SPLINE_CURVE_WITH_KNOTS('',1,(#7434,#7435),.UNSPECIFIED.,.F.,
  .F.,(2,2),(0.,0.6563),.PIECEWISE_BEZIER_KNOTS.);
#7434 = CARTESIAN_POINT('',(114.76711919745,106.939422,53.489779112522)
  );
#7435 = CARTESIAN_POINT('',(114.70568951745,106.939422,53.489779112522)
  );
#7436 = ORIENTED_EDGE('',*,*,#7389,.F.);
#7437 = ORIENTED_EDGE('',*,*,#7438,.F.);
#7438 = EDGE_CURVE('',#7423,#7390,#7439,.T.);
#7439 = B_SPLINE_CURVE_WITH_KNOTS('',1,(#7440,#7441),.UNSPECIFIED.,.F.,
  .F.,(2,2),(0.,0.6563),.PIECEWISE_BEZIER_KNOTS.);
#7440 = CARTESIAN_POINT('',(114.76711919745,105.939422,53.489779112522)
  );
#7441 = CARTESIAN_POINT('',(114.70568951745,105.939422,53.489779112522)
  );
#7442 = SURFACE_OF_LINEAR_EXTRUSION('',#7443,#7446);
#7443 = B_SPLINE_CURVE_WITH_KNOTS('',1,(#7444,#7445),.UNSPECIFIED.,.F.,
  .F.,(2,2),(0.,0.6563),.PIECEWISE_BEZIER_KNOTS.);
#7444 = CARTESIAN_POINT('',(114.76711919745,105.939422,53.489779112522)
  );
#7445 = CARTESIAN_POINT('',(114.70568951745,105.939422,53.489779112522)
  );
#7446 = VECTOR('',#7447,1.);
#7447 = DIRECTION('',(-0.,-1.,-0.));
#7448 = ADVANCED_FACE('',(#7449),#7472,.T.);
#7449 = FACE_BOUND('',#7450,.T.);
#7450 = EDGE_LOOP('',(#7451,#7461,#7466,#7467));
#7451 = ORIENTED_EDGE('',*,*,#7452,.T.);
#7452 = EDGE_CURVE('',#7453,#7455,#7457,.T.);
#7453 = VERTEX_POINT('',#7454);
#7454 = CARTESIAN_POINT('',(114.76711919745,105.939422,54.303660128522)
  );
#7455 = VERTEX_POINT('',#7456);
#7456 = CARTESIAN_POINT('',(114.76711919745,106.939422,54.303660128522)
  );
#7457 = LINE('',#7458,#7459);
#7458 = CARTESIAN_POINT('',(114.76711919745,105.939422,54.303660128522)
  );
#7459 = VECTOR('',#7460,1.);
#7460 = DIRECTION('',(0.,1.,0.));
#7461 = ORIENTED_EDGE('',*,*,#7462,.T.);
#7462 = EDGE_CURVE('',#7455,#7425,#7463,.T.);
#7463 = B_SPLINE_CURVE_WITH_KNOTS('',1,(#7464,#7465),.UNSPECIFIED.,.F.,
  .F.,(2,2),(0.,8.69531),.PIECEWISE_BEZIER_KNOTS.);
#7464 = CARTESIAN_POINT('',(114.76711919745,106.939422,54.303660128522)
  );
#7465 = CARTESIAN_POINT('',(114.76711919745,106.939422,53.489779112522)
  );
#7466 = ORIENTED_EDGE('',*,*,#7422,.F.);
#7467 = ORIENTED_EDGE('',*,*,#7468,.F.);
#7468 = EDGE_CURVE('',#7453,#7423,#7469,.T.);
#7469 = B_SPLINE_CURVE_WITH_KNOTS('',1,(#7470,#7471),.UNSPECIFIED.,.F.,
  .F.,(2,2),(0.,8.69531),.PIECEWISE_BEZIER_KNOTS.);
#7470 = CARTESIAN_POINT('',(114.76711919745,105.939422,54.303660128522)
  );
#7471 = CARTESIAN_POINT('',(114.76711919745,105.939422,53.489779112522)
  );
#7472 = SURFACE_OF_LINEAR_EXTRUSION('',#7473,#7476);
#7473 = B_SPLINE_CURVE_WITH_KNOTS('',1,(#7474,#7475),.UNSPECIFIED.,.F.,
  .F.,(2,2),(0.,8.69531),.PIECEWISE_BEZIER_KNOTS.);
#7474 = CARTESIAN_POINT('',(114.76711919745,105.939422,54.303660128522)
  );
#7475 = CARTESIAN_POINT('',(114.76711919745,105.939422,53.489779112522)
  );
#7476 = VECTOR('',#7477,1.);
#7477 = DIRECTION('',(-0.,-1.,-0.));
#7478 = ADVANCED_FACE('',(#7479),#7502,.T.);
#7479 = FACE_BOUND('',#7480,.T.);
#7480 = EDGE_LOOP('',(#7481,#7491,#7496,#7497));
#7481 = ORIENTED_EDGE('',*,*,#7482,.T.);
#7482 = EDGE_CURVE('',#7483,#7485,#7487,.T.);
#7483 = VERTEX_POINT('',#7484);
#7484 = CARTESIAN_POINT('',(114.58283951745,105.939422,54.303660128522)
  );
#7485 = VERTEX_POINT('',#7486);
#7486 = CARTESIAN_POINT('',(114.58283951745,106.939422,54.303660128522)
  );
#7487 = LINE('',#7488,#7489);
#7488 = CARTESIAN_POINT('',(114.58283951745,105.939422,54.303660128522)
  );
#7489 = VECTOR('',#7490,1.);
#7490 = DIRECTION('',(0.,1.,0.));
#7491 = ORIENTED_EDGE('',*,*,#7492,.T.);
#7492 = EDGE_CURVE('',#7485,#7455,#7493,.T.);
#7493 = B_SPLINE_CURVE_WITH_KNOTS('',1,(#7494,#7495),.UNSPECIFIED.,.F.,
  .F.,(2,2),(0.,1.9688),.PIECEWISE_BEZIER_KNOTS.);
#7494 = CARTESIAN_POINT('',(114.58283951745,106.939422,54.303660128522)
  );
#7495 = CARTESIAN_POINT('',(114.76711919745,106.939422,54.303660128522)
  );
#7496 = ORIENTED_EDGE('',*,*,#7452,.F.);
#7497 = ORIENTED_EDGE('',*,*,#7498,.F.);
#7498 = EDGE_CURVE('',#7483,#7453,#7499,.T.);
#7499 = B_SPLINE_CURVE_WITH_KNOTS('',1,(#7500,#7501),.UNSPECIFIED.,.F.,
  .F.,(2,2),(0.,1.9688),.PIECEWISE_BEZIER_KNOTS.);
#7500 = CARTESIAN_POINT('',(114.58283951745,105.939422,54.303660128522)
  );
#7501 = CARTESIAN_POINT('',(114.76711919745,105.939422,54.303660128522)
  );
#7502 = SURFACE_OF_LINEAR_EXTRUSION('',#7503,#7506);
#7503 = B_SPLINE_CURVE_WITH_KNOTS('',1,(#7504,#7505),.UNSPECIFIED.,.F.,
  .F.,(2,2),(0.,1.9688),.PIECEWISE_BEZIER_KNOTS.);
#7504 = CARTESIAN_POINT('',(114.58283951745,105.939422,54.303660128522)
  );
#7505 = CARTESIAN_POINT('',(114.76711919745,105.939422,54.303660128522)
  );
#7506 = VECTOR('',#7507,1.);
#7507 = DIRECTION('',(-0.,-1.,-0.));
#7508 = ADVANCED_FACE('',(#7509),#7534,.T.);
#7509 = FACE_BOUND('',#7510,.T.);
#7510 = EDGE_LOOP('',(#7511,#7521,#7527,#7528));
#7511 = ORIENTED_EDGE('',*,*,#7512,.T.);
#7512 = EDGE_CURVE('',#7513,#7515,#7517,.T.);
#7513 = VERTEX_POINT('',#7514);
#7514 = CARTESIAN_POINT('',(114.22086959745,105.939422,54.301469888522)
  );
#7515 = VERTEX_POINT('',#7516);
#7516 = CARTESIAN_POINT('',(114.22086959745,106.939422,54.301469888522)
  );
#7517 = LINE('',#7518,#7519);
#7518 = CARTESIAN_POINT('',(114.22086959745,105.939422,54.301469888522)
  );
#7519 = VECTOR('',#7520,1.);
#7520 = DIRECTION('',(0.,1.,0.));
#7521 = ORIENTED_EDGE('',*,*,#7522,.T.);
#7522 = EDGE_CURVE('',#7515,#7485,#7523,.T.);
#7523 = B_SPLINE_CURVE_WITH_KNOTS('',2,(#7524,#7525,#7526),
  .UNSPECIFIED.,.F.,.F.,(3,3),(0.,1.),.PIECEWISE_BEZIER_KNOTS.);
#7524 = CARTESIAN_POINT('',(114.22086959745,106.939422,54.301469888522)
  );
#7525 = CARTESIAN_POINT('',(114.39417935745,106.939422,54.303660128522)
  );
#7526 = CARTESIAN_POINT('',(114.58283951745,106.939422,54.303660128522)
  );
#7527 = ORIENTED_EDGE('',*,*,#7482,.F.);
#7528 = ORIENTED_EDGE('',*,*,#7529,.F.);
#7529 = EDGE_CURVE('',#7513,#7483,#7530,.T.);
#7530 = B_SPLINE_CURVE_WITH_KNOTS('',2,(#7531,#7532,#7533),
  .UNSPECIFIED.,.F.,.F.,(3,3),(0.,1.),.PIECEWISE_BEZIER_KNOTS.);
#7531 = CARTESIAN_POINT('',(114.22086959745,105.939422,54.301469888522)
  );
#7532 = CARTESIAN_POINT('',(114.39417935745,105.939422,54.303660128522)
  );
#7533 = CARTESIAN_POINT('',(114.58283951745,105.939422,54.303660128522)
  );
#7534 = SURFACE_OF_LINEAR_EXTRUSION('',#7535,#7539);
#7535 = B_SPLINE_CURVE_WITH_KNOTS('',2,(#7536,#7537,#7538),
  .UNSPECIFIED.,.F.,.F.,(3,3),(0.,1.),.PIECEWISE_BEZIER_KNOTS.);
#7536 = CARTESIAN_POINT('',(114.22086959745,105.939422,54.301469888522)
  );
#7537 = CARTESIAN_POINT('',(114.39417935745,105.939422,54.303660128522)
  );
#7538 = CARTESIAN_POINT('',(114.58283951745,105.939422,54.303660128522)
  );
#7539 = VECTOR('',#7540,1.);
#7540 = DIRECTION('',(-0.,-1.,-0.));
#7541 = ADVANCED_FACE('',(#7542),#7567,.T.);
#7542 = FACE_BOUND('',#7543,.T.);
#7543 = EDGE_LOOP('',(#7544,#7554,#7560,#7561));
#7544 = ORIENTED_EDGE('',*,*,#7545,.T.);
#7545 = EDGE_CURVE('',#7546,#7548,#7550,.T.);
#7546 = VERTEX_POINT('',#7547);
#7547 = CARTESIAN_POINT('',(113.94884927745,105.939422,54.270757856522)
  );
#7548 = VERTEX_POINT('',#7549);
#7549 = CARTESIAN_POINT('',(113.94884927745,106.939422,54.270757856522)
  );
#7550 = LINE('',#7551,#7552);
#7551 = CARTESIAN_POINT('',(113.94884927745,105.939422,54.270757856522)
  );
#7552 = VECTOR('',#7553,1.);
#7553 = DIRECTION('',(0.,1.,0.));
#7554 = ORIENTED_EDGE('',*,*,#7555,.T.);
#7555 = EDGE_CURVE('',#7548,#7515,#7556,.T.);
#7556 = B_SPLINE_CURVE_WITH_KNOTS('',2,(#7557,#7558,#7559),
  .UNSPECIFIED.,.F.,.F.,(3,3),(0.,1.),.PIECEWISE_BEZIER_KNOTS.);
#7557 = CARTESIAN_POINT('',(113.94884927745,106.939422,54.270757856522)
  );
#7558 = CARTESIAN_POINT('',(114.04756919745,106.939422,54.299276840522)
  );
#7559 = CARTESIAN_POINT('',(114.22086959745,106.939422,54.301469888522)
  );
#7560 = ORIENTED_EDGE('',*,*,#7512,.F.);
#7561 = ORIENTED_EDGE('',*,*,#7562,.F.);
#7562 = EDGE_CURVE('',#7546,#7513,#7563,.T.);
#7563 = B_SPLINE_CURVE_WITH_KNOTS('',2,(#7564,#7565,#7566),
  .UNSPECIFIED.,.F.,.F.,(3,3),(0.,1.),.PIECEWISE_BEZIER_KNOTS.);
#7564 = CARTESIAN_POINT('',(113.94884927745,105.939422,54.270757856522)
  );
#7565 = CARTESIAN_POINT('',(114.04756919745,105.939422,54.299276840522)
  );
#7566 = CARTESIAN_POINT('',(114.22086959745,105.939422,54.301469888522)
  );
#7567 = SURFACE_OF_LINEAR_EXTRUSION('',#7568,#7572);
#7568 = B_SPLINE_CURVE_WITH_KNOTS('',2,(#7569,#7570,#7571),
  .UNSPECIFIED.,.F.,.F.,(3,3),(0.,1.),.PIECEWISE_BEZIER_KNOTS.);
#7569 = CARTESIAN_POINT('',(113.94884927745,105.939422,54.270757856522)
  );
#7570 = CARTESIAN_POINT('',(114.04756919745,105.939422,54.299276840522)
  );
#7571 = CARTESIAN_POINT('',(114.22086959745,105.939422,54.301469888522)
  );
#7572 = VECTOR('',#7573,1.);
#7573 = DIRECTION('',(-0.,-1.,-0.));
#7574 = ADVANCED_FACE('',(#7575),#7600,.T.);
#7575 = FACE_BOUND('',#7576,.T.);
#7576 = EDGE_LOOP('',(#7577,#7587,#7593,#7594));
#7577 = ORIENTED_EDGE('',*,*,#7578,.T.);
#7578 = EDGE_CURVE('',#7579,#7581,#7583,.T.);
#7579 = VERTEX_POINT('',#7580);
#7580 = CARTESIAN_POINT('',(113.74482935745,105.939422,54.143519888522)
  );
#7581 = VERTEX_POINT('',#7582);
#7582 = CARTESIAN_POINT('',(113.74482935745,106.939422,54.143519888522)
  );
#7583 = LINE('',#7584,#7585);
#7584 = CARTESIAN_POINT('',(113.74482935745,105.939422,54.143519888522)
  );
#7585 = VECTOR('',#7586,1.);
#7586 = DIRECTION('',(0.,1.,0.));
#7587 = ORIENTED_EDGE('',*,*,#7588,.T.);
#7588 = EDGE_CURVE('',#7581,#7548,#7589,.T.);
#7589 = B_SPLINE_CURVE_WITH_KNOTS('',2,(#7590,#7591,#7592),
  .UNSPECIFIED.,.F.,.F.,(3,3),(0.,1.),.PIECEWISE_BEZIER_KNOTS.);
#7590 = CARTESIAN_POINT('',(113.74482935745,106.939422,54.143519888522)
  );
#7591 = CARTESIAN_POINT('',(113.80405943745,106.939422,54.229076840522)
  );
#7592 = CARTESIAN_POINT('',(113.94884927745,106.939422,54.270757856522)
  );
#7593 = ORIENTED_EDGE('',*,*,#7545,.F.);
#7594 = ORIENTED_EDGE('',*,*,#7595,.F.);
#7595 = EDGE_CURVE('',#7579,#7546,#7596,.T.);
#7596 = B_SPLINE_CURVE_WITH_KNOTS('',2,(#7597,#7598,#7599),
  .UNSPECIFIED.,.F.,.F.,(3,3),(0.,1.),.PIECEWISE_BEZIER_KNOTS.);
#7597 = CARTESIAN_POINT('',(113.74482935745,105.939422,54.143519888522)
  );
#7598 = CARTESIAN_POINT('',(113.80405943745,105.939422,54.229076840522)
  );
#7599 = CARTESIAN_POINT('',(113.94884927745,105.939422,54.270757856522)
  );
#7600 = SURFACE_OF_LINEAR_EXTRUSION('',#7601,#7605);
#7601 = B_SPLINE_CURVE_WITH_KNOTS('',2,(#7602,#7603,#7604),
  .UNSPECIFIED.,.F.,.F.,(3,3),(0.,1.),.PIECEWISE_BEZIER_KNOTS.);
#7602 = CARTESIAN_POINT('',(113.74482935745,105.939422,54.143519888522)
  );
#7603 = CARTESIAN_POINT('',(113.80405943745,105.939422,54.229076840522)
  );
#7604 = CARTESIAN_POINT('',(113.94884927745,105.939422,54.270757856522)
  );
#7605 = VECTOR('',#7606,1.);
#7606 = DIRECTION('',(-0.,-1.,-0.));
#7607 = ADVANCED_FACE('',(#7608),#7624,.T.);
#7608 = FACE_BOUND('',#7609,.T.);
#7609 = EDGE_LOOP('',(#7610,#7611,#7617,#7618));
#7610 = ORIENTED_EDGE('',*,*,#7299,.T.);
#7611 = ORIENTED_EDGE('',*,*,#7612,.T.);
#7612 = EDGE_CURVE('',#7292,#7581,#7613,.T.);
#7613 = B_SPLINE_CURVE_WITH_KNOTS('',2,(#7614,#7615,#7616),
  .UNSPECIFIED.,.F.,.F.,(3,3),(0.,1.),.PIECEWISE_BEZIER_KNOTS.);
#7614 = CARTESIAN_POINT('',(113.68339967745,106.939422,53.904401840522)
  );
#7615 = CARTESIAN_POINT('',(113.68339967745,106.939422,54.060157856522)
  );
#7616 = CARTESIAN_POINT('',(113.74482935745,106.939422,54.143519888522)
  );
#7617 = ORIENTED_EDGE('',*,*,#7578,.F.);
#7618 = ORIENTED_EDGE('',*,*,#7619,.F.);
#7619 = EDGE_CURVE('',#7300,#7579,#7620,.T.);
#7620 = B_SPLINE_CURVE_WITH_KNOTS('',2,(#7621,#7622,#7623),
  .UNSPECIFIED.,.F.,.F.,(3,3),(0.,1.),.PIECEWISE_BEZIER_KNOTS.);
#7621 = CARTESIAN_POINT('',(113.68339967745,105.939422,53.904401840522)
  );
#7622 = CARTESIAN_POINT('',(113.68339967745,105.939422,54.060157856522)
  );
#7623 = CARTESIAN_POINT('',(113.74482935745,105.939422,54.143519888522)
  );
#7624 = SURFACE_OF_LINEAR_EXTRUSION('',#7625,#7629);
#7625 = B_SPLINE_CURVE_WITH_KNOTS('',2,(#7626,#7627,#7628),
  .UNSPECIFIED.,.F.,.F.,(3,3),(0.,1.),.PIECEWISE_BEZIER_KNOTS.);
#7626 = CARTESIAN_POINT('',(113.68339967745,105.939422,53.904401840522)
  );
#7627 = CARTESIAN_POINT('',(113.68339967745,105.939422,54.060157856522)
  );
#7628 = CARTESIAN_POINT('',(113.74482935745,105.939422,54.143519888522)
  );
#7629 = VECTOR('',#7630,1.);
#7630 = DIRECTION('',(-0.,-1.,-0.));
#7631 = ADVANCED_FACE('',(#7632),#7666,.T.);
#7632 = FACE_BOUND('',#7633,.T.);
#7633 = EDGE_LOOP('',(#7634,#7644,#7652,#7660));
#7634 = ORIENTED_EDGE('',*,*,#7635,.T.);
#7635 = EDGE_CURVE('',#7636,#7638,#7640,.T.);
#7636 = VERTEX_POINT('',#7637);
#7637 = CARTESIAN_POINT('',(113.92471919745,105.939422,55.047346760522)
  );
#7638 = VERTEX_POINT('',#7639);
#7639 = CARTESIAN_POINT('',(113.92471919745,106.939422,55.047346760522)
  );
#7640 = LINE('',#7641,#7642);
#7641 = CARTESIAN_POINT('',(113.92471919745,105.939422,55.047346760522)
  );
#7642 = VECTOR('',#7643,1.);
#7643 = DIRECTION('',(0.,1.,0.));
#7644 = ORIENTED_EDGE('',*,*,#7645,.T.);
#7645 = EDGE_CURVE('',#7638,#7646,#7648,.T.);
#7646 = VERTEX_POINT('',#7647);
#7647 = CARTESIAN_POINT('',(113.88961919745,106.939422,55.233813872522)
  );
#7648 = B_SPLINE_CURVE_WITH_KNOTS('',2,(#7649,#7650,#7651),
  .UNSPECIFIED.,.F.,.F.,(3,3),(0.,1.),.PIECEWISE_BEZIER_KNOTS.);
#7649 = CARTESIAN_POINT('',(113.92471919745,106.939422,55.047346760522)
  );
#7650 = CARTESIAN_POINT('',(113.88961919745,106.939422,55.128514808522)
  );
#7651 = CARTESIAN_POINT('',(113.88961919745,106.939422,55.233813872522)
  );
#7652 = ORIENTED_EDGE('',*,*,#7653,.F.);
#7653 = EDGE_CURVE('',#7654,#7646,#7656,.T.);
#7654 = VERTEX_POINT('',#7655);
#7655 = CARTESIAN_POINT('',(113.88961919745,105.939422,55.233813872522)
  );
#7656 = LINE('',#7657,#7658);
#7657 = CARTESIAN_POINT('',(113.88961919745,105.939422,55.233813872522)
  );
#7658 = VECTOR('',#7659,1.);
#7659 = DIRECTION('',(0.,1.,0.));
#7660 = ORIENTED_EDGE('',*,*,#7661,.F.);
#7661 = EDGE_CURVE('',#7636,#7654,#7662,.T.);
#7662 = B_SPLINE_CURVE_WITH_KNOTS('',2,(#7663,#7664,#7665),
  .UNSPECIFIED.,.F.,.F.,(3,3),(0.,1.),.PIECEWISE_BEZIER_KNOTS.);
#7663 = CARTESIAN_POINT('',(113.92471919745,105.939422,55.047346760522)
  );
#7664 = CARTESIAN_POINT('',(113.88961919745,105.939422,55.128514808522)
  );
#7665 = CARTESIAN_POINT('',(113.88961919745,105.939422,55.233813872522)
  );
#7666 = SURFACE_OF_LINEAR_EXTRUSION('',#7667,#7671);
#7667 = B_SPLINE_CURVE_WITH_KNOTS('',2,(#7668,#7669,#7670),
  .UNSPECIFIED.,.F.,.F.,(3,3),(0.,1.),.PIECEWISE_BEZIER_KNOTS.);
#7668 = CARTESIAN_POINT('',(113.92471919745,105.939422,55.047346760522)
  );
#7669 = CARTESIAN_POINT('',(113.88961919745,105.939422,55.128514808522)
  );
#7670 = CARTESIAN_POINT('',(113.88961919745,105.939422,55.233813872522)
  );
#7671 = VECTOR('',#7672,1.);
#7672 = DIRECTION('',(-0.,-1.,-0.));
#7673 = ADVANCED_FACE('',(#7674),#7699,.T.);
#7674 = FACE_BOUND('',#7675,.T.);
#7675 = EDGE_LOOP('',(#7676,#7686,#7692,#7693));
#7676 = ORIENTED_EDGE('',*,*,#7677,.T.);
#7677 = EDGE_CURVE('',#7678,#7680,#7682,.T.);
#7678 = VERTEX_POINT('',#7679);
#7679 = CARTESIAN_POINT('',(114.07388951745,105.939422,54.917915744522)
  );
#7680 = VERTEX_POINT('',#7681);
#7681 = CARTESIAN_POINT('',(114.07388951745,106.939422,54.917915744522)
  );
#7682 = LINE('',#7683,#7684);
#7683 = CARTESIAN_POINT('',(114.07388951745,105.939422,54.917915744522)
  );
#7684 = VECTOR('',#7685,1.);
#7685 = DIRECTION('',(0.,1.,0.));
#7686 = ORIENTED_EDGE('',*,*,#7687,.T.);
#7687 = EDGE_CURVE('',#7680,#7638,#7688,.T.);
#7688 = B_SPLINE_CURVE_WITH_KNOTS('',2,(#7689,#7690,#7691),
  .UNSPECIFIED.,.F.,.F.,(3,3),(0.,1.),.PIECEWISE_BEZIER_KNOTS.);
#7689 = CARTESIAN_POINT('',(114.07388951745,106.939422,54.917915744522)
  );
#7690 = CARTESIAN_POINT('',(113.95981919745,106.939422,54.968371760522)
  );
#7691 = CARTESIAN_POINT('',(113.92471919745,106.939422,55.047346760522)
  );
#7692 = ORIENTED_EDGE('',*,*,#7635,.F.);
#7693 = ORIENTED_EDGE('',*,*,#7694,.F.);
#7694 = EDGE_CURVE('',#7678,#7636,#7695,.T.);
#7695 = B_SPLINE_CURVE_WITH_KNOTS('',2,(#7696,#7697,#7698),
  .UNSPECIFIED.,.F.,.F.,(3,3),(0.,1.),.PIECEWISE_BEZIER_KNOTS.);
#7696 = CARTESIAN_POINT('',(114.07388951745,105.939422,54.917915744522)
  );
#7697 = CARTESIAN_POINT('',(113.95981919745,105.939422,54.968371760522)
  );
#7698 = CARTESIAN_POINT('',(113.92471919745,105.939422,55.047346760522)
  );
#7699 = SURFACE_OF_LINEAR_EXTRUSION('',#7700,#7704);
#7700 = B_SPLINE_CURVE_WITH_KNOTS('',2,(#7701,#7702,#7703),
  .UNSPECIFIED.,.F.,.F.,(3,3),(0.,1.),.PIECEWISE_BEZIER_KNOTS.);
#7701 = CARTESIAN_POINT('',(114.07388951745,105.939422,54.917915744522)
  );
#7702 = CARTESIAN_POINT('',(113.95981919745,105.939422,54.968371760522)
  );
#7703 = CARTESIAN_POINT('',(113.92471919745,105.939422,55.047346760522)
  );
#7704 = VECTOR('',#7705,1.);
#7705 = DIRECTION('',(-0.,-1.,-0.));
#7706 = ADVANCED_FACE('',(#7707),#7732,.T.);
#7707 = FACE_BOUND('',#7708,.T.);
#7708 = EDGE_LOOP('',(#7709,#7710,#7718,#7726));
#7709 = ORIENTED_EDGE('',*,*,#7653,.T.);
#7710 = ORIENTED_EDGE('',*,*,#7711,.T.);
#7711 = EDGE_CURVE('',#7646,#7712,#7714,.T.);
#7712 = VERTEX_POINT('',#7713);
#7713 = CARTESIAN_POINT('',(113.93129927745,106.939422,55.396151840522)
  );
#7714 = B_SPLINE_CURVE_WITH_KNOTS('',2,(#7715,#7716,#7717),
  .UNSPECIFIED.,.F.,.F.,(3,3),(0.,1.),.PIECEWISE_BEZIER_KNOTS.);
#7715 = CARTESIAN_POINT('',(113.88961919745,106.939422,55.233813872522)
  );
#7716 = CARTESIAN_POINT('',(113.88961919745,106.939422,55.314982856522)
  );
#7717 = CARTESIAN_POINT('',(113.93129927745,106.939422,55.396151840522)
  );
#7718 = ORIENTED_EDGE('',*,*,#7719,.F.);
#7719 = EDGE_CURVE('',#7720,#7712,#7722,.T.);
#7720 = VERTEX_POINT('',#7721);
#7721 = CARTESIAN_POINT('',(113.93129927745,105.939422,55.396151840522)
  );
#7722 = LINE('',#7723,#7724);
#7723 = CARTESIAN_POINT('',(113.93129927745,105.939422,55.396151840522)
  );
#7724 = VECTOR('',#7725,1.);
#7725 = DIRECTION('',(0.,1.,0.));
#7726 = ORIENTED_EDGE('',*,*,#7727,.F.);
#7727 = EDGE_CURVE('',#7654,#7720,#7728,.T.);
#7728 = B_SPLINE_CURVE_WITH_KNOTS('',2,(#7729,#7730,#7731),
  .UNSPECIFIED.,.F.,.F.,(3,3),(0.,1.),.PIECEWISE_BEZIER_KNOTS.);
#7729 = CARTESIAN_POINT('',(113.88961919745,105.939422,55.233813872522)
  );
#7730 = CARTESIAN_POINT('',(113.88961919745,105.939422,55.314982856522)
  );
#7731 = CARTESIAN_POINT('',(113.93129927745,105.939422,55.396151840522)
  );
#7732 = SURFACE_OF_LINEAR_EXTRUSION('',#7733,#7737);
#7733 = B_SPLINE_CURVE_WITH_KNOTS('',2,(#7734,#7735,#7736),
  .UNSPECIFIED.,.F.,.F.,(3,3),(0.,1.),.PIECEWISE_BEZIER_KNOTS.);
#7734 = CARTESIAN_POINT('',(113.88961919745,105.939422,55.233813872522)
  );
#7735 = CARTESIAN_POINT('',(113.88961919745,105.939422,55.314982856522)
  );
#7736 = CARTESIAN_POINT('',(113.93129927745,105.939422,55.396151840522)
  );
#7737 = VECTOR('',#7738,1.);
#7738 = DIRECTION('',(-0.,-1.,-0.));
#7739 = ADVANCED_FACE('',(#7740),#7765,.T.);
#7740 = FACE_BOUND('',#7741,.T.);
#7741 = EDGE_LOOP('',(#7742,#7752,#7758,#7759));
#7742 = ORIENTED_EDGE('',*,*,#7743,.T.);
#7743 = EDGE_CURVE('',#7744,#7746,#7748,.T.);
#7744 = VERTEX_POINT('',#7745);
#7745 = CARTESIAN_POINT('',(114.29545943745,105.939422,54.874040744522)
  );
#7746 = VERTEX_POINT('',#7747);
#7747 = CARTESIAN_POINT('',(114.29545943745,106.939422,54.874040744522)
  );
#7748 = LINE('',#7749,#7750);
#7749 = CARTESIAN_POINT('',(114.29545943745,105.939422,54.874040744522)
  );
#7750 = VECTOR('',#7751,1.);
#7751 = DIRECTION('',(0.,1.,0.));
#7752 = ORIENTED_EDGE('',*,*,#7753,.T.);
#7753 = EDGE_CURVE('',#7746,#7680,#7754,.T.);
#7754 = B_SPLINE_CURVE_WITH_KNOTS('',2,(#7755,#7756,#7757),
  .UNSPECIFIED.,.F.,.F.,(3,3),(0.,1.),.PIECEWISE_BEZIER_KNOTS.);
#7755 = CARTESIAN_POINT('',(114.29545943745,106.939422,54.874040744522)
  );
#7756 = CARTESIAN_POINT('',(114.15505943745,106.939422,54.880620824522)
  );
#7757 = CARTESIAN_POINT('',(114.07388951745,106.939422,54.917915744522)
  );
#7758 = ORIENTED_EDGE('',*,*,#7677,.F.);
#7759 = ORIENTED_EDGE('',*,*,#7760,.F.);
#7760 = EDGE_CURVE('',#7744,#7678,#7761,.T.);
#7761 = B_SPLINE_CURVE_WITH_KNOTS('',2,(#7762,#7763,#7764),
  .UNSPECIFIED.,.F.,.F.,(3,3),(0.,1.),.PIECEWISE_BEZIER_KNOTS.);
#7762 = CARTESIAN_POINT('',(114.29545943745,105.939422,54.874040744522)
  );
#7763 = CARTESIAN_POINT('',(114.15505943745,105.939422,54.880620824522)
  );
#7764 = CARTESIAN_POINT('',(114.07388951745,105.939422,54.917915744522)
  );
#7765 = SURFACE_OF_LINEAR_EXTRUSION('',#7766,#7770);
#7766 = B_SPLINE_CURVE_WITH_KNOTS('',2,(#7767,#7768,#7769),
  .UNSPECIFIED.,.F.,.F.,(3,3),(0.,1.),.PIECEWISE_BEZIER_KNOTS.);
#7767 = CARTESIAN_POINT('',(114.29545943745,105.939422,54.874040744522)
  );
#7768 = CARTESIAN_POINT('',(114.15505943745,105.939422,54.880620824522)
  );
#7769 = CARTESIAN_POINT('',(114.07388951745,105.939422,54.917915744522)
  );
#7770 = VECTOR('',#7771,1.);
#7771 = DIRECTION('',(-0.,-1.,-0.));
#7772 = ADVANCED_FACE('',(#7773),#7798,.T.);
#7773 = FACE_BOUND('',#7774,.T.);
#7774 = EDGE_LOOP('',(#7775,#7776,#7784,#7792));
#7775 = ORIENTED_EDGE('',*,*,#7719,.T.);
#7776 = ORIENTED_EDGE('',*,*,#7777,.T.);
#7777 = EDGE_CURVE('',#7712,#7778,#7780,.T.);
#7778 = VERTEX_POINT('',#7779);
#7779 = CARTESIAN_POINT('',(114.07388951745,106.939422,55.516807856522)
  );
#7780 = B_SPLINE_CURVE_WITH_KNOTS('',2,(#7781,#7782,#7783),
  .UNSPECIFIED.,.F.,.F.,(3,3),(0.,1.),.PIECEWISE_BEZIER_KNOTS.);
#7781 = CARTESIAN_POINT('',(113.93129927745,106.939422,55.396151840522)
  );
#7782 = CARTESIAN_POINT('',(113.97078911745,106.939422,55.477319888522)
  );
#7783 = CARTESIAN_POINT('',(114.07388951745,106.939422,55.516807856522)
  );
#7784 = ORIENTED_EDGE('',*,*,#7785,.F.);
#7785 = EDGE_CURVE('',#7786,#7778,#7788,.T.);
#7786 = VERTEX_POINT('',#7787);
#7787 = CARTESIAN_POINT('',(114.07388951745,105.939422,55.516807856522)
  );
#7788 = LINE('',#7789,#7790);
#7789 = CARTESIAN_POINT('',(114.07388951745,105.939422,55.516807856522)
  );
#7790 = VECTOR('',#7791,1.);
#7791 = DIRECTION('',(0.,1.,0.));
#7792 = ORIENTED_EDGE('',*,*,#7793,.F.);
#7793 = EDGE_CURVE('',#7720,#7786,#7794,.T.);
#7794 = B_SPLINE_CURVE_WITH_KNOTS('',2,(#7795,#7796,#7797),
  .UNSPECIFIED.,.F.,.F.,(3,3),(0.,1.),.PIECEWISE_BEZIER_KNOTS.);
#7795 = CARTESIAN_POINT('',(113.93129927745,105.939422,55.396151840522)
  );
#7796 = CARTESIAN_POINT('',(113.97078911745,105.939422,55.477319888522)
  );
#7797 = CARTESIAN_POINT('',(114.07388951745,105.939422,55.516807856522)
  );
#7798 = SURFACE_OF_LINEAR_EXTRUSION('',#7799,#7803);
#7799 = B_SPLINE_CURVE_WITH_KNOTS('',2,(#7800,#7801,#7802),
  .UNSPECIFIED.,.F.,.F.,(3,3),(0.,1.),.PIECEWISE_BEZIER_KNOTS.);
#7800 = CARTESIAN_POINT('',(113.93129927745,105.939422,55.396151840522)
  );
#7801 = CARTESIAN_POINT('',(113.97078911745,105.939422,55.477319888522)
  );
#7802 = CARTESIAN_POINT('',(114.07388951745,105.939422,55.516807856522)
  );
#7803 = VECTOR('',#7804,1.);
#7804 = DIRECTION('',(-0.,-1.,-0.));
#7805 = ADVANCED_FACE('',(#7806),#7831,.T.);
#7806 = FACE_BOUND('',#7807,.T.);
#7807 = EDGE_LOOP('',(#7808,#7818,#7824,#7825));
#7808 = ORIENTED_EDGE('',*,*,#7809,.T.);
#7809 = EDGE_CURVE('',#7810,#7812,#7814,.T.);
#7810 = VERTEX_POINT('',#7811);
#7811 = CARTESIAN_POINT('',(114.63548951745,105.939422,54.867460664522)
  );
#7812 = VERTEX_POINT('',#7813);
#7813 = CARTESIAN_POINT('',(114.63548951745,106.939422,54.867460664522)
  );
#7814 = LINE('',#7815,#7816);
#7815 = CARTESIAN_POINT('',(114.63548951745,105.939422,54.867460664522)
  );
#7816 = VECTOR('',#7817,1.);
#7817 = DIRECTION('',(0.,1.,0.));
#7818 = ORIENTED_EDGE('',*,*,#7819,.T.);
#7819 = EDGE_CURVE('',#7812,#7746,#7820,.T.);
#7820 = B_SPLINE_CURVE_WITH_KNOTS('',2,(#7821,#7822,#7823),
  .UNSPECIFIED.,.F.,.F.,(3,3),(0.,1.),.PIECEWISE_BEZIER_KNOTS.);
#7821 = CARTESIAN_POINT('',(114.63548951745,106.939422,54.867460664522)
  );
#7822 = CARTESIAN_POINT('',(114.43585943745,106.939422,54.867460664522)
  );
#7823 = CARTESIAN_POINT('',(114.29545943745,106.939422,54.874040744522)
  );
#7824 = ORIENTED_EDGE('',*,*,#7743,.F.);
#7825 = ORIENTED_EDGE('',*,*,#7826,.F.);
#7826 = EDGE_CURVE('',#7810,#7744,#7827,.T.);
#7827 = B_SPLINE_CURVE_WITH_KNOTS('',2,(#7828,#7829,#7830),
  .UNSPECIFIED.,.F.,.F.,(3,3),(0.,1.),.PIECEWISE_BEZIER_KNOTS.);
#7828 = CARTESIAN_POINT('',(114.63548951745,105.939422,54.867460664522)
  );
#7829 = CARTESIAN_POINT('',(114.43585943745,105.939422,54.867460664522)
  );
#7830 = CARTESIAN_POINT('',(114.29545943745,105.939422,54.874040744522)
  );
#7831 = SURFACE_OF_LINEAR_EXTRUSION('',#7832,#7836);
#7832 = B_SPLINE_CURVE_WITH_KNOTS('',2,(#7833,#7834,#7835),
  .UNSPECIFIED.,.F.,.F.,(3,3),(0.,1.),.PIECEWISE_BEZIER_KNOTS.);
#7833 = CARTESIAN_POINT('',(114.63548951745,105.939422,54.867460664522)
  );
#7834 = CARTESIAN_POINT('',(114.43585943745,105.939422,54.867460664522)
  );
#7835 = CARTESIAN_POINT('',(114.29545943745,105.939422,54.874040744522)
  );
#7836 = VECTOR('',#7837,1.);
#7837 = DIRECTION('',(-0.,-1.,-0.));
#7838 = ADVANCED_FACE('',(#7839),#7864,.T.);
#7839 = FACE_BOUND('',#7840,.T.);
#7840 = EDGE_LOOP('',(#7841,#7842,#7850,#7858));
#7841 = ORIENTED_EDGE('',*,*,#7785,.T.);
#7842 = ORIENTED_EDGE('',*,*,#7843,.T.);
#7843 = EDGE_CURVE('',#7778,#7844,#7846,.T.);
#7844 = VERTEX_POINT('',#7845);
#7845 = CARTESIAN_POINT('',(114.30423911745,106.939422,55.554101840522)
  );
#7846 = B_SPLINE_CURVE_WITH_KNOTS('',2,(#7847,#7848,#7849),
  .UNSPECIFIED.,.F.,.F.,(3,3),(0.,1.),.PIECEWISE_BEZIER_KNOTS.);
#7847 = CARTESIAN_POINT('',(114.07388951745,106.939422,55.516807856522)
  );
#7848 = CARTESIAN_POINT('',(114.16602935745,106.939422,55.551907856522)
  );
#7849 = CARTESIAN_POINT('',(114.30423911745,106.939422,55.554101840522)
  );
#7850 = ORIENTED_EDGE('',*,*,#7851,.F.);
#7851 = EDGE_CURVE('',#7852,#7844,#7854,.T.);
#7852 = VERTEX_POINT('',#7853);
#7853 = CARTESIAN_POINT('',(114.30423911745,105.939422,55.554101840522)
  );
#7854 = LINE('',#7855,#7856);
#7855 = CARTESIAN_POINT('',(114.30423911745,105.939422,55.554101840522)
  );
#7856 = VECTOR('',#7857,1.);
#7857 = DIRECTION('',(0.,1.,0.));
#7858 = ORIENTED_EDGE('',*,*,#7859,.F.);
#7859 = EDGE_CURVE('',#7786,#7852,#7860,.T.);
#7860 = B_SPLINE_CURVE_WITH_KNOTS('',2,(#7861,#7862,#7863),
  .UNSPECIFIED.,.F.,.F.,(3,3),(0.,1.),.PIECEWISE_BEZIER_KNOTS.);
#7861 = CARTESIAN_POINT('',(114.07388951745,105.939422,55.516807856522)
  );
#7862 = CARTESIAN_POINT('',(114.16602935745,105.939422,55.551907856522)
  );
#7863 = CARTESIAN_POINT('',(114.30423911745,105.939422,55.554101840522)
  );
#7864 = SURFACE_OF_LINEAR_EXTRUSION('',#7865,#7869);
#7865 = B_SPLINE_CURVE_WITH_KNOTS('',2,(#7866,#7867,#7868),
  .UNSPECIFIED.,.F.,.F.,(3,3),(0.,1.),.PIECEWISE_BEZIER_KNOTS.);
#7866 = CARTESIAN_POINT('',(114.07388951745,105.939422,55.516807856522)
  );
#7867 = CARTESIAN_POINT('',(114.16602935745,105.939422,55.551907856522)
  );
#7868 = CARTESIAN_POINT('',(114.30423911745,105.939422,55.554101840522)
  );
#7869 = VECTOR('',#7870,1.);
#7870 = DIRECTION('',(-0.,-1.,-0.));
#7871 = ADVANCED_FACE('',(#7872),#7895,.T.);
#7872 = FACE_BOUND('',#7873,.T.);
#7873 = EDGE_LOOP('',(#7874,#7884,#7889,#7890));
#7874 = ORIENTED_EDGE('',*,*,#7875,.T.);
#7875 = EDGE_CURVE('',#7876,#7878,#7880,.T.);
#7876 = VERTEX_POINT('',#7877);
#7877 = CARTESIAN_POINT('',(114.76711919745,105.939422,54.867460664522)
  );
#7878 = VERTEX_POINT('',#7879);
#7879 = CARTESIAN_POINT('',(114.76711919745,106.939422,54.867460664522)
  );
#7880 = LINE('',#7881,#7882);
#7881 = CARTESIAN_POINT('',(114.76711919745,105.939422,54.867460664522)
  );
#7882 = VECTOR('',#7883,1.);
#7883 = DIRECTION('',(0.,1.,0.));
#7884 = ORIENTED_EDGE('',*,*,#7885,.T.);
#7885 = EDGE_CURVE('',#7878,#7812,#7886,.T.);
#7886 = B_SPLINE_CURVE_WITH_KNOTS('',1,(#7887,#7888),.UNSPECIFIED.,.F.,
  .F.,(2,2),(0.,1.4063),.PIECEWISE_BEZIER_KNOTS.);
#7887 = CARTESIAN_POINT('',(114.76711919745,106.939422,54.867460664522)
  );
#7888 = CARTESIAN_POINT('',(114.63548951745,106.939422,54.867460664522)
  );
#7889 = ORIENTED_EDGE('',*,*,#7809,.F.);
#7890 = ORIENTED_EDGE('',*,*,#7891,.F.);
#7891 = EDGE_CURVE('',#7876,#7810,#7892,.T.);
#7892 = B_SPLINE_CURVE_WITH_KNOTS('',1,(#7893,#7894),.UNSPECIFIED.,.F.,
  .F.,(2,2),(0.,1.4063),.PIECEWISE_BEZIER_KNOTS.);
#7893 = CARTESIAN_POINT('',(114.76711919745,105.939422,54.867460664522)
  );
#7894 = CARTESIAN_POINT('',(114.63548951745,105.939422,54.867460664522)
  );
#7895 = SURFACE_OF_LINEAR_EXTRUSION('',#7896,#7899);
#7896 = B_SPLINE_CURVE_WITH_KNOTS('',1,(#7897,#7898),.UNSPECIFIED.,.F.,
  .F.,(2,2),(0.,1.4063),.PIECEWISE_BEZIER_KNOTS.);
#7897 = CARTESIAN_POINT('',(114.76711919745,105.939422,54.867460664522)
  );
#7898 = CARTESIAN_POINT('',(114.63548951745,105.939422,54.867460664522)
  );
#7899 = VECTOR('',#7900,1.);
#7900 = DIRECTION('',(-0.,-1.,-0.));
#7901 = ADVANCED_FACE('',(#7902),#7927,.T.);
#7902 = FACE_BOUND('',#7903,.T.);
#7903 = EDGE_LOOP('',(#7904,#7905,#7913,#7921));
#7904 = ORIENTED_EDGE('',*,*,#7851,.T.);
#7905 = ORIENTED_EDGE('',*,*,#7906,.T.);
#7906 = EDGE_CURVE('',#7844,#7907,#7909,.T.);
#7907 = VERTEX_POINT('',#7908);
#7908 = CARTESIAN_POINT('',(114.68813951745,106.939422,55.558491680522)
  );
#7909 = B_SPLINE_CURVE_WITH_KNOTS('',2,(#7910,#7911,#7912),
  .UNSPECIFIED.,.F.,.F.,(3,3),(0.,1.),.PIECEWISE_BEZIER_KNOTS.);
#7910 = CARTESIAN_POINT('',(114.30423911745,106.939422,55.554101840522)
  );
#7911 = CARTESIAN_POINT('',(114.44024927745,106.939422,55.558491680522)
  );
#7912 = CARTESIAN_POINT('',(114.68813951745,106.939422,55.558491680522)
  );
#7913 = ORIENTED_EDGE('',*,*,#7914,.F.);
#7914 = EDGE_CURVE('',#7915,#7907,#7917,.T.);
#7915 = VERTEX_POINT('',#7916);
#7916 = CARTESIAN_POINT('',(114.68813951745,105.939422,55.558491680522)
  );
#7917 = LINE('',#7918,#7919);
#7918 = CARTESIAN_POINT('',(114.68813951745,105.939422,55.558491680522)
  );
#7919 = VECTOR('',#7920,1.);
#7920 = DIRECTION('',(0.,1.,0.));
#7921 = ORIENTED_EDGE('',*,*,#7922,.F.);
#7922 = EDGE_CURVE('',#7852,#7915,#7923,.T.);
#7923 = B_SPLINE_CURVE_WITH_KNOTS('',2,(#7924,#7925,#7926),
  .UNSPECIFIED.,.F.,.F.,(3,3),(0.,1.),.PIECEWISE_BEZIER_KNOTS.);
#7924 = CARTESIAN_POINT('',(114.30423911745,105.939422,55.554101840522)
  );
#7925 = CARTESIAN_POINT('',(114.44024927745,105.939422,55.558491680522)
  );
#7926 = CARTESIAN_POINT('',(114.68813951745,105.939422,55.558491680522)
  );
#7927 = SURFACE_OF_LINEAR_EXTRUSION('',#7928,#7932);
#7928 = B_SPLINE_CURVE_WITH_KNOTS('',2,(#7929,#7930,#7931),
  .UNSPECIFIED.,.F.,.F.,(3,3),(0.,1.),.PIECEWISE_BEZIER_KNOTS.);
#7929 = CARTESIAN_POINT('',(114.30423911745,105.939422,55.554101840522)
  );
#7930 = CARTESIAN_POINT('',(114.44024927745,105.939422,55.558491680522)
  );
#7931 = CARTESIAN_POINT('',(114.68813951745,105.939422,55.558491680522)
  );
#7932 = VECTOR('',#7933,1.);
#7933 = DIRECTION('',(-0.,-1.,-0.));
#7934 = ADVANCED_FACE('',(#7935),#7958,.T.);
#7935 = FACE_BOUND('',#7936,.T.);
#7936 = EDGE_LOOP('',(#7937,#7947,#7952,#7953));
#7937 = ORIENTED_EDGE('',*,*,#7938,.T.);
#7938 = EDGE_CURVE('',#7939,#7941,#7943,.T.);
#7939 = VERTEX_POINT('',#7940);
#7940 = CARTESIAN_POINT('',(114.76711919745,105.939422,55.558491680522)
  );
#7941 = VERTEX_POINT('',#7942);
#7942 = CARTESIAN_POINT('',(114.76711919745,106.939422,55.558491680522)
  );
#7943 = LINE('',#7944,#7945);
#7944 = CARTESIAN_POINT('',(114.76711919745,105.939422,55.558491680522)
  );
#7945 = VECTOR('',#7946,1.);
#7946 = DIRECTION('',(0.,1.,0.));
#7947 = ORIENTED_EDGE('',*,*,#7948,.T.);
#7948 = EDGE_CURVE('',#7941,#7878,#7949,.T.);
#7949 = B_SPLINE_CURVE_WITH_KNOTS('',1,(#7950,#7951),.UNSPECIFIED.,.F.,
  .F.,(2,2),(0.,7.38281),.PIECEWISE_BEZIER_KNOTS.);
#7950 = CARTESIAN_POINT('',(114.76711919745,106.939422,55.558491680522)
  );
#7951 = CARTESIAN_POINT('',(114.76711919745,106.939422,54.867460664522)
  );
#7952 = ORIENTED_EDGE('',*,*,#7875,.F.);
#7953 = ORIENTED_EDGE('',*,*,#7954,.F.);
#7954 = EDGE_CURVE('',#7939,#7876,#7955,.T.);
#7955 = B_SPLINE_CURVE_WITH_KNOTS('',1,(#7956,#7957),.UNSPECIFIED.,.F.,
  .F.,(2,2),(0.,7.38281),.PIECEWISE_BEZIER_KNOTS.);
#7956 = CARTESIAN_POINT('',(114.76711919745,105.939422,55.558491680522)
  );
#7957 = CARTESIAN_POINT('',(114.76711919745,105.939422,54.867460664522)
  );
#7958 = SURFACE_OF_LINEAR_EXTRUSION('',#7959,#7962);
#7959 = B_SPLINE_CURVE_WITH_KNOTS('',1,(#7960,#7961),.UNSPECIFIED.,.F.,
  .F.,(2,2),(0.,7.38281),.PIECEWISE_BEZIER_KNOTS.);
#7960 = CARTESIAN_POINT('',(114.76711919745,105.939422,55.558491680522)
  );
#7961 = CARTESIAN_POINT('',(114.76711919745,105.939422,54.867460664522)
  );
#7962 = VECTOR('',#7963,1.);
#7963 = DIRECTION('',(-0.,-1.,-0.));
#7964 = ADVANCED_FACE('',(#7965),#7979,.T.);
#7965 = FACE_BOUND('',#7966,.T.);
#7966 = EDGE_LOOP('',(#7967,#7968,#7973,#7974));
#7967 = ORIENTED_EDGE('',*,*,#7914,.T.);
#7968 = ORIENTED_EDGE('',*,*,#7969,.T.);
#7969 = EDGE_CURVE('',#7907,#7941,#7970,.T.);
#7970 = B_SPLINE_CURVE_WITH_KNOTS('',1,(#7971,#7972),.UNSPECIFIED.,.F.,
  .F.,(2,2),(0.,0.8438),.PIECEWISE_BEZIER_KNOTS.);
#7971 = CARTESIAN_POINT('',(114.68813951745,106.939422,55.558491680522)
  );
#7972 = CARTESIAN_POINT('',(114.76711919745,106.939422,55.558491680522)
  );
#7973 = ORIENTED_EDGE('',*,*,#7938,.F.);
#7974 = ORIENTED_EDGE('',*,*,#7975,.F.);
#7975 = EDGE_CURVE('',#7915,#7939,#7976,.T.);
#7976 = B_SPLINE_CURVE_WITH_KNOTS('',1,(#7977,#7978),.UNSPECIFIED.,.F.,
  .F.,(2,2),(0.,0.8438),.PIECEWISE_BEZIER_KNOTS.);
#7977 = CARTESIAN_POINT('',(114.68813951745,105.939422,55.558491680522)
  );
#7978 = CARTESIAN_POINT('',(114.76711919745,105.939422,55.558491680522)
  );
#7979 = SURFACE_OF_LINEAR_EXTRUSION('',#7980,#7983);
#7980 = B_SPLINE_CURVE_WITH_KNOTS('',1,(#7981,#7982),.UNSPECIFIED.,.F.,
  .F.,(2,2),(0.,0.8438),.PIECEWISE_BEZIER_KNOTS.);
#7981 = CARTESIAN_POINT('',(114.68813951745,105.939422,55.558491680522)
  );
#7982 = CARTESIAN_POINT('',(114.76711919745,105.939422,55.558491680522)
  );
#7983 = VECTOR('',#7984,1.);
#7984 = DIRECTION('',(-0.,-1.,-0.));
#7985 = ADVANCED_FACE('',(#7986,#8004,#8017),#8030,.T.);
#7986 = FACE_BOUND('',#7987,.T.);
#7987 = EDGE_LOOP('',(#7988,#7989,#7990,#7991,#7992,#7993,#7994,#7995,
    #7996,#7997,#7998,#7999,#8000,#8001,#8002,#8003));
#7988 = ORIENTED_EDGE('',*,*,#6791,.T.);
#7989 = ORIENTED_EDGE('',*,*,#6857,.T.);
#7990 = ORIENTED_EDGE('',*,*,#6923,.T.);
#7991 = ORIENTED_EDGE('',*,*,#6986,.T.);
#7992 = ORIENTED_EDGE('',*,*,#7051,.T.);
#7993 = ORIENTED_EDGE('',*,*,#7114,.T.);
#7994 = ORIENTED_EDGE('',*,*,#7177,.T.);
#7995 = ORIENTED_EDGE('',*,*,#7241,.T.);
#7996 = ORIENTED_EDGE('',*,*,#7265,.T.);
#7997 = ORIENTED_EDGE('',*,*,#7208,.T.);
#7998 = ORIENTED_EDGE('',*,*,#7145,.T.);
#7999 = ORIENTED_EDGE('',*,*,#7082,.T.);
#8000 = ORIENTED_EDGE('',*,*,#7019,.T.);
#8001 = ORIENTED_EDGE('',*,*,#6955,.T.);
#8002 = ORIENTED_EDGE('',*,*,#6890,.T.);
#8003 = ORIENTED_EDGE('',*,*,#6824,.T.);
#8004 = FACE_BOUND('',#8005,.T.);
#8005 = EDGE_LOOP('',(#8006,#8007,#8008,#8009,#8010,#8011,#8012,#8013,
    #8014,#8015,#8016));
#8006 = ORIENTED_EDGE('',*,*,#7307,.T.);
#8007 = ORIENTED_EDGE('',*,*,#7619,.T.);
#8008 = ORIENTED_EDGE('',*,*,#7595,.T.);
#8009 = ORIENTED_EDGE('',*,*,#7562,.T.);
#8010 = ORIENTED_EDGE('',*,*,#7529,.T.);
#8011 = ORIENTED_EDGE('',*,*,#7498,.T.);
#8012 = ORIENTED_EDGE('',*,*,#7468,.T.);
#8013 = ORIENTED_EDGE('',*,*,#7438,.T.);
#8014 = ORIENTED_EDGE('',*,*,#7406,.T.);
#8015 = ORIENTED_EDGE('',*,*,#7373,.T.);
#8016 = ORIENTED_EDGE('',*,*,#7340,.T.);
#8017 = FACE_BOUND('',#8018,.T.);
#8018 = EDGE_LOOP('',(#8019,#8020,#8021,#8022,#8023,#8024,#8025,#8026,
    #8027,#8028,#8029));
#8019 = ORIENTED_EDGE('',*,*,#7661,.T.);
#8020 = ORIENTED_EDGE('',*,*,#7727,.T.);
#8021 = ORIENTED_EDGE('',*,*,#7793,.T.);
#8022 = ORIENTED_EDGE('',*,*,#7859,.T.);
#8023 = ORIENTED_EDGE('',*,*,#7922,.T.);
#8024 = ORIENTED_EDGE('',*,*,#7975,.T.);
#8025 = ORIENTED_EDGE('',*,*,#7954,.T.);
#8026 = ORIENTED_EDGE('',*,*,#7891,.T.);
#8027 = ORIENTED_EDGE('',*,*,#7826,.T.);
#8028 = ORIENTED_EDGE('',*,*,#7760,.T.);
#8029 = ORIENTED_EDGE('',*,*,#7694,.T.);
#8030 = B_SPLINE_SURFACE_WITH_KNOTS('',1,1,(
    (#8031,#8032)
    ,(#8033,#8034
    )),.UNSPECIFIED.,.F.,.F.,.F.,(2,2),(2,2),(-16.28680239141,
    13.572597608587),(-17.38573543573,17.512704564264),
  .PIECEWISE_BEZIER_KNOTS.);
#8031 = CARTESIAN_POINT('',(112.81028951745,105.939422,52.890888872522)
  );
#8032 = CARTESIAN_POINT('',(112.81028951745,105.939422,56.157382856522)
  );
#8033 = CARTESIAN_POINT('',(115.60512935745,105.939422,52.890888872522)
  );
#8034 = CARTESIAN_POINT('',(115.60512935745,105.939422,56.157382856522)
  );
#8035 = ADVANCED_FACE('',(#8036,#8054,#8067),#8080,.F.);
#8036 = FACE_BOUND('',#8037,.F.);
#8037 = EDGE_LOOP('',(#8038,#8039,#8040,#8041,#8042,#8043,#8044,#8045,
    #8046,#8047,#8048,#8049,#8050,#8051,#8052,#8053));
#8038 = ORIENTED_EDGE('',*,*,#6775,.T.);
#8039 = ORIENTED_EDGE('',*,*,#6841,.T.);
#8040 = ORIENTED_EDGE('',*,*,#6907,.T.);
#8041 = ORIENTED_EDGE('',*,*,#6970,.T.);
#8042 = ORIENTED_EDGE('',*,*,#7036,.T.);
#8043 = ORIENTED_EDGE('',*,*,#7099,.T.);
#8044 = ORIENTED_EDGE('',*,*,#7162,.T.);
#8045 = ORIENTED_EDGE('',*,*,#7225,.T.);
#8046 = ORIENTED_EDGE('',*,*,#7258,.T.);
#8047 = ORIENTED_EDGE('',*,*,#7201,.T.);
#8048 = ORIENTED_EDGE('',*,*,#7138,.T.);
#8049 = ORIENTED_EDGE('',*,*,#7075,.T.);
#8050 = ORIENTED_EDGE('',*,*,#7012,.T.);
#8051 = ORIENTED_EDGE('',*,*,#6949,.T.);
#8052 = ORIENTED_EDGE('',*,*,#6883,.T.);
#8053 = ORIENTED_EDGE('',*,*,#6817,.T.);
#8054 = FACE_BOUND('',#8055,.F.);
#8055 = EDGE_LOOP('',(#8056,#8057,#8058,#8059,#8060,#8061,#8062,#8063,
    #8064,#8065,#8066));
#8056 = ORIENTED_EDGE('',*,*,#7291,.T.);
#8057 = ORIENTED_EDGE('',*,*,#7612,.T.);
#8058 = ORIENTED_EDGE('',*,*,#7588,.T.);
#8059 = ORIENTED_EDGE('',*,*,#7555,.T.);
#8060 = ORIENTED_EDGE('',*,*,#7522,.T.);
#8061 = ORIENTED_EDGE('',*,*,#7492,.T.);
#8062 = ORIENTED_EDGE('',*,*,#7462,.T.);
#8063 = ORIENTED_EDGE('',*,*,#7432,.T.);
#8064 = ORIENTED_EDGE('',*,*,#7399,.T.);
#8065 = ORIENTED_EDGE('',*,*,#7366,.T.);
#8066 = ORIENTED_EDGE('',*,*,#7333,.T.);
#8067 = FACE_BOUND('',#8068,.F.);
#8068 = EDGE_LOOP('',(#8069,#8070,#8071,#8072,#8073,#8074,#8075,#8076,
    #8077,#8078,#8079));
#8069 = ORIENTED_EDGE('',*,*,#7645,.T.);
#8070 = ORIENTED_EDGE('',*,*,#7711,.T.);
#8071 = ORIENTED_EDGE('',*,*,#7777,.T.);
#8072 = ORIENTED_EDGE('',*,*,#7843,.T.);
#8073 = ORIENTED_EDGE('',*,*,#7906,.T.);
#8074 = ORIENTED_EDGE('',*,*,#7969,.T.);
#8075 = ORIENTED_EDGE('',*,*,#7948,.T.);
#8076 = ORIENTED_EDGE('',*,*,#7885,.T.);
#8077 = ORIENTED_EDGE('',*,*,#7819,.T.);
#8078 = ORIENTED_EDGE('',*,*,#7753,.T.);
#8079 = ORIENTED_EDGE('',*,*,#7687,.T.);
#8080 = B_SPLINE_SURFACE_WITH_KNOTS('',1,1,(
    (#8081,#8082)
    ,(#8083,#8084
    )),.UNSPECIFIED.,.F.,.F.,.F.,(2,2),(2,2),(-16.28680239141,
    13.572597608587),(-17.38573543573,17.512704564264),
  .PIECEWISE_BEZIER_KNOTS.);
#8081 = CARTESIAN_POINT('',(112.81028951745,106.939422,52.890888872522)
  );
#8082 = CARTESIAN_POINT('',(112.81028951745,106.939422,56.157382856522)
  );
#8083 = CARTESIAN_POINT('',(115.60512935745,106.939422,52.890888872522)
  );
#8084 = CARTESIAN_POINT('',(115.60512935745,106.939422,56.157382856522)
  );
#8085 = MANIFOLD_SOLID_BREP('',#8086);
#8086 = CLOSED_SHELL('',(#8087,#8126,#8156,#8186,#8216,#8246,#8276,#8306
    ,#8327,#8366,#8396,#8417,#8438));
#8087 = ADVANCED_FACE('',(#8088),#8120,.T.);
#8088 = FACE_BOUND('',#8089,.T.);
#8089 = EDGE_LOOP('',(#8090,#8100,#8107,#8115));
#8090 = ORIENTED_EDGE('',*,*,#8091,.T.);
#8091 = EDGE_CURVE('',#8092,#8094,#8096,.T.);
#8092 = VERTEX_POINT('',#8093);
#8093 = CARTESIAN_POINT('',(109.16427935745,105.939422,52.890888872522)
  );
#8094 = VERTEX_POINT('',#8095);
#8095 = CARTESIAN_POINT('',(109.16427935745,106.939422,52.890888872522)
  );
#8096 = LINE('',#8097,#8098);
#8097 = CARTESIAN_POINT('',(109.16427935745,105.939422,52.890888872522)
  );
#8098 = VECTOR('',#8099,1.);
#8099 = DIRECTION('',(0.,1.,0.));
#8100 = ORIENTED_EDGE('',*,*,#8101,.T.);
#8101 = EDGE_CURVE('',#8094,#8102,#8104,.T.);
#8102 = VERTEX_POINT('',#8103);
#8103 = CARTESIAN_POINT('',(110.03519927745,106.939422,52.890888872522)
  );
#8104 = B_SPLINE_CURVE_WITH_KNOTS('',1,(#8105,#8106),.UNSPECIFIED.,.F.,
  .F.,(2,2),(0.,9.3047),.PIECEWISE_BEZIER_KNOTS.);
#8105 = CARTESIAN_POINT('',(109.16427935745,106.939422,52.890888872522)
  );
#8106 = CARTESIAN_POINT('',(110.03519927745,106.939422,52.890888872522)
  );
#8107 = ORIENTED_EDGE('',*,*,#8108,.F.);
#8108 = EDGE_CURVE('',#8109,#8102,#8111,.T.);
#8109 = VERTEX_POINT('',#8110);
#8110 = CARTESIAN_POINT('',(110.03519927745,105.939422,52.890888872522)
  );
#8111 = LINE('',#8112,#8113);
#8112 = CARTESIAN_POINT('',(110.03519927745,105.939422,52.890888872522)
  );
#8113 = VECTOR('',#8114,1.);
#8114 = DIRECTION('',(0.,1.,0.));
#8115 = ORIENTED_EDGE('',*,*,#8116,.F.);
#8116 = EDGE_CURVE('',#8092,#8109,#8117,.T.);
#8117 = B_SPLINE_CURVE_WITH_KNOTS('',1,(#8118,#8119),.UNSPECIFIED.,.F.,
  .F.,(2,2),(0.,9.3047),.PIECEWISE_BEZIER_KNOTS.);
#8118 = CARTESIAN_POINT('',(109.16427935745,105.939422,52.890888872522)
  );
#8119 = CARTESIAN_POINT('',(110.03519927745,105.939422,52.890888872522)
  );
#8120 = SURFACE_OF_LINEAR_EXTRUSION('',#8121,#8124);
#8121 = B_SPLINE_CURVE_WITH_KNOTS('',1,(#8122,#8123),.UNSPECIFIED.,.F.,
  .F.,(2,2),(0.,9.3047),.PIECEWISE_BEZIER_KNOTS.);
#8122 = CARTESIAN_POINT('',(109.16427935745,105.939422,52.890888872522)
  );
#8123 = CARTESIAN_POINT('',(110.03519927745,105.939422,52.890888872522)
  );
#8124 = VECTOR('',#8125,1.);
#8125 = DIRECTION('',(-0.,-1.,-0.));
#8126 = ADVANCED_FACE('',(#8127),#8150,.T.);
#8127 = FACE_BOUND('',#8128,.T.);
#8128 = EDGE_LOOP('',(#8129,#8139,#8144,#8145));
#8129 = ORIENTED_EDGE('',*,*,#8130,.T.);
#8130 = EDGE_CURVE('',#8131,#8133,#8135,.T.);
#8131 = VERTEX_POINT('',#8132);
#8132 = CARTESIAN_POINT('',(110.37083951745,105.939422,56.157382856522)
  );
#8133 = VERTEX_POINT('',#8134);
#8134 = CARTESIAN_POINT('',(110.37083951745,106.939422,56.157382856522)
  );
#8135 = LINE('',#8136,#8137);
#8136 = CARTESIAN_POINT('',(110.37083951745,105.939422,56.157382856522)
  );
#8137 = VECTOR('',#8138,1.);
#8138 = DIRECTION('',(0.,1.,0.));
#8139 = ORIENTED_EDGE('',*,*,#8140,.T.);
#8140 = EDGE_CURVE('',#8133,#8094,#8141,.T.);
#8141 = B_SPLINE_CURVE_WITH_KNOTS('',1,(#8142,#8143),.UNSPECIFIED.,.F.,
  .F.,(2,2),(0.,37.203073566489),.PIECEWISE_BEZIER_KNOTS.);
#8142 = CARTESIAN_POINT('',(110.37083951745,106.939422,56.157382856522)
  );
#8143 = CARTESIAN_POINT('',(109.16427935745,106.939422,52.890888872522)
  );
#8144 = ORIENTED_EDGE('',*,*,#8091,.F.);
#8145 = ORIENTED_EDGE('',*,*,#8146,.F.);
#8146 = EDGE_CURVE('',#8131,#8092,#8147,.T.);
#8147 = B_SPLINE_CURVE_WITH_KNOTS('',1,(#8148,#8149),.UNSPECIFIED.,.F.,
  .F.,(2,2),(0.,37.203073566489),.PIECEWISE_BEZIER_KNOTS.);
#8148 = CARTESIAN_POINT('',(110.37083951745,105.939422,56.157382856522)
  );
#8149 = CARTESIAN_POINT('',(109.16427935745,105.939422,52.890888872522)
  );
#8150 = SURFACE_OF_LINEAR_EXTRUSION('',#8151,#8154);
#8151 = B_SPLINE_CURVE_WITH_KNOTS('',1,(#8152,#8153),.UNSPECIFIED.,.F.,
  .F.,(2,2),(0.,37.203073566489),.PIECEWISE_BEZIER_KNOTS.);
#8152 = CARTESIAN_POINT('',(110.37083951745,105.939422,56.157382856522)
  );
#8153 = CARTESIAN_POINT('',(109.16427935745,105.939422,52.890888872522)
  );
#8154 = VECTOR('',#8155,1.);
#8155 = DIRECTION('',(-0.,-1.,-0.));
#8156 = ADVANCED_FACE('',(#8157),#8180,.T.);
#8157 = FACE_BOUND('',#8158,.T.);
#8158 = EDGE_LOOP('',(#8159,#8160,#8167,#8175));
#8159 = ORIENTED_EDGE('',*,*,#8108,.T.);
#8160 = ORIENTED_EDGE('',*,*,#8161,.T.);
#8161 = EDGE_CURVE('',#8102,#8162,#8164,.T.);
#8162 = VERTEX_POINT('',#8163);
#8163 = CARTESIAN_POINT('',(110.26114967745,106.939422,53.551207856522)
  );
#8164 = B_SPLINE_CURVE_WITH_KNOTS('',1,(#8165,#8166),.UNSPECIFIED.,.F.,
  .F.,(2,2),(0.,7.456275678655),.PIECEWISE_BEZIER_KNOTS.);
#8165 = CARTESIAN_POINT('',(110.03519927745,106.939422,52.890888872522)
  );
#8166 = CARTESIAN_POINT('',(110.26114967745,106.939422,53.551207856522)
  );
#8167 = ORIENTED_EDGE('',*,*,#8168,.F.);
#8168 = EDGE_CURVE('',#8169,#8162,#8171,.T.);
#8169 = VERTEX_POINT('',#8170);
#8170 = CARTESIAN_POINT('',(110.26114967745,105.939422,53.551207856522)
  );
#8171 = LINE('',#8172,#8173);
#8172 = CARTESIAN_POINT('',(110.26114967745,105.939422,53.551207856522)
  );
#8173 = VECTOR('',#8174,1.);
#8174 = DIRECTION('',(0.,1.,0.));
#8175 = ORIENTED_EDGE('',*,*,#8176,.F.);
#8176 = EDGE_CURVE('',#8109,#8169,#8177,.T.);
#8177 = B_SPLINE_CURVE_WITH_KNOTS('',1,(#8178,#8179),.UNSPECIFIED.,.F.,
  .F.,(2,2),(0.,7.456275678655),.PIECEWISE_BEZIER_KNOTS.);
#8178 = CARTESIAN_POINT('',(110.03519927745,105.939422,52.890888872522)
  );
#8179 = CARTESIAN_POINT('',(110.26114967745,105.939422,53.551207856522)
  );
#8180 = SURFACE_OF_LINEAR_EXTRUSION('',#8181,#8184);
#8181 = B_SPLINE_CURVE_WITH_KNOTS('',1,(#8182,#8183),.UNSPECIFIED.,.F.,
  .F.,(2,2),(0.,7.456275678655),.PIECEWISE_BEZIER_KNOTS.);
#8182 = CARTESIAN_POINT('',(110.03519927745,105.939422,52.890888872522)
  );
#8183 = CARTESIAN_POINT('',(110.26114967745,105.939422,53.551207856522)
  );
#8184 = VECTOR('',#8185,1.);
#8185 = DIRECTION('',(-0.,-1.,-0.));
#8186 = ADVANCED_FACE('',(#8187),#8210,.T.);
#8187 = FACE_BOUND('',#8188,.T.);
#8188 = EDGE_LOOP('',(#8189,#8199,#8204,#8205));
#8189 = ORIENTED_EDGE('',*,*,#8190,.T.);
#8190 = EDGE_CURVE('',#8191,#8193,#8195,.T.);
#8191 = VERTEX_POINT('',#8192);
#8192 = CARTESIAN_POINT('',(111.34047935745,105.939422,56.157382856522)
  );
#8193 = VERTEX_POINT('',#8194);
#8194 = CARTESIAN_POINT('',(111.34047935745,106.939422,56.157382856522)
  );
#8195 = LINE('',#8196,#8197);
#8196 = CARTESIAN_POINT('',(111.34047935745,105.939422,56.157382856522)
  );
#8197 = VECTOR('',#8198,1.);
#8198 = DIRECTION('',(0.,1.,0.));
#8199 = ORIENTED_EDGE('',*,*,#8200,.T.);
#8200 = EDGE_CURVE('',#8193,#8133,#8201,.T.);
#8201 = B_SPLINE_CURVE_WITH_KNOTS('',1,(#8202,#8203),.UNSPECIFIED.,.F.,
  .F.,(2,2),(0.,10.3594),.PIECEWISE_BEZIER_KNOTS.);
#8202 = CARTESIAN_POINT('',(111.34047935745,106.939422,56.157382856522)
  );
#8203 = CARTESIAN_POINT('',(110.37083951745,106.939422,56.157382856522)
  );
#8204 = ORIENTED_EDGE('',*,*,#8130,.F.);
#8205 = ORIENTED_EDGE('',*,*,#8206,.F.);
#8206 = EDGE_CURVE('',#8191,#8131,#8207,.T.);
#8207 = B_SPLINE_CURVE_WITH_KNOTS('',1,(#8208,#8209),.UNSPECIFIED.,.F.,
  .F.,(2,2),(0.,10.3594),.PIECEWISE_BEZIER_KNOTS.);
#8208 = CARTESIAN_POINT('',(111.34047935745,105.939422,56.157382856522)
  );
#8209 = CARTESIAN_POINT('',(110.37083951745,105.939422,56.157382856522)
  );
#8210 = SURFACE_OF_LINEAR_EXTRUSION('',#8211,#8214);
#8211 = B_SPLINE_CURVE_WITH_KNOTS('',1,(#8212,#8213),.UNSPECIFIED.,.F.,
  .F.,(2,2),(0.,10.3594),.PIECEWISE_BEZIER_KNOTS.);
#8212 = CARTESIAN_POINT('',(111.34047935745,105.939422,56.157382856522)
  );
#8213 = CARTESIAN_POINT('',(110.37083951745,105.939422,56.157382856522)
  );
#8214 = VECTOR('',#8215,1.);
#8215 = DIRECTION('',(-0.,-1.,-0.));
#8216 = ADVANCED_FACE('',(#8217),#8240,.T.);
#8217 = FACE_BOUND('',#8218,.T.);
#8218 = EDGE_LOOP('',(#8219,#8220,#8227,#8235));
#8219 = ORIENTED_EDGE('',*,*,#8168,.T.);
#8220 = ORIENTED_EDGE('',*,*,#8221,.T.);
#8221 = EDGE_CURVE('',#8162,#8222,#8224,.T.);
#8222 = VERTEX_POINT('',#8223);
#8223 = CARTESIAN_POINT('',(111.47209967745,106.939422,53.551207856522)
  );
#8224 = B_SPLINE_CURVE_WITH_KNOTS('',1,(#8225,#8226),.UNSPECIFIED.,.F.,
  .F.,(2,2),(0.,12.9375),.PIECEWISE_BEZIER_KNOTS.);
#8225 = CARTESIAN_POINT('',(110.26114967745,106.939422,53.551207856522)
  );
#8226 = CARTESIAN_POINT('',(111.47209967745,106.939422,53.551207856522)
  );
#8227 = ORIENTED_EDGE('',*,*,#8228,.F.);
#8228 = EDGE_CURVE('',#8229,#8222,#8231,.T.);
#8229 = VERTEX_POINT('',#8230);
#8230 = CARTESIAN_POINT('',(111.47209967745,105.939422,53.551207856522)
  );
#8231 = LINE('',#8232,#8233);
#8232 = CARTESIAN_POINT('',(111.47209967745,105.939422,53.551207856522)
  );
#8233 = VECTOR('',#8234,1.);
#8234 = DIRECTION('',(0.,1.,0.));
#8235 = ORIENTED_EDGE('',*,*,#8236,.F.);
#8236 = EDGE_CURVE('',#8169,#8229,#8237,.T.);
#8237 = B_SPLINE_CURVE_WITH_KNOTS('',1,(#8238,#8239),.UNSPECIFIED.,.F.,
  .F.,(2,2),(0.,12.9375),.PIECEWISE_BEZIER_KNOTS.);
#8238 = CARTESIAN_POINT('',(110.26114967745,105.939422,53.551207856522)
  );
#8239 = CARTESIAN_POINT('',(111.47209967745,105.939422,53.551207856522)
  );
#8240 = SURFACE_OF_LINEAR_EXTRUSION('',#8241,#8244);
#8241 = B_SPLINE_CURVE_WITH_KNOTS('',1,(#8242,#8243),.UNSPECIFIED.,.F.,
  .F.,(2,2),(0.,12.9375),.PIECEWISE_BEZIER_KNOTS.);
#8242 = CARTESIAN_POINT('',(110.26114967745,105.939422,53.551207856522)
  );
#8243 = CARTESIAN_POINT('',(111.47209967745,105.939422,53.551207856522)
  );
#8244 = VECTOR('',#8245,1.);
#8245 = DIRECTION('',(-0.,-1.,-0.));
#8246 = ADVANCED_FACE('',(#8247),#8270,.T.);
#8247 = FACE_BOUND('',#8248,.T.);
#8248 = EDGE_LOOP('',(#8249,#8259,#8264,#8265));
#8249 = ORIENTED_EDGE('',*,*,#8250,.T.);
#8250 = EDGE_CURVE('',#8251,#8253,#8255,.T.);
#8251 = VERTEX_POINT('',#8252);
#8252 = CARTESIAN_POINT('',(112.54703951745,105.939422,52.890888872522)
  );
#8253 = VERTEX_POINT('',#8254);
#8254 = CARTESIAN_POINT('',(112.54703951745,106.939422,52.890888872522)
  );
#8255 = LINE('',#8256,#8257);
#8256 = CARTESIAN_POINT('',(112.54703951745,105.939422,52.890888872522)
  );
#8257 = VECTOR('',#8258,1.);
#8258 = DIRECTION('',(0.,1.,0.));
#8259 = ORIENTED_EDGE('',*,*,#8260,.T.);
#8260 = EDGE_CURVE('',#8253,#8193,#8261,.T.);
#8261 = B_SPLINE_CURVE_WITH_KNOTS('',1,(#8262,#8263),.UNSPECIFIED.,.F.,
  .F.,(2,2),(0.,37.203073566489),.PIECEWISE_BEZIER_KNOTS.);
#8262 = CARTESIAN_POINT('',(112.54703951745,106.939422,52.890888872522)
  );
#8263 = CARTESIAN_POINT('',(111.34047935745,106.939422,56.157382856522)
  );
#8264 = ORIENTED_EDGE('',*,*,#8190,.F.);
#8265 = ORIENTED_EDGE('',*,*,#8266,.F.);
#8266 = EDGE_CURVE('',#8251,#8191,#8267,.T.);
#8267 = B_SPLINE_CURVE_WITH_KNOTS('',1,(#8268,#8269),.UNSPECIFIED.,.F.,
  .F.,(2,2),(0.,37.203073566489),.PIECEWISE_BEZIER_KNOTS.);
#8268 = CARTESIAN_POINT('',(112.54703951745,105.939422,52.890888872522)
  );
#8269 = CARTESIAN_POINT('',(111.34047935745,105.939422,56.157382856522)
  );
#8270 = SURFACE_OF_LINEAR_EXTRUSION('',#8271,#8274);
#8271 = B_SPLINE_CURVE_WITH_KNOTS('',1,(#8272,#8273),.UNSPECIFIED.,.F.,
  .F.,(2,2),(0.,37.203073566489),.PIECEWISE_BEZIER_KNOTS.);
#8272 = CARTESIAN_POINT('',(112.54703951745,105.939422,52.890888872522)
  );
#8273 = CARTESIAN_POINT('',(111.34047935745,105.939422,56.157382856522)
  );
#8274 = VECTOR('',#8275,1.);
#8275 = DIRECTION('',(-0.,-1.,-0.));
#8276 = ADVANCED_FACE('',(#8277),#8300,.T.);
#8277 = FACE_BOUND('',#8278,.T.);
#8278 = EDGE_LOOP('',(#8279,#8280,#8287,#8295));
#8279 = ORIENTED_EDGE('',*,*,#8228,.T.);
#8280 = ORIENTED_EDGE('',*,*,#8281,.T.);
#8281 = EDGE_CURVE('',#8222,#8282,#8284,.T.);
#8282 = VERTEX_POINT('',#8283);
#8283 = CARTESIAN_POINT('',(111.69805943745,106.939422,52.890888872522)
  );
#8284 = B_SPLINE_CURVE_WITH_KNOTS('',1,(#8285,#8286),.UNSPECIFIED.,.F.,
  .F.,(2,2),(0.,7.456308054668),.PIECEWISE_BEZIER_KNOTS.);
#8285 = CARTESIAN_POINT('',(111.47209967745,106.939422,53.551207856522)
  );
#8286 = CARTESIAN_POINT('',(111.69805943745,106.939422,52.890888872522)
  );
#8287 = ORIENTED_EDGE('',*,*,#8288,.F.);
#8288 = EDGE_CURVE('',#8289,#8282,#8291,.T.);
#8289 = VERTEX_POINT('',#8290);
#8290 = CARTESIAN_POINT('',(111.69805943745,105.939422,52.890888872522)
  );
#8291 = LINE('',#8292,#8293);
#8292 = CARTESIAN_POINT('',(111.69805943745,105.939422,52.890888872522)
  );
#8293 = VECTOR('',#8294,1.);
#8294 = DIRECTION('',(0.,1.,0.));
#8295 = ORIENTED_EDGE('',*,*,#8296,.F.);
#8296 = EDGE_CURVE('',#8229,#8289,#8297,.T.);
#8297 = B_SPLINE_CURVE_WITH_KNOTS('',1,(#8298,#8299),.UNSPECIFIED.,.F.,
  .F.,(2,2),(0.,7.456308054668),.PIECEWISE_BEZIER_KNOTS.);
#8298 = CARTESIAN_POINT('',(111.47209967745,105.939422,53.551207856522)
  );
#8299 = CARTESIAN_POINT('',(111.69805943745,105.939422,52.890888872522)
  );
#8300 = SURFACE_OF_LINEAR_EXTRUSION('',#8301,#8304);
#8301 = B_SPLINE_CURVE_WITH_KNOTS('',1,(#8302,#8303),.UNSPECIFIED.,.F.,
  .F.,(2,2),(0.,7.456308054668),.PIECEWISE_BEZIER_KNOTS.);
#8302 = CARTESIAN_POINT('',(111.47209967745,105.939422,53.551207856522)
  );
#8303 = CARTESIAN_POINT('',(111.69805943745,105.939422,52.890888872522)
  );
#8304 = VECTOR('',#8305,1.);
#8305 = DIRECTION('',(-0.,-1.,-0.));
#8306 = ADVANCED_FACE('',(#8307),#8321,.T.);
#8307 = FACE_BOUND('',#8308,.T.);
#8308 = EDGE_LOOP('',(#8309,#8310,#8315,#8316));
#8309 = ORIENTED_EDGE('',*,*,#8288,.T.);
#8310 = ORIENTED_EDGE('',*,*,#8311,.T.);
#8311 = EDGE_CURVE('',#8282,#8253,#8312,.T.);
#8312 = B_SPLINE_CURVE_WITH_KNOTS('',1,(#8313,#8314),.UNSPECIFIED.,.F.,
  .F.,(2,2),(0.,9.0703),.PIECEWISE_BEZIER_KNOTS.);
#8313 = CARTESIAN_POINT('',(111.69805943745,106.939422,52.890888872522)
  );
#8314 = CARTESIAN_POINT('',(112.54703951745,106.939422,52.890888872522)
  );
#8315 = ORIENTED_EDGE('',*,*,#8250,.F.);
#8316 = ORIENTED_EDGE('',*,*,#8317,.F.);
#8317 = EDGE_CURVE('',#8289,#8251,#8318,.T.);
#8318 = B_SPLINE_CURVE_WITH_KNOTS('',1,(#8319,#8320),.UNSPECIFIED.,.F.,
  .F.,(2,2),(0.,9.0703),.PIECEWISE_BEZIER_KNOTS.);
#8319 = CARTESIAN_POINT('',(111.69805943745,105.939422,52.890888872522)
  );
#8320 = CARTESIAN_POINT('',(112.54703951745,105.939422,52.890888872522)
  );
#8321 = SURFACE_OF_LINEAR_EXTRUSION('',#8322,#8325);
#8322 = B_SPLINE_CURVE_WITH_KNOTS('',1,(#8323,#8324),.UNSPECIFIED.,.F.,
  .F.,(2,2),(0.,9.0703),.PIECEWISE_BEZIER_KNOTS.);
#8323 = CARTESIAN_POINT('',(111.69805943745,105.939422,52.890888872522)
  );
#8324 = CARTESIAN_POINT('',(112.54703951745,105.939422,52.890888872522)
  );
#8325 = VECTOR('',#8326,1.);
#8326 = DIRECTION('',(-0.,-1.,-0.));
#8327 = ADVANCED_FACE('',(#8328),#8360,.T.);
#8328 = FACE_BOUND('',#8329,.T.);
#8329 = EDGE_LOOP('',(#8330,#8340,#8347,#8355));
#8330 = ORIENTED_EDGE('',*,*,#8331,.T.);
#8331 = EDGE_CURVE('',#8332,#8334,#8336,.T.);
#8332 = VERTEX_POINT('',#8333);
#8333 = CARTESIAN_POINT('',(111.26808911745,105.939422,54.150101840522)
  );
#8334 = VERTEX_POINT('',#8335);
#8335 = CARTESIAN_POINT('',(111.26808911745,106.939422,54.150101840522)
  );
#8336 = LINE('',#8337,#8338);
#8337 = CARTESIAN_POINT('',(111.26808911745,105.939422,54.150101840522)
  );
#8338 = VECTOR('',#8339,1.);
#8339 = DIRECTION('',(0.,1.,0.));
#8340 = ORIENTED_EDGE('',*,*,#8341,.T.);
#8341 = EDGE_CURVE('',#8334,#8342,#8344,.T.);
#8342 = VERTEX_POINT('',#8343);
#8343 = CARTESIAN_POINT('',(110.46516959745,106.939422,54.150101840522)
  );
#8344 = B_SPLINE_CURVE_WITH_KNOTS('',1,(#8345,#8346),.UNSPECIFIED.,.F.,
  .F.,(2,2),(0.,8.5782),.PIECEWISE_BEZIER_KNOTS.);
#8345 = CARTESIAN_POINT('',(111.26808911745,106.939422,54.150101840522)
  );
#8346 = CARTESIAN_POINT('',(110.46516959745,106.939422,54.150101840522)
  );
#8347 = ORIENTED_EDGE('',*,*,#8348,.F.);
#8348 = EDGE_CURVE('',#8349,#8342,#8351,.T.);
#8349 = VERTEX_POINT('',#8350);
#8350 = CARTESIAN_POINT('',(110.46516959745,105.939422,54.150101840522)
  );
#8351 = LINE('',#8352,#8353);
#8352 = CARTESIAN_POINT('',(110.46516959745,105.939422,54.150101840522)
  );
#8353 = VECTOR('',#8354,1.);
#8354 = DIRECTION('',(0.,1.,0.));
#8355 = ORIENTED_EDGE('',*,*,#8356,.F.);
#8356 = EDGE_CURVE('',#8332,#8349,#8357,.T.);
#8357 = B_SPLINE_CURVE_WITH_KNOTS('',1,(#8358,#8359),.UNSPECIFIED.,.F.,
  .F.,(2,2),(0.,8.5782),.PIECEWISE_BEZIER_KNOTS.);
#8358 = CARTESIAN_POINT('',(111.26808911745,105.939422,54.150101840522)
  );
#8359 = CARTESIAN_POINT('',(110.46516959745,105.939422,54.150101840522)
  );
#8360 = SURFACE_OF_LINEAR_EXTRUSION('',#8361,#8364);
#8361 = B_SPLINE_CURVE_WITH_KNOTS('',1,(#8362,#8363),.UNSPECIFIED.,.F.,
  .F.,(2,2),(0.,8.5782),.PIECEWISE_BEZIER_KNOTS.);
#8362 = CARTESIAN_POINT('',(111.26808911745,105.939422,54.150101840522)
  );
#8363 = CARTESIAN_POINT('',(110.46516959745,105.939422,54.150101840522)
  );
#8364 = VECTOR('',#8365,1.);
#8365 = DIRECTION('',(-0.,-1.,-0.));
#8366 = ADVANCED_FACE('',(#8367),#8390,.T.);
#8367 = FACE_BOUND('',#8368,.T.);
#8368 = EDGE_LOOP('',(#8369,#8379,#8384,#8385));
#8369 = ORIENTED_EDGE('',*,*,#8370,.T.);
#8370 = EDGE_CURVE('',#8371,#8373,#8375,.T.);
#8371 = VERTEX_POINT('',#8372);
#8372 = CARTESIAN_POINT('',(110.86662935745,105.939422,55.321563872522)
  );
#8373 = VERTEX_POINT('',#8374);
#8374 = CARTESIAN_POINT('',(110.86662935745,106.939422,55.321563872522)
  );
#8375 = LINE('',#8376,#8377);
#8376 = CARTESIAN_POINT('',(110.86662935745,105.939422,55.321563872522)
  );
#8377 = VECTOR('',#8378,1.);
#8378 = DIRECTION('',(0.,1.,0.));
#8379 = ORIENTED_EDGE('',*,*,#8380,.T.);
#8380 = EDGE_CURVE('',#8373,#8334,#8381,.T.);
#8381 = B_SPLINE_CURVE_WITH_KNOTS('',1,(#8382,#8383),.UNSPECIFIED.,.F.,
  .F.,(2,2),(0.,13.230159590663),.PIECEWISE_BEZIER_KNOTS.);
#8382 = CARTESIAN_POINT('',(110.86662935745,106.939422,55.321563872522)
  );
#8383 = CARTESIAN_POINT('',(111.26808911745,106.939422,54.150101840522)
  );
#8384 = ORIENTED_EDGE('',*,*,#8331,.F.);
#8385 = ORIENTED_EDGE('',*,*,#8386,.F.);
#8386 = EDGE_CURVE('',#8371,#8332,#8387,.T.);
#8387 = B_SPLINE_CURVE_WITH_KNOTS('',1,(#8388,#8389),.UNSPECIFIED.,.F.,
  .F.,(2,2),(0.,13.230159590663),.PIECEWISE_BEZIER_KNOTS.);
#8388 = CARTESIAN_POINT('',(110.86662935745,105.939422,55.321563872522)
  );
#8389 = CARTESIAN_POINT('',(111.26808911745,105.939422,54.150101840522)
  );
#8390 = SURFACE_OF_LINEAR_EXTRUSION('',#8391,#8394);
#8391 = B_SPLINE_CURVE_WITH_KNOTS('',1,(#8392,#8393),.UNSPECIFIED.,.F.,
  .F.,(2,2),(0.,13.230159590663),.PIECEWISE_BEZIER_KNOTS.);
#8392 = CARTESIAN_POINT('',(110.86662935745,105.939422,55.321563872522)
  );
#8393 = CARTESIAN_POINT('',(111.26808911745,105.939422,54.150101840522)
  );
#8394 = VECTOR('',#8395,1.);
#8395 = DIRECTION('',(-0.,-1.,-0.));
#8396 = ADVANCED_FACE('',(#8397),#8411,.T.);
#8397 = FACE_BOUND('',#8398,.T.);
#8398 = EDGE_LOOP('',(#8399,#8400,#8405,#8406));
#8399 = ORIENTED_EDGE('',*,*,#8348,.T.);
#8400 = ORIENTED_EDGE('',*,*,#8401,.T.);
#8401 = EDGE_CURVE('',#8342,#8373,#8402,.T.);
#8402 = B_SPLINE_CURVE_WITH_KNOTS('',1,(#8403,#8404),.UNSPECIFIED.,.F.,
  .F.,(2,2),(0.,13.230159590663),.PIECEWISE_BEZIER_KNOTS.);
#8403 = CARTESIAN_POINT('',(110.46516959745,106.939422,54.150101840522)
  );
#8404 = CARTESIAN_POINT('',(110.86662935745,106.939422,55.321563872522)
  );
#8405 = ORIENTED_EDGE('',*,*,#8370,.F.);
#8406 = ORIENTED_EDGE('',*,*,#8407,.F.);
#8407 = EDGE_CURVE('',#8349,#8371,#8408,.T.);
#8408 = B_SPLINE_CURVE_WITH_KNOTS('',1,(#8409,#8410),.UNSPECIFIED.,.F.,
  .F.,(2,2),(0.,13.230159590663),.PIECEWISE_BEZIER_KNOTS.);
#8409 = CARTESIAN_POINT('',(110.46516959745,105.939422,54.150101840522)
  );
#8410 = CARTESIAN_POINT('',(110.86662935745,105.939422,55.321563872522)
  );
#8411 = SURFACE_OF_LINEAR_EXTRUSION('',#8412,#8415);
#8412 = B_SPLINE_CURVE_WITH_KNOTS('',1,(#8413,#8414),.UNSPECIFIED.,.F.,
  .F.,(2,2),(0.,13.230159590663),.PIECEWISE_BEZIER_KNOTS.);
#8413 = CARTESIAN_POINT('',(110.46516959745,105.939422,54.150101840522)
  );
#8414 = CARTESIAN_POINT('',(110.86662935745,105.939422,55.321563872522)
  );
#8415 = VECTOR('',#8416,1.);
#8416 = DIRECTION('',(-0.,-1.,-0.));
#8417 = ADVANCED_FACE('',(#8418,#8428),#8433,.T.);
#8418 = FACE_BOUND('',#8419,.T.);
#8419 = EDGE_LOOP('',(#8420,#8421,#8422,#8423,#8424,#8425,#8426,#8427));
#8420 = ORIENTED_EDGE('',*,*,#8116,.T.);
#8421 = ORIENTED_EDGE('',*,*,#8176,.T.);
#8422 = ORIENTED_EDGE('',*,*,#8236,.T.);
#8423 = ORIENTED_EDGE('',*,*,#8296,.T.);
#8424 = ORIENTED_EDGE('',*,*,#8317,.T.);
#8425 = ORIENTED_EDGE('',*,*,#8266,.T.);
#8426 = ORIENTED_EDGE('',*,*,#8206,.T.);
#8427 = ORIENTED_EDGE('',*,*,#8146,.T.);
#8428 = FACE_BOUND('',#8429,.T.);
#8429 = EDGE_LOOP('',(#8430,#8431,#8432));
#8430 = ORIENTED_EDGE('',*,*,#8356,.T.);
#8431 = ORIENTED_EDGE('',*,*,#8407,.T.);
#8432 = ORIENTED_EDGE('',*,*,#8386,.T.);
#8433 = B_SPLINE_SURFACE_WITH_KNOTS('',1,1,(
    (#8434,#8435)
    ,(#8436,#8437
    )),.UNSPECIFIED.,.F.,.F.,.F.,(2,2),(2,2),(-18.07931690683,
    18.061283093164),(-13.76990092823,21.128539071768),
  .PIECEWISE_BEZIER_KNOTS.);
#8434 = CARTESIAN_POINT('',(109.16427935745,105.939422,52.890888872522)
  );
#8435 = CARTESIAN_POINT('',(109.16427935745,105.939422,56.157382856522)
  );
#8436 = CARTESIAN_POINT('',(112.54703951745,105.939422,52.890888872522)
  );
#8437 = CARTESIAN_POINT('',(112.54703951745,105.939422,56.157382856522)
  );
#8438 = ADVANCED_FACE('',(#8439,#8449),#8454,.F.);
#8439 = FACE_BOUND('',#8440,.F.);
#8440 = EDGE_LOOP('',(#8441,#8442,#8443,#8444,#8445,#8446,#8447,#8448));
#8441 = ORIENTED_EDGE('',*,*,#8101,.T.);
#8442 = ORIENTED_EDGE('',*,*,#8161,.T.);
#8443 = ORIENTED_EDGE('',*,*,#8221,.T.);
#8444 = ORIENTED_EDGE('',*,*,#8281,.T.);
#8445 = ORIENTED_EDGE('',*,*,#8311,.T.);
#8446 = ORIENTED_EDGE('',*,*,#8260,.T.);
#8447 = ORIENTED_EDGE('',*,*,#8200,.T.);
#8448 = ORIENTED_EDGE('',*,*,#8140,.T.);
#8449 = FACE_BOUND('',#8450,.F.);
#8450 = EDGE_LOOP('',(#8451,#8452,#8453));
#8451 = ORIENTED_EDGE('',*,*,#8341,.T.);
#8452 = ORIENTED_EDGE('',*,*,#8401,.T.);
#8453 = ORIENTED_EDGE('',*,*,#8380,.T.);
#8454 = B_SPLINE_SURFACE_WITH_KNOTS('',1,1,(
    (#8455,#8456)
    ,(#8457,#8458
    )),.UNSPECIFIED.,.F.,.F.,.F.,(2,2),(2,2),(-18.07931690683,
    18.061283093164),(-13.76990092823,21.128539071768),
  .PIECEWISE_BEZIER_KNOTS.);
#8455 = CARTESIAN_POINT('',(109.16427935745,106.939422,52.890888872522)
  );
#8456 = CARTESIAN_POINT('',(109.16427935745,106.939422,56.157382856522)
  );
#8457 = CARTESIAN_POINT('',(112.54703951745,106.939422,52.890888872522)
  );
#8458 = CARTESIAN_POINT('',(112.54703951745,106.939422,56.157382856522)
  );
#8459 = MANIFOLD_SOLID_BREP('',#8460);
#8460 = CLOSED_SHELL('',(#8461,#8503,#8536,#8569,#8602,#8632,#8662,#8695
    ,#8728,#8761,#8794,#8827,#8860,#8893,#8926,#8959,#8992,#9025,#9058,
    #9091,#9124,#9157,#9190,#9220,#9250,#9283,#9316,#9349,#9382,#9415,
    #9448,#9481,#9514,#9547,#9580,#9613,#9637,#9681));
#8461 = ADVANCED_FACE('',(#8462),#8496,.T.);
#8462 = FACE_BOUND('',#8463,.T.);
#8463 = EDGE_LOOP('',(#8464,#8474,#8482,#8490));
#8464 = ORIENTED_EDGE('',*,*,#8465,.T.);
#8465 = EDGE_CURVE('',#8466,#8468,#8470,.T.);
#8466 = VERTEX_POINT('',#8467);
#8467 = CARTESIAN_POINT('',(106.07986919745,105.939422,53.917563872522)
  );
#8468 = VERTEX_POINT('',#8469);
#8469 = CARTESIAN_POINT('',(106.07986919745,106.939422,53.917563872522)
  );
#8470 = LINE('',#8471,#8472);
#8471 = CARTESIAN_POINT('',(106.07986919745,105.939422,53.917563872522)
  );
#8472 = VECTOR('',#8473,1.);
#8473 = DIRECTION('',(0.,1.,0.));
#8474 = ORIENTED_EDGE('',*,*,#8475,.T.);
#8475 = EDGE_CURVE('',#8468,#8476,#8478,.T.);
#8476 = VERTEX_POINT('',#8477);
#8477 = CARTESIAN_POINT('',(106.49009927745,106.939422,53.132201840522)
  );
#8478 = B_SPLINE_CURVE_WITH_KNOTS('',2,(#8479,#8480,#8481),
  .UNSPECIFIED.,.F.,.F.,(3,3),(0.,1.),.PIECEWISE_BEZIER_KNOTS.);
#8479 = CARTESIAN_POINT('',(106.07986919745,106.939422,53.917563872522)
  );
#8480 = CARTESIAN_POINT('',(106.07986919745,106.939422,53.434938872522)
  );
#8481 = CARTESIAN_POINT('',(106.49009927745,106.939422,53.132201840522)
  );
#8482 = ORIENTED_EDGE('',*,*,#8483,.F.);
#8483 = EDGE_CURVE('',#8484,#8476,#8486,.T.);
#8484 = VERTEX_POINT('',#8485);
#8485 = CARTESIAN_POINT('',(106.49009927745,105.939422,53.132201840522)
  );
#8486 = LINE('',#8487,#8488);
#8487 = CARTESIAN_POINT('',(106.49009927745,105.939422,53.132201840522)
  );
#8488 = VECTOR('',#8489,1.);
#8489 = DIRECTION('',(0.,1.,0.));
#8490 = ORIENTED_EDGE('',*,*,#8491,.F.);
#8491 = EDGE_CURVE('',#8466,#8484,#8492,.T.);
#8492 = B_SPLINE_CURVE_WITH_KNOTS('',2,(#8493,#8494,#8495),
  .UNSPECIFIED.,.F.,.F.,(3,3),(0.,1.),.PIECEWISE_BEZIER_KNOTS.);
#8493 = CARTESIAN_POINT('',(106.07986919745,105.939422,53.917563872522)
  );
#8494 = CARTESIAN_POINT('',(106.07986919745,105.939422,53.434938872522)
  );
#8495 = CARTESIAN_POINT('',(106.49009927745,105.939422,53.132201840522)
  );
#8496 = SURFACE_OF_LINEAR_EXTRUSION('',#8497,#8501);
#8497 = B_SPLINE_CURVE_WITH_KNOTS('',2,(#8498,#8499,#8500),
  .UNSPECIFIED.,.F.,.F.,(3,3),(0.,1.),.PIECEWISE_BEZIER_KNOTS.);
#8498 = CARTESIAN_POINT('',(106.07986919745,105.939422,53.917563872522)
  );
#8499 = CARTESIAN_POINT('',(106.07986919745,105.939422,53.434938872522)
  );
#8500 = CARTESIAN_POINT('',(106.49009927745,105.939422,53.132201840522)
  );
#8501 = VECTOR('',#8502,1.);
#8502 = DIRECTION('',(-0.,-1.,-0.));
#8503 = ADVANCED_FACE('',(#8504),#8529,.T.);
#8504 = FACE_BOUND('',#8505,.T.);
#8505 = EDGE_LOOP('',(#8506,#8507,#8515,#8523));
#8506 = ORIENTED_EDGE('',*,*,#8483,.T.);
#8507 = ORIENTED_EDGE('',*,*,#8508,.T.);
#8508 = EDGE_CURVE('',#8476,#8509,#8511,.T.);
#8509 = VERTEX_POINT('',#8510);
#8510 = CARTESIAN_POINT('',(107.60013911745,106.939422,52.831657856522)
  );
#8511 = B_SPLINE_CURVE_WITH_KNOTS('',2,(#8512,#8513,#8514),
  .UNSPECIFIED.,.F.,.F.,(3,3),(0.,1.),.PIECEWISE_BEZIER_KNOTS.);
#8512 = CARTESIAN_POINT('',(106.49009927745,106.939422,53.132201840522)
  );
#8513 = CARTESIAN_POINT('',(106.89813911745,106.939422,52.831657856522)
  );
#8514 = CARTESIAN_POINT('',(107.60013911745,106.939422,52.831657856522)
  );
#8515 = ORIENTED_EDGE('',*,*,#8516,.F.);
#8516 = EDGE_CURVE('',#8517,#8509,#8519,.T.);
#8517 = VERTEX_POINT('',#8518);
#8518 = CARTESIAN_POINT('',(107.60013911745,105.939422,52.831657856522)
  );
#8519 = LINE('',#8520,#8521);
#8520 = CARTESIAN_POINT('',(107.60013911745,105.939422,52.831657856522)
  );
#8521 = VECTOR('',#8522,1.);
#8522 = DIRECTION('',(0.,1.,0.));
#8523 = ORIENTED_EDGE('',*,*,#8524,.F.);
#8524 = EDGE_CURVE('',#8484,#8517,#8525,.T.);
#8525 = B_SPLINE_CURVE_WITH_KNOTS('',2,(#8526,#8527,#8528),
  .UNSPECIFIED.,.F.,.F.,(3,3),(0.,1.),.PIECEWISE_BEZIER_KNOTS.);
#8526 = CARTESIAN_POINT('',(106.49009927745,105.939422,53.132201840522)
  );
#8527 = CARTESIAN_POINT('',(106.89813911745,105.939422,52.831657856522)
  );
#8528 = CARTESIAN_POINT('',(107.60013911745,105.939422,52.831657856522)
  );
#8529 = SURFACE_OF_LINEAR_EXTRUSION('',#8530,#8534);
#8530 = B_SPLINE_CURVE_WITH_KNOTS('',2,(#8531,#8532,#8533),
  .UNSPECIFIED.,.F.,.F.,(3,3),(0.,1.),.PIECEWISE_BEZIER_KNOTS.);
#8531 = CARTESIAN_POINT('',(106.49009927745,105.939422,53.132201840522)
  );
#8532 = CARTESIAN_POINT('',(106.89813911745,105.939422,52.831657856522)
  );
#8533 = CARTESIAN_POINT('',(107.60013911745,105.939422,52.831657856522)
  );
#8534 = VECTOR('',#8535,1.);
#8535 = DIRECTION('',(-0.,-1.,-0.));
#8536 = ADVANCED_FACE('',(#8537),#8562,.T.);
#8537 = FACE_BOUND('',#8538,.T.);
#8538 = EDGE_LOOP('',(#8539,#8540,#8548,#8556));
#8539 = ORIENTED_EDGE('',*,*,#8516,.T.);
#8540 = ORIENTED_EDGE('',*,*,#8541,.T.);
#8541 = EDGE_CURVE('',#8509,#8542,#8544,.T.);
#8542 = VERTEX_POINT('',#8543);
#8543 = CARTESIAN_POINT('',(108.30871919745,106.939422,52.901857856522)
  );
#8544 = B_SPLINE_CURVE_WITH_KNOTS('',2,(#8545,#8546,#8547),
  .UNSPECIFIED.,.F.,.F.,(3,3),(0.,1.),.PIECEWISE_BEZIER_KNOTS.);
#8545 = CARTESIAN_POINT('',(107.60013911745,106.939422,52.831657856522)
  );
#8546 = CARTESIAN_POINT('',(108.00597935745,106.939422,52.831657856522)
  );
#8547 = CARTESIAN_POINT('',(108.30871919745,106.939422,52.901857856522)
  );
#8548 = ORIENTED_EDGE('',*,*,#8549,.F.);
#8549 = EDGE_CURVE('',#8550,#8542,#8552,.T.);
#8550 = VERTEX_POINT('',#8551);
#8551 = CARTESIAN_POINT('',(108.30871919745,105.939422,52.901857856522)
  );
#8552 = LINE('',#8553,#8554);
#8553 = CARTESIAN_POINT('',(108.30871919745,105.939422,52.901857856522)
  );
#8554 = VECTOR('',#8555,1.);
#8555 = DIRECTION('',(0.,1.,0.));
#8556 = ORIENTED_EDGE('',*,*,#8557,.F.);
#8557 = EDGE_CURVE('',#8517,#8550,#8558,.T.);
#8558 = B_SPLINE_CURVE_WITH_KNOTS('',2,(#8559,#8560,#8561),
  .UNSPECIFIED.,.F.,.F.,(3,3),(0.,1.),.PIECEWISE_BEZIER_KNOTS.);
#8559 = CARTESIAN_POINT('',(107.60013911745,105.939422,52.831657856522)
  );
#8560 = CARTESIAN_POINT('',(108.00597935745,105.939422,52.831657856522)
  );
#8561 = CARTESIAN_POINT('',(108.30871919745,105.939422,52.901857856522)
  );
#8562 = SURFACE_OF_LINEAR_EXTRUSION('',#8563,#8567);
#8563 = B_SPLINE_CURVE_WITH_KNOTS('',2,(#8564,#8565,#8566),
  .UNSPECIFIED.,.F.,.F.,(3,3),(0.,1.),.PIECEWISE_BEZIER_KNOTS.);
#8564 = CARTESIAN_POINT('',(107.60013911745,105.939422,52.831657856522)
  );
#8565 = CARTESIAN_POINT('',(108.00597935745,105.939422,52.831657856522)
  );
#8566 = CARTESIAN_POINT('',(108.30871919745,105.939422,52.901857856522)
  );
#8567 = VECTOR('',#8568,1.);
#8568 = DIRECTION('',(-0.,-1.,-0.));
#8569 = ADVANCED_FACE('',(#8570),#8595,.T.);
#8570 = FACE_BOUND('',#8571,.T.);
#8571 = EDGE_LOOP('',(#8572,#8573,#8581,#8589));
#8572 = ORIENTED_EDGE('',*,*,#8549,.T.);
#8573 = ORIENTED_EDGE('',*,*,#8574,.T.);
#8574 = EDGE_CURVE('',#8542,#8575,#8577,.T.);
#8575 = VERTEX_POINT('',#8576);
#8576 = CARTESIAN_POINT('',(108.87250943745,106.939422,53.083938872522)
  );
#8577 = B_SPLINE_CURVE_WITH_KNOTS('',2,(#8578,#8579,#8580),
  .UNSPECIFIED.,.F.,.F.,(3,3),(0.,1.),.PIECEWISE_BEZIER_KNOTS.);
#8578 = CARTESIAN_POINT('',(108.30871919745,106.939422,52.901857856522)
  );
#8579 = CARTESIAN_POINT('',(108.60925943745,106.939422,52.974251840522)
  );
#8580 = CARTESIAN_POINT('',(108.87250943745,106.939422,53.083938872522)
  );
#8581 = ORIENTED_EDGE('',*,*,#8582,.F.);
#8582 = EDGE_CURVE('',#8583,#8575,#8585,.T.);
#8583 = VERTEX_POINT('',#8584);
#8584 = CARTESIAN_POINT('',(108.87250943745,105.939422,53.083938872522)
  );
#8585 = LINE('',#8586,#8587);
#8586 = CARTESIAN_POINT('',(108.87250943745,105.939422,53.083938872522)
  );
#8587 = VECTOR('',#8588,1.);
#8588 = DIRECTION('',(0.,1.,0.));
#8589 = ORIENTED_EDGE('',*,*,#8590,.F.);
#8590 = EDGE_CURVE('',#8550,#8583,#8591,.T.);
#8591 = B_SPLINE_CURVE_WITH_KNOTS('',2,(#8592,#8593,#8594),
  .UNSPECIFIED.,.F.,.F.,(3,3),(0.,1.),.PIECEWISE_BEZIER_KNOTS.);
#8592 = CARTESIAN_POINT('',(108.30871919745,105.939422,52.901857856522)
  );
#8593 = CARTESIAN_POINT('',(108.60925943745,105.939422,52.974251840522)
  );
#8594 = CARTESIAN_POINT('',(108.87250943745,105.939422,53.083938872522)
  );
#8595 = SURFACE_OF_LINEAR_EXTRUSION('',#8596,#8600);
#8596 = B_SPLINE_CURVE_WITH_KNOTS('',2,(#8597,#8598,#8599),
  .UNSPECIFIED.,.F.,.F.,(3,3),(0.,1.),.PIECEWISE_BEZIER_KNOTS.);
#8597 = CARTESIAN_POINT('',(108.30871919745,105.939422,52.901857856522)
  );
#8598 = CARTESIAN_POINT('',(108.60925943745,105.939422,52.974251840522)
  );
#8599 = CARTESIAN_POINT('',(108.87250943745,105.939422,53.083938872522)
  );
#8600 = VECTOR('',#8601,1.);
#8601 = DIRECTION('',(-0.,-1.,-0.));
#8602 = ADVANCED_FACE('',(#8603),#8626,.T.);
#8603 = FACE_BOUND('',#8604,.T.);
#8604 = EDGE_LOOP('',(#8605,#8606,#8613,#8621));
#8605 = ORIENTED_EDGE('',*,*,#8582,.T.);
#8606 = ORIENTED_EDGE('',*,*,#8607,.T.);
#8607 = EDGE_CURVE('',#8575,#8608,#8610,.T.);
#8608 = VERTEX_POINT('',#8609);
#8609 = CARTESIAN_POINT('',(108.87250943745,106.939422,53.867107856522)
  );
#8610 = B_SPLINE_CURVE_WITH_KNOTS('',1,(#8611,#8612),.UNSPECIFIED.,.F.,
  .F.,(2,2),(0.,8.36719),.PIECEWISE_BEZIER_KNOTS.);
#8611 = CARTESIAN_POINT('',(108.87250943745,106.939422,53.083938872522)
  );
#8612 = CARTESIAN_POINT('',(108.87250943745,106.939422,53.867107856522)
  );
#8613 = ORIENTED_EDGE('',*,*,#8614,.F.);
#8614 = EDGE_CURVE('',#8615,#8608,#8617,.T.);
#8615 = VERTEX_POINT('',#8616);
#8616 = CARTESIAN_POINT('',(108.87250943745,105.939422,53.867107856522)
  );
#8617 = LINE('',#8618,#8619);
#8618 = CARTESIAN_POINT('',(108.87250943745,105.939422,53.867107856522)
  );
#8619 = VECTOR('',#8620,1.);
#8620 = DIRECTION('',(0.,1.,0.));
#8621 = ORIENTED_EDGE('',*,*,#8622,.F.);
#8622 = EDGE_CURVE('',#8583,#8615,#8623,.T.);
#8623 = B_SPLINE_CURVE_WITH_KNOTS('',1,(#8624,#8625),.UNSPECIFIED.,.F.,
  .F.,(2,2),(0.,8.36719),.PIECEWISE_BEZIER_KNOTS.);
#8624 = CARTESIAN_POINT('',(108.87250943745,105.939422,53.083938872522)
  );
#8625 = CARTESIAN_POINT('',(108.87250943745,105.939422,53.867107856522)
  );
#8626 = SURFACE_OF_LINEAR_EXTRUSION('',#8627,#8630);
#8627 = B_SPLINE_CURVE_WITH_KNOTS('',1,(#8628,#8629),.UNSPECIFIED.,.F.,
  .F.,(2,2),(0.,8.36719),.PIECEWISE_BEZIER_KNOTS.);
#8628 = CARTESIAN_POINT('',(108.87250943745,105.939422,53.083938872522)
  );
#8629 = CARTESIAN_POINT('',(108.87250943745,105.939422,53.867107856522)
  );
#8630 = VECTOR('',#8631,1.);
#8631 = DIRECTION('',(-0.,-1.,-0.));
#8632 = ADVANCED_FACE('',(#8633),#8656,.T.);
#8633 = FACE_BOUND('',#8634,.T.);
#8634 = EDGE_LOOP('',(#8635,#8636,#8643,#8651));
#8635 = ORIENTED_EDGE('',*,*,#8614,.T.);
#8636 = ORIENTED_EDGE('',*,*,#8637,.T.);
#8637 = EDGE_CURVE('',#8608,#8638,#8640,.T.);
#8638 = VERTEX_POINT('',#8639);
#8639 = CARTESIAN_POINT('',(108.78036959745,106.939422,53.867107856522)
  );
#8640 = B_SPLINE_CURVE_WITH_KNOTS('',1,(#8641,#8642),.UNSPECIFIED.,.F.,
  .F.,(2,2),(0.,0.9844),.PIECEWISE_BEZIER_KNOTS.);
#8641 = CARTESIAN_POINT('',(108.87250943745,106.939422,53.867107856522)
  );
#8642 = CARTESIAN_POINT('',(108.78036959745,106.939422,53.867107856522)
  );
#8643 = ORIENTED_EDGE('',*,*,#8644,.F.);
#8644 = EDGE_CURVE('',#8645,#8638,#8647,.T.);
#8645 = VERTEX_POINT('',#8646);
#8646 = CARTESIAN_POINT('',(108.78036959745,105.939422,53.867107856522)
  );
#8647 = LINE('',#8648,#8649);
#8648 = CARTESIAN_POINT('',(108.78036959745,105.939422,53.867107856522)
  );
#8649 = VECTOR('',#8650,1.);
#8650 = DIRECTION('',(0.,1.,0.));
#8651 = ORIENTED_EDGE('',*,*,#8652,.F.);
#8652 = EDGE_CURVE('',#8615,#8645,#8653,.T.);
#8653 = B_SPLINE_CURVE_WITH_KNOTS('',1,(#8654,#8655),.UNSPECIFIED.,.F.,
  .F.,(2,2),(0.,0.9844),.PIECEWISE_BEZIER_KNOTS.);
#8654 = CARTESIAN_POINT('',(108.87250943745,105.939422,53.867107856522)
  );
#8655 = CARTESIAN_POINT('',(108.78036959745,105.939422,53.867107856522)
  );
#8656 = SURFACE_OF_LINEAR_EXTRUSION('',#8657,#8660);
#8657 = B_SPLINE_CURVE_WITH_KNOTS('',1,(#8658,#8659),.UNSPECIFIED.,.F.,
  .F.,(2,2),(0.,0.9844),.PIECEWISE_BEZIER_KNOTS.);
#8658 = CARTESIAN_POINT('',(108.87250943745,105.939422,53.867107856522)
  );
#8659 = CARTESIAN_POINT('',(108.78036959745,105.939422,53.867107856522)
  );
#8660 = VECTOR('',#8661,1.);
#8661 = DIRECTION('',(-0.,-1.,-0.));
#8662 = ADVANCED_FACE('',(#8663),#8688,.T.);
#8663 = FACE_BOUND('',#8664,.T.);
#8664 = EDGE_LOOP('',(#8665,#8666,#8674,#8682));
#8665 = ORIENTED_EDGE('',*,*,#8644,.T.);
#8666 = ORIENTED_EDGE('',*,*,#8667,.T.);
#8667 = EDGE_CURVE('',#8638,#8668,#8670,.T.);
#8668 = VERTEX_POINT('',#8669);
#8669 = CARTESIAN_POINT('',(108.19683911745,106.939422,53.546819888522)
  );
#8670 = B_SPLINE_CURVE_WITH_KNOTS('',2,(#8671,#8672,#8673),
  .UNSPECIFIED.,.F.,.F.,(3,3),(0.,1.),.PIECEWISE_BEZIER_KNOTS.);
#8671 = CARTESIAN_POINT('',(108.78036959745,106.939422,53.867107856522)
  );
#8672 = CARTESIAN_POINT('',(108.51931919745,106.939422,53.658701840522)
  );
#8673 = CARTESIAN_POINT('',(108.19683911745,106.939422,53.546819888522)
  );
#8674 = ORIENTED_EDGE('',*,*,#8675,.F.);
#8675 = EDGE_CURVE('',#8676,#8668,#8678,.T.);
#8676 = VERTEX_POINT('',#8677);
#8677 = CARTESIAN_POINT('',(108.19683911745,105.939422,53.546819888522)
  );
#8678 = LINE('',#8679,#8680);
#8679 = CARTESIAN_POINT('',(108.19683911745,105.939422,53.546819888522)
  );
#8680 = VECTOR('',#8681,1.);
#8681 = DIRECTION('',(0.,1.,0.));
#8682 = ORIENTED_EDGE('',*,*,#8683,.F.);
#8683 = EDGE_CURVE('',#8645,#8676,#8684,.T.);
#8684 = B_SPLINE_CURVE_WITH_KNOTS('',2,(#8685,#8686,#8687),
  .UNSPECIFIED.,.F.,.F.,(3,3),(0.,1.),.PIECEWISE_BEZIER_KNOTS.);
#8685 = CARTESIAN_POINT('',(108.78036959745,105.939422,53.867107856522)
  );
#8686 = CARTESIAN_POINT('',(108.51931919745,105.939422,53.658701840522)
  );
#8687 = CARTESIAN_POINT('',(108.19683911745,105.939422,53.546819888522)
  );
#8688 = SURFACE_OF_LINEAR_EXTRUSION('',#8689,#8693);
#8689 = B_SPLINE_CURVE_WITH_KNOTS('',2,(#8690,#8691,#8692),
  .UNSPECIFIED.,.F.,.F.,(3,3),(0.,1.),.PIECEWISE_BEZIER_KNOTS.);
#8690 = CARTESIAN_POINT('',(108.78036959745,105.939422,53.867107856522)
  );
#8691 = CARTESIAN_POINT('',(108.51931919745,105.939422,53.658701840522)
  );
#8692 = CARTESIAN_POINT('',(108.19683911745,105.939422,53.546819888522)
  );
#8693 = VECTOR('',#8694,1.);
#8694 = DIRECTION('',(-0.,-1.,-0.));
#8695 = ADVANCED_FACE('',(#8696),#8721,.T.);
#8696 = FACE_BOUND('',#8697,.T.);
#8697 = EDGE_LOOP('',(#8698,#8699,#8707,#8715));
#8698 = ORIENTED_EDGE('',*,*,#8675,.T.);
#8699 = ORIENTED_EDGE('',*,*,#8700,.T.);
#8700 = EDGE_CURVE('',#8668,#8701,#8703,.T.);
#8701 = VERTEX_POINT('',#8702);
#8702 = CARTESIAN_POINT('',(107.57380943745,106.939422,53.434938872522)
  );
#8703 = B_SPLINE_CURVE_WITH_KNOTS('',2,(#8704,#8705,#8706),
  .UNSPECIFIED.,.F.,.F.,(3,3),(0.,1.),.PIECEWISE_BEZIER_KNOTS.);
#8704 = CARTESIAN_POINT('',(108.19683911745,106.939422,53.546819888522)
  );
#8705 = CARTESIAN_POINT('',(107.87215943745,106.939422,53.434938872522)
  );
#8706 = CARTESIAN_POINT('',(107.57380943745,106.939422,53.434938872522)
  );
#8707 = ORIENTED_EDGE('',*,*,#8708,.F.);
#8708 = EDGE_CURVE('',#8709,#8701,#8711,.T.);
#8709 = VERTEX_POINT('',#8710);
#8710 = CARTESIAN_POINT('',(107.57380943745,105.939422,53.434938872522)
  );
#8711 = LINE('',#8712,#8713);
#8712 = CARTESIAN_POINT('',(107.57380943745,105.939422,53.434938872522)
  );
#8713 = VECTOR('',#8714,1.);
#8714 = DIRECTION('',(0.,1.,0.));
#8715 = ORIENTED_EDGE('',*,*,#8716,.F.);
#8716 = EDGE_CURVE('',#8676,#8709,#8717,.T.);
#8717 = B_SPLINE_CURVE_WITH_KNOTS('',2,(#8718,#8719,#8720),
  .UNSPECIFIED.,.F.,.F.,(3,3),(0.,1.),.PIECEWISE_BEZIER_KNOTS.);
#8718 = CARTESIAN_POINT('',(108.19683911745,105.939422,53.546819888522)
  );
#8719 = CARTESIAN_POINT('',(107.87215943745,105.939422,53.434938872522)
  );
#8720 = CARTESIAN_POINT('',(107.57380943745,105.939422,53.434938872522)
  );
#8721 = SURFACE_OF_LINEAR_EXTRUSION('',#8722,#8726);
#8722 = B_SPLINE_CURVE_WITH_KNOTS('',2,(#8723,#8724,#8725),
  .UNSPECIFIED.,.F.,.F.,(3,3),(0.,1.),.PIECEWISE_BEZIER_KNOTS.);
#8723 = CARTESIAN_POINT('',(108.19683911745,105.939422,53.546819888522)
  );
#8724 = CARTESIAN_POINT('',(107.87215943745,105.939422,53.434938872522)
  );
#8725 = CARTESIAN_POINT('',(107.57380943745,105.939422,53.434938872522)
  );
#8726 = VECTOR('',#8727,1.);
#8727 = DIRECTION('',(-0.,-1.,-0.));
#8728 = ADVANCED_FACE('',(#8729),#8754,.T.);
#8729 = FACE_BOUND('',#8730,.T.);
#8730 = EDGE_LOOP('',(#8731,#8732,#8740,#8748));
#8731 = ORIENTED_EDGE('',*,*,#8708,.T.);
#8732 = ORIENTED_EDGE('',*,*,#8733,.T.);
#8733 = EDGE_CURVE('',#8701,#8734,#8736,.T.);
#8734 = VERTEX_POINT('',#8735);
#8735 = CARTESIAN_POINT('',(107.37198911745,106.939422,53.448101840522)
  );
#8736 = B_SPLINE_CURVE_WITH_KNOTS('',2,(#8737,#8738,#8739),
  .UNSPECIFIED.,.F.,.F.,(3,3),(0.,1.),.PIECEWISE_BEZIER_KNOTS.);
#8737 = CARTESIAN_POINT('',(107.57380943745,106.939422,53.434938872522)
  );
#8738 = CARTESIAN_POINT('',(107.49702935745,106.939422,53.434938872522)
  );
#8739 = CARTESIAN_POINT('',(107.37198911745,106.939422,53.448101840522)
  );
#8740 = ORIENTED_EDGE('',*,*,#8741,.F.);
#8741 = EDGE_CURVE('',#8742,#8734,#8744,.T.);
#8742 = VERTEX_POINT('',#8743);
#8743 = CARTESIAN_POINT('',(107.37198911745,105.939422,53.448101840522)
  );
#8744 = LINE('',#8745,#8746);
#8745 = CARTESIAN_POINT('',(107.37198911745,105.939422,53.448101840522)
  );
#8746 = VECTOR('',#8747,1.);
#8747 = DIRECTION('',(0.,1.,0.));
#8748 = ORIENTED_EDGE('',*,*,#8749,.F.);
#8749 = EDGE_CURVE('',#8709,#8742,#8750,.T.);
#8750 = B_SPLINE_CURVE_WITH_KNOTS('',2,(#8751,#8752,#8753),
  .UNSPECIFIED.,.F.,.F.,(3,3),(0.,1.),.PIECEWISE_BEZIER_KNOTS.);
#8751 = CARTESIAN_POINT('',(107.57380943745,105.939422,53.434938872522)
  );
#8752 = CARTESIAN_POINT('',(107.49702935745,105.939422,53.434938872522)
  );
#8753 = CARTESIAN_POINT('',(107.37198911745,105.939422,53.448101840522)
  );
#8754 = SURFACE_OF_LINEAR_EXTRUSION('',#8755,#8759);
#8755 = B_SPLINE_CURVE_WITH_KNOTS('',2,(#8756,#8757,#8758),
  .UNSPECIFIED.,.F.,.F.,(3,3),(0.,1.),.PIECEWISE_BEZIER_KNOTS.);
#8756 = CARTESIAN_POINT('',(107.57380943745,105.939422,53.434938872522)
  );
#8757 = CARTESIAN_POINT('',(107.49702935745,105.939422,53.434938872522)
  );
#8758 = CARTESIAN_POINT('',(107.37198911745,105.939422,53.448101840522)
  );
#8759 = VECTOR('',#8760,1.);
#8760 = DIRECTION('',(-0.,-1.,-0.));
#8761 = ADVANCED_FACE('',(#8762),#8787,.T.);
#8762 = FACE_BOUND('',#8763,.T.);
#8763 = EDGE_LOOP('',(#8764,#8765,#8773,#8781));
#8764 = ORIENTED_EDGE('',*,*,#8741,.T.);
#8765 = ORIENTED_EDGE('',*,*,#8766,.T.);
#8766 = EDGE_CURVE('',#8734,#8767,#8769,.T.);
#8767 = VERTEX_POINT('',#8768);
#8768 = CARTESIAN_POINT('',(107.16796919745,106.939422,53.491976840522)
  );
#8769 = B_SPLINE_CURVE_WITH_KNOTS('',2,(#8770,#8771,#8772),
  .UNSPECIFIED.,.F.,.F.,(3,3),(0.,1.),.PIECEWISE_BEZIER_KNOTS.);
#8770 = CARTESIAN_POINT('',(107.37198911745,106.939422,53.448101840522)
  );
#8771 = CARTESIAN_POINT('',(107.24693951745,106.939422,53.461263872522)
  );
#8772 = CARTESIAN_POINT('',(107.16796919745,106.939422,53.491976840522)
  );
#8773 = ORIENTED_EDGE('',*,*,#8774,.F.);
#8774 = EDGE_CURVE('',#8775,#8767,#8777,.T.);
#8775 = VERTEX_POINT('',#8776);
#8776 = CARTESIAN_POINT('',(107.16796919745,105.939422,53.491976840522)
  );
#8777 = LINE('',#8778,#8779);
#8778 = CARTESIAN_POINT('',(107.16796919745,105.939422,53.491976840522)
  );
#8779 = VECTOR('',#8780,1.);
#8780 = DIRECTION('',(0.,1.,0.));
#8781 = ORIENTED_EDGE('',*,*,#8782,.F.);
#8782 = EDGE_CURVE('',#8742,#8775,#8783,.T.);
#8783 = B_SPLINE_CURVE_WITH_KNOTS('',2,(#8784,#8785,#8786),
  .UNSPECIFIED.,.F.,.F.,(3,3),(0.,1.),.PIECEWISE_BEZIER_KNOTS.);
#8784 = CARTESIAN_POINT('',(107.37198911745,105.939422,53.448101840522)
  );
#8785 = CARTESIAN_POINT('',(107.24693951745,105.939422,53.461263872522)
  );
#8786 = CARTESIAN_POINT('',(107.16796919745,105.939422,53.491976840522)
  );
#8787 = SURFACE_OF_LINEAR_EXTRUSION('',#8788,#8792);
#8788 = B_SPLINE_CURVE_WITH_KNOTS('',2,(#8789,#8790,#8791),
  .UNSPECIFIED.,.F.,.F.,(3,3),(0.,1.),.PIECEWISE_BEZIER_KNOTS.);
#8789 = CARTESIAN_POINT('',(107.37198911745,105.939422,53.448101840522)
  );
#8790 = CARTESIAN_POINT('',(107.24693951745,105.939422,53.461263872522)
  );
#8791 = CARTESIAN_POINT('',(107.16796919745,105.939422,53.491976840522)
  );
#8792 = VECTOR('',#8793,1.);
#8793 = DIRECTION('',(-0.,-1.,-0.));
#8794 = ADVANCED_FACE('',(#8795),#8820,.T.);
#8795 = FACE_BOUND('',#8796,.T.);
#8796 = EDGE_LOOP('',(#8797,#8798,#8806,#8814));
#8797 = ORIENTED_EDGE('',*,*,#8774,.T.);
#8798 = ORIENTED_EDGE('',*,*,#8799,.T.);
#8799 = EDGE_CURVE('',#8767,#8800,#8802,.T.);
#8800 = VERTEX_POINT('',#8801);
#8801 = CARTESIAN_POINT('',(107.01001919745,106.939422,53.590694888522)
  );
#8802 = B_SPLINE_CURVE_WITH_KNOTS('',2,(#8803,#8804,#8805),
  .UNSPECIFIED.,.F.,.F.,(3,3),(0.,1.),.PIECEWISE_BEZIER_KNOTS.);
#8803 = CARTESIAN_POINT('',(107.16796919745,106.939422,53.491976840522)
  );
#8804 = CARTESIAN_POINT('',(107.07143951745,106.939422,53.531463872522)
  );
#8805 = CARTESIAN_POINT('',(107.01001919745,106.939422,53.590694888522)
  );
#8806 = ORIENTED_EDGE('',*,*,#8807,.F.);
#8807 = EDGE_CURVE('',#8808,#8800,#8810,.T.);
#8808 = VERTEX_POINT('',#8809);
#8809 = CARTESIAN_POINT('',(107.01001919745,105.939422,53.590694888522)
  );
#8810 = LINE('',#8811,#8812);
#8811 = CARTESIAN_POINT('',(107.01001919745,105.939422,53.590694888522)
  );
#8812 = VECTOR('',#8813,1.);
#8813 = DIRECTION('',(0.,1.,0.));
#8814 = ORIENTED_EDGE('',*,*,#8815,.F.);
#8815 = EDGE_CURVE('',#8775,#8808,#8816,.T.);
#8816 = B_SPLINE_CURVE_WITH_KNOTS('',2,(#8817,#8818,#8819),
  .UNSPECIFIED.,.F.,.F.,(3,3),(0.,1.),.PIECEWISE_BEZIER_KNOTS.);
#8817 = CARTESIAN_POINT('',(107.16796919745,105.939422,53.491976840522)
  );
#8818 = CARTESIAN_POINT('',(107.07143951745,105.939422,53.531463872522)
  );
#8819 = CARTESIAN_POINT('',(107.01001919745,105.939422,53.590694888522)
  );
#8820 = SURFACE_OF_LINEAR_EXTRUSION('',#8821,#8825);
#8821 = B_SPLINE_CURVE_WITH_KNOTS('',2,(#8822,#8823,#8824),
  .UNSPECIFIED.,.F.,.F.,(3,3),(0.,1.),.PIECEWISE_BEZIER_KNOTS.);
#8822 = CARTESIAN_POINT('',(107.16796919745,105.939422,53.491976840522)
  );
#8823 = CARTESIAN_POINT('',(107.07143951745,105.939422,53.531463872522)
  );
#8824 = CARTESIAN_POINT('',(107.01001919745,105.939422,53.590694888522)
  );
#8825 = VECTOR('',#8826,1.);
#8826 = DIRECTION('',(-0.,-1.,-0.));
#8827 = ADVANCED_FACE('',(#8828),#8853,.T.);
#8828 = FACE_BOUND('',#8829,.T.);
#8829 = EDGE_LOOP('',(#8830,#8831,#8839,#8847));
#8830 = ORIENTED_EDGE('',*,*,#8807,.T.);
#8831 = ORIENTED_EDGE('',*,*,#8832,.T.);
#8832 = EDGE_CURVE('',#8800,#8833,#8835,.T.);
#8833 = VERTEX_POINT('',#8834);
#8834 = CARTESIAN_POINT('',(106.94639927745,106.939422,53.766194888522)
  );
#8835 = B_SPLINE_CURVE_WITH_KNOTS('',2,(#8836,#8837,#8838),
  .UNSPECIFIED.,.F.,.F.,(3,3),(0.,1.),.PIECEWISE_BEZIER_KNOTS.);
#8836 = CARTESIAN_POINT('',(107.01001919745,106.939422,53.590694888522)
  );
#8837 = CARTESIAN_POINT('',(106.94639927745,106.939422,53.649926840522)
  );
#8838 = CARTESIAN_POINT('',(106.94639927745,106.939422,53.766194888522)
  );
#8839 = ORIENTED_EDGE('',*,*,#8840,.F.);
#8840 = EDGE_CURVE('',#8841,#8833,#8843,.T.);
#8841 = VERTEX_POINT('',#8842);
#8842 = CARTESIAN_POINT('',(106.94639927745,105.939422,53.766194888522)
  );
#8843 = LINE('',#8844,#8845);
#8844 = CARTESIAN_POINT('',(106.94639927745,105.939422,53.766194888522)
  );
#8845 = VECTOR('',#8846,1.);
#8846 = DIRECTION('',(0.,1.,0.));
#8847 = ORIENTED_EDGE('',*,*,#8848,.F.);
#8848 = EDGE_CURVE('',#8808,#8841,#8849,.T.);
#8849 = B_SPLINE_CURVE_WITH_KNOTS('',2,(#8850,#8851,#8852),
  .UNSPECIFIED.,.F.,.F.,(3,3),(0.,1.),.PIECEWISE_BEZIER_KNOTS.);
#8850 = CARTESIAN_POINT('',(107.01001919745,105.939422,53.590694888522)
  );
#8851 = CARTESIAN_POINT('',(106.94639927745,105.939422,53.649926840522)
  );
#8852 = CARTESIAN_POINT('',(106.94639927745,105.939422,53.766194888522)
  );
#8853 = SURFACE_OF_LINEAR_EXTRUSION('',#8854,#8858);
#8854 = B_SPLINE_CURVE_WITH_KNOTS('',2,(#8855,#8856,#8857),
  .UNSPECIFIED.,.F.,.F.,(3,3),(0.,1.),.PIECEWISE_BEZIER_KNOTS.);
#8855 = CARTESIAN_POINT('',(107.01001919745,105.939422,53.590694888522)
  );
#8856 = CARTESIAN_POINT('',(106.94639927745,105.939422,53.649926840522)
  );
#8857 = CARTESIAN_POINT('',(106.94639927745,105.939422,53.766194888522)
  );
#8858 = VECTOR('',#8859,1.);
#8859 = DIRECTION('',(-0.,-1.,-0.));
#8860 = ADVANCED_FACE('',(#8861),#8886,.T.);
#8861 = FACE_BOUND('',#8862,.T.);
#8862 = EDGE_LOOP('',(#8863,#8864,#8872,#8880));
#8863 = ORIENTED_EDGE('',*,*,#8840,.T.);
#8864 = ORIENTED_EDGE('',*,*,#8865,.T.);
#8865 = EDGE_CURVE('',#8833,#8866,#8868,.T.);
#8866 = VERTEX_POINT('',#8867);
#8867 = CARTESIAN_POINT('',(107.03853911745,106.939422,53.950469888522)
  );
#8868 = B_SPLINE_CURVE_WITH_KNOTS('',2,(#8869,#8870,#8871),
  .UNSPECIFIED.,.F.,.F.,(3,3),(0.,1.),.PIECEWISE_BEZIER_KNOTS.);
#8869 = CARTESIAN_POINT('',(106.94639927745,106.939422,53.766194888522)
  );
#8870 = CARTESIAN_POINT('',(106.94639927745,106.939422,53.873688872522)
  );
#8871 = CARTESIAN_POINT('',(107.03853911745,106.939422,53.950469888522)
  );
#8872 = ORIENTED_EDGE('',*,*,#8873,.F.);
#8873 = EDGE_CURVE('',#8874,#8866,#8876,.T.);
#8874 = VERTEX_POINT('',#8875);
#8875 = CARTESIAN_POINT('',(107.03853911745,105.939422,53.950469888522)
  );
#8876 = LINE('',#8877,#8878);
#8877 = CARTESIAN_POINT('',(107.03853911745,105.939422,53.950469888522)
  );
#8878 = VECTOR('',#8879,1.);
#8879 = DIRECTION('',(0.,1.,0.));
#8880 = ORIENTED_EDGE('',*,*,#8881,.F.);
#8881 = EDGE_CURVE('',#8841,#8874,#8882,.T.);
#8882 = B_SPLINE_CURVE_WITH_KNOTS('',2,(#8883,#8884,#8885),
  .UNSPECIFIED.,.F.,.F.,(3,3),(0.,1.),.PIECEWISE_BEZIER_KNOTS.);
#8883 = CARTESIAN_POINT('',(106.94639927745,105.939422,53.766194888522)
  );
#8884 = CARTESIAN_POINT('',(106.94639927745,105.939422,53.873688872522)
  );
#8885 = CARTESIAN_POINT('',(107.03853911745,105.939422,53.950469888522)
  );
#8886 = SURFACE_OF_LINEAR_EXTRUSION('',#8887,#8891);
#8887 = B_SPLINE_CURVE_WITH_KNOTS('',2,(#8888,#8889,#8890),
  .UNSPECIFIED.,.F.,.F.,(3,3),(0.,1.),.PIECEWISE_BEZIER_KNOTS.);
#8888 = CARTESIAN_POINT('',(106.94639927745,105.939422,53.766194888522)
  );
#8889 = CARTESIAN_POINT('',(106.94639927745,105.939422,53.873688872522)
  );
#8890 = CARTESIAN_POINT('',(107.03853911745,105.939422,53.950469888522)
  );
#8891 = VECTOR('',#8892,1.);
#8892 = DIRECTION('',(-0.,-1.,-0.));
#8893 = ADVANCED_FACE('',(#8894),#8919,.T.);
#8894 = FACE_BOUND('',#8895,.T.);
#8895 = EDGE_LOOP('',(#8896,#8897,#8905,#8913));
#8896 = ORIENTED_EDGE('',*,*,#8873,.T.);
#8897 = ORIENTED_EDGE('',*,*,#8898,.T.);
#8898 = EDGE_CURVE('',#8866,#8899,#8901,.T.);
#8899 = VERTEX_POINT('',#8900);
#8900 = CARTESIAN_POINT('',(107.30397935745,106.939422,54.071126840522)
  );
#8901 = B_SPLINE_CURVE_WITH_KNOTS('',2,(#8902,#8903,#8904),
  .UNSPECIFIED.,.F.,.F.,(3,3),(0.,1.),.PIECEWISE_BEZIER_KNOTS.);
#8902 = CARTESIAN_POINT('',(107.03853911745,106.939422,53.950469888522)
  );
#8903 = CARTESIAN_POINT('',(107.12847935745,106.939422,54.029444888522)
  );
#8904 = CARTESIAN_POINT('',(107.30397935745,106.939422,54.071126840522)
  );
#8905 = ORIENTED_EDGE('',*,*,#8906,.F.);
#8906 = EDGE_CURVE('',#8907,#8899,#8909,.T.);
#8907 = VERTEX_POINT('',#8908);
#8908 = CARTESIAN_POINT('',(107.30397935745,105.939422,54.071126840522)
  );
#8909 = LINE('',#8910,#8911);
#8910 = CARTESIAN_POINT('',(107.30397935745,105.939422,54.071126840522)
  );
#8911 = VECTOR('',#8912,1.);
#8912 = DIRECTION('',(0.,1.,0.));
#8913 = ORIENTED_EDGE('',*,*,#8914,.F.);
#8914 = EDGE_CURVE('',#8874,#8907,#8915,.T.);
#8915 = B_SPLINE_CURVE_WITH_KNOTS('',2,(#8916,#8917,#8918),
  .UNSPECIFIED.,.F.,.F.,(3,3),(0.,1.),.PIECEWISE_BEZIER_KNOTS.);
#8916 = CARTESIAN_POINT('',(107.03853911745,105.939422,53.950469888522)
  );
#8917 = CARTESIAN_POINT('',(107.12847935745,105.939422,54.029444888522)
  );
#8918 = CARTESIAN_POINT('',(107.30397935745,105.939422,54.071126840522)
  );
#8919 = SURFACE_OF_LINEAR_EXTRUSION('',#8920,#8924);
#8920 = B_SPLINE_CURVE_WITH_KNOTS('',2,(#8921,#8922,#8923),
  .UNSPECIFIED.,.F.,.F.,(3,3),(0.,1.),.PIECEWISE_BEZIER_KNOTS.);
#8921 = CARTESIAN_POINT('',(107.03853911745,105.939422,53.950469888522)
  );
#8922 = CARTESIAN_POINT('',(107.12847935745,105.939422,54.029444888522)
  );
#8923 = CARTESIAN_POINT('',(107.30397935745,105.939422,54.071126840522)
  );
#8924 = VECTOR('',#8925,1.);
#8925 = DIRECTION('',(-0.,-1.,-0.));
#8926 = ADVANCED_FACE('',(#8927),#8952,.T.);
#8927 = FACE_BOUND('',#8928,.T.);
#8928 = EDGE_LOOP('',(#8929,#8930,#8938,#8946));
#8929 = ORIENTED_EDGE('',*,*,#8906,.T.);
#8930 = ORIENTED_EDGE('',*,*,#8931,.T.);
#8931 = EDGE_CURVE('',#8899,#8932,#8934,.T.);
#8932 = VERTEX_POINT('',#8933);
#8933 = CARTESIAN_POINT('',(107.69446919745,106.939422,54.152294888522)
  );
#8934 = B_SPLINE_CURVE_WITH_KNOTS('',2,(#8935,#8936,#8937),
  .UNSPECIFIED.,.F.,.F.,(3,3),(0.,1.),.PIECEWISE_BEZIER_KNOTS.);
#8935 = CARTESIAN_POINT('',(107.30397935745,106.939422,54.071126840522)
  );
#8936 = CARTESIAN_POINT('',(107.48824967745,106.939422,54.115001840522)
  );
#8937 = CARTESIAN_POINT('',(107.69446919745,106.939422,54.152294888522)
  );
#8938 = ORIENTED_EDGE('',*,*,#8939,.F.);
#8939 = EDGE_CURVE('',#8940,#8932,#8942,.T.);
#8940 = VERTEX_POINT('',#8941);
#8941 = CARTESIAN_POINT('',(107.69446919745,105.939422,54.152294888522)
  );
#8942 = LINE('',#8943,#8944);
#8943 = CARTESIAN_POINT('',(107.69446919745,105.939422,54.152294888522)
  );
#8944 = VECTOR('',#8945,1.);
#8945 = DIRECTION('',(0.,1.,0.));
#8946 = ORIENTED_EDGE('',*,*,#8947,.F.);
#8947 = EDGE_CURVE('',#8907,#8940,#8948,.T.);
#8948 = B_SPLINE_CURVE_WITH_KNOTS('',2,(#8949,#8950,#8951),
  .UNSPECIFIED.,.F.,.F.,(3,3),(0.,1.),.PIECEWISE_BEZIER_KNOTS.);
#8949 = CARTESIAN_POINT('',(107.30397935745,105.939422,54.071126840522)
  );
#8950 = CARTESIAN_POINT('',(107.48824967745,105.939422,54.115001840522)
  );
#8951 = CARTESIAN_POINT('',(107.69446919745,105.939422,54.152294888522)
  );
#8952 = SURFACE_OF_LINEAR_EXTRUSION('',#8953,#8957);
#8953 = B_SPLINE_CURVE_WITH_KNOTS('',2,(#8954,#8955,#8956),
  .UNSPECIFIED.,.F.,.F.,(3,3),(0.,1.),.PIECEWISE_BEZIER_KNOTS.);
#8954 = CARTESIAN_POINT('',(107.30397935745,105.939422,54.071126840522)
  );
#8955 = CARTESIAN_POINT('',(107.48824967745,105.939422,54.115001840522)
  );
#8956 = CARTESIAN_POINT('',(107.69446919745,105.939422,54.152294888522)
  );
#8957 = VECTOR('',#8958,1.);
#8958 = DIRECTION('',(-0.,-1.,-0.));
#8959 = ADVANCED_FACE('',(#8960),#8985,.T.);
#8960 = FACE_BOUND('',#8961,.T.);
#8961 = EDGE_LOOP('',(#8962,#8963,#8971,#8979));
#8962 = ORIENTED_EDGE('',*,*,#8939,.T.);
#8963 = ORIENTED_EDGE('',*,*,#8964,.T.);
#8964 = EDGE_CURVE('',#8932,#8965,#8967,.T.);
#8965 = VERTEX_POINT('',#8966);
#8966 = CARTESIAN_POINT('',(108.07836959745,106.939422,54.251013872522)
  );
#8967 = B_SPLINE_CURVE_WITH_KNOTS('',2,(#8968,#8969,#8970),
  .UNSPECIFIED.,.F.,.F.,(3,3),(0.,1.),.PIECEWISE_BEZIER_KNOTS.);
#8968 = CARTESIAN_POINT('',(107.69446919745,106.939422,54.152294888522)
  );
#8969 = CARTESIAN_POINT('',(107.89848911745,106.939422,54.191782856522)
  );
#8970 = CARTESIAN_POINT('',(108.07836959745,106.939422,54.251013872522)
  );
#8971 = ORIENTED_EDGE('',*,*,#8972,.F.);
#8972 = EDGE_CURVE('',#8973,#8965,#8975,.T.);
#8973 = VERTEX_POINT('',#8974);
#8974 = CARTESIAN_POINT('',(108.07836959745,105.939422,54.251013872522)
  );
#8975 = LINE('',#8976,#8977);
#8976 = CARTESIAN_POINT('',(108.07836959745,105.939422,54.251013872522)
  );
#8977 = VECTOR('',#8978,1.);
#8978 = DIRECTION('',(0.,1.,0.));
#8979 = ORIENTED_EDGE('',*,*,#8980,.F.);
#8980 = EDGE_CURVE('',#8940,#8973,#8981,.T.);
#8981 = B_SPLINE_CURVE_WITH_KNOTS('',2,(#8982,#8983,#8984),
  .UNSPECIFIED.,.F.,.F.,(3,3),(0.,1.),.PIECEWISE_BEZIER_KNOTS.);
#8982 = CARTESIAN_POINT('',(107.69446919745,105.939422,54.152294888522)
  );
#8983 = CARTESIAN_POINT('',(107.89848911745,105.939422,54.191782856522)
  );
#8984 = CARTESIAN_POINT('',(108.07836959745,105.939422,54.251013872522)
  );
#8985 = SURFACE_OF_LINEAR_EXTRUSION('',#8986,#8990);
#8986 = B_SPLINE_CURVE_WITH_KNOTS('',2,(#8987,#8988,#8989),
  .UNSPECIFIED.,.F.,.F.,(3,3),(0.,1.),.PIECEWISE_BEZIER_KNOTS.);
#8987 = CARTESIAN_POINT('',(107.69446919745,105.939422,54.152294888522)
  );
#8988 = CARTESIAN_POINT('',(107.89848911745,105.939422,54.191782856522)
  );
#8989 = CARTESIAN_POINT('',(108.07836959745,105.939422,54.251013872522)
  );
#8990 = VECTOR('',#8991,1.);
#8991 = DIRECTION('',(-0.,-1.,-0.));
#8992 = ADVANCED_FACE('',(#8993),#9018,.T.);
#8993 = FACE_BOUND('',#8994,.T.);
#8994 = EDGE_LOOP('',(#8995,#8996,#9004,#9012));
#8995 = ORIENTED_EDGE('',*,*,#8972,.T.);
#8996 = ORIENTED_EDGE('',*,*,#8997,.T.);
#8997 = EDGE_CURVE('',#8965,#8998,#9000,.T.);
#8998 = VERTEX_POINT('',#8999);
#8999 = CARTESIAN_POINT('',(108.67287935745,106.939422,54.612982856522)
  );
#9000 = B_SPLINE_CURVE_WITH_KNOTS('',2,(#9001,#9002,#9003),
  .UNSPECIFIED.,.F.,.F.,(3,3),(0.,1.),.PIECEWISE_BEZIER_KNOTS.);
#9001 = CARTESIAN_POINT('',(108.07836959745,106.939422,54.251013872522)
  );
#9002 = CARTESIAN_POINT('',(108.49079927745,106.939422,54.384832856522)
  );
#9003 = CARTESIAN_POINT('',(108.67287935745,106.939422,54.612982856522)
  );
#9004 = ORIENTED_EDGE('',*,*,#9005,.F.);
#9005 = EDGE_CURVE('',#9006,#8998,#9008,.T.);
#9006 = VERTEX_POINT('',#9007);
#9007 = CARTESIAN_POINT('',(108.67287935745,105.939422,54.612982856522)
  );
#9008 = LINE('',#9009,#9010);
#9009 = CARTESIAN_POINT('',(108.67287935745,105.939422,54.612982856522)
  );
#9010 = VECTOR('',#9011,1.);
#9011 = DIRECTION('',(0.,1.,0.));
#9012 = ORIENTED_EDGE('',*,*,#9013,.F.);
#9013 = EDGE_CURVE('',#8973,#9006,#9014,.T.);
#9014 = B_SPLINE_CURVE_WITH_KNOTS('',2,(#9015,#9016,#9017),
  .UNSPECIFIED.,.F.,.F.,(3,3),(0.,1.),.PIECEWISE_BEZIER_KNOTS.);
#9015 = CARTESIAN_POINT('',(108.07836959745,105.939422,54.251013872522)
  );
#9016 = CARTESIAN_POINT('',(108.49079927745,105.939422,54.384832856522)
  );
#9017 = CARTESIAN_POINT('',(108.67287935745,105.939422,54.612982856522)
  );
#9018 = SURFACE_OF_LINEAR_EXTRUSION('',#9019,#9023);
#9019 = B_SPLINE_CURVE_WITH_KNOTS('',2,(#9020,#9021,#9022),
  .UNSPECIFIED.,.F.,.F.,(3,3),(0.,1.),.PIECEWISE_BEZIER_KNOTS.);
#9020 = CARTESIAN_POINT('',(108.07836959745,105.939422,54.251013872522)
  );
#9021 = CARTESIAN_POINT('',(108.49079927745,105.939422,54.384832856522)
  );
#9022 = CARTESIAN_POINT('',(108.67287935745,105.939422,54.612982856522)
  );
#9023 = VECTOR('',#9024,1.);
#9024 = DIRECTION('',(-0.,-1.,-0.));
#9025 = ADVANCED_FACE('',(#9026),#9051,.T.);
#9026 = FACE_BOUND('',#9027,.T.);
#9027 = EDGE_LOOP('',(#9028,#9029,#9037,#9045));
#9028 = ORIENTED_EDGE('',*,*,#9005,.T.);
#9029 = ORIENTED_EDGE('',*,*,#9030,.T.);
#9030 = EDGE_CURVE('',#8998,#9031,#9033,.T.);
#9031 = VERTEX_POINT('',#9032);
#9032 = CARTESIAN_POINT('',(108.85276919745,106.939422,55.183357856522)
  );
#9033 = B_SPLINE_CURVE_WITH_KNOTS('',2,(#9034,#9035,#9036),
  .UNSPECIFIED.,.F.,.F.,(3,3),(0.,1.),.PIECEWISE_BEZIER_KNOTS.);
#9034 = CARTESIAN_POINT('',(108.67287935745,106.939422,54.612982856522)
  );
#9035 = CARTESIAN_POINT('',(108.85276919745,106.939422,54.843326840522)
  );
#9036 = CARTESIAN_POINT('',(108.85276919745,106.939422,55.183357856522)
  );
#9037 = ORIENTED_EDGE('',*,*,#9038,.F.);
#9038 = EDGE_CURVE('',#9039,#9031,#9041,.T.);
#9039 = VERTEX_POINT('',#9040);
#9040 = CARTESIAN_POINT('',(108.85276919745,105.939422,55.183357856522)
  );
#9041 = LINE('',#9042,#9043);
#9042 = CARTESIAN_POINT('',(108.85276919745,105.939422,55.183357856522)
  );
#9043 = VECTOR('',#9044,1.);
#9044 = DIRECTION('',(0.,1.,0.));
#9045 = ORIENTED_EDGE('',*,*,#9046,.F.);
#9046 = EDGE_CURVE('',#9006,#9039,#9047,.T.);
#9047 = B_SPLINE_CURVE_WITH_KNOTS('',2,(#9048,#9049,#9050),
  .UNSPECIFIED.,.F.,.F.,(3,3),(0.,1.),.PIECEWISE_BEZIER_KNOTS.);
#9048 = CARTESIAN_POINT('',(108.67287935745,105.939422,54.612982856522)
  );
#9049 = CARTESIAN_POINT('',(108.85276919745,105.939422,54.843326840522)
  );
#9050 = CARTESIAN_POINT('',(108.85276919745,105.939422,55.183357856522)
  );
#9051 = SURFACE_OF_LINEAR_EXTRUSION('',#9052,#9056);
#9052 = B_SPLINE_CURVE_WITH_KNOTS('',2,(#9053,#9054,#9055),
  .UNSPECIFIED.,.F.,.F.,(3,3),(0.,1.),.PIECEWISE_BEZIER_KNOTS.);
#9053 = CARTESIAN_POINT('',(108.67287935745,105.939422,54.612982856522)
  );
#9054 = CARTESIAN_POINT('',(108.85276919745,105.939422,54.843326840522)
  );
#9055 = CARTESIAN_POINT('',(108.85276919745,105.939422,55.183357856522)
  );
#9056 = VECTOR('',#9057,1.);
#9057 = DIRECTION('',(-0.,-1.,-0.));
#9058 = ADVANCED_FACE('',(#9059),#9084,.T.);
#9059 = FACE_BOUND('',#9060,.T.);
#9060 = EDGE_LOOP('',(#9061,#9062,#9070,#9078));
#9061 = ORIENTED_EDGE('',*,*,#9038,.T.);
#9062 = ORIENTED_EDGE('',*,*,#9063,.T.);
#9063 = EDGE_CURVE('',#9031,#9064,#9066,.T.);
#9064 = VERTEX_POINT('',#9065);
#9065 = CARTESIAN_POINT('',(108.44472935745,106.939422,55.927038872522)
  );
#9066 = B_SPLINE_CURVE_WITH_KNOTS('',2,(#9067,#9068,#9069),
  .UNSPECIFIED.,.F.,.F.,(3,3),(0.,1.),.PIECEWISE_BEZIER_KNOTS.);
#9067 = CARTESIAN_POINT('',(108.85276919745,106.939422,55.183357856522)
  );
#9068 = CARTESIAN_POINT('',(108.85276919745,106.939422,55.639657856522)
  );
#9069 = CARTESIAN_POINT('',(108.44472935745,106.939422,55.927038872522)
  );
#9070 = ORIENTED_EDGE('',*,*,#9071,.F.);
#9071 = EDGE_CURVE('',#9072,#9064,#9074,.T.);
#9072 = VERTEX_POINT('',#9073);
#9073 = CARTESIAN_POINT('',(108.44472935745,105.939422,55.927038872522)
  );
#9074 = LINE('',#9075,#9076);
#9075 = CARTESIAN_POINT('',(108.44472935745,105.939422,55.927038872522)
  );
#9076 = VECTOR('',#9077,1.);
#9077 = DIRECTION('',(0.,1.,0.));
#9078 = ORIENTED_EDGE('',*,*,#9079,.F.);
#9079 = EDGE_CURVE('',#9039,#9072,#9080,.T.);
#9080 = B_SPLINE_CURVE_WITH_KNOTS('',2,(#9081,#9082,#9083),
  .UNSPECIFIED.,.F.,.F.,(3,3),(0.,1.),.PIECEWISE_BEZIER_KNOTS.);
#9081 = CARTESIAN_POINT('',(108.85276919745,105.939422,55.183357856522)
  );
#9082 = CARTESIAN_POINT('',(108.85276919745,105.939422,55.639657856522)
  );
#9083 = CARTESIAN_POINT('',(108.44472935745,105.939422,55.927038872522)
  );
#9084 = SURFACE_OF_LINEAR_EXTRUSION('',#9085,#9089);
#9085 = B_SPLINE_CURVE_WITH_KNOTS('',2,(#9086,#9087,#9088),
  .UNSPECIFIED.,.F.,.F.,(3,3),(0.,1.),.PIECEWISE_BEZIER_KNOTS.);
#9086 = CARTESIAN_POINT('',(108.85276919745,105.939422,55.183357856522)
  );
#9087 = CARTESIAN_POINT('',(108.85276919745,105.939422,55.639657856522)
  );
#9088 = CARTESIAN_POINT('',(108.44472935745,105.939422,55.927038872522)
  );
#9089 = VECTOR('',#9090,1.);
#9090 = DIRECTION('',(-0.,-1.,-0.));
#9091 = ADVANCED_FACE('',(#9092),#9117,.T.);
#9092 = FACE_BOUND('',#9093,.T.);
#9093 = EDGE_LOOP('',(#9094,#9095,#9103,#9111));
#9094 = ORIENTED_EDGE('',*,*,#9071,.T.);
#9095 = ORIENTED_EDGE('',*,*,#9096,.T.);
#9096 = EDGE_CURVE('',#9064,#9097,#9099,.T.);
#9097 = VERTEX_POINT('',#9098);
#9098 = CARTESIAN_POINT('',(107.39172935745,106.939422,56.216613872522)
  );
#9099 = B_SPLINE_CURVE_WITH_KNOTS('',2,(#9100,#9101,#9102),
  .UNSPECIFIED.,.F.,.F.,(3,3),(0.,1.),.PIECEWISE_BEZIER_KNOTS.);
#9100 = CARTESIAN_POINT('',(108.44472935745,106.939422,55.927038872522)
  );
#9101 = CARTESIAN_POINT('',(108.03449927745,106.939422,56.216613872522)
  );
#9102 = CARTESIAN_POINT('',(107.39172935745,106.939422,56.216613872522)
  );
#9103 = ORIENTED_EDGE('',*,*,#9104,.F.);
#9104 = EDGE_CURVE('',#9105,#9097,#9107,.T.);
#9105 = VERTEX_POINT('',#9106);
#9106 = CARTESIAN_POINT('',(107.39172935745,105.939422,56.216613872522)
  );
#9107 = LINE('',#9108,#9109);
#9108 = CARTESIAN_POINT('',(107.39172935745,105.939422,56.216613872522)
  );
#9109 = VECTOR('',#9110,1.);
#9110 = DIRECTION('',(0.,1.,0.));
#9111 = ORIENTED_EDGE('',*,*,#9112,.F.);
#9112 = EDGE_CURVE('',#9072,#9105,#9113,.T.);
#9113 = B_SPLINE_CURVE_WITH_KNOTS('',2,(#9114,#9115,#9116),
  .UNSPECIFIED.,.F.,.F.,(3,3),(0.,1.),.PIECEWISE_BEZIER_KNOTS.);
#9114 = CARTESIAN_POINT('',(108.44472935745,105.939422,55.927038872522)
  );
#9115 = CARTESIAN_POINT('',(108.03449927745,105.939422,56.216613872522)
  );
#9116 = CARTESIAN_POINT('',(107.39172935745,105.939422,56.216613872522)
  );
#9117 = SURFACE_OF_LINEAR_EXTRUSION('',#9118,#9122);
#9118 = B_SPLINE_CURVE_WITH_KNOTS('',2,(#9119,#9120,#9121),
  .UNSPECIFIED.,.F.,.F.,(3,3),(0.,1.),.PIECEWISE_BEZIER_KNOTS.);
#9119 = CARTESIAN_POINT('',(108.44472935745,105.939422,55.927038872522)
  );
#9120 = CARTESIAN_POINT('',(108.03449927745,105.939422,56.216613872522)
  );
#9121 = CARTESIAN_POINT('',(107.39172935745,105.939422,56.216613872522)
  );
#9122 = VECTOR('',#9123,1.);
#9123 = DIRECTION('',(-0.,-1.,-0.));
#9124 = ADVANCED_FACE('',(#9125),#9150,.T.);
#9125 = FACE_BOUND('',#9126,.T.);
#9126 = EDGE_LOOP('',(#9127,#9128,#9136,#9144));
#9127 = ORIENTED_EDGE('',*,*,#9104,.T.);
#9128 = ORIENTED_EDGE('',*,*,#9129,.T.);
#9129 = EDGE_CURVE('',#9097,#9130,#9132,.T.);
#9130 = VERTEX_POINT('',#9131);
#9131 = CARTESIAN_POINT('',(106.75553951745,106.939422,56.152994888522)
  );
#9132 = B_SPLINE_CURVE_WITH_KNOTS('',2,(#9133,#9134,#9135),
  .UNSPECIFIED.,.F.,.F.,(3,3),(0.,1.),.PIECEWISE_BEZIER_KNOTS.);
#9133 = CARTESIAN_POINT('',(107.39172935745,106.939422,56.216613872522)
  );
#9134 = CARTESIAN_POINT('',(107.06924927745,106.939422,56.216613872522)
  );
#9135 = CARTESIAN_POINT('',(106.75553951745,106.939422,56.152994888522)
  );
#9136 = ORIENTED_EDGE('',*,*,#9137,.F.);
#9137 = EDGE_CURVE('',#9138,#9130,#9140,.T.);
#9138 = VERTEX_POINT('',#9139);
#9139 = CARTESIAN_POINT('',(106.75553951745,105.939422,56.152994888522)
  );
#9140 = LINE('',#9141,#9142);
#9141 = CARTESIAN_POINT('',(106.75553951745,105.939422,56.152994888522)
  );
#9142 = VECTOR('',#9143,1.);
#9143 = DIRECTION('',(0.,1.,0.));
#9144 = ORIENTED_EDGE('',*,*,#9145,.F.);
#9145 = EDGE_CURVE('',#9105,#9138,#9146,.T.);
#9146 = B_SPLINE_CURVE_WITH_KNOTS('',2,(#9147,#9148,#9149),
  .UNSPECIFIED.,.F.,.F.,(3,3),(0.,1.),.PIECEWISE_BEZIER_KNOTS.);
#9147 = CARTESIAN_POINT('',(107.39172935745,105.939422,56.216613872522)
  );
#9148 = CARTESIAN_POINT('',(107.06924927745,105.939422,56.216613872522)
  );
#9149 = CARTESIAN_POINT('',(106.75553951745,105.939422,56.152994888522)
  );
#9150 = SURFACE_OF_LINEAR_EXTRUSION('',#9151,#9155);
#9151 = B_SPLINE_CURVE_WITH_KNOTS('',2,(#9152,#9153,#9154),
  .UNSPECIFIED.,.F.,.F.,(3,3),(0.,1.),.PIECEWISE_BEZIER_KNOTS.);
#9152 = CARTESIAN_POINT('',(107.39172935745,105.939422,56.216613872522)
  );
#9153 = CARTESIAN_POINT('',(107.06924927745,105.939422,56.216613872522)
  );
#9154 = CARTESIAN_POINT('',(106.75553951745,105.939422,56.152994888522)
  );
#9155 = VECTOR('',#9156,1.);
#9156 = DIRECTION('',(-0.,-1.,-0.));
#9157 = ADVANCED_FACE('',(#9158),#9183,.T.);
#9158 = FACE_BOUND('',#9159,.T.);
#9159 = EDGE_LOOP('',(#9160,#9161,#9169,#9177));
#9160 = ORIENTED_EDGE('',*,*,#9137,.T.);
#9161 = ORIENTED_EDGE('',*,*,#9162,.T.);
#9162 = EDGE_CURVE('',#9130,#9163,#9165,.T.);
#9163 = VERTEX_POINT('',#9164);
#9164 = CARTESIAN_POINT('',(106.20929927745,106.939422,55.997238872522)
  );
#9165 = B_SPLINE_CURVE_WITH_KNOTS('',2,(#9166,#9167,#9168),
  .UNSPECIFIED.,.F.,.F.,(3,3),(0.,1.),.PIECEWISE_BEZIER_KNOTS.);
#9166 = CARTESIAN_POINT('',(106.75553951745,106.939422,56.152994888522)
  );
#9167 = CARTESIAN_POINT('',(106.43963951745,106.939422,56.091569888522)
  );
#9168 = CARTESIAN_POINT('',(106.20929927745,106.939422,55.997238872522)
  );
#9169 = ORIENTED_EDGE('',*,*,#9170,.F.);
#9170 = EDGE_CURVE('',#9171,#9163,#9173,.T.);
#9171 = VERTEX_POINT('',#9172);
#9172 = CARTESIAN_POINT('',(106.20929927745,105.939422,55.997238872522)
  );
#9173 = LINE('',#9174,#9175);
#9174 = CARTESIAN_POINT('',(106.20929927745,105.939422,55.997238872522)
  );
#9175 = VECTOR('',#9176,1.);
#9176 = DIRECTION('',(0.,1.,0.));
#9177 = ORIENTED_EDGE('',*,*,#9178,.F.);
#9178 = EDGE_CURVE('',#9138,#9171,#9179,.T.);
#9179 = B_SPLINE_CURVE_WITH_KNOTS('',2,(#9180,#9181,#9182),
  .UNSPECIFIED.,.F.,.F.,(3,3),(0.,1.),.PIECEWISE_BEZIER_KNOTS.);
#9180 = CARTESIAN_POINT('',(106.75553951745,105.939422,56.152994888522)
  );
#9181 = CARTESIAN_POINT('',(106.43963951745,105.939422,56.091569888522)
  );
#9182 = CARTESIAN_POINT('',(106.20929927745,105.939422,55.997238872522)
  );
#9183 = SURFACE_OF_LINEAR_EXTRUSION('',#9184,#9188);
#9184 = B_SPLINE_CURVE_WITH_KNOTS('',2,(#9185,#9186,#9187),
  .UNSPECIFIED.,.F.,.F.,(3,3),(0.,1.),.PIECEWISE_BEZIER_KNOTS.);
#9185 = CARTESIAN_POINT('',(106.75553951745,105.939422,56.152994888522)
  );
#9186 = CARTESIAN_POINT('',(106.43963951745,105.939422,56.091569888522)
  );
#9187 = CARTESIAN_POINT('',(106.20929927745,105.939422,55.997238872522)
  );
#9188 = VECTOR('',#9189,1.);
#9189 = DIRECTION('',(-0.,-1.,-0.));
#9190 = ADVANCED_FACE('',(#9191),#9214,.T.);
#9191 = FACE_BOUND('',#9192,.T.);
#9192 = EDGE_LOOP('',(#9193,#9194,#9201,#9209));
#9193 = ORIENTED_EDGE('',*,*,#9170,.T.);
#9194 = ORIENTED_EDGE('',*,*,#9195,.T.);
#9195 = EDGE_CURVE('',#9163,#9196,#9198,.T.);
#9196 = VERTEX_POINT('',#9197);
#9197 = CARTESIAN_POINT('',(106.20929927745,106.939422,55.244782856522)
  );
#9198 = B_SPLINE_CURVE_WITH_KNOTS('',1,(#9199,#9200),.UNSPECIFIED.,.F.,
  .F.,(2,2),(0.,8.03906),.PIECEWISE_BEZIER_KNOTS.);
#9199 = CARTESIAN_POINT('',(106.20929927745,106.939422,55.997238872522)
  );
#9200 = CARTESIAN_POINT('',(106.20929927745,106.939422,55.244782856522)
  );
#9201 = ORIENTED_EDGE('',*,*,#9202,.F.);
#9202 = EDGE_CURVE('',#9203,#9196,#9205,.T.);
#9203 = VERTEX_POINT('',#9204);
#9204 = CARTESIAN_POINT('',(106.20929927745,105.939422,55.244782856522)
  );
#9205 = LINE('',#9206,#9207);
#9206 = CARTESIAN_POINT('',(106.20929927745,105.939422,55.244782856522)
  );
#9207 = VECTOR('',#9208,1.);
#9208 = DIRECTION('',(0.,1.,0.));
#9209 = ORIENTED_EDGE('',*,*,#9210,.F.);
#9210 = EDGE_CURVE('',#9171,#9203,#9211,.T.);
#9211 = B_SPLINE_CURVE_WITH_KNOTS('',1,(#9212,#9213),.UNSPECIFIED.,.F.,
  .F.,(2,2),(0.,8.03906),.PIECEWISE_BEZIER_KNOTS.);
#9212 = CARTESIAN_POINT('',(106.20929927745,105.939422,55.997238872522)
  );
#9213 = CARTESIAN_POINT('',(106.20929927745,105.939422,55.244782856522)
  );
#9214 = SURFACE_OF_LINEAR_EXTRUSION('',#9215,#9218);
#9215 = B_SPLINE_CURVE_WITH_KNOTS('',1,(#9216,#9217),.UNSPECIFIED.,.F.,
  .F.,(2,2),(0.,8.03906),.PIECEWISE_BEZIER_KNOTS.);
#9216 = CARTESIAN_POINT('',(106.20929927745,105.939422,55.997238872522)
  );
#9217 = CARTESIAN_POINT('',(106.20929927745,105.939422,55.244782856522)
  );
#9218 = VECTOR('',#9219,1.);
#9219 = DIRECTION('',(-0.,-1.,-0.));
#9220 = ADVANCED_FACE('',(#9221),#9244,.T.);
#9221 = FACE_BOUND('',#9222,.T.);
#9222 = EDGE_LOOP('',(#9223,#9224,#9231,#9239));
#9223 = ORIENTED_EDGE('',*,*,#9202,.T.);
#9224 = ORIENTED_EDGE('',*,*,#9225,.T.);
#9225 = EDGE_CURVE('',#9196,#9226,#9228,.T.);
#9226 = VERTEX_POINT('',#9227);
#9227 = CARTESIAN_POINT('',(106.29923951745,106.939422,55.244782856522)
  );
#9228 = B_SPLINE_CURVE_WITH_KNOTS('',1,(#9229,#9230),.UNSPECIFIED.,.F.,
  .F.,(2,2),(0.,0.9609),.PIECEWISE_BEZIER_KNOTS.);
#9229 = CARTESIAN_POINT('',(106.20929927745,106.939422,55.244782856522)
  );
#9230 = CARTESIAN_POINT('',(106.29923951745,106.939422,55.244782856522)
  );
#9231 = ORIENTED_EDGE('',*,*,#9232,.F.);
#9232 = EDGE_CURVE('',#9233,#9226,#9235,.T.);
#9233 = VERTEX_POINT('',#9234);
#9234 = CARTESIAN_POINT('',(106.29923951745,105.939422,55.244782856522)
  );
#9235 = LINE('',#9236,#9237);
#9236 = CARTESIAN_POINT('',(106.29923951745,105.939422,55.244782856522)
  );
#9237 = VECTOR('',#9238,1.);
#9238 = DIRECTION('',(0.,1.,0.));
#9239 = ORIENTED_EDGE('',*,*,#9240,.F.);
#9240 = EDGE_CURVE('',#9203,#9233,#9241,.T.);
#9241 = B_SPLINE_CURVE_WITH_KNOTS('',1,(#9242,#9243),.UNSPECIFIED.,.F.,
  .F.,(2,2),(0.,0.9609),.PIECEWISE_BEZIER_KNOTS.);
#9242 = CARTESIAN_POINT('',(106.20929927745,105.939422,55.244782856522)
  );
#9243 = CARTESIAN_POINT('',(106.29923951745,105.939422,55.244782856522)
  );
#9244 = SURFACE_OF_LINEAR_EXTRUSION('',#9245,#9248);
#9245 = B_SPLINE_CURVE_WITH_KNOTS('',1,(#9246,#9247),.UNSPECIFIED.,.F.,
  .F.,(2,2),(0.,0.9609),.PIECEWISE_BEZIER_KNOTS.);
#9246 = CARTESIAN_POINT('',(106.20929927745,105.939422,55.244782856522)
  );
#9247 = CARTESIAN_POINT('',(106.29923951745,105.939422,55.244782856522)
  );
#9248 = VECTOR('',#9249,1.);
#9249 = DIRECTION('',(-0.,-1.,-0.));
#9250 = ADVANCED_FACE('',(#9251),#9276,.T.);
#9251 = FACE_BOUND('',#9252,.T.);
#9252 = EDGE_LOOP('',(#9253,#9254,#9262,#9270));
#9253 = ORIENTED_EDGE('',*,*,#9232,.T.);
#9254 = ORIENTED_EDGE('',*,*,#9255,.T.);
#9255 = EDGE_CURVE('',#9226,#9256,#9258,.T.);
#9256 = VERTEX_POINT('',#9257);
#9257 = CARTESIAN_POINT('',(106.78405943745,106.939422,55.508032856522)
  );
#9258 = B_SPLINE_CURVE_WITH_KNOTS('',2,(#9259,#9260,#9261),
  .UNSPECIFIED.,.F.,.F.,(3,3),(0.,1.),.PIECEWISE_BEZIER_KNOTS.);
#9259 = CARTESIAN_POINT('',(106.29923951745,106.939422,55.244782856522)
  );
#9260 = CARTESIAN_POINT('',(106.49667935745,106.939422,55.402732856522)
  );
#9261 = CARTESIAN_POINT('',(106.78405943745,106.939422,55.508032856522)
  );
#9262 = ORIENTED_EDGE('',*,*,#9263,.F.);
#9263 = EDGE_CURVE('',#9264,#9256,#9266,.T.);
#9264 = VERTEX_POINT('',#9265);
#9265 = CARTESIAN_POINT('',(106.78405943745,105.939422,55.508032856522)
  );
#9266 = LINE('',#9267,#9268);
#9267 = CARTESIAN_POINT('',(106.78405943745,105.939422,55.508032856522)
  );
#9268 = VECTOR('',#9269,1.);
#9269 = DIRECTION('',(0.,1.,0.));
#9270 = ORIENTED_EDGE('',*,*,#9271,.F.);
#9271 = EDGE_CURVE('',#9233,#9264,#9272,.T.);
#9272 = B_SPLINE_CURVE_WITH_KNOTS('',2,(#9273,#9274,#9275),
  .UNSPECIFIED.,.F.,.F.,(3,3),(0.,1.),.PIECEWISE_BEZIER_KNOTS.);
#9273 = CARTESIAN_POINT('',(106.29923951745,105.939422,55.244782856522)
  );
#9274 = CARTESIAN_POINT('',(106.49667935745,105.939422,55.402732856522)
  );
#9275 = CARTESIAN_POINT('',(106.78405943745,105.939422,55.508032856522)
  );
#9276 = SURFACE_OF_LINEAR_EXTRUSION('',#9277,#9281);
#9277 = B_SPLINE_CURVE_WITH_KNOTS('',2,(#9278,#9279,#9280),
  .UNSPECIFIED.,.F.,.F.,(3,3),(0.,1.),.PIECEWISE_BEZIER_KNOTS.);
#9278 = CARTESIAN_POINT('',(106.29923951745,105.939422,55.244782856522)
  );
#9279 = CARTESIAN_POINT('',(106.49667935745,105.939422,55.402732856522)
  );
#9280 = CARTESIAN_POINT('',(106.78405943745,105.939422,55.508032856522)
  );
#9281 = VECTOR('',#9282,1.);
#9282 = DIRECTION('',(-0.,-1.,-0.));
#9283 = ADVANCED_FACE('',(#9284),#9309,.T.);
#9284 = FACE_BOUND('',#9285,.T.);
#9285 = EDGE_LOOP('',(#9286,#9287,#9295,#9303));
#9286 = ORIENTED_EDGE('',*,*,#9263,.T.);
#9287 = ORIENTED_EDGE('',*,*,#9288,.T.);
#9288 = EDGE_CURVE('',#9256,#9289,#9291,.T.);
#9289 = VERTEX_POINT('',#9290);
#9290 = CARTESIAN_POINT('',(107.36759927745,106.939422,55.615526840522)
  );
#9291 = B_SPLINE_CURVE_WITH_KNOTS('',2,(#9292,#9293,#9294),
  .UNSPECIFIED.,.F.,.F.,(3,3),(0.,1.),.PIECEWISE_BEZIER_KNOTS.);
#9292 = CARTESIAN_POINT('',(106.78405943745,106.939422,55.508032856522)
  );
#9293 = CARTESIAN_POINT('',(107.06924927745,106.939422,55.615526840522)
  );
#9294 = CARTESIAN_POINT('',(107.36759927745,106.939422,55.615526840522)
  );
#9295 = ORIENTED_EDGE('',*,*,#9296,.F.);
#9296 = EDGE_CURVE('',#9297,#9289,#9299,.T.);
#9297 = VERTEX_POINT('',#9298);
#9298 = CARTESIAN_POINT('',(107.36759927745,105.939422,55.615526840522)
  );
#9299 = LINE('',#9300,#9301);
#9300 = CARTESIAN_POINT('',(107.36759927745,105.939422,55.615526840522)
  );
#9301 = VECTOR('',#9302,1.);
#9302 = DIRECTION('',(0.,1.,0.));
#9303 = ORIENTED_EDGE('',*,*,#9304,.F.);
#9304 = EDGE_CURVE('',#9264,#9297,#9305,.T.);
#9305 = B_SPLINE_CURVE_WITH_KNOTS('',2,(#9306,#9307,#9308),
  .UNSPECIFIED.,.F.,.F.,(3,3),(0.,1.),.PIECEWISE_BEZIER_KNOTS.);
#9306 = CARTESIAN_POINT('',(106.78405943745,105.939422,55.508032856522)
  );
#9307 = CARTESIAN_POINT('',(107.06924927745,105.939422,55.615526840522)
  );
#9308 = CARTESIAN_POINT('',(107.36759927745,105.939422,55.615526840522)
  );
#9309 = SURFACE_OF_LINEAR_EXTRUSION('',#9310,#9314);
#9310 = B_SPLINE_CURVE_WITH_KNOTS('',2,(#9311,#9312,#9313),
  .UNSPECIFIED.,.F.,.F.,(3,3),(0.,1.),.PIECEWISE_BEZIER_KNOTS.);
#9311 = CARTESIAN_POINT('',(106.78405943745,105.939422,55.508032856522)
  );
#9312 = CARTESIAN_POINT('',(107.06924927745,105.939422,55.615526840522)
  );
#9313 = CARTESIAN_POINT('',(107.36759927745,105.939422,55.615526840522)
  );
#9314 = VECTOR('',#9315,1.);
#9315 = DIRECTION('',(-0.,-1.,-0.));
#9316 = ADVANCED_FACE('',(#9317),#9342,.T.);
#9317 = FACE_BOUND('',#9318,.T.);
#9318 = EDGE_LOOP('',(#9319,#9320,#9328,#9336));
#9319 = ORIENTED_EDGE('',*,*,#9296,.T.);
#9320 = ORIENTED_EDGE('',*,*,#9321,.T.);
#9321 = EDGE_CURVE('',#9289,#9322,#9324,.T.);
#9322 = VERTEX_POINT('',#9323);
#9323 = CARTESIAN_POINT('',(107.57819927745,106.939422,55.600169888522)
  );
#9324 = B_SPLINE_CURVE_WITH_KNOTS('',2,(#9325,#9326,#9327),
  .UNSPECIFIED.,.F.,.F.,(3,3),(0.,1.),.PIECEWISE_BEZIER_KNOTS.);
#9325 = CARTESIAN_POINT('',(107.36759927745,106.939422,55.615526840522)
  );
#9326 = CARTESIAN_POINT('',(107.47289927745,106.939422,55.615526840522)
  );
#9327 = CARTESIAN_POINT('',(107.57819927745,106.939422,55.600169888522)
  );
#9328 = ORIENTED_EDGE('',*,*,#9329,.F.);
#9329 = EDGE_CURVE('',#9330,#9322,#9332,.T.);
#9330 = VERTEX_POINT('',#9331);
#9331 = CARTESIAN_POINT('',(107.57819927745,105.939422,55.600169888522)
  );
#9332 = LINE('',#9333,#9334);
#9333 = CARTESIAN_POINT('',(107.57819927745,105.939422,55.600169888522)
  );
#9334 = VECTOR('',#9335,1.);
#9335 = DIRECTION('',(0.,1.,0.));
#9336 = ORIENTED_EDGE('',*,*,#9337,.F.);
#9337 = EDGE_CURVE('',#9297,#9330,#9338,.T.);
#9338 = B_SPLINE_CURVE_WITH_KNOTS('',2,(#9339,#9340,#9341),
  .UNSPECIFIED.,.F.,.F.,(3,3),(0.,1.),.PIECEWISE_BEZIER_KNOTS.);
#9339 = CARTESIAN_POINT('',(107.36759927745,105.939422,55.615526840522)
  );
#9340 = CARTESIAN_POINT('',(107.47289927745,105.939422,55.615526840522)
  );
#9341 = CARTESIAN_POINT('',(107.57819927745,105.939422,55.600169888522)
  );
#9342 = SURFACE_OF_LINEAR_EXTRUSION('',#9343,#9347);
#9343 = B_SPLINE_CURVE_WITH_KNOTS('',2,(#9344,#9345,#9346),
  .UNSPECIFIED.,.F.,.F.,(3,3),(0.,1.),.PIECEWISE_BEZIER_KNOTS.);
#9344 = CARTESIAN_POINT('',(107.36759927745,105.939422,55.615526840522)
  );
#9345 = CARTESIAN_POINT('',(107.47289927745,105.939422,55.615526840522)
  );
#9346 = CARTESIAN_POINT('',(107.57819927745,105.939422,55.600169888522)
  );
#9347 = VECTOR('',#9348,1.);
#9348 = DIRECTION('',(-0.,-1.,-0.));
#9349 = ADVANCED_FACE('',(#9350),#9375,.T.);
#9350 = FACE_BOUND('',#9351,.T.);
#9351 = EDGE_LOOP('',(#9352,#9353,#9361,#9369));
#9352 = ORIENTED_EDGE('',*,*,#9329,.T.);
#9353 = ORIENTED_EDGE('',*,*,#9354,.T.);
#9354 = EDGE_CURVE('',#9322,#9355,#9357,.T.);
#9355 = VERTEX_POINT('',#9356);
#9356 = CARTESIAN_POINT('',(107.77782935745,106.939422,55.547519888522)
  );
#9357 = B_SPLINE_CURVE_WITH_KNOTS('',2,(#9358,#9359,#9360),
  .UNSPECIFIED.,.F.,.F.,(3,3),(0.,1.),.PIECEWISE_BEZIER_KNOTS.);
#9358 = CARTESIAN_POINT('',(107.57819927745,106.939422,55.600169888522)
  );
#9359 = CARTESIAN_POINT('',(107.68129967745,106.939422,55.587007856522)
  );
#9360 = CARTESIAN_POINT('',(107.77782935745,106.939422,55.547519888522)
  );
#9361 = ORIENTED_EDGE('',*,*,#9362,.F.);
#9362 = EDGE_CURVE('',#9363,#9355,#9365,.T.);
#9363 = VERTEX_POINT('',#9364);
#9364 = CARTESIAN_POINT('',(107.77782935745,105.939422,55.547519888522)
  );
#9365 = LINE('',#9366,#9367);
#9366 = CARTESIAN_POINT('',(107.77782935745,105.939422,55.547519888522)
  );
#9367 = VECTOR('',#9368,1.);
#9368 = DIRECTION('',(0.,1.,0.));
#9369 = ORIENTED_EDGE('',*,*,#9370,.F.);
#9370 = EDGE_CURVE('',#9330,#9363,#9371,.T.);
#9371 = B_SPLINE_CURVE_WITH_KNOTS('',2,(#9372,#9373,#9374),
  .UNSPECIFIED.,.F.,.F.,(3,3),(0.,1.),.PIECEWISE_BEZIER_KNOTS.);
#9372 = CARTESIAN_POINT('',(107.57819927745,105.939422,55.600169888522)
  );
#9373 = CARTESIAN_POINT('',(107.68129967745,105.939422,55.587007856522)
  );
#9374 = CARTESIAN_POINT('',(107.77782935745,105.939422,55.547519888522)
  );
#9375 = SURFACE_OF_LINEAR_EXTRUSION('',#9376,#9380);
#9376 = B_SPLINE_CURVE_WITH_KNOTS('',2,(#9377,#9378,#9379),
  .UNSPECIFIED.,.F.,.F.,(3,3),(0.,1.),.PIECEWISE_BEZIER_KNOTS.);
#9377 = CARTESIAN_POINT('',(107.57819927745,105.939422,55.600169888522)
  );
#9378 = CARTESIAN_POINT('',(107.68129967745,105.939422,55.587007856522)
  );
#9379 = CARTESIAN_POINT('',(107.77782935745,105.939422,55.547519888522)
  );
#9380 = VECTOR('',#9381,1.);
#9381 = DIRECTION('',(-0.,-1.,-0.));
#9382 = ADVANCED_FACE('',(#9383),#9408,.T.);
#9383 = FACE_BOUND('',#9384,.T.);
#9384 = EDGE_LOOP('',(#9385,#9386,#9394,#9402));
#9385 = ORIENTED_EDGE('',*,*,#9362,.T.);
#9386 = ORIENTED_EDGE('',*,*,#9387,.T.);
#9387 = EDGE_CURVE('',#9355,#9388,#9390,.T.);
#9388 = VERTEX_POINT('',#9389);
#9389 = CARTESIAN_POINT('',(107.92480943745,106.939422,55.446607856522)
  );
#9390 = B_SPLINE_CURVE_WITH_KNOTS('',2,(#9391,#9392,#9393),
  .UNSPECIFIED.,.F.,.F.,(3,3),(0.,1.),.PIECEWISE_BEZIER_KNOTS.);
#9391 = CARTESIAN_POINT('',(107.77782935745,106.939422,55.547519888522)
  );
#9392 = CARTESIAN_POINT('',(107.86338911745,106.939422,55.514613872522)
  );
#9393 = CARTESIAN_POINT('',(107.92480943745,106.939422,55.446607856522)
  );
#9394 = ORIENTED_EDGE('',*,*,#9395,.F.);
#9395 = EDGE_CURVE('',#9396,#9388,#9398,.T.);
#9396 = VERTEX_POINT('',#9397);
#9397 = CARTESIAN_POINT('',(107.92480943745,105.939422,55.446607856522)
  );
#9398 = LINE('',#9399,#9400);
#9399 = CARTESIAN_POINT('',(107.92480943745,105.939422,55.446607856522)
  );
#9400 = VECTOR('',#9401,1.);
#9401 = DIRECTION('',(0.,1.,0.));
#9402 = ORIENTED_EDGE('',*,*,#9403,.F.);
#9403 = EDGE_CURVE('',#9363,#9396,#9404,.T.);
#9404 = B_SPLINE_CURVE_WITH_KNOTS('',2,(#9405,#9406,#9407),
  .UNSPECIFIED.,.F.,.F.,(3,3),(0.,1.),.PIECEWISE_BEZIER_KNOTS.);
#9405 = CARTESIAN_POINT('',(107.77782935745,105.939422,55.547519888522)
  );
#9406 = CARTESIAN_POINT('',(107.86338911745,105.939422,55.514613872522)
  );
#9407 = CARTESIAN_POINT('',(107.92480943745,105.939422,55.446607856522)
  );
#9408 = SURFACE_OF_LINEAR_EXTRUSION('',#9409,#9413);
#9409 = B_SPLINE_CURVE_WITH_KNOTS('',2,(#9410,#9411,#9412),
  .UNSPECIFIED.,.F.,.F.,(3,3),(0.,1.),.PIECEWISE_BEZIER_KNOTS.);
#9410 = CARTESIAN_POINT('',(107.77782935745,105.939422,55.547519888522)
  );
#9411 = CARTESIAN_POINT('',(107.86338911745,105.939422,55.514613872522)
  );
#9412 = CARTESIAN_POINT('',(107.92480943745,105.939422,55.446607856522)
  );
#9413 = VECTOR('',#9414,1.);
#9414 = DIRECTION('',(-0.,-1.,-0.));
#9415 = ADVANCED_FACE('',(#9416),#9441,.T.);
#9416 = FACE_BOUND('',#9417,.T.);
#9417 = EDGE_LOOP('',(#9418,#9419,#9427,#9435));
#9418 = ORIENTED_EDGE('',*,*,#9395,.T.);
#9419 = ORIENTED_EDGE('',*,*,#9420,.T.);
#9420 = EDGE_CURVE('',#9388,#9421,#9423,.T.);
#9421 = VERTEX_POINT('',#9422);
#9422 = CARTESIAN_POINT('',(107.98623911745,106.939422,55.295238872522)
  );
#9423 = B_SPLINE_CURVE_WITH_KNOTS('',2,(#9424,#9425,#9426),
  .UNSPECIFIED.,.F.,.F.,(3,3),(0.,1.),.PIECEWISE_BEZIER_KNOTS.);
#9424 = CARTESIAN_POINT('',(107.92480943745,106.939422,55.446607856522)
  );
#9425 = CARTESIAN_POINT('',(107.98623911745,106.939422,55.380794888522)
  );
#9426 = CARTESIAN_POINT('',(107.98623911745,106.939422,55.295238872522)
  );
#9427 = ORIENTED_EDGE('',*,*,#9428,.F.);
#9428 = EDGE_CURVE('',#9429,#9421,#9431,.T.);
#9429 = VERTEX_POINT('',#9430);
#9430 = CARTESIAN_POINT('',(107.98623911745,105.939422,55.295238872522)
  );
#9431 = LINE('',#9432,#9433);
#9432 = CARTESIAN_POINT('',(107.98623911745,105.939422,55.295238872522)
  );
#9433 = VECTOR('',#9434,1.);
#9434 = DIRECTION('',(0.,1.,0.));
#9435 = ORIENTED_EDGE('',*,*,#9436,.F.);
#9436 = EDGE_CURVE('',#9396,#9429,#9437,.T.);
#9437 = B_SPLINE_CURVE_WITH_KNOTS('',2,(#9438,#9439,#9440),
  .UNSPECIFIED.,.F.,.F.,(3,3),(0.,1.),.PIECEWISE_BEZIER_KNOTS.);
#9438 = CARTESIAN_POINT('',(107.92480943745,105.939422,55.446607856522)
  );
#9439 = CARTESIAN_POINT('',(107.98623911745,105.939422,55.380794888522)
  );
#9440 = CARTESIAN_POINT('',(107.98623911745,105.939422,55.295238872522)
  );
#9441 = SURFACE_OF_LINEAR_EXTRUSION('',#9442,#9446);
#9442 = B_SPLINE_CURVE_WITH_KNOTS('',2,(#9443,#9444,#9445),
  .UNSPECIFIED.,.F.,.F.,(3,3),(0.,1.),.PIECEWISE_BEZIER_KNOTS.);
#9443 = CARTESIAN_POINT('',(107.92480943745,105.939422,55.446607856522)
  );
#9444 = CARTESIAN_POINT('',(107.98623911745,105.939422,55.380794888522)
  );
#9445 = CARTESIAN_POINT('',(107.98623911745,105.939422,55.295238872522)
  );
#9446 = VECTOR('',#9447,1.);
#9447 = DIRECTION('',(-0.,-1.,-0.));
#9448 = ADVANCED_FACE('',(#9449),#9474,.T.);
#9449 = FACE_BOUND('',#9450,.T.);
#9450 = EDGE_LOOP('',(#9451,#9452,#9460,#9468));
#9451 = ORIENTED_EDGE('',*,*,#9428,.T.);
#9452 = ORIENTED_EDGE('',*,*,#9453,.T.);
#9453 = EDGE_CURVE('',#9421,#9454,#9456,.T.);
#9454 = VERTEX_POINT('',#9455);
#9455 = CARTESIAN_POINT('',(107.88751919745,106.939422,55.095607856522)
  );
#9456 = B_SPLINE_CURVE_WITH_KNOTS('',2,(#9457,#9458,#9459),
  .UNSPECIFIED.,.F.,.F.,(3,3),(0.,1.),.PIECEWISE_BEZIER_KNOTS.);
#9457 = CARTESIAN_POINT('',(107.98623911745,106.939422,55.295238872522)
  );
#9458 = CARTESIAN_POINT('',(107.98623911745,106.939422,55.165807856522)
  );
#9459 = CARTESIAN_POINT('',(107.88751919745,106.939422,55.095607856522)
  );
#9460 = ORIENTED_EDGE('',*,*,#9461,.F.);
#9461 = EDGE_CURVE('',#9462,#9454,#9464,.T.);
#9462 = VERTEX_POINT('',#9463);
#9463 = CARTESIAN_POINT('',(107.88751919745,105.939422,55.095607856522)
  );
#9464 = LINE('',#9465,#9466);
#9465 = CARTESIAN_POINT('',(107.88751919745,105.939422,55.095607856522)
  );
#9466 = VECTOR('',#9467,1.);
#9467 = DIRECTION('',(0.,1.,0.));
#9468 = ORIENTED_EDGE('',*,*,#9469,.F.);
#9469 = EDGE_CURVE('',#9429,#9462,#9470,.T.);
#9470 = B_SPLINE_CURVE_WITH_KNOTS('',2,(#9471,#9472,#9473),
  .UNSPECIFIED.,.F.,.F.,(3,3),(0.,1.),.PIECEWISE_BEZIER_KNOTS.);
#9471 = CARTESIAN_POINT('',(107.98623911745,105.939422,55.295238872522)
  );
#9472 = CARTESIAN_POINT('',(107.98623911745,105.939422,55.165807856522)
  );
#9473 = CARTESIAN_POINT('',(107.88751919745,105.939422,55.095607856522)
  );
#9474 = SURFACE_OF_LINEAR_EXTRUSION('',#9475,#9479);
#9475 = B_SPLINE_CURVE_WITH_KNOTS('',2,(#9476,#9477,#9478),
  .UNSPECIFIED.,.F.,.F.,(3,3),(0.,1.),.PIECEWISE_BEZIER_KNOTS.);
#9476 = CARTESIAN_POINT('',(107.98623911745,105.939422,55.295238872522)
  );
#9477 = CARTESIAN_POINT('',(107.98623911745,105.939422,55.165807856522)
  );
#9478 = CARTESIAN_POINT('',(107.88751919745,105.939422,55.095607856522)
  );
#9479 = VECTOR('',#9480,1.);
#9480 = DIRECTION('',(-0.,-1.,-0.));
#9481 = ADVANCED_FACE('',(#9482),#9507,.T.);
#9482 = FACE_BOUND('',#9483,.T.);
#9483 = EDGE_LOOP('',(#9484,#9485,#9493,#9501));
#9484 = ORIENTED_EDGE('',*,*,#9461,.T.);
#9485 = ORIENTED_EDGE('',*,*,#9486,.T.);
#9486 = EDGE_CURVE('',#9454,#9487,#9489,.T.);
#9487 = VERTEX_POINT('',#9488);
#9488 = CARTESIAN_POINT('',(107.51457935745,106.939422,54.970563872522)
  );
#9489 = B_SPLINE_CURVE_WITH_KNOTS('',2,(#9490,#9491,#9492),
  .UNSPECIFIED.,.F.,.F.,(3,3),(0.,1.),.PIECEWISE_BEZIER_KNOTS.);
#9490 = CARTESIAN_POINT('',(107.88751919745,106.939422,55.095607856522)
  );
#9491 = CARTESIAN_POINT('',(107.78879927745,106.939422,55.027601840522)
  );
#9492 = CARTESIAN_POINT('',(107.51457935745,106.939422,54.970563872522)
  );
#9493 = ORIENTED_EDGE('',*,*,#9494,.F.);
#9494 = EDGE_CURVE('',#9495,#9487,#9497,.T.);
#9495 = VERTEX_POINT('',#9496);
#9496 = CARTESIAN_POINT('',(107.51457935745,105.939422,54.970563872522)
  );
#9497 = LINE('',#9498,#9499);
#9498 = CARTESIAN_POINT('',(107.51457935745,105.939422,54.970563872522)
  );
#9499 = VECTOR('',#9500,1.);
#9500 = DIRECTION('',(0.,1.,0.));
#9501 = ORIENTED_EDGE('',*,*,#9502,.F.);
#9502 = EDGE_CURVE('',#9462,#9495,#9503,.T.);
#9503 = B_SPLINE_CURVE_WITH_KNOTS('',2,(#9504,#9505,#9506),
  .UNSPECIFIED.,.F.,.F.,(3,3),(0.,1.),.PIECEWISE_BEZIER_KNOTS.);
#9504 = CARTESIAN_POINT('',(107.88751919745,105.939422,55.095607856522)
  );
#9505 = CARTESIAN_POINT('',(107.78879927745,105.939422,55.027601840522)
  );
#9506 = CARTESIAN_POINT('',(107.51457935745,105.939422,54.970563872522)
  );
#9507 = SURFACE_OF_LINEAR_EXTRUSION('',#9508,#9512);
#9508 = B_SPLINE_CURVE_WITH_KNOTS('',2,(#9509,#9510,#9511),
  .UNSPECIFIED.,.F.,.F.,(3,3),(0.,1.),.PIECEWISE_BEZIER_KNOTS.);
#9509 = CARTESIAN_POINT('',(107.88751919745,105.939422,55.095607856522)
  );
#9510 = CARTESIAN_POINT('',(107.78879927745,105.939422,55.027601840522)
  );
#9511 = CARTESIAN_POINT('',(107.51457935745,105.939422,54.970563872522)
  );
#9512 = VECTOR('',#9513,1.);
#9513 = DIRECTION('',(-0.,-1.,-0.));
#9514 = ADVANCED_FACE('',(#9515),#9540,.T.);
#9515 = FACE_BOUND('',#9516,.T.);
#9516 = EDGE_LOOP('',(#9517,#9518,#9526,#9534));
#9517 = ORIENTED_EDGE('',*,*,#9494,.T.);
#9518 = ORIENTED_EDGE('',*,*,#9519,.T.);
#9519 = EDGE_CURVE('',#9487,#9520,#9522,.T.);
#9520 = VERTEX_POINT('',#9521);
#9521 = CARTESIAN_POINT('',(107.17015943745,106.939422,54.898169888522)
  );
#9522 = B_SPLINE_CURVE_WITH_KNOTS('',2,(#9523,#9524,#9525),
  .UNSPECIFIED.,.F.,.F.,(3,3),(0.,1.),.PIECEWISE_BEZIER_KNOTS.);
#9523 = CARTESIAN_POINT('',(107.51457935745,106.939422,54.970563872522)
  );
#9524 = CARTESIAN_POINT('',(107.33468951745,106.939422,54.933269888522)
  );
#9525 = CARTESIAN_POINT('',(107.17015943745,106.939422,54.898169888522)
  );
#9526 = ORIENTED_EDGE('',*,*,#9527,.F.);
#9527 = EDGE_CURVE('',#9528,#9520,#9530,.T.);
#9528 = VERTEX_POINT('',#9529);
#9529 = CARTESIAN_POINT('',(107.17015943745,105.939422,54.898169888522)
  );
#9530 = LINE('',#9531,#9532);
#9531 = CARTESIAN_POINT('',(107.17015943745,105.939422,54.898169888522)
  );
#9532 = VECTOR('',#9533,1.);
#9533 = DIRECTION('',(0.,1.,0.));
#9534 = ORIENTED_EDGE('',*,*,#9535,.F.);
#9535 = EDGE_CURVE('',#9495,#9528,#9536,.T.);
#9536 = B_SPLINE_CURVE_WITH_KNOTS('',2,(#9537,#9538,#9539),
  .UNSPECIFIED.,.F.,.F.,(3,3),(0.,1.),.PIECEWISE_BEZIER_KNOTS.);
#9537 = CARTESIAN_POINT('',(107.51457935745,105.939422,54.970563872522)
  );
#9538 = CARTESIAN_POINT('',(107.33468951745,105.939422,54.933269888522)
  );
#9539 = CARTESIAN_POINT('',(107.17015943745,105.939422,54.898169888522)
  );
#9540 = SURFACE_OF_LINEAR_EXTRUSION('',#9541,#9545);
#9541 = B_SPLINE_CURVE_WITH_KNOTS('',2,(#9542,#9543,#9544),
  .UNSPECIFIED.,.F.,.F.,(3,3),(0.,1.),.PIECEWISE_BEZIER_KNOTS.);
#9542 = CARTESIAN_POINT('',(107.51457935745,105.939422,54.970563872522)
  );
#9543 = CARTESIAN_POINT('',(107.33468951745,105.939422,54.933269888522)
  );
#9544 = CARTESIAN_POINT('',(107.17015943745,105.939422,54.898169888522)
  );
#9545 = VECTOR('',#9546,1.);
#9546 = DIRECTION('',(-0.,-1.,-0.));
#9547 = ADVANCED_FACE('',(#9548),#9573,.T.);
#9548 = FACE_BOUND('',#9549,.T.);
#9549 = EDGE_LOOP('',(#9550,#9551,#9559,#9567));
#9550 = ORIENTED_EDGE('',*,*,#9527,.T.);
#9551 = ORIENTED_EDGE('',*,*,#9552,.T.);
#9552 = EDGE_CURVE('',#9520,#9553,#9555,.T.);
#9553 = VERTEX_POINT('',#9554);
#9554 = CARTESIAN_POINT('',(106.81257935745,106.939422,54.801644888522)
  );
#9555 = B_SPLINE_CURVE_WITH_KNOTS('',2,(#9556,#9557,#9558),
  .UNSPECIFIED.,.F.,.F.,(3,3),(0.,1.),.PIECEWISE_BEZIER_KNOTS.);
#9556 = CARTESIAN_POINT('',(107.17015943745,106.939422,54.898169888522)
  );
#9557 = CARTESIAN_POINT('',(107.00343911745,106.939422,54.863069888522)
  );
#9558 = CARTESIAN_POINT('',(106.81257935745,106.939422,54.801644888522)
  );
#9559 = ORIENTED_EDGE('',*,*,#9560,.F.);
#9560 = EDGE_CURVE('',#9561,#9553,#9563,.T.);
#9561 = VERTEX_POINT('',#9562);
#9562 = CARTESIAN_POINT('',(106.81257935745,105.939422,54.801644888522)
  );
#9563 = LINE('',#9564,#9565);
#9564 = CARTESIAN_POINT('',(106.81257935745,105.939422,54.801644888522)
  );
#9565 = VECTOR('',#9566,1.);
#9566 = DIRECTION('',(0.,1.,0.));
#9567 = ORIENTED_EDGE('',*,*,#9568,.F.);
#9568 = EDGE_CURVE('',#9528,#9561,#9569,.T.);
#9569 = B_SPLINE_CURVE_WITH_KNOTS('',2,(#9570,#9571,#9572),
  .UNSPECIFIED.,.F.,.F.,(3,3),(0.,1.),.PIECEWISE_BEZIER_KNOTS.);
#9570 = CARTESIAN_POINT('',(107.17015943745,105.939422,54.898169888522)
  );
#9571 = CARTESIAN_POINT('',(107.00343911745,105.939422,54.863069888522)
  );
#9572 = CARTESIAN_POINT('',(106.81257935745,105.939422,54.801644888522)
  );
#9573 = SURFACE_OF_LINEAR_EXTRUSION('',#9574,#9578);
#9574 = B_SPLINE_CURVE_WITH_KNOTS('',2,(#9575,#9576,#9577),
  .UNSPECIFIED.,.F.,.F.,(3,3),(0.,1.),.PIECEWISE_BEZIER_KNOTS.);
#9575 = CARTESIAN_POINT('',(107.17015943745,105.939422,54.898169888522)
  );
#9576 = CARTESIAN_POINT('',(107.00343911745,105.939422,54.863069888522)
  );
#9577 = CARTESIAN_POINT('',(106.81257935745,105.939422,54.801644888522)
  );
#9578 = VECTOR('',#9579,1.);
#9579 = DIRECTION('',(-0.,-1.,-0.));
#9580 = ADVANCED_FACE('',(#9581),#9606,.T.);
#9581 = FACE_BOUND('',#9582,.T.);
#9582 = EDGE_LOOP('',(#9583,#9584,#9592,#9600));
#9583 = ORIENTED_EDGE('',*,*,#9560,.T.);
#9584 = ORIENTED_EDGE('',*,*,#9585,.T.);
#9585 = EDGE_CURVE('',#9553,#9586,#9588,.T.);
#9586 = VERTEX_POINT('',#9587);
#9587 = CARTESIAN_POINT('',(106.25974967745,106.939422,54.466001840522)
  );
#9588 = B_SPLINE_CURVE_WITH_KNOTS('',2,(#9589,#9590,#9591),
  .UNSPECIFIED.,.F.,.F.,(3,3),(0.,1.),.PIECEWISE_BEZIER_KNOTS.);
#9589 = CARTESIAN_POINT('',(106.81257935745,106.939422,54.801644888522)
  );
#9590 = CARTESIAN_POINT('',(106.43744927745,106.939422,54.678794888522)
  );
#9591 = CARTESIAN_POINT('',(106.25974967745,106.939422,54.466001840522)
  );
#9592 = ORIENTED_EDGE('',*,*,#9593,.F.);
#9593 = EDGE_CURVE('',#9594,#9586,#9596,.T.);
#9594 = VERTEX_POINT('',#9595);
#9595 = CARTESIAN_POINT('',(106.25974967745,105.939422,54.466001840522)
  );
#9596 = LINE('',#9597,#9598);
#9597 = CARTESIAN_POINT('',(106.25974967745,105.939422,54.466001840522)
  );
#9598 = VECTOR('',#9599,1.);
#9599 = DIRECTION('',(0.,1.,0.));
#9600 = ORIENTED_EDGE('',*,*,#9601,.F.);
#9601 = EDGE_CURVE('',#9561,#9594,#9602,.T.);
#9602 = B_SPLINE_CURVE_WITH_KNOTS('',2,(#9603,#9604,#9605),
  .UNSPECIFIED.,.F.,.F.,(3,3),(0.,1.),.PIECEWISE_BEZIER_KNOTS.);
#9603 = CARTESIAN_POINT('',(106.81257935745,105.939422,54.801644888522)
  );
#9604 = CARTESIAN_POINT('',(106.43744927745,105.939422,54.678794888522)
  );
#9605 = CARTESIAN_POINT('',(106.25974967745,105.939422,54.466001840522)
  );
#9606 = SURFACE_OF_LINEAR_EXTRUSION('',#9607,#9611);
#9607 = B_SPLINE_CURVE_WITH_KNOTS('',2,(#9608,#9609,#9610),
  .UNSPECIFIED.,.F.,.F.,(3,3),(0.,1.),.PIECEWISE_BEZIER_KNOTS.);
#9608 = CARTESIAN_POINT('',(106.81257935745,105.939422,54.801644888522)
  );
#9609 = CARTESIAN_POINT('',(106.43744927745,105.939422,54.678794888522)
  );
#9610 = CARTESIAN_POINT('',(106.25974967745,105.939422,54.466001840522)
  );
#9611 = VECTOR('',#9612,1.);
#9612 = DIRECTION('',(-0.,-1.,-0.));
#9613 = ADVANCED_FACE('',(#9614),#9630,.T.);
#9614 = FACE_BOUND('',#9615,.T.);
#9615 = EDGE_LOOP('',(#9616,#9617,#9623,#9624));
#9616 = ORIENTED_EDGE('',*,*,#9593,.T.);
#9617 = ORIENTED_EDGE('',*,*,#9618,.T.);
#9618 = EDGE_CURVE('',#9586,#8468,#9619,.T.);
#9619 = B_SPLINE_CURVE_WITH_KNOTS('',2,(#9620,#9621,#9622),
  .UNSPECIFIED.,.F.,.F.,(3,3),(0.,1.),.PIECEWISE_BEZIER_KNOTS.);
#9620 = CARTESIAN_POINT('',(106.25974967745,106.939422,54.466001840522)
  );
#9621 = CARTESIAN_POINT('',(106.07986919745,106.939422,54.255401840522)
  );
#9622 = CARTESIAN_POINT('',(106.07986919745,106.939422,53.917563872522)
  );
#9623 = ORIENTED_EDGE('',*,*,#8465,.F.);
#9624 = ORIENTED_EDGE('',*,*,#9625,.F.);
#9625 = EDGE_CURVE('',#9594,#8466,#9626,.T.);
#9626 = B_SPLINE_CURVE_WITH_KNOTS('',2,(#9627,#9628,#9629),
  .UNSPECIFIED.,.F.,.F.,(3,3),(0.,1.),.PIECEWISE_BEZIER_KNOTS.);
#9627 = CARTESIAN_POINT('',(106.25974967745,105.939422,54.466001840522)
  );
#9628 = CARTESIAN_POINT('',(106.07986919745,105.939422,54.255401840522)
  );
#9629 = CARTESIAN_POINT('',(106.07986919745,105.939422,53.917563872522)
  );
#9630 = SURFACE_OF_LINEAR_EXTRUSION('',#9631,#9635);
#9631 = B_SPLINE_CURVE_WITH_KNOTS('',2,(#9632,#9633,#9634),
  .UNSPECIFIED.,.F.,.F.,(3,3),(0.,1.),.PIECEWISE_BEZIER_KNOTS.);
#9632 = CARTESIAN_POINT('',(106.25974967745,105.939422,54.466001840522)
  );
#9633 = CARTESIAN_POINT('',(106.07986919745,105.939422,54.255401840522)
  );
#9634 = CARTESIAN_POINT('',(106.07986919745,105.939422,53.917563872522)
  );
#9635 = VECTOR('',#9636,1.);
#9636 = DIRECTION('',(-0.,-1.,-0.));
#9637 = ADVANCED_FACE('',(#9638),#9676,.T.);
#9638 = FACE_BOUND('',#9639,.T.);
#9639 = EDGE_LOOP('',(#9640,#9641,#9642,#9643,#9644,#9645,#9646,#9647,
    #9648,#9649,#9650,#9651,#9652,#9653,#9654,#9655,#9656,#9657,#9658,
    #9659,#9660,#9661,#9662,#9663,#9664,#9665,#9666,#9667,#9668,#9669,
    #9670,#9671,#9672,#9673,#9674,#9675));
#9640 = ORIENTED_EDGE('',*,*,#8491,.T.);
#9641 = ORIENTED_EDGE('',*,*,#8524,.T.);
#9642 = ORIENTED_EDGE('',*,*,#8557,.T.);
#9643 = ORIENTED_EDGE('',*,*,#8590,.T.);
#9644 = ORIENTED_EDGE('',*,*,#8622,.T.);
#9645 = ORIENTED_EDGE('',*,*,#8652,.T.);
#9646 = ORIENTED_EDGE('',*,*,#8683,.T.);
#9647 = ORIENTED_EDGE('',*,*,#8716,.T.);
#9648 = ORIENTED_EDGE('',*,*,#8749,.T.);
#9649 = ORIENTED_EDGE('',*,*,#8782,.T.);
#9650 = ORIENTED_EDGE('',*,*,#8815,.T.);
#9651 = ORIENTED_EDGE('',*,*,#8848,.T.);
#9652 = ORIENTED_EDGE('',*,*,#8881,.T.);
#9653 = ORIENTED_EDGE('',*,*,#8914,.T.);
#9654 = ORIENTED_EDGE('',*,*,#8947,.T.);
#9655 = ORIENTED_EDGE('',*,*,#8980,.T.);
#9656 = ORIENTED_EDGE('',*,*,#9013,.T.);
#9657 = ORIENTED_EDGE('',*,*,#9046,.T.);
#9658 = ORIENTED_EDGE('',*,*,#9079,.T.);
#9659 = ORIENTED_EDGE('',*,*,#9112,.T.);
#9660 = ORIENTED_EDGE('',*,*,#9145,.T.);
#9661 = ORIENTED_EDGE('',*,*,#9178,.T.);
#9662 = ORIENTED_EDGE('',*,*,#9210,.T.);
#9663 = ORIENTED_EDGE('',*,*,#9240,.T.);
#9664 = ORIENTED_EDGE('',*,*,#9271,.T.);
#9665 = ORIENTED_EDGE('',*,*,#9304,.T.);
#9666 = ORIENTED_EDGE('',*,*,#9337,.T.);
#9667 = ORIENTED_EDGE('',*,*,#9370,.T.);
#9668 = ORIENTED_EDGE('',*,*,#9403,.T.);
#9669 = ORIENTED_EDGE('',*,*,#9436,.T.);
#9670 = ORIENTED_EDGE('',*,*,#9469,.T.);
#9671 = ORIENTED_EDGE('',*,*,#9502,.T.);
#9672 = ORIENTED_EDGE('',*,*,#9535,.T.);
#9673 = ORIENTED_EDGE('',*,*,#9568,.T.);
#9674 = ORIENTED_EDGE('',*,*,#9601,.T.);
#9675 = ORIENTED_EDGE('',*,*,#9625,.T.);
#9676 = B_SPLINE_SURFACE_WITH_KNOTS('',1,1,(
    (#9677,#9678)
    ,(#9679,#9680
    )),.UNSPECIFIED.,.F.,.F.,.F.,(2,2),(2,2),(-15.16018602256,
    14.675713977432),(-17.89509040526,18.268969594733),
  .PIECEWISE_BEZIER_KNOTS.);
#9677 = CARTESIAN_POINT('',(106.07986919745,105.939422,52.831657856522)
  );
#9678 = CARTESIAN_POINT('',(106.07986919745,105.939422,56.216613872522)
  );
#9679 = CARTESIAN_POINT('',(108.87250943745,105.939422,52.831657856522)
  );
#9680 = CARTESIAN_POINT('',(108.87250943745,105.939422,56.216613872522)
  );
#9681 = ADVANCED_FACE('',(#9682),#9720,.F.);
#9682 = FACE_BOUND('',#9683,.F.);
#9683 = EDGE_LOOP('',(#9684,#9685,#9686,#9687,#9688,#9689,#9690,#9691,
    #9692,#9693,#9694,#9695,#9696,#9697,#9698,#9699,#9700,#9701,#9702,
    #9703,#9704,#9705,#9706,#9707,#9708,#9709,#9710,#9711,#9712,#9713,
    #9714,#9715,#9716,#9717,#9718,#9719));
#9684 = ORIENTED_EDGE('',*,*,#8475,.T.);
#9685 = ORIENTED_EDGE('',*,*,#8508,.T.);
#9686 = ORIENTED_EDGE('',*,*,#8541,.T.);
#9687 = ORIENTED_EDGE('',*,*,#8574,.T.);
#9688 = ORIENTED_EDGE('',*,*,#8607,.T.);
#9689 = ORIENTED_EDGE('',*,*,#8637,.T.);
#9690 = ORIENTED_EDGE('',*,*,#8667,.T.);
#9691 = ORIENTED_EDGE('',*,*,#8700,.T.);
#9692 = ORIENTED_EDGE('',*,*,#8733,.T.);
#9693 = ORIENTED_EDGE('',*,*,#8766,.T.);
#9694 = ORIENTED_EDGE('',*,*,#8799,.T.);
#9695 = ORIENTED_EDGE('',*,*,#8832,.T.);
#9696 = ORIENTED_EDGE('',*,*,#8865,.T.);
#9697 = ORIENTED_EDGE('',*,*,#8898,.T.);
#9698 = ORIENTED_EDGE('',*,*,#8931,.T.);
#9699 = ORIENTED_EDGE('',*,*,#8964,.T.);
#9700 = ORIENTED_EDGE('',*,*,#8997,.T.);
#9701 = ORIENTED_EDGE('',*,*,#9030,.T.);
#9702 = ORIENTED_EDGE('',*,*,#9063,.T.);
#9703 = ORIENTED_EDGE('',*,*,#9096,.T.);
#9704 = ORIENTED_EDGE('',*,*,#9129,.T.);
#9705 = ORIENTED_EDGE('',*,*,#9162,.T.);
#9706 = ORIENTED_EDGE('',*,*,#9195,.T.);
#9707 = ORIENTED_EDGE('',*,*,#9225,.T.);
#9708 = ORIENTED_EDGE('',*,*,#9255,.T.);
#9709 = ORIENTED_EDGE('',*,*,#9288,.T.);
#9710 = ORIENTED_EDGE('',*,*,#9321,.T.);
#9711 = ORIENTED_EDGE('',*,*,#9354,.T.);
#9712 = ORIENTED_EDGE('',*,*,#9387,.T.);
#9713 = ORIENTED_EDGE('',*,*,#9420,.T.);
#9714 = ORIENTED_EDGE('',*,*,#9453,.T.);
#9715 = ORIENTED_EDGE('',*,*,#9486,.T.);
#9716 = ORIENTED_EDGE('',*,*,#9519,.T.);
#9717 = ORIENTED_EDGE('',*,*,#9552,.T.);
#9718 = ORIENTED_EDGE('',*,*,#9585,.T.);
#9719 = ORIENTED_EDGE('',*,*,#9618,.T.);
#9720 = B_SPLINE_SURFACE_WITH_KNOTS('',1,1,(
    (#9721,#9722)
    ,(#9723,#9724
    )),.UNSPECIFIED.,.F.,.F.,.F.,(2,2),(2,2),(-15.16018602256,
    14.675713977432),(-17.89509040526,18.268969594733),
  .PIECEWISE_BEZIER_KNOTS.);
#9721 = CARTESIAN_POINT('',(106.07986919745,106.939422,52.831657856522)
  );
#9722 = CARTESIAN_POINT('',(106.07986919745,106.939422,56.216613872522)
  );
#9723 = CARTESIAN_POINT('',(108.87250943745,106.939422,52.831657856522)
  );
#9724 = CARTESIAN_POINT('',(108.87250943745,106.939422,56.216613872522)
  );
#9725 = MANIFOLD_SOLID_BREP('',#9726);
#9726 = CLOSED_SHELL('',(#9727,#9769,#9802,#9835,#9868,#9898,#9928,#9961
    ,#9994,#10027,#10060,#10093,#10126,#10159,#10192,#10225,#10258,
    #10291,#10324,#10357,#10390,#10423,#10456,#10486,#10516,#10549,
    #10582,#10615,#10648,#10681,#10714,#10747,#10780,#10813,#10846,
    #10879,#10903,#10947));
#9727 = ADVANCED_FACE('',(#9728),#9762,.T.);
#9728 = FACE_BOUND('',#9729,.T.);
#9729 = EDGE_LOOP('',(#9730,#9740,#9748,#9756));
#9730 = ORIENTED_EDGE('',*,*,#9731,.T.);
#9731 = EDGE_CURVE('',#9732,#9734,#9736,.T.);
#9732 = VERTEX_POINT('',#9733);
#9733 = CARTESIAN_POINT('',(102.88795943745,105.939422,53.917563872522)
  );
#9734 = VERTEX_POINT('',#9735);
#9735 = CARTESIAN_POINT('',(102.88795943745,106.939422,53.917563872522)
  );
#9736 = LINE('',#9737,#9738);
#9737 = CARTESIAN_POINT('',(102.88795943745,105.939422,53.917563872522)
  );
#9738 = VECTOR('',#9739,1.);
#9739 = DIRECTION('',(0.,1.,0.));
#9740 = ORIENTED_EDGE('',*,*,#9741,.T.);
#9741 = EDGE_CURVE('',#9734,#9742,#9744,.T.);
#9742 = VERTEX_POINT('',#9743);
#9743 = CARTESIAN_POINT('',(103.29818951745,106.939422,53.132201840522)
  );
#9744 = B_SPLINE_CURVE_WITH_KNOTS('',2,(#9745,#9746,#9747),
  .UNSPECIFIED.,.F.,.F.,(3,3),(0.,1.),.PIECEWISE_BEZIER_KNOTS.);
#9745 = CARTESIAN_POINT('',(102.88795943745,106.939422,53.917563872522)
  );
#9746 = CARTESIAN_POINT('',(102.88795943745,106.939422,53.434938872522)
  );
#9747 = CARTESIAN_POINT('',(103.29818951745,106.939422,53.132201840522)
  );
#9748 = ORIENTED_EDGE('',*,*,#9749,.F.);
#9749 = EDGE_CURVE('',#9750,#9742,#9752,.T.);
#9750 = VERTEX_POINT('',#9751);
#9751 = CARTESIAN_POINT('',(103.29818951745,105.939422,53.132201840522)
  );
#9752 = LINE('',#9753,#9754);
#9753 = CARTESIAN_POINT('',(103.29818951745,105.939422,53.132201840522)
  );
#9754 = VECTOR('',#9755,1.);
#9755 = DIRECTION('',(0.,1.,0.));
#9756 = ORIENTED_EDGE('',*,*,#9757,.F.);
#9757 = EDGE_CURVE('',#9732,#9750,#9758,.T.);
#9758 = B_SPLINE_CURVE_WITH_KNOTS('',2,(#9759,#9760,#9761),
  .UNSPECIFIED.,.F.,.F.,(3,3),(0.,1.),.PIECEWISE_BEZIER_KNOTS.);
#9759 = CARTESIAN_POINT('',(102.88795943745,105.939422,53.917563872522)
  );
#9760 = CARTESIAN_POINT('',(102.88795943745,105.939422,53.434938872522)
  );
#9761 = CARTESIAN_POINT('',(103.29818951745,105.939422,53.132201840522)
  );
#9762 = SURFACE_OF_LINEAR_EXTRUSION('',#9763,#9767);
#9763 = B_SPLINE_CURVE_WITH_KNOTS('',2,(#9764,#9765,#9766),
  .UNSPECIFIED.,.F.,.F.,(3,3),(0.,1.),.PIECEWISE_BEZIER_KNOTS.);
#9764 = CARTESIAN_POINT('',(102.88795943745,105.939422,53.917563872522)
  );
#9765 = CARTESIAN_POINT('',(102.88795943745,105.939422,53.434938872522)
  );
#9766 = CARTESIAN_POINT('',(103.29818951745,105.939422,53.132201840522)
  );
#9767 = VECTOR('',#9768,1.);
#9768 = DIRECTION('',(-0.,-1.,-0.));
#9769 = ADVANCED_FACE('',(#9770),#9795,.T.);
#9770 = FACE_BOUND('',#9771,.T.);
#9771 = EDGE_LOOP('',(#9772,#9773,#9781,#9789));
#9772 = ORIENTED_EDGE('',*,*,#9749,.T.);
#9773 = ORIENTED_EDGE('',*,*,#9774,.T.);
#9774 = EDGE_CURVE('',#9742,#9775,#9777,.T.);
#9775 = VERTEX_POINT('',#9776);
#9776 = CARTESIAN_POINT('',(104.40822935745,106.939422,52.831657856522)
  );
#9777 = B_SPLINE_CURVE_WITH_KNOTS('',2,(#9778,#9779,#9780),
  .UNSPECIFIED.,.F.,.F.,(3,3),(0.,1.),.PIECEWISE_BEZIER_KNOTS.);
#9778 = CARTESIAN_POINT('',(103.29818951745,106.939422,53.132201840522)
  );
#9779 = CARTESIAN_POINT('',(103.70622935745,106.939422,52.831657856522)
  );
#9780 = CARTESIAN_POINT('',(104.40822935745,106.939422,52.831657856522)
  );
#9781 = ORIENTED_EDGE('',*,*,#9782,.F.);
#9782 = EDGE_CURVE('',#9783,#9775,#9785,.T.);
#9783 = VERTEX_POINT('',#9784);
#9784 = CARTESIAN_POINT('',(104.40822935745,105.939422,52.831657856522)
  );
#9785 = LINE('',#9786,#9787);
#9786 = CARTESIAN_POINT('',(104.40822935745,105.939422,52.831657856522)
  );
#9787 = VECTOR('',#9788,1.);
#9788 = DIRECTION('',(0.,1.,0.));
#9789 = ORIENTED_EDGE('',*,*,#9790,.F.);
#9790 = EDGE_CURVE('',#9750,#9783,#9791,.T.);
#9791 = B_SPLINE_CURVE_WITH_KNOTS('',2,(#9792,#9793,#9794),
  .UNSPECIFIED.,.F.,.F.,(3,3),(0.,1.),.PIECEWISE_BEZIER_KNOTS.);
#9792 = CARTESIAN_POINT('',(103.29818951745,105.939422,53.132201840522)
  );
#9793 = CARTESIAN_POINT('',(103.70622935745,105.939422,52.831657856522)
  );
#9794 = CARTESIAN_POINT('',(104.40822935745,105.939422,52.831657856522)
  );
#9795 = SURFACE_OF_LINEAR_EXTRUSION('',#9796,#9800);
#9796 = B_SPLINE_CURVE_WITH_KNOTS('',2,(#9797,#9798,#9799),
  .UNSPECIFIED.,.F.,.F.,(3,3),(0.,1.),.PIECEWISE_BEZIER_KNOTS.);
#9797 = CARTESIAN_POINT('',(103.29818951745,105.939422,53.132201840522)
  );
#9798 = CARTESIAN_POINT('',(103.70622935745,105.939422,52.831657856522)
  );
#9799 = CARTESIAN_POINT('',(104.40822935745,105.939422,52.831657856522)
  );
#9800 = VECTOR('',#9801,1.);
#9801 = DIRECTION('',(-0.,-1.,-0.));
#9802 = ADVANCED_FACE('',(#9803),#9828,.T.);
#9803 = FACE_BOUND('',#9804,.T.);
#9804 = EDGE_LOOP('',(#9805,#9806,#9814,#9822));
#9805 = ORIENTED_EDGE('',*,*,#9782,.T.);
#9806 = ORIENTED_EDGE('',*,*,#9807,.T.);
#9807 = EDGE_CURVE('',#9775,#9808,#9810,.T.);
#9808 = VERTEX_POINT('',#9809);
#9809 = CARTESIAN_POINT('',(105.11680943745,106.939422,52.901857856522)
  );
#9810 = B_SPLINE_CURVE_WITH_KNOTS('',2,(#9811,#9812,#9813),
  .UNSPECIFIED.,.F.,.F.,(3,3),(0.,1.),.PIECEWISE_BEZIER_KNOTS.);
#9811 = CARTESIAN_POINT('',(104.40822935745,106.939422,52.831657856522)
  );
#9812 = CARTESIAN_POINT('',(104.81406959745,106.939422,52.831657856522)
  );
#9813 = CARTESIAN_POINT('',(105.11680943745,106.939422,52.901857856522)
  );
#9814 = ORIENTED_EDGE('',*,*,#9815,.F.);
#9815 = EDGE_CURVE('',#9816,#9808,#9818,.T.);
#9816 = VERTEX_POINT('',#9817);
#9817 = CARTESIAN_POINT('',(105.11680943745,105.939422,52.901857856522)
  );
#9818 = LINE('',#9819,#9820);
#9819 = CARTESIAN_POINT('',(105.11680943745,105.939422,52.901857856522)
  );
#9820 = VECTOR('',#9821,1.);
#9821 = DIRECTION('',(0.,1.,0.));
#9822 = ORIENTED_EDGE('',*,*,#9823,.F.);
#9823 = EDGE_CURVE('',#9783,#9816,#9824,.T.);
#9824 = B_SPLINE_CURVE_WITH_KNOTS('',2,(#9825,#9826,#9827),
  .UNSPECIFIED.,.F.,.F.,(3,3),(0.,1.),.PIECEWISE_BEZIER_KNOTS.);
#9825 = CARTESIAN_POINT('',(104.40822935745,105.939422,52.831657856522)
  );
#9826 = CARTESIAN_POINT('',(104.81406959745,105.939422,52.831657856522)
  );
#9827 = CARTESIAN_POINT('',(105.11680943745,105.939422,52.901857856522)
  );
#9828 = SURFACE_OF_LINEAR_EXTRUSION('',#9829,#9833);
#9829 = B_SPLINE_CURVE_WITH_KNOTS('',2,(#9830,#9831,#9832),
  .UNSPECIFIED.,.F.,.F.,(3,3),(0.,1.),.PIECEWISE_BEZIER_KNOTS.);
#9830 = CARTESIAN_POINT('',(104.40822935745,105.939422,52.831657856522)
  );
#9831 = CARTESIAN_POINT('',(104.81406959745,105.939422,52.831657856522)
  );
#9832 = CARTESIAN_POINT('',(105.11680943745,105.939422,52.901857856522)
  );
#9833 = VECTOR('',#9834,1.);
#9834 = DIRECTION('',(-0.,-1.,-0.));
#9835 = ADVANCED_FACE('',(#9836),#9861,.T.);
#9836 = FACE_BOUND('',#9837,.T.);
#9837 = EDGE_LOOP('',(#9838,#9839,#9847,#9855));
#9838 = ORIENTED_EDGE('',*,*,#9815,.T.);
#9839 = ORIENTED_EDGE('',*,*,#9840,.T.);
#9840 = EDGE_CURVE('',#9808,#9841,#9843,.T.);
#9841 = VERTEX_POINT('',#9842);
#9842 = CARTESIAN_POINT('',(105.68059967745,106.939422,53.083938872522)
  );
#9843 = B_SPLINE_CURVE_WITH_KNOTS('',2,(#9844,#9845,#9846),
  .UNSPECIFIED.,.F.,.F.,(3,3),(0.,1.),.PIECEWISE_BEZIER_KNOTS.);
#9844 = CARTESIAN_POINT('',(105.11680943745,106.939422,52.901857856522)
  );
#9845 = CARTESIAN_POINT('',(105.41734967745,106.939422,52.974251840522)
  );
#9846 = CARTESIAN_POINT('',(105.68059967745,106.939422,53.083938872522)
  );
#9847 = ORIENTED_EDGE('',*,*,#9848,.F.);
#9848 = EDGE_CURVE('',#9849,#9841,#9851,.T.);
#9849 = VERTEX_POINT('',#9850);
#9850 = CARTESIAN_POINT('',(105.68059967745,105.939422,53.083938872522)
  );
#9851 = LINE('',#9852,#9853);
#9852 = CARTESIAN_POINT('',(105.68059967745,105.939422,53.083938872522)
  );
#9853 = VECTOR('',#9854,1.);
#9854 = DIRECTION('',(0.,1.,0.));
#9855 = ORIENTED_EDGE('',*,*,#9856,.F.);
#9856 = EDGE_CURVE('',#9816,#9849,#9857,.T.);
#9857 = B_SPLINE_CURVE_WITH_KNOTS('',2,(#9858,#9859,#9860),
  .UNSPECIFIED.,.F.,.F.,(3,3),(0.,1.),.PIECEWISE_BEZIER_KNOTS.);
#9858 = CARTESIAN_POINT('',(105.11680943745,105.939422,52.901857856522)
  );
#9859 = CARTESIAN_POINT('',(105.41734967745,105.939422,52.974251840522)
  );
#9860 = CARTESIAN_POINT('',(105.68059967745,105.939422,53.083938872522)
  );
#9861 = SURFACE_OF_LINEAR_EXTRUSION('',#9862,#9866);
#9862 = B_SPLINE_CURVE_WITH_KNOTS('',2,(#9863,#9864,#9865),
  .UNSPECIFIED.,.F.,.F.,(3,3),(0.,1.),.PIECEWISE_BEZIER_KNOTS.);
#9863 = CARTESIAN_POINT('',(105.11680943745,105.939422,52.901857856522)
  );
#9864 = CARTESIAN_POINT('',(105.41734967745,105.939422,52.974251840522)
  );
#9865 = CARTESIAN_POINT('',(105.68059967745,105.939422,53.083938872522)
  );
#9866 = VECTOR('',#9867,1.);
#9867 = DIRECTION('',(-0.,-1.,-0.));
#9868 = ADVANCED_FACE('',(#9869),#9892,.T.);
#9869 = FACE_BOUND('',#9870,.T.);
#9870 = EDGE_LOOP('',(#9871,#9872,#9879,#9887));
#9871 = ORIENTED_EDGE('',*,*,#9848,.T.);
#9872 = ORIENTED_EDGE('',*,*,#9873,.T.);
#9873 = EDGE_CURVE('',#9841,#9874,#9876,.T.);
#9874 = VERTEX_POINT('',#9875);
#9875 = CARTESIAN_POINT('',(105.68059967745,106.939422,53.867107856522)
  );
#9876 = B_SPLINE_CURVE_WITH_KNOTS('',1,(#9877,#9878),.UNSPECIFIED.,.F.,
  .F.,(2,2),(0.,8.36719),.PIECEWISE_BEZIER_KNOTS.);
#9877 = CARTESIAN_POINT('',(105.68059967745,106.939422,53.083938872522)
  );
#9878 = CARTESIAN_POINT('',(105.68059967745,106.939422,53.867107856522)
  );
#9879 = ORIENTED_EDGE('',*,*,#9880,.F.);
#9880 = EDGE_CURVE('',#9881,#9874,#9883,.T.);
#9881 = VERTEX_POINT('',#9882);
#9882 = CARTESIAN_POINT('',(105.68059967745,105.939422,53.867107856522)
  );
#9883 = LINE('',#9884,#9885);
#9884 = CARTESIAN_POINT('',(105.68059967745,105.939422,53.867107856522)
  );
#9885 = VECTOR('',#9886,1.);
#9886 = DIRECTION('',(0.,1.,0.));
#9887 = ORIENTED_EDGE('',*,*,#9888,.F.);
#9888 = EDGE_CURVE('',#9849,#9881,#9889,.T.);
#9889 = B_SPLINE_CURVE_WITH_KNOTS('',1,(#9890,#9891),.UNSPECIFIED.,.F.,
  .F.,(2,2),(0.,8.36719),.PIECEWISE_BEZIER_KNOTS.);
#9890 = CARTESIAN_POINT('',(105.68059967745,105.939422,53.083938872522)
  );
#9891 = CARTESIAN_POINT('',(105.68059967745,105.939422,53.867107856522)
  );
#9892 = SURFACE_OF_LINEAR_EXTRUSION('',#9893,#9896);
#9893 = B_SPLINE_CURVE_WITH_KNOTS('',1,(#9894,#9895),.UNSPECIFIED.,.F.,
  .F.,(2,2),(0.,8.36719),.PIECEWISE_BEZIER_KNOTS.);
#9894 = CARTESIAN_POINT('',(105.68059967745,105.939422,53.083938872522)
  );
#9895 = CARTESIAN_POINT('',(105.68059967745,105.939422,53.867107856522)
  );
#9896 = VECTOR('',#9897,1.);
#9897 = DIRECTION('',(-0.,-1.,-0.));
#9898 = ADVANCED_FACE('',(#9899),#9922,.T.);
#9899 = FACE_BOUND('',#9900,.T.);
#9900 = EDGE_LOOP('',(#9901,#9902,#9909,#9917));
#9901 = ORIENTED_EDGE('',*,*,#9880,.T.);
#9902 = ORIENTED_EDGE('',*,*,#9903,.T.);
#9903 = EDGE_CURVE('',#9874,#9904,#9906,.T.);
#9904 = VERTEX_POINT('',#9905);
#9905 = CARTESIAN_POINT('',(105.58846919745,106.939422,53.867107856522)
  );
#9906 = B_SPLINE_CURVE_WITH_KNOTS('',1,(#9907,#9908),.UNSPECIFIED.,.F.,
  .F.,(2,2),(0.,0.9843),.PIECEWISE_BEZIER_KNOTS.);
#9907 = CARTESIAN_POINT('',(105.68059967745,106.939422,53.867107856522)
  );
#9908 = CARTESIAN_POINT('',(105.58846919745,106.939422,53.867107856522)
  );
#9909 = ORIENTED_EDGE('',*,*,#9910,.F.);
#9910 = EDGE_CURVE('',#9911,#9904,#9913,.T.);
#9911 = VERTEX_POINT('',#9912);
#9912 = CARTESIAN_POINT('',(105.58846919745,105.939422,53.867107856522)
  );
#9913 = LINE('',#9914,#9915);
#9914 = CARTESIAN_POINT('',(105.58846919745,105.939422,53.867107856522)
  );
#9915 = VECTOR('',#9916,1.);
#9916 = DIRECTION('',(0.,1.,0.));
#9917 = ORIENTED_EDGE('',*,*,#9918,.F.);
#9918 = EDGE_CURVE('',#9881,#9911,#9919,.T.);
#9919 = B_SPLINE_CURVE_WITH_KNOTS('',1,(#9920,#9921),.UNSPECIFIED.,.F.,
  .F.,(2,2),(0.,0.9843),.PIECEWISE_BEZIER_KNOTS.);
#9920 = CARTESIAN_POINT('',(105.68059967745,105.939422,53.867107856522)
  );
#9921 = CARTESIAN_POINT('',(105.58846919745,105.939422,53.867107856522)
  );
#9922 = SURFACE_OF_LINEAR_EXTRUSION('',#9923,#9926);
#9923 = B_SPLINE_CURVE_WITH_KNOTS('',1,(#9924,#9925),.UNSPECIFIED.,.F.,
  .F.,(2,2),(0.,0.9843),.PIECEWISE_BEZIER_KNOTS.);
#9924 = CARTESIAN_POINT('',(105.68059967745,105.939422,53.867107856522)
  );
#9925 = CARTESIAN_POINT('',(105.58846919745,105.939422,53.867107856522)
  );
#9926 = VECTOR('',#9927,1.);
#9927 = DIRECTION('',(-0.,-1.,-0.));
#9928 = ADVANCED_FACE('',(#9929),#9954,.T.);
#9929 = FACE_BOUND('',#9930,.T.);
#9930 = EDGE_LOOP('',(#9931,#9932,#9940,#9948));
#9931 = ORIENTED_EDGE('',*,*,#9910,.T.);
#9932 = ORIENTED_EDGE('',*,*,#9933,.T.);
#9933 = EDGE_CURVE('',#9904,#9934,#9936,.T.);
#9934 = VERTEX_POINT('',#9935);
#9935 = CARTESIAN_POINT('',(105.00492935745,106.939422,53.546819888522)
  );
#9936 = B_SPLINE_CURVE_WITH_KNOTS('',2,(#9937,#9938,#9939),
  .UNSPECIFIED.,.F.,.F.,(3,3),(0.,1.),.PIECEWISE_BEZIER_KNOTS.);
#9937 = CARTESIAN_POINT('',(105.58846919745,106.939422,53.867107856522)
  );
#9938 = CARTESIAN_POINT('',(105.32740943745,106.939422,53.658701840522)
  );
#9939 = CARTESIAN_POINT('',(105.00492935745,106.939422,53.546819888522)
  );
#9940 = ORIENTED_EDGE('',*,*,#9941,.F.);
#9941 = EDGE_CURVE('',#9942,#9934,#9944,.T.);
#9942 = VERTEX_POINT('',#9943);
#9943 = CARTESIAN_POINT('',(105.00492935745,105.939422,53.546819888522)
  );
#9944 = LINE('',#9945,#9946);
#9945 = CARTESIAN_POINT('',(105.00492935745,105.939422,53.546819888522)
  );
#9946 = VECTOR('',#9947,1.);
#9947 = DIRECTION('',(0.,1.,0.));
#9948 = ORIENTED_EDGE('',*,*,#9949,.F.);
#9949 = EDGE_CURVE('',#9911,#9942,#9950,.T.);
#9950 = B_SPLINE_CURVE_WITH_KNOTS('',2,(#9951,#9952,#9953),
  .UNSPECIFIED.,.F.,.F.,(3,3),(0.,1.),.PIECEWISE_BEZIER_KNOTS.);
#9951 = CARTESIAN_POINT('',(105.58846919745,105.939422,53.867107856522)
  );
#9952 = CARTESIAN_POINT('',(105.32740943745,105.939422,53.658701840522)
  );
#9953 = CARTESIAN_POINT('',(105.00492935745,105.939422,53.546819888522)
  );
#9954 = SURFACE_OF_LINEAR_EXTRUSION('',#9955,#9959);
#9955 = B_SPLINE_CURVE_WITH_KNOTS('',2,(#9956,#9957,#9958),
  .UNSPECIFIED.,.F.,.F.,(3,3),(0.,1.),.PIECEWISE_BEZIER_KNOTS.);
#9956 = CARTESIAN_POINT('',(105.58846919745,105.939422,53.867107856522)
  );
#9957 = CARTESIAN_POINT('',(105.32740943745,105.939422,53.658701840522)
  );
#9958 = CARTESIAN_POINT('',(105.00492935745,105.939422,53.546819888522)
  );
#9959 = VECTOR('',#9960,1.);
#9960 = DIRECTION('',(-0.,-1.,-0.));
#9961 = ADVANCED_FACE('',(#9962),#9987,.T.);
#9962 = FACE_BOUND('',#9963,.T.);
#9963 = EDGE_LOOP('',(#9964,#9965,#9973,#9981));
#9964 = ORIENTED_EDGE('',*,*,#9941,.T.);
#9965 = ORIENTED_EDGE('',*,*,#9966,.T.);
#9966 = EDGE_CURVE('',#9934,#9967,#9969,.T.);
#9967 = VERTEX_POINT('',#9968);
#9968 = CARTESIAN_POINT('',(104.38189967745,106.939422,53.434938872522)
  );
#9969 = B_SPLINE_CURVE_WITH_KNOTS('',2,(#9970,#9971,#9972),
  .UNSPECIFIED.,.F.,.F.,(3,3),(0.,1.),.PIECEWISE_BEZIER_KNOTS.);
#9970 = CARTESIAN_POINT('',(105.00492935745,106.939422,53.546819888522)
  );
#9971 = CARTESIAN_POINT('',(104.68024967745,106.939422,53.434938872522)
  );
#9972 = CARTESIAN_POINT('',(104.38189967745,106.939422,53.434938872522)
  );
#9973 = ORIENTED_EDGE('',*,*,#9974,.F.);
#9974 = EDGE_CURVE('',#9975,#9967,#9977,.T.);
#9975 = VERTEX_POINT('',#9976);
#9976 = CARTESIAN_POINT('',(104.38189967745,105.939422,53.434938872522)
  );
#9977 = LINE('',#9978,#9979);
#9978 = CARTESIAN_POINT('',(104.38189967745,105.939422,53.434938872522)
  );
#9979 = VECTOR('',#9980,1.);
#9980 = DIRECTION('',(0.,1.,0.));
#9981 = ORIENTED_EDGE('',*,*,#9982,.F.);
#9982 = EDGE_CURVE('',#9942,#9975,#9983,.T.);
#9983 = B_SPLINE_CURVE_WITH_KNOTS('',2,(#9984,#9985,#9986),
  .UNSPECIFIED.,.F.,.F.,(3,3),(0.,1.),.PIECEWISE_BEZIER_KNOTS.);
#9984 = CARTESIAN_POINT('',(105.00492935745,105.939422,53.546819888522)
  );
#9985 = CARTESIAN_POINT('',(104.68024967745,105.939422,53.434938872522)
  );
#9986 = CARTESIAN_POINT('',(104.38189967745,105.939422,53.434938872522)
  );
#9987 = SURFACE_OF_LINEAR_EXTRUSION('',#9988,#9992);
#9988 = B_SPLINE_CURVE_WITH_KNOTS('',2,(#9989,#9990,#9991),
  .UNSPECIFIED.,.F.,.F.,(3,3),(0.,1.),.PIECEWISE_BEZIER_KNOTS.);
#9989 = CARTESIAN_POINT('',(105.00492935745,105.939422,53.546819888522)
  );
#9990 = CARTESIAN_POINT('',(104.68024967745,105.939422,53.434938872522)
  );
#9991 = CARTESIAN_POINT('',(104.38189967745,105.939422,53.434938872522)
  );
#9992 = VECTOR('',#9993,1.);
#9993 = DIRECTION('',(-0.,-1.,-0.));
#9994 = ADVANCED_FACE('',(#9995),#10020,.T.);
#9995 = FACE_BOUND('',#9996,.T.);
#9996 = EDGE_LOOP('',(#9997,#9998,#10006,#10014));
#9997 = ORIENTED_EDGE('',*,*,#9974,.T.);
#9998 = ORIENTED_EDGE('',*,*,#9999,.T.);
#9999 = EDGE_CURVE('',#9967,#10000,#10002,.T.);
#10000 = VERTEX_POINT('',#10001);
#10001 = CARTESIAN_POINT('',(104.18007935745,106.939422,53.448101840522)
  );
#10002 = B_SPLINE_CURVE_WITH_KNOTS('',2,(#10003,#10004,#10005),
  .UNSPECIFIED.,.F.,.F.,(3,3),(0.,1.),.PIECEWISE_BEZIER_KNOTS.);
#10003 = CARTESIAN_POINT('',(104.38189967745,106.939422,53.434938872522)
  );
#10004 = CARTESIAN_POINT('',(104.30511959745,106.939422,53.434938872522)
  );
#10005 = CARTESIAN_POINT('',(104.18007935745,106.939422,53.448101840522)
  );
#10006 = ORIENTED_EDGE('',*,*,#10007,.F.);
#10007 = EDGE_CURVE('',#10008,#10000,#10010,.T.);
#10008 = VERTEX_POINT('',#10009);
#10009 = CARTESIAN_POINT('',(104.18007935745,105.939422,53.448101840522)
  );
#10010 = LINE('',#10011,#10012);
#10011 = CARTESIAN_POINT('',(104.18007935745,105.939422,53.448101840522)
  );
#10012 = VECTOR('',#10013,1.);
#10013 = DIRECTION('',(0.,1.,0.));
#10014 = ORIENTED_EDGE('',*,*,#10015,.F.);
#10015 = EDGE_CURVE('',#9975,#10008,#10016,.T.);
#10016 = B_SPLINE_CURVE_WITH_KNOTS('',2,(#10017,#10018,#10019),
  .UNSPECIFIED.,.F.,.F.,(3,3),(0.,1.),.PIECEWISE_BEZIER_KNOTS.);
#10017 = CARTESIAN_POINT('',(104.38189967745,105.939422,53.434938872522)
  );
#10018 = CARTESIAN_POINT('',(104.30511959745,105.939422,53.434938872522)
  );
#10019 = CARTESIAN_POINT('',(104.18007935745,105.939422,53.448101840522)
  );
#10020 = SURFACE_OF_LINEAR_EXTRUSION('',#10021,#10025);
#10021 = B_SPLINE_CURVE_WITH_KNOTS('',2,(#10022,#10023,#10024),
  .UNSPECIFIED.,.F.,.F.,(3,3),(0.,1.),.PIECEWISE_BEZIER_KNOTS.);
#10022 = CARTESIAN_POINT('',(104.38189967745,105.939422,53.434938872522)
  );
#10023 = CARTESIAN_POINT('',(104.30511959745,105.939422,53.434938872522)
  );
#10024 = CARTESIAN_POINT('',(104.18007935745,105.939422,53.448101840522)
  );
#10025 = VECTOR('',#10026,1.);
#10026 = DIRECTION('',(-0.,-1.,-0.));
#10027 = ADVANCED_FACE('',(#10028),#10053,.T.);
#10028 = FACE_BOUND('',#10029,.T.);
#10029 = EDGE_LOOP('',(#10030,#10031,#10039,#10047));
#10030 = ORIENTED_EDGE('',*,*,#10007,.T.);
#10031 = ORIENTED_EDGE('',*,*,#10032,.T.);
#10032 = EDGE_CURVE('',#10000,#10033,#10035,.T.);
#10033 = VERTEX_POINT('',#10034);
#10034 = CARTESIAN_POINT('',(103.97605943745,106.939422,53.491976840522)
  );
#10035 = B_SPLINE_CURVE_WITH_KNOTS('',2,(#10036,#10037,#10038),
  .UNSPECIFIED.,.F.,.F.,(3,3),(0.,1.),.PIECEWISE_BEZIER_KNOTS.);
#10036 = CARTESIAN_POINT('',(104.18007935745,106.939422,53.448101840522)
  );
#10037 = CARTESIAN_POINT('',(104.05503911745,106.939422,53.461263872522)
  );
#10038 = CARTESIAN_POINT('',(103.97605943745,106.939422,53.491976840522)
  );
#10039 = ORIENTED_EDGE('',*,*,#10040,.F.);
#10040 = EDGE_CURVE('',#10041,#10033,#10043,.T.);
#10041 = VERTEX_POINT('',#10042);
#10042 = CARTESIAN_POINT('',(103.97605943745,105.939422,53.491976840522)
  );
#10043 = LINE('',#10044,#10045);
#10044 = CARTESIAN_POINT('',(103.97605943745,105.939422,53.491976840522)
  );
#10045 = VECTOR('',#10046,1.);
#10046 = DIRECTION('',(0.,1.,0.));
#10047 = ORIENTED_EDGE('',*,*,#10048,.F.);
#10048 = EDGE_CURVE('',#10008,#10041,#10049,.T.);
#10049 = B_SPLINE_CURVE_WITH_KNOTS('',2,(#10050,#10051,#10052),
  .UNSPECIFIED.,.F.,.F.,(3,3),(0.,1.),.PIECEWISE_BEZIER_KNOTS.);
#10050 = CARTESIAN_POINT('',(104.18007935745,105.939422,53.448101840522)
  );
#10051 = CARTESIAN_POINT('',(104.05503911745,105.939422,53.461263872522)
  );
#10052 = CARTESIAN_POINT('',(103.97605943745,105.939422,53.491976840522)
  );
#10053 = SURFACE_OF_LINEAR_EXTRUSION('',#10054,#10058);
#10054 = B_SPLINE_CURVE_WITH_KNOTS('',2,(#10055,#10056,#10057),
  .UNSPECIFIED.,.F.,.F.,(3,3),(0.,1.),.PIECEWISE_BEZIER_KNOTS.);
#10055 = CARTESIAN_POINT('',(104.18007935745,105.939422,53.448101840522)
  );
#10056 = CARTESIAN_POINT('',(104.05503911745,105.939422,53.461263872522)
  );
#10057 = CARTESIAN_POINT('',(103.97605943745,105.939422,53.491976840522)
  );
#10058 = VECTOR('',#10059,1.);
#10059 = DIRECTION('',(-0.,-1.,-0.));
#10060 = ADVANCED_FACE('',(#10061),#10086,.T.);
#10061 = FACE_BOUND('',#10062,.T.);
#10062 = EDGE_LOOP('',(#10063,#10064,#10072,#10080));
#10063 = ORIENTED_EDGE('',*,*,#10040,.T.);
#10064 = ORIENTED_EDGE('',*,*,#10065,.T.);
#10065 = EDGE_CURVE('',#10033,#10066,#10068,.T.);
#10066 = VERTEX_POINT('',#10067);
#10067 = CARTESIAN_POINT('',(103.81810943745,106.939422,53.590694888522)
  );
#10068 = B_SPLINE_CURVE_WITH_KNOTS('',2,(#10069,#10070,#10071),
  .UNSPECIFIED.,.F.,.F.,(3,3),(0.,1.),.PIECEWISE_BEZIER_KNOTS.);
#10069 = CARTESIAN_POINT('',(103.97605943745,106.939422,53.491976840522)
  );
#10070 = CARTESIAN_POINT('',(103.87953911745,106.939422,53.531463872522)
  );
#10071 = CARTESIAN_POINT('',(103.81810943745,106.939422,53.590694888522)
  );
#10072 = ORIENTED_EDGE('',*,*,#10073,.F.);
#10073 = EDGE_CURVE('',#10074,#10066,#10076,.T.);
#10074 = VERTEX_POINT('',#10075);
#10075 = CARTESIAN_POINT('',(103.81810943745,105.939422,53.590694888522)
  );
#10076 = LINE('',#10077,#10078);
#10077 = CARTESIAN_POINT('',(103.81810943745,105.939422,53.590694888522)
  );
#10078 = VECTOR('',#10079,1.);
#10079 = DIRECTION('',(0.,1.,0.));
#10080 = ORIENTED_EDGE('',*,*,#10081,.F.);
#10081 = EDGE_CURVE('',#10041,#10074,#10082,.T.);
#10082 = B_SPLINE_CURVE_WITH_KNOTS('',2,(#10083,#10084,#10085),
  .UNSPECIFIED.,.F.,.F.,(3,3),(0.,1.),.PIECEWISE_BEZIER_KNOTS.);
#10083 = CARTESIAN_POINT('',(103.97605943745,105.939422,53.491976840522)
  );
#10084 = CARTESIAN_POINT('',(103.87953911745,105.939422,53.531463872522)
  );
#10085 = CARTESIAN_POINT('',(103.81810943745,105.939422,53.590694888522)
  );
#10086 = SURFACE_OF_LINEAR_EXTRUSION('',#10087,#10091);
#10087 = B_SPLINE_CURVE_WITH_KNOTS('',2,(#10088,#10089,#10090),
  .UNSPECIFIED.,.F.,.F.,(3,3),(0.,1.),.PIECEWISE_BEZIER_KNOTS.);
#10088 = CARTESIAN_POINT('',(103.97605943745,105.939422,53.491976840522)
  );
#10089 = CARTESIAN_POINT('',(103.87953911745,105.939422,53.531463872522)
  );
#10090 = CARTESIAN_POINT('',(103.81810943745,105.939422,53.590694888522)
  );
#10091 = VECTOR('',#10092,1.);
#10092 = DIRECTION('',(-0.,-1.,-0.));
#10093 = ADVANCED_FACE('',(#10094),#10119,.T.);
#10094 = FACE_BOUND('',#10095,.T.);
#10095 = EDGE_LOOP('',(#10096,#10097,#10105,#10113));
#10096 = ORIENTED_EDGE('',*,*,#10073,.T.);
#10097 = ORIENTED_EDGE('',*,*,#10098,.T.);
#10098 = EDGE_CURVE('',#10066,#10099,#10101,.T.);
#10099 = VERTEX_POINT('',#10100);
#10100 = CARTESIAN_POINT('',(103.75448951745,106.939422,53.766194888522)
  );
#10101 = B_SPLINE_CURVE_WITH_KNOTS('',2,(#10102,#10103,#10104),
  .UNSPECIFIED.,.F.,.F.,(3,3),(0.,1.),.PIECEWISE_BEZIER_KNOTS.);
#10102 = CARTESIAN_POINT('',(103.81810943745,106.939422,53.590694888522)
  );
#10103 = CARTESIAN_POINT('',(103.75448951745,106.939422,53.649926840522)
  );
#10104 = CARTESIAN_POINT('',(103.75448951745,106.939422,53.766194888522)
  );
#10105 = ORIENTED_EDGE('',*,*,#10106,.F.);
#10106 = EDGE_CURVE('',#10107,#10099,#10109,.T.);
#10107 = VERTEX_POINT('',#10108);
#10108 = CARTESIAN_POINT('',(103.75448951745,105.939422,53.766194888522)
  );
#10109 = LINE('',#10110,#10111);
#10110 = CARTESIAN_POINT('',(103.75448951745,105.939422,53.766194888522)
  );
#10111 = VECTOR('',#10112,1.);
#10112 = DIRECTION('',(0.,1.,0.));
#10113 = ORIENTED_EDGE('',*,*,#10114,.F.);
#10114 = EDGE_CURVE('',#10074,#10107,#10115,.T.);
#10115 = B_SPLINE_CURVE_WITH_KNOTS('',2,(#10116,#10117,#10118),
  .UNSPECIFIED.,.F.,.F.,(3,3),(0.,1.),.PIECEWISE_BEZIER_KNOTS.);
#10116 = CARTESIAN_POINT('',(103.81810943745,105.939422,53.590694888522)
  );
#10117 = CARTESIAN_POINT('',(103.75448951745,105.939422,53.649926840522)
  );
#10118 = CARTESIAN_POINT('',(103.75448951745,105.939422,53.766194888522)
  );
#10119 = SURFACE_OF_LINEAR_EXTRUSION('',#10120,#10124);
#10120 = B_SPLINE_CURVE_WITH_KNOTS('',2,(#10121,#10122,#10123),
  .UNSPECIFIED.,.F.,.F.,(3,3),(0.,1.),.PIECEWISE_BEZIER_KNOTS.);
#10121 = CARTESIAN_POINT('',(103.81810943745,105.939422,53.590694888522)
  );
#10122 = CARTESIAN_POINT('',(103.75448951745,105.939422,53.649926840522)
  );
#10123 = CARTESIAN_POINT('',(103.75448951745,105.939422,53.766194888522)
  );
#10124 = VECTOR('',#10125,1.);
#10125 = DIRECTION('',(-0.,-1.,-0.));
#10126 = ADVANCED_FACE('',(#10127),#10152,.T.);
#10127 = FACE_BOUND('',#10128,.T.);
#10128 = EDGE_LOOP('',(#10129,#10130,#10138,#10146));
#10129 = ORIENTED_EDGE('',*,*,#10106,.T.);
#10130 = ORIENTED_EDGE('',*,*,#10131,.T.);
#10131 = EDGE_CURVE('',#10099,#10132,#10134,.T.);
#10132 = VERTEX_POINT('',#10133);
#10133 = CARTESIAN_POINT('',(103.84662935745,106.939422,53.950469888522)
  );
#10134 = B_SPLINE_CURVE_WITH_KNOTS('',2,(#10135,#10136,#10137),
  .UNSPECIFIED.,.F.,.F.,(3,3),(0.,1.),.PIECEWISE_BEZIER_KNOTS.);
#10135 = CARTESIAN_POINT('',(103.75448951745,106.939422,53.766194888522)
  );
#10136 = CARTESIAN_POINT('',(103.75448951745,106.939422,53.873688872522)
  );
#10137 = CARTESIAN_POINT('',(103.84662935745,106.939422,53.950469888522)
  );
#10138 = ORIENTED_EDGE('',*,*,#10139,.F.);
#10139 = EDGE_CURVE('',#10140,#10132,#10142,.T.);
#10140 = VERTEX_POINT('',#10141);
#10141 = CARTESIAN_POINT('',(103.84662935745,105.939422,53.950469888522)
  );
#10142 = LINE('',#10143,#10144);
#10143 = CARTESIAN_POINT('',(103.84662935745,105.939422,53.950469888522)
  );
#10144 = VECTOR('',#10145,1.);
#10145 = DIRECTION('',(0.,1.,0.));
#10146 = ORIENTED_EDGE('',*,*,#10147,.F.);
#10147 = EDGE_CURVE('',#10107,#10140,#10148,.T.);
#10148 = B_SPLINE_CURVE_WITH_KNOTS('',2,(#10149,#10150,#10151),
  .UNSPECIFIED.,.F.,.F.,(3,3),(0.,1.),.PIECEWISE_BEZIER_KNOTS.);
#10149 = CARTESIAN_POINT('',(103.75448951745,105.939422,53.766194888522)
  );
#10150 = CARTESIAN_POINT('',(103.75448951745,105.939422,53.873688872522)
  );
#10151 = CARTESIAN_POINT('',(103.84662935745,105.939422,53.950469888522)
  );
#10152 = SURFACE_OF_LINEAR_EXTRUSION('',#10153,#10157);
#10153 = B_SPLINE_CURVE_WITH_KNOTS('',2,(#10154,#10155,#10156),
  .UNSPECIFIED.,.F.,.F.,(3,3),(0.,1.),.PIECEWISE_BEZIER_KNOTS.);
#10154 = CARTESIAN_POINT('',(103.75448951745,105.939422,53.766194888522)
  );
#10155 = CARTESIAN_POINT('',(103.75448951745,105.939422,53.873688872522)
  );
#10156 = CARTESIAN_POINT('',(103.84662935745,105.939422,53.950469888522)
  );
#10157 = VECTOR('',#10158,1.);
#10158 = DIRECTION('',(-0.,-1.,-0.));
#10159 = ADVANCED_FACE('',(#10160),#10185,.T.);
#10160 = FACE_BOUND('',#10161,.T.);
#10161 = EDGE_LOOP('',(#10162,#10163,#10171,#10179));
#10162 = ORIENTED_EDGE('',*,*,#10139,.T.);
#10163 = ORIENTED_EDGE('',*,*,#10164,.T.);
#10164 = EDGE_CURVE('',#10132,#10165,#10167,.T.);
#10165 = VERTEX_POINT('',#10166);
#10166 = CARTESIAN_POINT('',(104.11206959745,106.939422,54.071126840522)
  );
#10167 = B_SPLINE_CURVE_WITH_KNOTS('',2,(#10168,#10169,#10170),
  .UNSPECIFIED.,.F.,.F.,(3,3),(0.,1.),.PIECEWISE_BEZIER_KNOTS.);
#10168 = CARTESIAN_POINT('',(103.84662935745,106.939422,53.950469888522)
  );
#10169 = CARTESIAN_POINT('',(103.93656959745,106.939422,54.029444888522)
  );
#10170 = CARTESIAN_POINT('',(104.11206959745,106.939422,54.071126840522)
  );
#10171 = ORIENTED_EDGE('',*,*,#10172,.F.);
#10172 = EDGE_CURVE('',#10173,#10165,#10175,.T.);
#10173 = VERTEX_POINT('',#10174);
#10174 = CARTESIAN_POINT('',(104.11206959745,105.939422,54.071126840522)
  );
#10175 = LINE('',#10176,#10177);
#10176 = CARTESIAN_POINT('',(104.11206959745,105.939422,54.071126840522)
  );
#10177 = VECTOR('',#10178,1.);
#10178 = DIRECTION('',(0.,1.,0.));
#10179 = ORIENTED_EDGE('',*,*,#10180,.F.);
#10180 = EDGE_CURVE('',#10140,#10173,#10181,.T.);
#10181 = B_SPLINE_CURVE_WITH_KNOTS('',2,(#10182,#10183,#10184),
  .UNSPECIFIED.,.F.,.F.,(3,3),(0.,1.),.PIECEWISE_BEZIER_KNOTS.);
#10182 = CARTESIAN_POINT('',(103.84662935745,105.939422,53.950469888522)
  );
#10183 = CARTESIAN_POINT('',(103.93656959745,105.939422,54.029444888522)
  );
#10184 = CARTESIAN_POINT('',(104.11206959745,105.939422,54.071126840522)
  );
#10185 = SURFACE_OF_LINEAR_EXTRUSION('',#10186,#10190);
#10186 = B_SPLINE_CURVE_WITH_KNOTS('',2,(#10187,#10188,#10189),
  .UNSPECIFIED.,.F.,.F.,(3,3),(0.,1.),.PIECEWISE_BEZIER_KNOTS.);
#10187 = CARTESIAN_POINT('',(103.84662935745,105.939422,53.950469888522)
  );
#10188 = CARTESIAN_POINT('',(103.93656959745,105.939422,54.029444888522)
  );
#10189 = CARTESIAN_POINT('',(104.11206959745,105.939422,54.071126840522)
  );
#10190 = VECTOR('',#10191,1.);
#10191 = DIRECTION('',(-0.,-1.,-0.));
#10192 = ADVANCED_FACE('',(#10193),#10218,.T.);
#10193 = FACE_BOUND('',#10194,.T.);
#10194 = EDGE_LOOP('',(#10195,#10196,#10204,#10212));
#10195 = ORIENTED_EDGE('',*,*,#10172,.T.);
#10196 = ORIENTED_EDGE('',*,*,#10197,.T.);
#10197 = EDGE_CURVE('',#10165,#10198,#10200,.T.);
#10198 = VERTEX_POINT('',#10199);
#10199 = CARTESIAN_POINT('',(104.50255943745,106.939422,54.152294888522)
  );
#10200 = B_SPLINE_CURVE_WITH_KNOTS('',2,(#10201,#10202,#10203),
  .UNSPECIFIED.,.F.,.F.,(3,3),(0.,1.),.PIECEWISE_BEZIER_KNOTS.);
#10201 = CARTESIAN_POINT('',(104.11206959745,106.939422,54.071126840522)
  );
#10202 = CARTESIAN_POINT('',(104.29634927745,106.939422,54.115001840522)
  );
#10203 = CARTESIAN_POINT('',(104.50255943745,106.939422,54.152294888522)
  );
#10204 = ORIENTED_EDGE('',*,*,#10205,.F.);
#10205 = EDGE_CURVE('',#10206,#10198,#10208,.T.);
#10206 = VERTEX_POINT('',#10207);
#10207 = CARTESIAN_POINT('',(104.50255943745,105.939422,54.152294888522)
  );
#10208 = LINE('',#10209,#10210);
#10209 = CARTESIAN_POINT('',(104.50255943745,105.939422,54.152294888522)
  );
#10210 = VECTOR('',#10211,1.);
#10211 = DIRECTION('',(0.,1.,0.));
#10212 = ORIENTED_EDGE('',*,*,#10213,.F.);
#10213 = EDGE_CURVE('',#10173,#10206,#10214,.T.);
#10214 = B_SPLINE_CURVE_WITH_KNOTS('',2,(#10215,#10216,#10217),
  .UNSPECIFIED.,.F.,.F.,(3,3),(0.,1.),.PIECEWISE_BEZIER_KNOTS.);
#10215 = CARTESIAN_POINT('',(104.11206959745,105.939422,54.071126840522)
  );
#10216 = CARTESIAN_POINT('',(104.29634927745,105.939422,54.115001840522)
  );
#10217 = CARTESIAN_POINT('',(104.50255943745,105.939422,54.152294888522)
  );
#10218 = SURFACE_OF_LINEAR_EXTRUSION('',#10219,#10223);
#10219 = B_SPLINE_CURVE_WITH_KNOTS('',2,(#10220,#10221,#10222),
  .UNSPECIFIED.,.F.,.F.,(3,3),(0.,1.),.PIECEWISE_BEZIER_KNOTS.);
#10220 = CARTESIAN_POINT('',(104.11206959745,105.939422,54.071126840522)
  );
#10221 = CARTESIAN_POINT('',(104.29634927745,105.939422,54.115001840522)
  );
#10222 = CARTESIAN_POINT('',(104.50255943745,105.939422,54.152294888522)
  );
#10223 = VECTOR('',#10224,1.);
#10224 = DIRECTION('',(-0.,-1.,-0.));
#10225 = ADVANCED_FACE('',(#10226),#10251,.T.);
#10226 = FACE_BOUND('',#10227,.T.);
#10227 = EDGE_LOOP('',(#10228,#10229,#10237,#10245));
#10228 = ORIENTED_EDGE('',*,*,#10205,.T.);
#10229 = ORIENTED_EDGE('',*,*,#10230,.T.);
#10230 = EDGE_CURVE('',#10198,#10231,#10233,.T.);
#10231 = VERTEX_POINT('',#10232);
#10232 = CARTESIAN_POINT('',(104.88646919745,106.939422,54.251013872522)
  );
#10233 = B_SPLINE_CURVE_WITH_KNOTS('',2,(#10234,#10235,#10236),
  .UNSPECIFIED.,.F.,.F.,(3,3),(0.,1.),.PIECEWISE_BEZIER_KNOTS.);
#10234 = CARTESIAN_POINT('',(104.50255943745,106.939422,54.152294888522)
  );
#10235 = CARTESIAN_POINT('',(104.70657935745,106.939422,54.191782856522)
  );
#10236 = CARTESIAN_POINT('',(104.88646919745,106.939422,54.251013872522)
  );
#10237 = ORIENTED_EDGE('',*,*,#10238,.F.);
#10238 = EDGE_CURVE('',#10239,#10231,#10241,.T.);
#10239 = VERTEX_POINT('',#10240);
#10240 = CARTESIAN_POINT('',(104.88646919745,105.939422,54.251013872522)
  );
#10241 = LINE('',#10242,#10243);
#10242 = CARTESIAN_POINT('',(104.88646919745,105.939422,54.251013872522)
  );
#10243 = VECTOR('',#10244,1.);
#10244 = DIRECTION('',(0.,1.,0.));
#10245 = ORIENTED_EDGE('',*,*,#10246,.F.);
#10246 = EDGE_CURVE('',#10206,#10239,#10247,.T.);
#10247 = B_SPLINE_CURVE_WITH_KNOTS('',2,(#10248,#10249,#10250),
  .UNSPECIFIED.,.F.,.F.,(3,3),(0.,1.),.PIECEWISE_BEZIER_KNOTS.);
#10248 = CARTESIAN_POINT('',(104.50255943745,105.939422,54.152294888522)
  );
#10249 = CARTESIAN_POINT('',(104.70657935745,105.939422,54.191782856522)
  );
#10250 = CARTESIAN_POINT('',(104.88646919745,105.939422,54.251013872522)
  );
#10251 = SURFACE_OF_LINEAR_EXTRUSION('',#10252,#10256);
#10252 = B_SPLINE_CURVE_WITH_KNOTS('',2,(#10253,#10254,#10255),
  .UNSPECIFIED.,.F.,.F.,(3,3),(0.,1.),.PIECEWISE_BEZIER_KNOTS.);
#10253 = CARTESIAN_POINT('',(104.50255943745,105.939422,54.152294888522)
  );
#10254 = CARTESIAN_POINT('',(104.70657935745,105.939422,54.191782856522)
  );
#10255 = CARTESIAN_POINT('',(104.88646919745,105.939422,54.251013872522)
  );
#10256 = VECTOR('',#10257,1.);
#10257 = DIRECTION('',(-0.,-1.,-0.));
#10258 = ADVANCED_FACE('',(#10259),#10284,.T.);
#10259 = FACE_BOUND('',#10260,.T.);
#10260 = EDGE_LOOP('',(#10261,#10262,#10270,#10278));
#10261 = ORIENTED_EDGE('',*,*,#10238,.T.);
#10262 = ORIENTED_EDGE('',*,*,#10263,.T.);
#10263 = EDGE_CURVE('',#10231,#10264,#10266,.T.);
#10264 = VERTEX_POINT('',#10265);
#10265 = CARTESIAN_POINT('',(105.48096959745,106.939422,54.612982856522)
  );
#10266 = B_SPLINE_CURVE_WITH_KNOTS('',2,(#10267,#10268,#10269),
  .UNSPECIFIED.,.F.,.F.,(3,3),(0.,1.),.PIECEWISE_BEZIER_KNOTS.);
#10267 = CARTESIAN_POINT('',(104.88646919745,106.939422,54.251013872522)
  );
#10268 = CARTESIAN_POINT('',(105.29888951745,106.939422,54.384832856522)
  );
#10269 = CARTESIAN_POINT('',(105.48096959745,106.939422,54.612982856522)
  );
#10270 = ORIENTED_EDGE('',*,*,#10271,.F.);
#10271 = EDGE_CURVE('',#10272,#10264,#10274,.T.);
#10272 = VERTEX_POINT('',#10273);
#10273 = CARTESIAN_POINT('',(105.48096959745,105.939422,54.612982856522)
  );
#10274 = LINE('',#10275,#10276);
#10275 = CARTESIAN_POINT('',(105.48096959745,105.939422,54.612982856522)
  );
#10276 = VECTOR('',#10277,1.);
#10277 = DIRECTION('',(0.,1.,0.));
#10278 = ORIENTED_EDGE('',*,*,#10279,.F.);
#10279 = EDGE_CURVE('',#10239,#10272,#10280,.T.);
#10280 = B_SPLINE_CURVE_WITH_KNOTS('',2,(#10281,#10282,#10283),
  .UNSPECIFIED.,.F.,.F.,(3,3),(0.,1.),.PIECEWISE_BEZIER_KNOTS.);
#10281 = CARTESIAN_POINT('',(104.88646919745,105.939422,54.251013872522)
  );
#10282 = CARTESIAN_POINT('',(105.29888951745,105.939422,54.384832856522)
  );
#10283 = CARTESIAN_POINT('',(105.48096959745,105.939422,54.612982856522)
  );
#10284 = SURFACE_OF_LINEAR_EXTRUSION('',#10285,#10289);
#10285 = B_SPLINE_CURVE_WITH_KNOTS('',2,(#10286,#10287,#10288),
  .UNSPECIFIED.,.F.,.F.,(3,3),(0.,1.),.PIECEWISE_BEZIER_KNOTS.);
#10286 = CARTESIAN_POINT('',(104.88646919745,105.939422,54.251013872522)
  );
#10287 = CARTESIAN_POINT('',(105.29888951745,105.939422,54.384832856522)
  );
#10288 = CARTESIAN_POINT('',(105.48096959745,105.939422,54.612982856522)
  );
#10289 = VECTOR('',#10290,1.);
#10290 = DIRECTION('',(-0.,-1.,-0.));
#10291 = ADVANCED_FACE('',(#10292),#10317,.T.);
#10292 = FACE_BOUND('',#10293,.T.);
#10293 = EDGE_LOOP('',(#10294,#10295,#10303,#10311));
#10294 = ORIENTED_EDGE('',*,*,#10271,.T.);
#10295 = ORIENTED_EDGE('',*,*,#10296,.T.);
#10296 = EDGE_CURVE('',#10264,#10297,#10299,.T.);
#10297 = VERTEX_POINT('',#10298);
#10298 = CARTESIAN_POINT('',(105.66085943745,106.939422,55.183357856522)
  );
#10299 = B_SPLINE_CURVE_WITH_KNOTS('',2,(#10300,#10301,#10302),
  .UNSPECIFIED.,.F.,.F.,(3,3),(0.,1.),.PIECEWISE_BEZIER_KNOTS.);
#10300 = CARTESIAN_POINT('',(105.48096959745,106.939422,54.612982856522)
  );
#10301 = CARTESIAN_POINT('',(105.66085943745,106.939422,54.843326840522)
  );
#10302 = CARTESIAN_POINT('',(105.66085943745,106.939422,55.183357856522)
  );
#10303 = ORIENTED_EDGE('',*,*,#10304,.F.);
#10304 = EDGE_CURVE('',#10305,#10297,#10307,.T.);
#10305 = VERTEX_POINT('',#10306);
#10306 = CARTESIAN_POINT('',(105.66085943745,105.939422,55.183357856522)
  );
#10307 = LINE('',#10308,#10309);
#10308 = CARTESIAN_POINT('',(105.66085943745,105.939422,55.183357856522)
  );
#10309 = VECTOR('',#10310,1.);
#10310 = DIRECTION('',(0.,1.,0.));
#10311 = ORIENTED_EDGE('',*,*,#10312,.F.);
#10312 = EDGE_CURVE('',#10272,#10305,#10313,.T.);
#10313 = B_SPLINE_CURVE_WITH_KNOTS('',2,(#10314,#10315,#10316),
  .UNSPECIFIED.,.F.,.F.,(3,3),(0.,1.),.PIECEWISE_BEZIER_KNOTS.);
#10314 = CARTESIAN_POINT('',(105.48096959745,105.939422,54.612982856522)
  );
#10315 = CARTESIAN_POINT('',(105.66085943745,105.939422,54.843326840522)
  );
#10316 = CARTESIAN_POINT('',(105.66085943745,105.939422,55.183357856522)
  );
#10317 = SURFACE_OF_LINEAR_EXTRUSION('',#10318,#10322);
#10318 = B_SPLINE_CURVE_WITH_KNOTS('',2,(#10319,#10320,#10321),
  .UNSPECIFIED.,.F.,.F.,(3,3),(0.,1.),.PIECEWISE_BEZIER_KNOTS.);
#10319 = CARTESIAN_POINT('',(105.48096959745,105.939422,54.612982856522)
  );
#10320 = CARTESIAN_POINT('',(105.66085943745,105.939422,54.843326840522)
  );
#10321 = CARTESIAN_POINT('',(105.66085943745,105.939422,55.183357856522)
  );
#10322 = VECTOR('',#10323,1.);
#10323 = DIRECTION('',(-0.,-1.,-0.));
#10324 = ADVANCED_FACE('',(#10325),#10350,.T.);
#10325 = FACE_BOUND('',#10326,.T.);
#10326 = EDGE_LOOP('',(#10327,#10328,#10336,#10344));
#10327 = ORIENTED_EDGE('',*,*,#10304,.T.);
#10328 = ORIENTED_EDGE('',*,*,#10329,.T.);
#10329 = EDGE_CURVE('',#10297,#10330,#10332,.T.);
#10330 = VERTEX_POINT('',#10331);
#10331 = CARTESIAN_POINT('',(105.25281959745,106.939422,55.927038872522)
  );
#10332 = B_SPLINE_CURVE_WITH_KNOTS('',2,(#10333,#10334,#10335),
  .UNSPECIFIED.,.F.,.F.,(3,3),(0.,1.),.PIECEWISE_BEZIER_KNOTS.);
#10333 = CARTESIAN_POINT('',(105.66085943745,106.939422,55.183357856522)
  );
#10334 = CARTESIAN_POINT('',(105.66085943745,106.939422,55.639657856522)
  );
#10335 = CARTESIAN_POINT('',(105.25281959745,106.939422,55.927038872522)
  );
#10336 = ORIENTED_EDGE('',*,*,#10337,.F.);
#10337 = EDGE_CURVE('',#10338,#10330,#10340,.T.);
#10338 = VERTEX_POINT('',#10339);
#10339 = CARTESIAN_POINT('',(105.25281959745,105.939422,55.927038872522)
  );
#10340 = LINE('',#10341,#10342);
#10341 = CARTESIAN_POINT('',(105.25281959745,105.939422,55.927038872522)
  );
#10342 = VECTOR('',#10343,1.);
#10343 = DIRECTION('',(0.,1.,0.));
#10344 = ORIENTED_EDGE('',*,*,#10345,.F.);
#10345 = EDGE_CURVE('',#10305,#10338,#10346,.T.);
#10346 = B_SPLINE_CURVE_WITH_KNOTS('',2,(#10347,#10348,#10349),
  .UNSPECIFIED.,.F.,.F.,(3,3),(0.,1.),.PIECEWISE_BEZIER_KNOTS.);
#10347 = CARTESIAN_POINT('',(105.66085943745,105.939422,55.183357856522)
  );
#10348 = CARTESIAN_POINT('',(105.66085943745,105.939422,55.639657856522)
  );
#10349 = CARTESIAN_POINT('',(105.25281959745,105.939422,55.927038872522)
  );
#10350 = SURFACE_OF_LINEAR_EXTRUSION('',#10351,#10355);
#10351 = B_SPLINE_CURVE_WITH_KNOTS('',2,(#10352,#10353,#10354),
  .UNSPECIFIED.,.F.,.F.,(3,3),(0.,1.),.PIECEWISE_BEZIER_KNOTS.);
#10352 = CARTESIAN_POINT('',(105.66085943745,105.939422,55.183357856522)
  );
#10353 = CARTESIAN_POINT('',(105.66085943745,105.939422,55.639657856522)
  );
#10354 = CARTESIAN_POINT('',(105.25281959745,105.939422,55.927038872522)
  );
#10355 = VECTOR('',#10356,1.);
#10356 = DIRECTION('',(-0.,-1.,-0.));
#10357 = ADVANCED_FACE('',(#10358),#10383,.T.);
#10358 = FACE_BOUND('',#10359,.T.);
#10359 = EDGE_LOOP('',(#10360,#10361,#10369,#10377));
#10360 = ORIENTED_EDGE('',*,*,#10337,.T.);
#10361 = ORIENTED_EDGE('',*,*,#10362,.T.);
#10362 = EDGE_CURVE('',#10330,#10363,#10365,.T.);
#10363 = VERTEX_POINT('',#10364);
#10364 = CARTESIAN_POINT('',(104.19981959745,106.939422,56.216613872522)
  );
#10365 = B_SPLINE_CURVE_WITH_KNOTS('',2,(#10366,#10367,#10368),
  .UNSPECIFIED.,.F.,.F.,(3,3),(0.,1.),.PIECEWISE_BEZIER_KNOTS.);
#10366 = CARTESIAN_POINT('',(105.25281959745,106.939422,55.927038872522)
  );
#10367 = CARTESIAN_POINT('',(104.84258951745,106.939422,56.216613872522)
  );
#10368 = CARTESIAN_POINT('',(104.19981959745,106.939422,56.216613872522)
  );
#10369 = ORIENTED_EDGE('',*,*,#10370,.F.);
#10370 = EDGE_CURVE('',#10371,#10363,#10373,.T.);
#10371 = VERTEX_POINT('',#10372);
#10372 = CARTESIAN_POINT('',(104.19981959745,105.939422,56.216613872522)
  );
#10373 = LINE('',#10374,#10375);
#10374 = CARTESIAN_POINT('',(104.19981959745,105.939422,56.216613872522)
  );
#10375 = VECTOR('',#10376,1.);
#10376 = DIRECTION('',(0.,1.,0.));
#10377 = ORIENTED_EDGE('',*,*,#10378,.F.);
#10378 = EDGE_CURVE('',#10338,#10371,#10379,.T.);
#10379 = B_SPLINE_CURVE_WITH_KNOTS('',2,(#10380,#10381,#10382),
  .UNSPECIFIED.,.F.,.F.,(3,3),(0.,1.),.PIECEWISE_BEZIER_KNOTS.);
#10380 = CARTESIAN_POINT('',(105.25281959745,105.939422,55.927038872522)
  );
#10381 = CARTESIAN_POINT('',(104.84258951745,105.939422,56.216613872522)
  );
#10382 = CARTESIAN_POINT('',(104.19981959745,105.939422,56.216613872522)
  );
#10383 = SURFACE_OF_LINEAR_EXTRUSION('',#10384,#10388);
#10384 = B_SPLINE_CURVE_WITH_KNOTS('',2,(#10385,#10386,#10387),
  .UNSPECIFIED.,.F.,.F.,(3,3),(0.,1.),.PIECEWISE_BEZIER_KNOTS.);
#10385 = CARTESIAN_POINT('',(105.25281959745,105.939422,55.927038872522)
  );
#10386 = CARTESIAN_POINT('',(104.84258951745,105.939422,56.216613872522)
  );
#10387 = CARTESIAN_POINT('',(104.19981959745,105.939422,56.216613872522)
  );
#10388 = VECTOR('',#10389,1.);
#10389 = DIRECTION('',(-0.,-1.,-0.));
#10390 = ADVANCED_FACE('',(#10391),#10416,.T.);
#10391 = FACE_BOUND('',#10392,.T.);
#10392 = EDGE_LOOP('',(#10393,#10394,#10402,#10410));
#10393 = ORIENTED_EDGE('',*,*,#10370,.T.);
#10394 = ORIENTED_EDGE('',*,*,#10395,.T.);
#10395 = EDGE_CURVE('',#10363,#10396,#10398,.T.);
#10396 = VERTEX_POINT('',#10397);
#10397 = CARTESIAN_POINT('',(103.56363911745,106.939422,56.152994888522)
  );
#10398 = B_SPLINE_CURVE_WITH_KNOTS('',2,(#10399,#10400,#10401),
  .UNSPECIFIED.,.F.,.F.,(3,3),(0.,1.),.PIECEWISE_BEZIER_KNOTS.);
#10399 = CARTESIAN_POINT('',(104.19981959745,106.939422,56.216613872522)
  );
#10400 = CARTESIAN_POINT('',(103.87733951745,106.939422,56.216613872522)
  );
#10401 = CARTESIAN_POINT('',(103.56363911745,106.939422,56.152994888522)
  );
#10402 = ORIENTED_EDGE('',*,*,#10403,.F.);
#10403 = EDGE_CURVE('',#10404,#10396,#10406,.T.);
#10404 = VERTEX_POINT('',#10405);
#10405 = CARTESIAN_POINT('',(103.56363911745,105.939422,56.152994888522)
  );
#10406 = LINE('',#10407,#10408);
#10407 = CARTESIAN_POINT('',(103.56363911745,105.939422,56.152994888522)
  );
#10408 = VECTOR('',#10409,1.);
#10409 = DIRECTION('',(0.,1.,0.));
#10410 = ORIENTED_EDGE('',*,*,#10411,.F.);
#10411 = EDGE_CURVE('',#10371,#10404,#10412,.T.);
#10412 = B_SPLINE_CURVE_WITH_KNOTS('',2,(#10413,#10414,#10415),
  .UNSPECIFIED.,.F.,.F.,(3,3),(0.,1.),.PIECEWISE_BEZIER_KNOTS.);
#10413 = CARTESIAN_POINT('',(104.19981959745,105.939422,56.216613872522)
  );
#10414 = CARTESIAN_POINT('',(103.87733951745,105.939422,56.216613872522)
  );
#10415 = CARTESIAN_POINT('',(103.56363911745,105.939422,56.152994888522)
  );
#10416 = SURFACE_OF_LINEAR_EXTRUSION('',#10417,#10421);
#10417 = B_SPLINE_CURVE_WITH_KNOTS('',2,(#10418,#10419,#10420),
  .UNSPECIFIED.,.F.,.F.,(3,3),(0.,1.),.PIECEWISE_BEZIER_KNOTS.);
#10418 = CARTESIAN_POINT('',(104.19981959745,105.939422,56.216613872522)
  );
#10419 = CARTESIAN_POINT('',(103.87733951745,105.939422,56.216613872522)
  );
#10420 = CARTESIAN_POINT('',(103.56363911745,105.939422,56.152994888522)
  );
#10421 = VECTOR('',#10422,1.);
#10422 = DIRECTION('',(-0.,-1.,-0.));
#10423 = ADVANCED_FACE('',(#10424),#10449,.T.);
#10424 = FACE_BOUND('',#10425,.T.);
#10425 = EDGE_LOOP('',(#10426,#10427,#10435,#10443));
#10426 = ORIENTED_EDGE('',*,*,#10403,.T.);
#10427 = ORIENTED_EDGE('',*,*,#10428,.T.);
#10428 = EDGE_CURVE('',#10396,#10429,#10431,.T.);
#10429 = VERTEX_POINT('',#10430);
#10430 = CARTESIAN_POINT('',(103.01738951745,106.939422,55.997238872522)
  );
#10431 = B_SPLINE_CURVE_WITH_KNOTS('',2,(#10432,#10433,#10434),
  .UNSPECIFIED.,.F.,.F.,(3,3),(0.,1.),.PIECEWISE_BEZIER_KNOTS.);
#10432 = CARTESIAN_POINT('',(103.56363911745,106.939422,56.152994888522)
  );
#10433 = CARTESIAN_POINT('',(103.24773911745,106.939422,56.091569888522)
  );
#10434 = CARTESIAN_POINT('',(103.01738951745,106.939422,55.997238872522)
  );
#10435 = ORIENTED_EDGE('',*,*,#10436,.F.);
#10436 = EDGE_CURVE('',#10437,#10429,#10439,.T.);
#10437 = VERTEX_POINT('',#10438);
#10438 = CARTESIAN_POINT('',(103.01738951745,105.939422,55.997238872522)
  );
#10439 = LINE('',#10440,#10441);
#10440 = CARTESIAN_POINT('',(103.01738951745,105.939422,55.997238872522)
  );
#10441 = VECTOR('',#10442,1.);
#10442 = DIRECTION('',(0.,1.,0.));
#10443 = ORIENTED_EDGE('',*,*,#10444,.F.);
#10444 = EDGE_CURVE('',#10404,#10437,#10445,.T.);
#10445 = B_SPLINE_CURVE_WITH_KNOTS('',2,(#10446,#10447,#10448),
  .UNSPECIFIED.,.F.,.F.,(3,3),(0.,1.),.PIECEWISE_BEZIER_KNOTS.);
#10446 = CARTESIAN_POINT('',(103.56363911745,105.939422,56.152994888522)
  );
#10447 = CARTESIAN_POINT('',(103.24773911745,105.939422,56.091569888522)
  );
#10448 = CARTESIAN_POINT('',(103.01738951745,105.939422,55.997238872522)
  );
#10449 = SURFACE_OF_LINEAR_EXTRUSION('',#10450,#10454);
#10450 = B_SPLINE_CURVE_WITH_KNOTS('',2,(#10451,#10452,#10453),
  .UNSPECIFIED.,.F.,.F.,(3,3),(0.,1.),.PIECEWISE_BEZIER_KNOTS.);
#10451 = CARTESIAN_POINT('',(103.56363911745,105.939422,56.152994888522)
  );
#10452 = CARTESIAN_POINT('',(103.24773911745,105.939422,56.091569888522)
  );
#10453 = CARTESIAN_POINT('',(103.01738951745,105.939422,55.997238872522)
  );
#10454 = VECTOR('',#10455,1.);
#10455 = DIRECTION('',(-0.,-1.,-0.));
#10456 = ADVANCED_FACE('',(#10457),#10480,.T.);
#10457 = FACE_BOUND('',#10458,.T.);
#10458 = EDGE_LOOP('',(#10459,#10460,#10467,#10475));
#10459 = ORIENTED_EDGE('',*,*,#10436,.T.);
#10460 = ORIENTED_EDGE('',*,*,#10461,.T.);
#10461 = EDGE_CURVE('',#10429,#10462,#10464,.T.);
#10462 = VERTEX_POINT('',#10463);
#10463 = CARTESIAN_POINT('',(103.01738951745,106.939422,55.244782856522)
  );
#10464 = B_SPLINE_CURVE_WITH_KNOTS('',1,(#10465,#10466),.UNSPECIFIED.,
  .F.,.F.,(2,2),(0.,8.03906),.PIECEWISE_BEZIER_KNOTS.);
#10465 = CARTESIAN_POINT('',(103.01738951745,106.939422,55.997238872522)
  );
#10466 = CARTESIAN_POINT('',(103.01738951745,106.939422,55.244782856522)
  );
#10467 = ORIENTED_EDGE('',*,*,#10468,.F.);
#10468 = EDGE_CURVE('',#10469,#10462,#10471,.T.);
#10469 = VERTEX_POINT('',#10470);
#10470 = CARTESIAN_POINT('',(103.01738951745,105.939422,55.244782856522)
  );
#10471 = LINE('',#10472,#10473);
#10472 = CARTESIAN_POINT('',(103.01738951745,105.939422,55.244782856522)
  );
#10473 = VECTOR('',#10474,1.);
#10474 = DIRECTION('',(0.,1.,0.));
#10475 = ORIENTED_EDGE('',*,*,#10476,.F.);
#10476 = EDGE_CURVE('',#10437,#10469,#10477,.T.);
#10477 = B_SPLINE_CURVE_WITH_KNOTS('',1,(#10478,#10479),.UNSPECIFIED.,
  .F.,.F.,(2,2),(0.,8.03906),.PIECEWISE_BEZIER_KNOTS.);
#10478 = CARTESIAN_POINT('',(103.01738951745,105.939422,55.997238872522)
  );
#10479 = CARTESIAN_POINT('',(103.01738951745,105.939422,55.244782856522)
  );
#10480 = SURFACE_OF_LINEAR_EXTRUSION('',#10481,#10484);
#10481 = B_SPLINE_CURVE_WITH_KNOTS('',1,(#10482,#10483),.UNSPECIFIED.,
  .F.,.F.,(2,2),(0.,8.03906),.PIECEWISE_BEZIER_KNOTS.);
#10482 = CARTESIAN_POINT('',(103.01738951745,105.939422,55.997238872522)
  );
#10483 = CARTESIAN_POINT('',(103.01738951745,105.939422,55.244782856522)
  );
#10484 = VECTOR('',#10485,1.);
#10485 = DIRECTION('',(-0.,-1.,-0.));
#10486 = ADVANCED_FACE('',(#10487),#10510,.T.);
#10487 = FACE_BOUND('',#10488,.T.);
#10488 = EDGE_LOOP('',(#10489,#10490,#10497,#10505));
#10489 = ORIENTED_EDGE('',*,*,#10468,.T.);
#10490 = ORIENTED_EDGE('',*,*,#10491,.T.);
#10491 = EDGE_CURVE('',#10462,#10492,#10494,.T.);
#10492 = VERTEX_POINT('',#10493);
#10493 = CARTESIAN_POINT('',(103.10733911745,106.939422,55.244782856522)
  );
#10494 = B_SPLINE_CURVE_WITH_KNOTS('',1,(#10495,#10496),.UNSPECIFIED.,
  .F.,.F.,(2,2),(0.,0.961),.PIECEWISE_BEZIER_KNOTS.);
#10495 = CARTESIAN_POINT('',(103.01738951745,106.939422,55.244782856522)
  );
#10496 = CARTESIAN_POINT('',(103.10733911745,106.939422,55.244782856522)
  );
#10497 = ORIENTED_EDGE('',*,*,#10498,.F.);
#10498 = EDGE_CURVE('',#10499,#10492,#10501,.T.);
#10499 = VERTEX_POINT('',#10500);
#10500 = CARTESIAN_POINT('',(103.10733911745,105.939422,55.244782856522)
  );
#10501 = LINE('',#10502,#10503);
#10502 = CARTESIAN_POINT('',(103.10733911745,105.939422,55.244782856522)
  );
#10503 = VECTOR('',#10504,1.);
#10504 = DIRECTION('',(0.,1.,0.));
#10505 = ORIENTED_EDGE('',*,*,#10506,.F.);
#10506 = EDGE_CURVE('',#10469,#10499,#10507,.T.);
#10507 = B_SPLINE_CURVE_WITH_KNOTS('',1,(#10508,#10509),.UNSPECIFIED.,
  .F.,.F.,(2,2),(0.,0.961),.PIECEWISE_BEZIER_KNOTS.);
#10508 = CARTESIAN_POINT('',(103.01738951745,105.939422,55.244782856522)
  );
#10509 = CARTESIAN_POINT('',(103.10733911745,105.939422,55.244782856522)
  );
#10510 = SURFACE_OF_LINEAR_EXTRUSION('',#10511,#10514);
#10511 = B_SPLINE_CURVE_WITH_KNOTS('',1,(#10512,#10513),.UNSPECIFIED.,
  .F.,.F.,(2,2),(0.,0.961),.PIECEWISE_BEZIER_KNOTS.);
#10512 = CARTESIAN_POINT('',(103.01738951745,105.939422,55.244782856522)
  );
#10513 = CARTESIAN_POINT('',(103.10733911745,105.939422,55.244782856522)
  );
#10514 = VECTOR('',#10515,1.);
#10515 = DIRECTION('',(-0.,-1.,-0.));
#10516 = ADVANCED_FACE('',(#10517),#10542,.T.);
#10517 = FACE_BOUND('',#10518,.T.);
#10518 = EDGE_LOOP('',(#10519,#10520,#10528,#10536));
#10519 = ORIENTED_EDGE('',*,*,#10498,.T.);
#10520 = ORIENTED_EDGE('',*,*,#10521,.T.);
#10521 = EDGE_CURVE('',#10492,#10522,#10524,.T.);
#10522 = VERTEX_POINT('',#10523);
#10523 = CARTESIAN_POINT('',(103.59214967745,106.939422,55.508032856522)
  );
#10524 = B_SPLINE_CURVE_WITH_KNOTS('',2,(#10525,#10526,#10527),
  .UNSPECIFIED.,.F.,.F.,(3,3),(0.,1.),.PIECEWISE_BEZIER_KNOTS.);
#10525 = CARTESIAN_POINT('',(103.10733911745,106.939422,55.244782856522)
  );
#10526 = CARTESIAN_POINT('',(103.30476959745,106.939422,55.402732856522)
  );
#10527 = CARTESIAN_POINT('',(103.59214967745,106.939422,55.508032856522)
  );
#10528 = ORIENTED_EDGE('',*,*,#10529,.F.);
#10529 = EDGE_CURVE('',#10530,#10522,#10532,.T.);
#10530 = VERTEX_POINT('',#10531);
#10531 = CARTESIAN_POINT('',(103.59214967745,105.939422,55.508032856522)
  );
#10532 = LINE('',#10533,#10534);
#10533 = CARTESIAN_POINT('',(103.59214967745,105.939422,55.508032856522)
  );
#10534 = VECTOR('',#10535,1.);
#10535 = DIRECTION('',(0.,1.,0.));
#10536 = ORIENTED_EDGE('',*,*,#10537,.F.);
#10537 = EDGE_CURVE('',#10499,#10530,#10538,.T.);
#10538 = B_SPLINE_CURVE_WITH_KNOTS('',2,(#10539,#10540,#10541),
  .UNSPECIFIED.,.F.,.F.,(3,3),(0.,1.),.PIECEWISE_BEZIER_KNOTS.);
#10539 = CARTESIAN_POINT('',(103.10733911745,105.939422,55.244782856522)
  );
#10540 = CARTESIAN_POINT('',(103.30476959745,105.939422,55.402732856522)
  );
#10541 = CARTESIAN_POINT('',(103.59214967745,105.939422,55.508032856522)
  );
#10542 = SURFACE_OF_LINEAR_EXTRUSION('',#10543,#10547);
#10543 = B_SPLINE_CURVE_WITH_KNOTS('',2,(#10544,#10545,#10546),
  .UNSPECIFIED.,.F.,.F.,(3,3),(0.,1.),.PIECEWISE_BEZIER_KNOTS.);
#10544 = CARTESIAN_POINT('',(103.10733911745,105.939422,55.244782856522)
  );
#10545 = CARTESIAN_POINT('',(103.30476959745,105.939422,55.402732856522)
  );
#10546 = CARTESIAN_POINT('',(103.59214967745,105.939422,55.508032856522)
  );
#10547 = VECTOR('',#10548,1.);
#10548 = DIRECTION('',(-0.,-1.,-0.));
#10549 = ADVANCED_FACE('',(#10550),#10575,.T.);
#10550 = FACE_BOUND('',#10551,.T.);
#10551 = EDGE_LOOP('',(#10552,#10553,#10561,#10569));
#10552 = ORIENTED_EDGE('',*,*,#10529,.T.);
#10553 = ORIENTED_EDGE('',*,*,#10554,.T.);
#10554 = EDGE_CURVE('',#10522,#10555,#10557,.T.);
#10555 = VERTEX_POINT('',#10556);
#10556 = CARTESIAN_POINT('',(104.17568951745,106.939422,55.615526840522)
  );
#10557 = B_SPLINE_CURVE_WITH_KNOTS('',2,(#10558,#10559,#10560),
  .UNSPECIFIED.,.F.,.F.,(3,3),(0.,1.),.PIECEWISE_BEZIER_KNOTS.);
#10558 = CARTESIAN_POINT('',(103.59214967745,106.939422,55.508032856522)
  );
#10559 = CARTESIAN_POINT('',(103.87733951745,106.939422,55.615526840522)
  );
#10560 = CARTESIAN_POINT('',(104.17568951745,106.939422,55.615526840522)
  );
#10561 = ORIENTED_EDGE('',*,*,#10562,.F.);
#10562 = EDGE_CURVE('',#10563,#10555,#10565,.T.);
#10563 = VERTEX_POINT('',#10564);
#10564 = CARTESIAN_POINT('',(104.17568951745,105.939422,55.615526840522)
  );
#10565 = LINE('',#10566,#10567);
#10566 = CARTESIAN_POINT('',(104.17568951745,105.939422,55.615526840522)
  );
#10567 = VECTOR('',#10568,1.);
#10568 = DIRECTION('',(0.,1.,0.));
#10569 = ORIENTED_EDGE('',*,*,#10570,.F.);
#10570 = EDGE_CURVE('',#10530,#10563,#10571,.T.);
#10571 = B_SPLINE_CURVE_WITH_KNOTS('',2,(#10572,#10573,#10574),
  .UNSPECIFIED.,.F.,.F.,(3,3),(0.,1.),.PIECEWISE_BEZIER_KNOTS.);
#10572 = CARTESIAN_POINT('',(103.59214967745,105.939422,55.508032856522)
  );
#10573 = CARTESIAN_POINT('',(103.87733951745,105.939422,55.615526840522)
  );
#10574 = CARTESIAN_POINT('',(104.17568951745,105.939422,55.615526840522)
  );
#10575 = SURFACE_OF_LINEAR_EXTRUSION('',#10576,#10580);
#10576 = B_SPLINE_CURVE_WITH_KNOTS('',2,(#10577,#10578,#10579),
  .UNSPECIFIED.,.F.,.F.,(3,3),(0.,1.),.PIECEWISE_BEZIER_KNOTS.);
#10577 = CARTESIAN_POINT('',(103.59214967745,105.939422,55.508032856522)
  );
#10578 = CARTESIAN_POINT('',(103.87733951745,105.939422,55.615526840522)
  );
#10579 = CARTESIAN_POINT('',(104.17568951745,105.939422,55.615526840522)
  );
#10580 = VECTOR('',#10581,1.);
#10581 = DIRECTION('',(-0.,-1.,-0.));
#10582 = ADVANCED_FACE('',(#10583),#10608,.T.);
#10583 = FACE_BOUND('',#10584,.T.);
#10584 = EDGE_LOOP('',(#10585,#10586,#10594,#10602));
#10585 = ORIENTED_EDGE('',*,*,#10562,.T.);
#10586 = ORIENTED_EDGE('',*,*,#10587,.T.);
#10587 = EDGE_CURVE('',#10555,#10588,#10590,.T.);
#10588 = VERTEX_POINT('',#10589);
#10589 = CARTESIAN_POINT('',(104.38628951745,106.939422,55.600169888522)
  );
#10590 = B_SPLINE_CURVE_WITH_KNOTS('',2,(#10591,#10592,#10593),
  .UNSPECIFIED.,.F.,.F.,(3,3),(0.,1.),.PIECEWISE_BEZIER_KNOTS.);
#10591 = CARTESIAN_POINT('',(104.17568951745,106.939422,55.615526840522)
  );
#10592 = CARTESIAN_POINT('',(104.28098951745,106.939422,55.615526840522)
  );
#10593 = CARTESIAN_POINT('',(104.38628951745,106.939422,55.600169888522)
  );
#10594 = ORIENTED_EDGE('',*,*,#10595,.F.);
#10595 = EDGE_CURVE('',#10596,#10588,#10598,.T.);
#10596 = VERTEX_POINT('',#10597);
#10597 = CARTESIAN_POINT('',(104.38628951745,105.939422,55.600169888522)
  );
#10598 = LINE('',#10599,#10600);
#10599 = CARTESIAN_POINT('',(104.38628951745,105.939422,55.600169888522)
  );
#10600 = VECTOR('',#10601,1.);
#10601 = DIRECTION('',(0.,1.,0.));
#10602 = ORIENTED_EDGE('',*,*,#10603,.F.);
#10603 = EDGE_CURVE('',#10563,#10596,#10604,.T.);
#10604 = B_SPLINE_CURVE_WITH_KNOTS('',2,(#10605,#10606,#10607),
  .UNSPECIFIED.,.F.,.F.,(3,3),(0.,1.),.PIECEWISE_BEZIER_KNOTS.);
#10605 = CARTESIAN_POINT('',(104.17568951745,105.939422,55.615526840522)
  );
#10606 = CARTESIAN_POINT('',(104.28098951745,105.939422,55.615526840522)
  );
#10607 = CARTESIAN_POINT('',(104.38628951745,105.939422,55.600169888522)
  );
#10608 = SURFACE_OF_LINEAR_EXTRUSION('',#10609,#10613);
#10609 = B_SPLINE_CURVE_WITH_KNOTS('',2,(#10610,#10611,#10612),
  .UNSPECIFIED.,.F.,.F.,(3,3),(0.,1.),.PIECEWISE_BEZIER_KNOTS.);
#10610 = CARTESIAN_POINT('',(104.17568951745,105.939422,55.615526840522)
  );
#10611 = CARTESIAN_POINT('',(104.28098951745,105.939422,55.615526840522)
  );
#10612 = CARTESIAN_POINT('',(104.38628951745,105.939422,55.600169888522)
  );
#10613 = VECTOR('',#10614,1.);
#10614 = DIRECTION('',(-0.,-1.,-0.));
#10615 = ADVANCED_FACE('',(#10616),#10641,.T.);
#10616 = FACE_BOUND('',#10617,.T.);
#10617 = EDGE_LOOP('',(#10618,#10619,#10627,#10635));
#10618 = ORIENTED_EDGE('',*,*,#10595,.T.);
#10619 = ORIENTED_EDGE('',*,*,#10620,.T.);
#10620 = EDGE_CURVE('',#10588,#10621,#10623,.T.);
#10621 = VERTEX_POINT('',#10622);
#10622 = CARTESIAN_POINT('',(104.58591959745,106.939422,55.547519888522)
  );
#10623 = B_SPLINE_CURVE_WITH_KNOTS('',2,(#10624,#10625,#10626),
  .UNSPECIFIED.,.F.,.F.,(3,3),(0.,1.),.PIECEWISE_BEZIER_KNOTS.);
#10624 = CARTESIAN_POINT('',(104.38628951745,106.939422,55.600169888522)
  );
#10625 = CARTESIAN_POINT('',(104.48939927745,106.939422,55.587007856522)
  );
#10626 = CARTESIAN_POINT('',(104.58591959745,106.939422,55.547519888522)
  );
#10627 = ORIENTED_EDGE('',*,*,#10628,.F.);
#10628 = EDGE_CURVE('',#10629,#10621,#10631,.T.);
#10629 = VERTEX_POINT('',#10630);
#10630 = CARTESIAN_POINT('',(104.58591959745,105.939422,55.547519888522)
  );
#10631 = LINE('',#10632,#10633);
#10632 = CARTESIAN_POINT('',(104.58591959745,105.939422,55.547519888522)
  );
#10633 = VECTOR('',#10634,1.);
#10634 = DIRECTION('',(0.,1.,0.));
#10635 = ORIENTED_EDGE('',*,*,#10636,.F.);
#10636 = EDGE_CURVE('',#10596,#10629,#10637,.T.);
#10637 = B_SPLINE_CURVE_WITH_KNOTS('',2,(#10638,#10639,#10640),
  .UNSPECIFIED.,.F.,.F.,(3,3),(0.,1.),.PIECEWISE_BEZIER_KNOTS.);
#10638 = CARTESIAN_POINT('',(104.38628951745,105.939422,55.600169888522)
  );
#10639 = CARTESIAN_POINT('',(104.48939927745,105.939422,55.587007856522)
  );
#10640 = CARTESIAN_POINT('',(104.58591959745,105.939422,55.547519888522)
  );
#10641 = SURFACE_OF_LINEAR_EXTRUSION('',#10642,#10646);
#10642 = B_SPLINE_CURVE_WITH_KNOTS('',2,(#10643,#10644,#10645),
  .UNSPECIFIED.,.F.,.F.,(3,3),(0.,1.),.PIECEWISE_BEZIER_KNOTS.);
#10643 = CARTESIAN_POINT('',(104.38628951745,105.939422,55.600169888522)
  );
#10644 = CARTESIAN_POINT('',(104.48939927745,105.939422,55.587007856522)
  );
#10645 = CARTESIAN_POINT('',(104.58591959745,105.939422,55.547519888522)
  );
#10646 = VECTOR('',#10647,1.);
#10647 = DIRECTION('',(-0.,-1.,-0.));
#10648 = ADVANCED_FACE('',(#10649),#10674,.T.);
#10649 = FACE_BOUND('',#10650,.T.);
#10650 = EDGE_LOOP('',(#10651,#10652,#10660,#10668));
#10651 = ORIENTED_EDGE('',*,*,#10628,.T.);
#10652 = ORIENTED_EDGE('',*,*,#10653,.T.);
#10653 = EDGE_CURVE('',#10621,#10654,#10656,.T.);
#10654 = VERTEX_POINT('',#10655);
#10655 = CARTESIAN_POINT('',(104.73289967745,106.939422,55.446607856522)
  );
#10656 = B_SPLINE_CURVE_WITH_KNOTS('',2,(#10657,#10658,#10659),
  .UNSPECIFIED.,.F.,.F.,(3,3),(0.,1.),.PIECEWISE_BEZIER_KNOTS.);
#10657 = CARTESIAN_POINT('',(104.58591959745,106.939422,55.547519888522)
  );
#10658 = CARTESIAN_POINT('',(104.67147935745,106.939422,55.514613872522)
  );
#10659 = CARTESIAN_POINT('',(104.73289967745,106.939422,55.446607856522)
  );
#10660 = ORIENTED_EDGE('',*,*,#10661,.F.);
#10661 = EDGE_CURVE('',#10662,#10654,#10664,.T.);
#10662 = VERTEX_POINT('',#10663);
#10663 = CARTESIAN_POINT('',(104.73289967745,105.939422,55.446607856522)
  );
#10664 = LINE('',#10665,#10666);
#10665 = CARTESIAN_POINT('',(104.73289967745,105.939422,55.446607856522)
  );
#10666 = VECTOR('',#10667,1.);
#10667 = DIRECTION('',(0.,1.,0.));
#10668 = ORIENTED_EDGE('',*,*,#10669,.F.);
#10669 = EDGE_CURVE('',#10629,#10662,#10670,.T.);
#10670 = B_SPLINE_CURVE_WITH_KNOTS('',2,(#10671,#10672,#10673),
  .UNSPECIFIED.,.F.,.F.,(3,3),(0.,1.),.PIECEWISE_BEZIER_KNOTS.);
#10671 = CARTESIAN_POINT('',(104.58591959745,105.939422,55.547519888522)
  );
#10672 = CARTESIAN_POINT('',(104.67147935745,105.939422,55.514613872522)
  );
#10673 = CARTESIAN_POINT('',(104.73289967745,105.939422,55.446607856522)
  );
#10674 = SURFACE_OF_LINEAR_EXTRUSION('',#10675,#10679);
#10675 = B_SPLINE_CURVE_WITH_KNOTS('',2,(#10676,#10677,#10678),
  .UNSPECIFIED.,.F.,.F.,(3,3),(0.,1.),.PIECEWISE_BEZIER_KNOTS.);
#10676 = CARTESIAN_POINT('',(104.58591959745,105.939422,55.547519888522)
  );
#10677 = CARTESIAN_POINT('',(104.67147935745,105.939422,55.514613872522)
  );
#10678 = CARTESIAN_POINT('',(104.73289967745,105.939422,55.446607856522)
  );
#10679 = VECTOR('',#10680,1.);
#10680 = DIRECTION('',(-0.,-1.,-0.));
#10681 = ADVANCED_FACE('',(#10682),#10707,.T.);
#10682 = FACE_BOUND('',#10683,.T.);
#10683 = EDGE_LOOP('',(#10684,#10685,#10693,#10701));
#10684 = ORIENTED_EDGE('',*,*,#10661,.T.);
#10685 = ORIENTED_EDGE('',*,*,#10686,.T.);
#10686 = EDGE_CURVE('',#10654,#10687,#10689,.T.);
#10687 = VERTEX_POINT('',#10688);
#10688 = CARTESIAN_POINT('',(104.79432935745,106.939422,55.295238872522)
  );
#10689 = B_SPLINE_CURVE_WITH_KNOTS('',2,(#10690,#10691,#10692),
  .UNSPECIFIED.,.F.,.F.,(3,3),(0.,1.),.PIECEWISE_BEZIER_KNOTS.);
#10690 = CARTESIAN_POINT('',(104.73289967745,106.939422,55.446607856522)
  );
#10691 = CARTESIAN_POINT('',(104.79432935745,106.939422,55.380794888522)
  );
#10692 = CARTESIAN_POINT('',(104.79432935745,106.939422,55.295238872522)
  );
#10693 = ORIENTED_EDGE('',*,*,#10694,.F.);
#10694 = EDGE_CURVE('',#10695,#10687,#10697,.T.);
#10695 = VERTEX_POINT('',#10696);
#10696 = CARTESIAN_POINT('',(104.79432935745,105.939422,55.295238872522)
  );
#10697 = LINE('',#10698,#10699);
#10698 = CARTESIAN_POINT('',(104.79432935745,105.939422,55.295238872522)
  );
#10699 = VECTOR('',#10700,1.);
#10700 = DIRECTION('',(0.,1.,0.));
#10701 = ORIENTED_EDGE('',*,*,#10702,.F.);
#10702 = EDGE_CURVE('',#10662,#10695,#10703,.T.);
#10703 = B_SPLINE_CURVE_WITH_KNOTS('',2,(#10704,#10705,#10706),
  .UNSPECIFIED.,.F.,.F.,(3,3),(0.,1.),.PIECEWISE_BEZIER_KNOTS.);
#10704 = CARTESIAN_POINT('',(104.73289967745,105.939422,55.446607856522)
  );
#10705 = CARTESIAN_POINT('',(104.79432935745,105.939422,55.380794888522)
  );
#10706 = CARTESIAN_POINT('',(104.79432935745,105.939422,55.295238872522)
  );
#10707 = SURFACE_OF_LINEAR_EXTRUSION('',#10708,#10712);
#10708 = B_SPLINE_CURVE_WITH_KNOTS('',2,(#10709,#10710,#10711),
  .UNSPECIFIED.,.F.,.F.,(3,3),(0.,1.),.PIECEWISE_BEZIER_KNOTS.);
#10709 = CARTESIAN_POINT('',(104.73289967745,105.939422,55.446607856522)
  );
#10710 = CARTESIAN_POINT('',(104.79432935745,105.939422,55.380794888522)
  );
#10711 = CARTESIAN_POINT('',(104.79432935745,105.939422,55.295238872522)
  );
#10712 = VECTOR('',#10713,1.);
#10713 = DIRECTION('',(-0.,-1.,-0.));
#10714 = ADVANCED_FACE('',(#10715),#10740,.T.);
#10715 = FACE_BOUND('',#10716,.T.);
#10716 = EDGE_LOOP('',(#10717,#10718,#10726,#10734));
#10717 = ORIENTED_EDGE('',*,*,#10694,.T.);
#10718 = ORIENTED_EDGE('',*,*,#10719,.T.);
#10719 = EDGE_CURVE('',#10687,#10720,#10722,.T.);
#10720 = VERTEX_POINT('',#10721);
#10721 = CARTESIAN_POINT('',(104.69560943745,106.939422,55.095607856522)
  );
#10722 = B_SPLINE_CURVE_WITH_KNOTS('',2,(#10723,#10724,#10725),
  .UNSPECIFIED.,.F.,.F.,(3,3),(0.,1.),.PIECEWISE_BEZIER_KNOTS.);
#10723 = CARTESIAN_POINT('',(104.79432935745,106.939422,55.295238872522)
  );
#10724 = CARTESIAN_POINT('',(104.79432935745,106.939422,55.165807856522)
  );
#10725 = CARTESIAN_POINT('',(104.69560943745,106.939422,55.095607856522)
  );
#10726 = ORIENTED_EDGE('',*,*,#10727,.F.);
#10727 = EDGE_CURVE('',#10728,#10720,#10730,.T.);
#10728 = VERTEX_POINT('',#10729);
#10729 = CARTESIAN_POINT('',(104.69560943745,105.939422,55.095607856522)
  );
#10730 = LINE('',#10731,#10732);
#10731 = CARTESIAN_POINT('',(104.69560943745,105.939422,55.095607856522)
  );
#10732 = VECTOR('',#10733,1.);
#10733 = DIRECTION('',(0.,1.,0.));
#10734 = ORIENTED_EDGE('',*,*,#10735,.F.);
#10735 = EDGE_CURVE('',#10695,#10728,#10736,.T.);
#10736 = B_SPLINE_CURVE_WITH_KNOTS('',2,(#10737,#10738,#10739),
  .UNSPECIFIED.,.F.,.F.,(3,3),(0.,1.),.PIECEWISE_BEZIER_KNOTS.);
#10737 = CARTESIAN_POINT('',(104.79432935745,105.939422,55.295238872522)
  );
#10738 = CARTESIAN_POINT('',(104.79432935745,105.939422,55.165807856522)
  );
#10739 = CARTESIAN_POINT('',(104.69560943745,105.939422,55.095607856522)
  );
#10740 = SURFACE_OF_LINEAR_EXTRUSION('',#10741,#10745);
#10741 = B_SPLINE_CURVE_WITH_KNOTS('',2,(#10742,#10743,#10744),
  .UNSPECIFIED.,.F.,.F.,(3,3),(0.,1.),.PIECEWISE_BEZIER_KNOTS.);
#10742 = CARTESIAN_POINT('',(104.79432935745,105.939422,55.295238872522)
  );
#10743 = CARTESIAN_POINT('',(104.79432935745,105.939422,55.165807856522)
  );
#10744 = CARTESIAN_POINT('',(104.69560943745,105.939422,55.095607856522)
  );
#10745 = VECTOR('',#10746,1.);
#10746 = DIRECTION('',(-0.,-1.,-0.));
#10747 = ADVANCED_FACE('',(#10748),#10773,.T.);
#10748 = FACE_BOUND('',#10749,.T.);
#10749 = EDGE_LOOP('',(#10750,#10751,#10759,#10767));
#10750 = ORIENTED_EDGE('',*,*,#10727,.T.);
#10751 = ORIENTED_EDGE('',*,*,#10752,.T.);
#10752 = EDGE_CURVE('',#10720,#10753,#10755,.T.);
#10753 = VERTEX_POINT('',#10754);
#10754 = CARTESIAN_POINT('',(104.32266959745,106.939422,54.970563872522)
  );
#10755 = B_SPLINE_CURVE_WITH_KNOTS('',2,(#10756,#10757,#10758),
  .UNSPECIFIED.,.F.,.F.,(3,3),(0.,1.),.PIECEWISE_BEZIER_KNOTS.);
#10756 = CARTESIAN_POINT('',(104.69560943745,106.939422,55.095607856522)
  );
#10757 = CARTESIAN_POINT('',(104.59688951745,106.939422,55.027601840522)
  );
#10758 = CARTESIAN_POINT('',(104.32266959745,106.939422,54.970563872522)
  );
#10759 = ORIENTED_EDGE('',*,*,#10760,.F.);
#10760 = EDGE_CURVE('',#10761,#10753,#10763,.T.);
#10761 = VERTEX_POINT('',#10762);
#10762 = CARTESIAN_POINT('',(104.32266959745,105.939422,54.970563872522)
  );
#10763 = LINE('',#10764,#10765);
#10764 = CARTESIAN_POINT('',(104.32266959745,105.939422,54.970563872522)
  );
#10765 = VECTOR('',#10766,1.);
#10766 = DIRECTION('',(0.,1.,0.));
#10767 = ORIENTED_EDGE('',*,*,#10768,.F.);
#10768 = EDGE_CURVE('',#10728,#10761,#10769,.T.);
#10769 = B_SPLINE_CURVE_WITH_KNOTS('',2,(#10770,#10771,#10772),
  .UNSPECIFIED.,.F.,.F.,(3,3),(0.,1.),.PIECEWISE_BEZIER_KNOTS.);
#10770 = CARTESIAN_POINT('',(104.69560943745,105.939422,55.095607856522)
  );
#10771 = CARTESIAN_POINT('',(104.59688951745,105.939422,55.027601840522)
  );
#10772 = CARTESIAN_POINT('',(104.32266959745,105.939422,54.970563872522)
  );
#10773 = SURFACE_OF_LINEAR_EXTRUSION('',#10774,#10778);
#10774 = B_SPLINE_CURVE_WITH_KNOTS('',2,(#10775,#10776,#10777),
  .UNSPECIFIED.,.F.,.F.,(3,3),(0.,1.),.PIECEWISE_BEZIER_KNOTS.);
#10775 = CARTESIAN_POINT('',(104.69560943745,105.939422,55.095607856522)
  );
#10776 = CARTESIAN_POINT('',(104.59688951745,105.939422,55.027601840522)
  );
#10777 = CARTESIAN_POINT('',(104.32266959745,105.939422,54.970563872522)
  );
#10778 = VECTOR('',#10779,1.);
#10779 = DIRECTION('',(-0.,-1.,-0.));
#10780 = ADVANCED_FACE('',(#10781),#10806,.T.);
#10781 = FACE_BOUND('',#10782,.T.);
#10782 = EDGE_LOOP('',(#10783,#10784,#10792,#10800));
#10783 = ORIENTED_EDGE('',*,*,#10760,.T.);
#10784 = ORIENTED_EDGE('',*,*,#10785,.T.);
#10785 = EDGE_CURVE('',#10753,#10786,#10788,.T.);
#10786 = VERTEX_POINT('',#10787);
#10787 = CARTESIAN_POINT('',(103.97824967745,106.939422,54.898169888522)
  );
#10788 = B_SPLINE_CURVE_WITH_KNOTS('',2,(#10789,#10790,#10791),
  .UNSPECIFIED.,.F.,.F.,(3,3),(0.,1.),.PIECEWISE_BEZIER_KNOTS.);
#10789 = CARTESIAN_POINT('',(104.32266959745,106.939422,54.970563872522)
  );
#10790 = CARTESIAN_POINT('',(104.14278911745,106.939422,54.933269888522)
  );
#10791 = CARTESIAN_POINT('',(103.97824967745,106.939422,54.898169888522)
  );
#10792 = ORIENTED_EDGE('',*,*,#10793,.F.);
#10793 = EDGE_CURVE('',#10794,#10786,#10796,.T.);
#10794 = VERTEX_POINT('',#10795);
#10795 = CARTESIAN_POINT('',(103.97824967745,105.939422,54.898169888522)
  );
#10796 = LINE('',#10797,#10798);
#10797 = CARTESIAN_POINT('',(103.97824967745,105.939422,54.898169888522)
  );
#10798 = VECTOR('',#10799,1.);
#10799 = DIRECTION('',(0.,1.,0.));
#10800 = ORIENTED_EDGE('',*,*,#10801,.F.);
#10801 = EDGE_CURVE('',#10761,#10794,#10802,.T.);
#10802 = B_SPLINE_CURVE_WITH_KNOTS('',2,(#10803,#10804,#10805),
  .UNSPECIFIED.,.F.,.F.,(3,3),(0.,1.),.PIECEWISE_BEZIER_KNOTS.);
#10803 = CARTESIAN_POINT('',(104.32266959745,105.939422,54.970563872522)
  );
#10804 = CARTESIAN_POINT('',(104.14278911745,105.939422,54.933269888522)
  );
#10805 = CARTESIAN_POINT('',(103.97824967745,105.939422,54.898169888522)
  );
#10806 = SURFACE_OF_LINEAR_EXTRUSION('',#10807,#10811);
#10807 = B_SPLINE_CURVE_WITH_KNOTS('',2,(#10808,#10809,#10810),
  .UNSPECIFIED.,.F.,.F.,(3,3),(0.,1.),.PIECEWISE_BEZIER_KNOTS.);
#10808 = CARTESIAN_POINT('',(104.32266959745,105.939422,54.970563872522)
  );
#10809 = CARTESIAN_POINT('',(104.14278911745,105.939422,54.933269888522)
  );
#10810 = CARTESIAN_POINT('',(103.97824967745,105.939422,54.898169888522)
  );
#10811 = VECTOR('',#10812,1.);
#10812 = DIRECTION('',(-0.,-1.,-0.));
#10813 = ADVANCED_FACE('',(#10814),#10839,.T.);
#10814 = FACE_BOUND('',#10815,.T.);
#10815 = EDGE_LOOP('',(#10816,#10817,#10825,#10833));
#10816 = ORIENTED_EDGE('',*,*,#10793,.T.);
#10817 = ORIENTED_EDGE('',*,*,#10818,.T.);
#10818 = EDGE_CURVE('',#10786,#10819,#10821,.T.);
#10819 = VERTEX_POINT('',#10820);
#10820 = CARTESIAN_POINT('',(103.62066959745,106.939422,54.801644888522)
  );
#10821 = B_SPLINE_CURVE_WITH_KNOTS('',2,(#10822,#10823,#10824),
  .UNSPECIFIED.,.F.,.F.,(3,3),(0.,1.),.PIECEWISE_BEZIER_KNOTS.);
#10822 = CARTESIAN_POINT('',(103.97824967745,106.939422,54.898169888522)
  );
#10823 = CARTESIAN_POINT('',(103.81152935745,106.939422,54.863069888522)
  );
#10824 = CARTESIAN_POINT('',(103.62066959745,106.939422,54.801644888522)
  );
#10825 = ORIENTED_EDGE('',*,*,#10826,.F.);
#10826 = EDGE_CURVE('',#10827,#10819,#10829,.T.);
#10827 = VERTEX_POINT('',#10828);
#10828 = CARTESIAN_POINT('',(103.62066959745,105.939422,54.801644888522)
  );
#10829 = LINE('',#10830,#10831);
#10830 = CARTESIAN_POINT('',(103.62066959745,105.939422,54.801644888522)
  );
#10831 = VECTOR('',#10832,1.);
#10832 = DIRECTION('',(0.,1.,0.));
#10833 = ORIENTED_EDGE('',*,*,#10834,.F.);
#10834 = EDGE_CURVE('',#10794,#10827,#10835,.T.);
#10835 = B_SPLINE_CURVE_WITH_KNOTS('',2,(#10836,#10837,#10838),
  .UNSPECIFIED.,.F.,.F.,(3,3),(0.,1.),.PIECEWISE_BEZIER_KNOTS.);
#10836 = CARTESIAN_POINT('',(103.97824967745,105.939422,54.898169888522)
  );
#10837 = CARTESIAN_POINT('',(103.81152935745,105.939422,54.863069888522)
  );
#10838 = CARTESIAN_POINT('',(103.62066959745,105.939422,54.801644888522)
  );
#10839 = SURFACE_OF_LINEAR_EXTRUSION('',#10840,#10844);
#10840 = B_SPLINE_CURVE_WITH_KNOTS('',2,(#10841,#10842,#10843),
  .UNSPECIFIED.,.F.,.F.,(3,3),(0.,1.),.PIECEWISE_BEZIER_KNOTS.);
#10841 = CARTESIAN_POINT('',(103.97824967745,105.939422,54.898169888522)
  );
#10842 = CARTESIAN_POINT('',(103.81152935745,105.939422,54.863069888522)
  );
#10843 = CARTESIAN_POINT('',(103.62066959745,105.939422,54.801644888522)
  );
#10844 = VECTOR('',#10845,1.);
#10845 = DIRECTION('',(-0.,-1.,-0.));
#10846 = ADVANCED_FACE('',(#10847),#10872,.T.);
#10847 = FACE_BOUND('',#10848,.T.);
#10848 = EDGE_LOOP('',(#10849,#10850,#10858,#10866));
#10849 = ORIENTED_EDGE('',*,*,#10826,.T.);
#10850 = ORIENTED_EDGE('',*,*,#10851,.T.);
#10851 = EDGE_CURVE('',#10819,#10852,#10854,.T.);
#10852 = VERTEX_POINT('',#10853);
#10853 = CARTESIAN_POINT('',(103.06784927745,106.939422,54.466001840522)
  );
#10854 = B_SPLINE_CURVE_WITH_KNOTS('',2,(#10855,#10856,#10857),
  .UNSPECIFIED.,.F.,.F.,(3,3),(0.,1.),.PIECEWISE_BEZIER_KNOTS.);
#10855 = CARTESIAN_POINT('',(103.62066959745,106.939422,54.801644888522)
  );
#10856 = CARTESIAN_POINT('',(103.24553951745,106.939422,54.678794888522)
  );
#10857 = CARTESIAN_POINT('',(103.06784927745,106.939422,54.466001840522)
  );
#10858 = ORIENTED_EDGE('',*,*,#10859,.F.);
#10859 = EDGE_CURVE('',#10860,#10852,#10862,.T.);
#10860 = VERTEX_POINT('',#10861);
#10861 = CARTESIAN_POINT('',(103.06784927745,105.939422,54.466001840522)
  );
#10862 = LINE('',#10863,#10864);
#10863 = CARTESIAN_POINT('',(103.06784927745,105.939422,54.466001840522)
  );
#10864 = VECTOR('',#10865,1.);
#10865 = DIRECTION('',(0.,1.,0.));
#10866 = ORIENTED_EDGE('',*,*,#10867,.F.);
#10867 = EDGE_CURVE('',#10827,#10860,#10868,.T.);
#10868 = B_SPLINE_CURVE_WITH_KNOTS('',2,(#10869,#10870,#10871),
  .UNSPECIFIED.,.F.,.F.,(3,3),(0.,1.),.PIECEWISE_BEZIER_KNOTS.);
#10869 = CARTESIAN_POINT('',(103.62066959745,105.939422,54.801644888522)
  );
#10870 = CARTESIAN_POINT('',(103.24553951745,105.939422,54.678794888522)
  );
#10871 = CARTESIAN_POINT('',(103.06784927745,105.939422,54.466001840522)
  );
#10872 = SURFACE_OF_LINEAR_EXTRUSION('',#10873,#10877);
#10873 = B_SPLINE_CURVE_WITH_KNOTS('',2,(#10874,#10875,#10876),
  .UNSPECIFIED.,.F.,.F.,(3,3),(0.,1.),.PIECEWISE_BEZIER_KNOTS.);
#10874 = CARTESIAN_POINT('',(103.62066959745,105.939422,54.801644888522)
  );
#10875 = CARTESIAN_POINT('',(103.24553951745,105.939422,54.678794888522)
  );
#10876 = CARTESIAN_POINT('',(103.06784927745,105.939422,54.466001840522)
  );
#10877 = VECTOR('',#10878,1.);
#10878 = DIRECTION('',(-0.,-1.,-0.));
#10879 = ADVANCED_FACE('',(#10880),#10896,.T.);
#10880 = FACE_BOUND('',#10881,.T.);
#10881 = EDGE_LOOP('',(#10882,#10883,#10889,#10890));
#10882 = ORIENTED_EDGE('',*,*,#10859,.T.);
#10883 = ORIENTED_EDGE('',*,*,#10884,.T.);
#10884 = EDGE_CURVE('',#10852,#9734,#10885,.T.);
#10885 = B_SPLINE_CURVE_WITH_KNOTS('',2,(#10886,#10887,#10888),
  .UNSPECIFIED.,.F.,.F.,(3,3),(0.,1.),.PIECEWISE_BEZIER_KNOTS.);
#10886 = CARTESIAN_POINT('',(103.06784927745,106.939422,54.466001840522)
  );
#10887 = CARTESIAN_POINT('',(102.88795943745,106.939422,54.255401840522)
  );
#10888 = CARTESIAN_POINT('',(102.88795943745,106.939422,53.917563872522)
  );
#10889 = ORIENTED_EDGE('',*,*,#9731,.F.);
#10890 = ORIENTED_EDGE('',*,*,#10891,.F.);
#10891 = EDGE_CURVE('',#10860,#9732,#10892,.T.);
#10892 = B_SPLINE_CURVE_WITH_KNOTS('',2,(#10893,#10894,#10895),
  .UNSPECIFIED.,.F.,.F.,(3,3),(0.,1.),.PIECEWISE_BEZIER_KNOTS.);
#10893 = CARTESIAN_POINT('',(103.06784927745,105.939422,54.466001840522)
  );
#10894 = CARTESIAN_POINT('',(102.88795943745,105.939422,54.255401840522)
  );
#10895 = CARTESIAN_POINT('',(102.88795943745,105.939422,53.917563872522)
  );
#10896 = SURFACE_OF_LINEAR_EXTRUSION('',#10897,#10901);
#10897 = B_SPLINE_CURVE_WITH_KNOTS('',2,(#10898,#10899,#10900),
  .UNSPECIFIED.,.F.,.F.,(3,3),(0.,1.),.PIECEWISE_BEZIER_KNOTS.);
#10898 = CARTESIAN_POINT('',(103.06784927745,105.939422,54.466001840522)
  );
#10899 = CARTESIAN_POINT('',(102.88795943745,105.939422,54.255401840522)
  );
#10900 = CARTESIAN_POINT('',(102.88795943745,105.939422,53.917563872522)
  );
#10901 = VECTOR('',#10902,1.);
#10902 = DIRECTION('',(-0.,-1.,-0.));
#10903 = ADVANCED_FACE('',(#10904),#10942,.T.);
#10904 = FACE_BOUND('',#10905,.T.);
#10905 = EDGE_LOOP('',(#10906,#10907,#10908,#10909,#10910,#10911,#10912,
    #10913,#10914,#10915,#10916,#10917,#10918,#10919,#10920,#10921,
    #10922,#10923,#10924,#10925,#10926,#10927,#10928,#10929,#10930,
    #10931,#10932,#10933,#10934,#10935,#10936,#10937,#10938,#10939,
    #10940,#10941));
#10906 = ORIENTED_EDGE('',*,*,#9757,.T.);
#10907 = ORIENTED_EDGE('',*,*,#9790,.T.);
#10908 = ORIENTED_EDGE('',*,*,#9823,.T.);
#10909 = ORIENTED_EDGE('',*,*,#9856,.T.);
#10910 = ORIENTED_EDGE('',*,*,#9888,.T.);
#10911 = ORIENTED_EDGE('',*,*,#9918,.T.);
#10912 = ORIENTED_EDGE('',*,*,#9949,.T.);
#10913 = ORIENTED_EDGE('',*,*,#9982,.T.);
#10914 = ORIENTED_EDGE('',*,*,#10015,.T.);
#10915 = ORIENTED_EDGE('',*,*,#10048,.T.);
#10916 = ORIENTED_EDGE('',*,*,#10081,.T.);
#10917 = ORIENTED_EDGE('',*,*,#10114,.T.);
#10918 = ORIENTED_EDGE('',*,*,#10147,.T.);
#10919 = ORIENTED_EDGE('',*,*,#10180,.T.);
#10920 = ORIENTED_EDGE('',*,*,#10213,.T.);
#10921 = ORIENTED_EDGE('',*,*,#10246,.T.);
#10922 = ORIENTED_EDGE('',*,*,#10279,.T.);
#10923 = ORIENTED_EDGE('',*,*,#10312,.T.);
#10924 = ORIENTED_EDGE('',*,*,#10345,.T.);
#10925 = ORIENTED_EDGE('',*,*,#10378,.T.);
#10926 = ORIENTED_EDGE('',*,*,#10411,.T.);
#10927 = ORIENTED_EDGE('',*,*,#10444,.T.);
#10928 = ORIENTED_EDGE('',*,*,#10476,.T.);
#10929 = ORIENTED_EDGE('',*,*,#10506,.T.);
#10930 = ORIENTED_EDGE('',*,*,#10537,.T.);
#10931 = ORIENTED_EDGE('',*,*,#10570,.T.);
#10932 = ORIENTED_EDGE('',*,*,#10603,.T.);
#10933 = ORIENTED_EDGE('',*,*,#10636,.T.);
#10934 = ORIENTED_EDGE('',*,*,#10669,.T.);
#10935 = ORIENTED_EDGE('',*,*,#10702,.T.);
#10936 = ORIENTED_EDGE('',*,*,#10735,.T.);
#10937 = ORIENTED_EDGE('',*,*,#10768,.T.);
#10938 = ORIENTED_EDGE('',*,*,#10801,.T.);
#10939 = ORIENTED_EDGE('',*,*,#10834,.T.);
#10940 = ORIENTED_EDGE('',*,*,#10867,.T.);
#10941 = ORIENTED_EDGE('',*,*,#10891,.T.);
#10942 = B_SPLINE_SURFACE_WITH_KNOTS('',1,1,(
    (#10943,#10944)
    ,(#10945,#10946
    )),.UNSPECIFIED.,.F.,.F.,.F.,(2,2),(2,2),(-15.16019035211,
    14.675709647888),(-17.8950880003,18.268971999698),
  .PIECEWISE_BEZIER_KNOTS.);
#10943 = CARTESIAN_POINT('',(102.88795943745,105.939422,52.831657856522)
  );
#10944 = CARTESIAN_POINT('',(102.88795943745,105.939422,56.216613872522)
  );
#10945 = CARTESIAN_POINT('',(105.68059967745,105.939422,52.831657856522)
  );
#10946 = CARTESIAN_POINT('',(105.68059967745,105.939422,56.216613872522)
  );
#10947 = ADVANCED_FACE('',(#10948),#10986,.F.);
#10948 = FACE_BOUND('',#10949,.F.);
#10949 = EDGE_LOOP('',(#10950,#10951,#10952,#10953,#10954,#10955,#10956,
    #10957,#10958,#10959,#10960,#10961,#10962,#10963,#10964,#10965,
    #10966,#10967,#10968,#10969,#10970,#10971,#10972,#10973,#10974,
    #10975,#10976,#10977,#10978,#10979,#10980,#10981,#10982,#10983,
    #10984,#10985));
#10950 = ORIENTED_EDGE('',*,*,#9741,.T.);
#10951 = ORIENTED_EDGE('',*,*,#9774,.T.);
#10952 = ORIENTED_EDGE('',*,*,#9807,.T.);
#10953 = ORIENTED_EDGE('',*,*,#9840,.T.);
#10954 = ORIENTED_EDGE('',*,*,#9873,.T.);
#10955 = ORIENTED_EDGE('',*,*,#9903,.T.);
#10956 = ORIENTED_EDGE('',*,*,#9933,.T.);
#10957 = ORIENTED_EDGE('',*,*,#9966,.T.);
#10958 = ORIENTED_EDGE('',*,*,#9999,.T.);
#10959 = ORIENTED_EDGE('',*,*,#10032,.T.);
#10960 = ORIENTED_EDGE('',*,*,#10065,.T.);
#10961 = ORIENTED_EDGE('',*,*,#10098,.T.);
#10962 = ORIENTED_EDGE('',*,*,#10131,.T.);
#10963 = ORIENTED_EDGE('',*,*,#10164,.T.);
#10964 = ORIENTED_EDGE('',*,*,#10197,.T.);
#10965 = ORIENTED_EDGE('',*,*,#10230,.T.);
#10966 = ORIENTED_EDGE('',*,*,#10263,.T.);
#10967 = ORIENTED_EDGE('',*,*,#10296,.T.);
#10968 = ORIENTED_EDGE('',*,*,#10329,.T.);
#10969 = ORIENTED_EDGE('',*,*,#10362,.T.);
#10970 = ORIENTED_EDGE('',*,*,#10395,.T.);
#10971 = ORIENTED_EDGE('',*,*,#10428,.T.);
#10972 = ORIENTED_EDGE('',*,*,#10461,.T.);
#10973 = ORIENTED_EDGE('',*,*,#10491,.T.);
#10974 = ORIENTED_EDGE('',*,*,#10521,.T.);
#10975 = ORIENTED_EDGE('',*,*,#10554,.T.);
#10976 = ORIENTED_EDGE('',*,*,#10587,.T.);
#10977 = ORIENTED_EDGE('',*,*,#10620,.T.);
#10978 = ORIENTED_EDGE('',*,*,#10653,.T.);
#10979 = ORIENTED_EDGE('',*,*,#10686,.T.);
#10980 = ORIENTED_EDGE('',*,*,#10719,.T.);
#10981 = ORIENTED_EDGE('',*,*,#10752,.T.);
#10982 = ORIENTED_EDGE('',*,*,#10785,.T.);
#10983 = ORIENTED_EDGE('',*,*,#10818,.T.);
#10984 = ORIENTED_EDGE('',*,*,#10851,.T.);
#10985 = ORIENTED_EDGE('',*,*,#10884,.T.);
#10986 = B_SPLINE_SURFACE_WITH_KNOTS('',1,1,(
    (#10987,#10988)
    ,(#10989,#10990
    )),.UNSPECIFIED.,.F.,.F.,.F.,(2,2),(2,2),(-15.16019035211,
    14.675709647888),(-17.8950880003,18.268971999698),
  .PIECEWISE_BEZIER_KNOTS.);
#10987 = CARTESIAN_POINT('',(102.88795943745,106.939422,52.831657856522)
  );
#10988 = CARTESIAN_POINT('',(102.88795943745,106.939422,56.216613872522)
  );
#10989 = CARTESIAN_POINT('',(105.68059967745,106.939422,52.831657856522)
  );
#10990 = CARTESIAN_POINT('',(105.68059967745,106.939422,56.216613872522)
  );
#10991 = MANIFOLD_SOLID_BREP('',#10992);
#10992 = CLOSED_SHELL('',(#10993,#11032,#11062,#11092,#11113,#11125));
#10993 = ADVANCED_FACE('',(#10994),#11026,.F.);
#10994 = FACE_BOUND('',#10995,.F.);
#10995 = EDGE_LOOP('',(#10996,#11006,#11013,#11021));
#10996 = ORIENTED_EDGE('',*,*,#10997,.T.);
#10997 = EDGE_CURVE('',#10998,#11000,#11002,.T.);
#10998 = VERTEX_POINT('',#10999);
#10999 = CARTESIAN_POINT('',(109.56207935745,105.939422,49.498888872522)
  );
#11000 = VERTEX_POINT('',#11001);
#11001 = CARTESIAN_POINT('',(109.56207935745,106.939422,49.498888872522)
  );
#11002 = LINE('',#11003,#11004);
#11003 = CARTESIAN_POINT('',(109.56207935745,105.939422,49.498888872522)
  );
#11004 = VECTOR('',#11005,1.);
#11005 = DIRECTION('',(0.,1.,0.));
#11006 = ORIENTED_EDGE('',*,*,#11007,.T.);
#11007 = EDGE_CURVE('',#11000,#11008,#11010,.T.);
#11008 = VERTEX_POINT('',#11009);
#11009 = CARTESIAN_POINT('',(109.18767935745,106.939422,49.498888872522)
  );
#11010 = B_SPLINE_CURVE_WITH_KNOTS('',1,(#11011,#11012),.UNSPECIFIED.,
  .F.,.F.,(2,2),(0.,4.),.PIECEWISE_BEZIER_KNOTS.);
#11011 = CARTESIAN_POINT('',(109.56207935745,106.939422,49.498888872522)
  );
#11012 = CARTESIAN_POINT('',(109.18767935745,106.939422,49.498888872522)
  );
#11013 = ORIENTED_EDGE('',*,*,#11014,.F.);
#11014 = EDGE_CURVE('',#11015,#11008,#11017,.T.);
#11015 = VERTEX_POINT('',#11016);
#11016 = CARTESIAN_POINT('',(109.18767935745,105.939422,49.498888872522)
  );
#11017 = LINE('',#11018,#11019);
#11018 = CARTESIAN_POINT('',(109.18767935745,105.939422,49.498888872522)
  );
#11019 = VECTOR('',#11020,1.);
#11020 = DIRECTION('',(0.,1.,0.));
#11021 = ORIENTED_EDGE('',*,*,#11022,.F.);
#11022 = EDGE_CURVE('',#10998,#11015,#11023,.T.);
#11023 = B_SPLINE_CURVE_WITH_KNOTS('',1,(#11024,#11025),.UNSPECIFIED.,
  .F.,.F.,(2,2),(0.,4.),.PIECEWISE_BEZIER_KNOTS.);
#11024 = CARTESIAN_POINT('',(109.56207935745,105.939422,49.498888872522)
  );
#11025 = CARTESIAN_POINT('',(109.18767935745,105.939422,49.498888872522)
  );
#11026 = SURFACE_OF_LINEAR_EXTRUSION('',#11027,#11030);
#11027 = B_SPLINE_CURVE_WITH_KNOTS('',1,(#11028,#11029),.UNSPECIFIED.,
  .F.,.F.,(2,2),(0.,4.),.PIECEWISE_BEZIER_KNOTS.);
#11028 = CARTESIAN_POINT('',(109.56207935745,105.939422,49.498888872522)
  );
#11029 = CARTESIAN_POINT('',(109.18767935745,105.939422,49.498888872522)
  );
#11030 = VECTOR('',#11031,1.);
#11031 = DIRECTION('',(-0.,-1.,-0.));
#11032 = ADVANCED_FACE('',(#11033),#11056,.F.);
#11033 = FACE_BOUND('',#11034,.F.);
#11034 = EDGE_LOOP('',(#11035,#11036,#11043,#11051));
#11035 = ORIENTED_EDGE('',*,*,#11014,.T.);
#11036 = ORIENTED_EDGE('',*,*,#11037,.T.);
#11037 = EDGE_CURVE('',#11008,#11038,#11040,.T.);
#11038 = VERTEX_POINT('',#11039);
#11039 = CARTESIAN_POINT('',(109.18767935745,106.939422,50.902888872522)
  );
#11040 = B_SPLINE_CURVE_WITH_KNOTS('',1,(#11041,#11042),.UNSPECIFIED.,
  .F.,.F.,(2,2),(0.,15.),.PIECEWISE_BEZIER_KNOTS.);
#11041 = CARTESIAN_POINT('',(109.18767935745,106.939422,49.498888872522)
  );
#11042 = CARTESIAN_POINT('',(109.18767935745,106.939422,50.902888872522)
  );
#11043 = ORIENTED_EDGE('',*,*,#11044,.F.);
#11044 = EDGE_CURVE('',#11045,#11038,#11047,.T.);
#11045 = VERTEX_POINT('',#11046);
#11046 = CARTESIAN_POINT('',(109.18767935745,105.939422,50.902888872522)
  );
#11047 = LINE('',#11048,#11049);
#11048 = CARTESIAN_POINT('',(109.18767935745,105.939422,50.902888872522)
  );
#11049 = VECTOR('',#11050,1.);
#11050 = DIRECTION('',(0.,1.,0.));
#11051 = ORIENTED_EDGE('',*,*,#11052,.F.);
#11052 = EDGE_CURVE('',#11015,#11045,#11053,.T.);
#11053 = B_SPLINE_CURVE_WITH_KNOTS('',1,(#11054,#11055),.UNSPECIFIED.,
  .F.,.F.,(2,2),(0.,15.),.PIECEWISE_BEZIER_KNOTS.);
#11054 = CARTESIAN_POINT('',(109.18767935745,105.939422,49.498888872522)
  );
#11055 = CARTESIAN_POINT('',(109.18767935745,105.939422,50.902888872522)
  );
#11056 = SURFACE_OF_LINEAR_EXTRUSION('',#11057,#11060);
#11057 = B_SPLINE_CURVE_WITH_KNOTS('',1,(#11058,#11059),.UNSPECIFIED.,
  .F.,.F.,(2,2),(0.,15.),.PIECEWISE_BEZIER_KNOTS.);
#11058 = CARTESIAN_POINT('',(109.18767935745,105.939422,49.498888872522)
  );
#11059 = CARTESIAN_POINT('',(109.18767935745,105.939422,50.902888872522)
  );
#11060 = VECTOR('',#11061,1.);
#11061 = DIRECTION('',(-0.,-1.,-0.));
#11062 = ADVANCED_FACE('',(#11063),#11086,.F.);
#11063 = FACE_BOUND('',#11064,.F.);
#11064 = EDGE_LOOP('',(#11065,#11066,#11073,#11081));
#11065 = ORIENTED_EDGE('',*,*,#11044,.T.);
#11066 = ORIENTED_EDGE('',*,*,#11067,.T.);
#11067 = EDGE_CURVE('',#11038,#11068,#11070,.T.);
#11068 = VERTEX_POINT('',#11069);
#11069 = CARTESIAN_POINT('',(109.56207935745,106.939422,50.902888872522)
  );
#11070 = B_SPLINE_CURVE_WITH_KNOTS('',1,(#11071,#11072),.UNSPECIFIED.,
  .F.,.F.,(2,2),(0.,4.),.PIECEWISE_BEZIER_KNOTS.);
#11071 = CARTESIAN_POINT('',(109.18767935745,106.939422,50.902888872522)
  );
#11072 = CARTESIAN_POINT('',(109.56207935745,106.939422,50.902888872522)
  );
#11073 = ORIENTED_EDGE('',*,*,#11074,.F.);
#11074 = EDGE_CURVE('',#11075,#11068,#11077,.T.);
#11075 = VERTEX_POINT('',#11076);
#11076 = CARTESIAN_POINT('',(109.56207935745,105.939422,50.902888872522)
  );
#11077 = LINE('',#11078,#11079);
#11078 = CARTESIAN_POINT('',(109.56207935745,105.939422,50.902888872522)
  );
#11079 = VECTOR('',#11080,1.);
#11080 = DIRECTION('',(0.,1.,0.));
#11081 = ORIENTED_EDGE('',*,*,#11082,.F.);
#11082 = EDGE_CURVE('',#11045,#11075,#11083,.T.);
#11083 = B_SPLINE_CURVE_WITH_KNOTS('',1,(#11084,#11085),.UNSPECIFIED.,
  .F.,.F.,(2,2),(0.,4.),.PIECEWISE_BEZIER_KNOTS.);
#11084 = CARTESIAN_POINT('',(109.18767935745,105.939422,50.902888872522)
  );
#11085 = CARTESIAN_POINT('',(109.56207935745,105.939422,50.902888872522)
  );
#11086 = SURFACE_OF_LINEAR_EXTRUSION('',#11087,#11090);
#11087 = B_SPLINE_CURVE_WITH_KNOTS('',1,(#11088,#11089),.UNSPECIFIED.,
  .F.,.F.,(2,2),(0.,4.),.PIECEWISE_BEZIER_KNOTS.);
#11088 = CARTESIAN_POINT('',(109.18767935745,105.939422,50.902888872522)
  );
#11089 = CARTESIAN_POINT('',(109.56207935745,105.939422,50.902888872522)
  );
#11090 = VECTOR('',#11091,1.);
#11091 = DIRECTION('',(-0.,-1.,-0.));
#11092 = ADVANCED_FACE('',(#11093),#11107,.F.);
#11093 = FACE_BOUND('',#11094,.F.);
#11094 = EDGE_LOOP('',(#11095,#11096,#11101,#11102));
#11095 = ORIENTED_EDGE('',*,*,#11074,.T.);
#11096 = ORIENTED_EDGE('',*,*,#11097,.T.);
#11097 = EDGE_CURVE('',#11068,#11000,#11098,.T.);
#11098 = B_SPLINE_CURVE_WITH_KNOTS('',1,(#11099,#11100),.UNSPECIFIED.,
  .F.,.F.,(2,2),(0.,15.),.PIECEWISE_BEZIER_KNOTS.);
#11099 = CARTESIAN_POINT('',(109.56207935745,106.939422,50.902888872522)
  );
#11100 = CARTESIAN_POINT('',(109.56207935745,106.939422,49.498888872522)
  );
#11101 = ORIENTED_EDGE('',*,*,#10997,.F.);
#11102 = ORIENTED_EDGE('',*,*,#11103,.F.);
#11103 = EDGE_CURVE('',#11075,#10998,#11104,.T.);
#11104 = B_SPLINE_CURVE_WITH_KNOTS('',1,(#11105,#11106),.UNSPECIFIED.,
  .F.,.F.,(2,2),(0.,15.),.PIECEWISE_BEZIER_KNOTS.);
#11105 = CARTESIAN_POINT('',(109.56207935745,105.939422,50.902888872522)
  );
#11106 = CARTESIAN_POINT('',(109.56207935745,105.939422,49.498888872522)
  );
#11107 = SURFACE_OF_LINEAR_EXTRUSION('',#11108,#11111);
#11108 = B_SPLINE_CURVE_WITH_KNOTS('',1,(#11109,#11110),.UNSPECIFIED.,
  .F.,.F.,(2,2),(0.,15.),.PIECEWISE_BEZIER_KNOTS.);
#11109 = CARTESIAN_POINT('',(109.56207935745,105.939422,50.902888872522)
  );
#11110 = CARTESIAN_POINT('',(109.56207935745,105.939422,49.498888872522)
  );
#11111 = VECTOR('',#11112,1.);
#11112 = DIRECTION('',(-0.,-1.,-0.));
#11113 = ADVANCED_FACE('',(#11114),#11120,.F.);
#11114 = FACE_BOUND('',#11115,.F.);
#11115 = EDGE_LOOP('',(#11116,#11117,#11118,#11119));
#11116 = ORIENTED_EDGE('',*,*,#11022,.T.);
#11117 = ORIENTED_EDGE('',*,*,#11052,.T.);
#11118 = ORIENTED_EDGE('',*,*,#11082,.T.);
#11119 = ORIENTED_EDGE('',*,*,#11103,.T.);
#11120 = B_SPLINE_SURFACE_WITH_KNOTS('',1,1,(
    (#11121,#11122)
    ,(#11123,#11124
    )),.UNSPECIFIED.,.F.,.F.,.F.,(2,2),(2,2),(-2.,2.),(-7.5,7.5),
  .PIECEWISE_BEZIER_KNOTS.);
#11121 = CARTESIAN_POINT('',(109.56207935745,105.939422,49.498888872522)
  );
#11122 = CARTESIAN_POINT('',(109.56207935745,105.939422,50.902888872522)
  );
#11123 = CARTESIAN_POINT('',(109.18767935745,105.939422,49.498888872522)
  );
#11124 = CARTESIAN_POINT('',(109.18767935745,105.939422,50.902888872522)
  );
#11125 = ADVANCED_FACE('',(#11126),#11132,.T.);
#11126 = FACE_BOUND('',#11127,.T.);
#11127 = EDGE_LOOP('',(#11128,#11129,#11130,#11131));
#11128 = ORIENTED_EDGE('',*,*,#11007,.T.);
#11129 = ORIENTED_EDGE('',*,*,#11037,.T.);
#11130 = ORIENTED_EDGE('',*,*,#11067,.T.);
#11131 = ORIENTED_EDGE('',*,*,#11097,.T.);
#11132 = B_SPLINE_SURFACE_WITH_KNOTS('',1,1,(
    (#11133,#11134)
    ,(#11135,#11136
    )),.UNSPECIFIED.,.F.,.F.,.F.,(2,2),(2,2),(-2.,2.),(-7.5,7.5),
  .PIECEWISE_BEZIER_KNOTS.);
#11133 = CARTESIAN_POINT('',(109.56207935745,106.939422,49.498888872522)
  );
#11134 = CARTESIAN_POINT('',(109.56207935745,106.939422,50.902888872522)
  );
#11135 = CARTESIAN_POINT('',(109.18767935745,106.939422,49.498888872522)
  );
#11136 = CARTESIAN_POINT('',(109.18767935745,106.939422,50.902888872522)
  );
#11137 = MANIFOLD_SOLID_BREP('',#11138);
#11138 = CLOSED_SHELL('',(#11139,#11181,#11211,#11244,#11265,#11277));
#11139 = ADVANCED_FACE('',(#11140),#11174,.T.);
#11140 = FACE_BOUND('',#11141,.T.);
#11141 = EDGE_LOOP('',(#11142,#11152,#11160,#11168));
#11142 = ORIENTED_EDGE('',*,*,#11143,.T.);
#11143 = EDGE_CURVE('',#11144,#11146,#11148,.T.);
#11144 = VERTEX_POINT('',#11145);
#11145 = CARTESIAN_POINT('',(110.19107135745,105.939422,49.931320872522)
  );
#11146 = VERTEX_POINT('',#11147);
#11147 = CARTESIAN_POINT('',(110.19107135745,106.939422,49.931320872522)
  );
#11148 = LINE('',#11149,#11150);
#11149 = CARTESIAN_POINT('',(110.19107135745,105.939422,49.931320872522)
  );
#11150 = VECTOR('',#11151,1.);
#11151 = DIRECTION('',(0.,1.,0.));
#11152 = ORIENTED_EDGE('',*,*,#11153,.T.);
#11153 = EDGE_CURVE('',#11146,#11154,#11156,.T.);
#11154 = VERTEX_POINT('',#11155);
#11155 = CARTESIAN_POINT('',(115.99333535745,106.939422,33.988432872522)
  );
#11156 = ( BOUNDED_CURVE() B_SPLINE_CURVE(2,(#11157,#11158,#11159),
.UNSPECIFIED.,.F.,.F.) B_SPLINE_CURVE_WITH_KNOTS((3,3),(1.658111265526,
3.926994701649),.PIECEWISE_BEZIER_KNOTS.) CURVE() 
GEOMETRIC_REPRESENTATION_ITEM() RATIONAL_B_SPLINE_CURVE((1.,
0.422638468434,1.)) REPRESENTATION_ITEM('') );
#11157 = CARTESIAN_POINT('',(110.19107135745,106.939422,49.931320872522)
  );
#11158 = CARTESIAN_POINT('',(130.18602513969,106.939422,48.181012387587)
  );
#11159 = CARTESIAN_POINT('',(115.99333535745,106.939422,33.988432872522)
  );
#11160 = ORIENTED_EDGE('',*,*,#11161,.F.);
#11161 = EDGE_CURVE('',#11162,#11154,#11164,.T.);
#11162 = VERTEX_POINT('',#11163);
#11163 = CARTESIAN_POINT('',(115.99333535745,105.939422,33.988432872522)
  );
#11164 = LINE('',#11165,#11166);
#11165 = CARTESIAN_POINT('',(115.99333535745,105.939422,33.988432872522)
  );
#11166 = VECTOR('',#11167,1.);
#11167 = DIRECTION('',(0.,1.,0.));
#11168 = ORIENTED_EDGE('',*,*,#11169,.F.);
#11169 = EDGE_CURVE('',#11144,#11162,#11170,.T.);
#11170 = ( BOUNDED_CURVE() B_SPLINE_CURVE(2,(#11171,#11172,#11173),
.UNSPECIFIED.,.F.,.F.) B_SPLINE_CURVE_WITH_KNOTS((3,3),(1.658111265526,
3.926994701649),.PIECEWISE_BEZIER_KNOTS.) CURVE() 
GEOMETRIC_REPRESENTATION_ITEM() RATIONAL_B_SPLINE_CURVE((1.,
0.422638468434,1.)) REPRESENTATION_ITEM('') );
#11171 = CARTESIAN_POINT('',(110.19107135745,105.939422,49.931320872522)
  );
#11172 = CARTESIAN_POINT('',(130.18602513969,105.939422,48.181012387587)
  );
#11173 = CARTESIAN_POINT('',(115.99333535745,105.939422,33.988432872522)
  );
#11174 = SURFACE_OF_LINEAR_EXTRUSION('',#11175,#11179);
#11175 = ( BOUNDED_CURVE() B_SPLINE_CURVE(2,(#11176,#11177,#11178),
.UNSPECIFIED.,.F.,.F.) B_SPLINE_CURVE_WITH_KNOTS((3,3),(1.658111265526,
3.926994701649),.PIECEWISE_BEZIER_KNOTS.) CURVE() 
GEOMETRIC_REPRESENTATION_ITEM() RATIONAL_B_SPLINE_CURVE((1.,
0.422638468434,1.)) REPRESENTATION_ITEM('') );
#11176 = CARTESIAN_POINT('',(110.19107135745,105.939422,49.931320872522)
  );
#11177 = CARTESIAN_POINT('',(130.18602513969,105.939422,48.181012387587)
  );
#11178 = CARTESIAN_POINT('',(115.99333535745,105.939422,33.988432872522)
  );
#11179 = VECTOR('',#11180,1.);
#11180 = DIRECTION('',(-0.,-1.,-0.));
#11181 = ADVANCED_FACE('',(#11182),#11205,.F.);
#11182 = FACE_BOUND('',#11183,.F.);
#11183 = EDGE_LOOP('',(#11184,#11185,#11192,#11200));
#11184 = ORIENTED_EDGE('',*,*,#11143,.T.);
#11185 = ORIENTED_EDGE('',*,*,#11186,.T.);
#11186 = EDGE_CURVE('',#11146,#11187,#11189,.T.);
#11187 = VERTEX_POINT('',#11188);
#11188 = CARTESIAN_POINT('',(110.23131935745,106.939422,50.397448872522)
  );
#11189 = B_SPLINE_CURVE_WITH_KNOTS('',1,(#11190,#11191),.UNSPECIFIED.,
  .F.,.F.,(2,2),(0.,4.998529783846),.PIECEWISE_BEZIER_KNOTS.);
#11190 = CARTESIAN_POINT('',(110.19107135745,106.939422,49.931320872522)
  );
#11191 = CARTESIAN_POINT('',(110.23131935745,106.939422,50.397448872522)
  );
#11192 = ORIENTED_EDGE('',*,*,#11193,.F.);
#11193 = EDGE_CURVE('',#11194,#11187,#11196,.T.);
#11194 = VERTEX_POINT('',#11195);
#11195 = CARTESIAN_POINT('',(110.23131935745,105.939422,50.397448872522)
  );
#11196 = LINE('',#11197,#11198);
#11197 = CARTESIAN_POINT('',(110.23131935745,105.939422,50.397448872522)
  );
#11198 = VECTOR('',#11199,1.);
#11199 = DIRECTION('',(0.,1.,0.));
#11200 = ORIENTED_EDGE('',*,*,#11201,.F.);
#11201 = EDGE_CURVE('',#11144,#11194,#11202,.T.);
#11202 = B_SPLINE_CURVE_WITH_KNOTS('',1,(#11203,#11204),.UNSPECIFIED.,
  .F.,.F.,(2,2),(0.,4.998529783846),.PIECEWISE_BEZIER_KNOTS.);
#11203 = CARTESIAN_POINT('',(110.19107135745,105.939422,49.931320872522)
  );
#11204 = CARTESIAN_POINT('',(110.23131935745,105.939422,50.397448872522)
  );
#11205 = SURFACE_OF_LINEAR_EXTRUSION('',#11206,#11209);
#11206 = B_SPLINE_CURVE_WITH_KNOTS('',1,(#11207,#11208),.UNSPECIFIED.,
  .F.,.F.,(2,2),(0.,4.998529783846),.PIECEWISE_BEZIER_KNOTS.);
#11207 = CARTESIAN_POINT('',(110.19107135745,105.939422,49.931320872522)
  );
#11208 = CARTESIAN_POINT('',(110.23131935745,105.939422,50.397448872522)
  );
#11209 = VECTOR('',#11210,1.);
#11210 = DIRECTION('',(-0.,-1.,-0.));
#11211 = ADVANCED_FACE('',(#11212),#11237,.F.);
#11212 = FACE_BOUND('',#11213,.F.);
#11213 = EDGE_LOOP('',(#11214,#11215,#11223,#11231));
#11214 = ORIENTED_EDGE('',*,*,#11193,.T.);
#11215 = ORIENTED_EDGE('',*,*,#11216,.T.);
#11216 = EDGE_CURVE('',#11187,#11217,#11219,.T.);
#11217 = VERTEX_POINT('',#11218);
#11218 = CARTESIAN_POINT('',(117.64818335745,106.939422,32.333584872522)
  );
#11219 = ( BOUNDED_CURVE() B_SPLINE_CURVE(2,(#11220,#11221,#11222),
.UNSPECIFIED.,.F.,.F.) B_SPLINE_CURVE_WITH_KNOTS((3,3),(1.615736437557,
3.888242337262),.PIECEWISE_BEZIER_KNOTS.) CURVE() 
GEOMETRIC_REPRESENTATION_ITEM() RATIONAL_B_SPLINE_CURVE((1.,
0.420996259677,1.)) REPRESENTATION_ITEM('') );
#11220 = CARTESIAN_POINT('',(110.23131935745,106.939422,50.397448872522)
  );
#11221 = CARTESIAN_POINT('',(133.39960518869,106.939422,49.355562043712)
  );
#11222 = CARTESIAN_POINT('',(117.64818335745,106.939422,32.333584872522)
  );
#11223 = ORIENTED_EDGE('',*,*,#11224,.F.);
#11224 = EDGE_CURVE('',#11225,#11217,#11227,.T.);
#11225 = VERTEX_POINT('',#11226);
#11226 = CARTESIAN_POINT('',(117.64818335745,105.939422,32.333584872522)
  );
#11227 = LINE('',#11228,#11229);
#11228 = CARTESIAN_POINT('',(117.64818335745,105.939422,32.333584872522)
  );
#11229 = VECTOR('',#11230,1.);
#11230 = DIRECTION('',(0.,1.,0.));
#11231 = ORIENTED_EDGE('',*,*,#11232,.F.);
#11232 = EDGE_CURVE('',#11194,#11225,#11233,.T.);
#11233 = ( BOUNDED_CURVE() B_SPLINE_CURVE(2,(#11234,#11235,#11236),
.UNSPECIFIED.,.F.,.F.) B_SPLINE_CURVE_WITH_KNOTS((3,3),(1.615736437557,
3.888242337262),.PIECEWISE_BEZIER_KNOTS.) CURVE() 
GEOMETRIC_REPRESENTATION_ITEM() RATIONAL_B_SPLINE_CURVE((1.,
0.420996259677,1.)) REPRESENTATION_ITEM('') );
#11234 = CARTESIAN_POINT('',(110.23131935745,105.939422,50.397448872522)
  );
#11235 = CARTESIAN_POINT('',(133.39960518869,105.939422,49.355562043712)
  );
#11236 = CARTESIAN_POINT('',(117.64818335745,105.939422,32.333584872522)
  );
#11237 = SURFACE_OF_LINEAR_EXTRUSION('',#11238,#11242);
#11238 = ( BOUNDED_CURVE() B_SPLINE_CURVE(2,(#11239,#11240,#11241),
.UNSPECIFIED.,.F.,.F.) B_SPLINE_CURVE_WITH_KNOTS((3,3),(1.615736437557,
3.888242337262),.PIECEWISE_BEZIER_KNOTS.) CURVE() 
GEOMETRIC_REPRESENTATION_ITEM() RATIONAL_B_SPLINE_CURVE((1.,
0.420996259677,1.)) REPRESENTATION_ITEM('') );
#11239 = CARTESIAN_POINT('',(110.23131935745,105.939422,50.397448872522)
  );
#11240 = CARTESIAN_POINT('',(133.39960518869,105.939422,49.355562043712)
  );
#11241 = CARTESIAN_POINT('',(117.64818335745,105.939422,32.333584872522)
  );
#11242 = VECTOR('',#11243,1.);
#11243 = DIRECTION('',(-0.,-1.,-0.));
#11244 = ADVANCED_FACE('',(#11245),#11259,.F.);
#11245 = FACE_BOUND('',#11246,.F.);
#11246 = EDGE_LOOP('',(#11247,#11248,#11253,#11254));
#11247 = ORIENTED_EDGE('',*,*,#11224,.T.);
#11248 = ORIENTED_EDGE('',*,*,#11249,.T.);
#11249 = EDGE_CURVE('',#11217,#11154,#11250,.T.);
#11250 = B_SPLINE_CURVE_WITH_KNOTS('',1,(#11251,#11252),.UNSPECIFIED.,
  .F.,.F.,(2,2),(0.,25.003295782756),.PIECEWISE_BEZIER_KNOTS.);
#11251 = CARTESIAN_POINT('',(117.64818335745,106.939422,32.333584872522)
  );
#11252 = CARTESIAN_POINT('',(115.99333535745,106.939422,33.988432872522)
  );
#11253 = ORIENTED_EDGE('',*,*,#11161,.F.);
#11254 = ORIENTED_EDGE('',*,*,#11255,.F.);
#11255 = EDGE_CURVE('',#11225,#11162,#11256,.T.);
#11256 = B_SPLINE_CURVE_WITH_KNOTS('',1,(#11257,#11258),.UNSPECIFIED.,
  .F.,.F.,(2,2),(0.,25.003295782756),.PIECEWISE_BEZIER_KNOTS.);
#11257 = CARTESIAN_POINT('',(117.64818335745,105.939422,32.333584872522)
  );
#11258 = CARTESIAN_POINT('',(115.99333535745,105.939422,33.988432872522)
  );
#11259 = SURFACE_OF_LINEAR_EXTRUSION('',#11260,#11263);
#11260 = B_SPLINE_CURVE_WITH_KNOTS('',1,(#11261,#11262),.UNSPECIFIED.,
  .F.,.F.,(2,2),(0.,25.003295782756),.PIECEWISE_BEZIER_KNOTS.);
#11261 = CARTESIAN_POINT('',(117.64818335745,105.939422,32.333584872522)
  );
#11262 = CARTESIAN_POINT('',(115.99333535745,105.939422,33.988432872522)
  );
#11263 = VECTOR('',#11264,1.);
#11264 = DIRECTION('',(-0.,-1.,-0.));
#11265 = ADVANCED_FACE('',(#11266),#11272,.F.);
#11266 = FACE_BOUND('',#11267,.F.);
#11267 = EDGE_LOOP('',(#11268,#11269,#11270,#11271));
#11268 = ORIENTED_EDGE('',*,*,#11169,.F.);
#11269 = ORIENTED_EDGE('',*,*,#11201,.T.);
#11270 = ORIENTED_EDGE('',*,*,#11232,.T.);
#11271 = ORIENTED_EDGE('',*,*,#11255,.T.);
#11272 = B_SPLINE_SURFACE_WITH_KNOTS('',1,1,(
    (#11273,#11274)
    ,(#11275,#11276
    )),.UNSPECIFIED.,.F.,.F.,.F.,(2,2),(2,2),(-41.02050739391,
    69.243119291163),(-108.3752170426,84.614782957389),
  .PIECEWISE_BEZIER_KNOTS.);
#11273 = CARTESIAN_POINT('',(120.51174681517,105.939422,32.333584872522)
  );
#11274 = CARTESIAN_POINT('',(120.51174681517,105.939422,50.397448872522)
  );
#11275 = CARTESIAN_POINT('',(110.19107135745,105.939422,32.333584872522)
  );
#11276 = CARTESIAN_POINT('',(110.19107135745,105.939422,50.397448872522)
  );
#11277 = ADVANCED_FACE('',(#11278),#11284,.T.);
#11278 = FACE_BOUND('',#11279,.T.);
#11279 = EDGE_LOOP('',(#11280,#11281,#11282,#11283));
#11280 = ORIENTED_EDGE('',*,*,#11153,.F.);
#11281 = ORIENTED_EDGE('',*,*,#11186,.T.);
#11282 = ORIENTED_EDGE('',*,*,#11216,.T.);
#11283 = ORIENTED_EDGE('',*,*,#11249,.T.);
#11284 = B_SPLINE_SURFACE_WITH_KNOTS('',1,1,(
    (#11285,#11286)
    ,(#11287,#11288
    )),.UNSPECIFIED.,.F.,.F.,.F.,(2,2),(2,2),(-41.02050739391,
    69.243119291163),(-108.3752170426,84.614782957389),
  .PIECEWISE_BEZIER_KNOTS.);
#11285 = CARTESIAN_POINT('',(120.51174681517,106.939422,32.333584872522)
  );
#11286 = CARTESIAN_POINT('',(120.51174681517,106.939422,50.397448872522)
  );
#11287 = CARTESIAN_POINT('',(110.19107135745,106.939422,32.333584872522)
  );
#11288 = CARTESIAN_POINT('',(110.19107135745,106.939422,50.397448872522)
  );
#11289 = MANIFOLD_SOLID_BREP('',#11290);
#11290 = CLOSED_SHELL('',(#11291,#11333,#11363,#11396,#11417,#11429));
#11291 = ADVANCED_FACE('',(#11292),#11326,.T.);
#11292 = FACE_BOUND('',#11293,.T.);
#11293 = EDGE_LOOP('',(#11294,#11304,#11312,#11320));
#11294 = ORIENTED_EDGE('',*,*,#11295,.T.);
#11295 = EDGE_CURVE('',#11296,#11298,#11300,.T.);
#11296 = VERTEX_POINT('',#11297);
#11297 = CARTESIAN_POINT('',(102.75642335745,105.939422,33.988432872522)
  );
#11298 = VERTEX_POINT('',#11299);
#11299 = CARTESIAN_POINT('',(102.75642335745,106.939422,33.988432872522)
  );
#11300 = LINE('',#11301,#11302);
#11301 = CARTESIAN_POINT('',(102.75642335745,105.939422,33.988432872522)
  );
#11302 = VECTOR('',#11303,1.);
#11303 = DIRECTION('',(0.,1.,0.));
#11304 = ORIENTED_EDGE('',*,*,#11305,.T.);
#11305 = EDGE_CURVE('',#11298,#11306,#11308,.T.);
#11306 = VERTEX_POINT('',#11307);
#11307 = CARTESIAN_POINT('',(108.55868735745,106.939422,49.931320872522)
  );
#11308 = ( BOUNDED_CURVE() B_SPLINE_CURVE(2,(#11309,#11310,#11311),
.UNSPECIFIED.,.F.,.F.) B_SPLINE_CURVE_WITH_KNOTS((3,3),(5.49778325912,
7.766666695243),.PIECEWISE_BEZIER_KNOTS.) CURVE() 
GEOMETRIC_REPRESENTATION_ITEM() RATIONAL_B_SPLINE_CURVE((1.,
0.422638468434,1.)) REPRESENTATION_ITEM('') );
#11309 = CARTESIAN_POINT('',(102.75642335745,106.939422,33.988432872522)
  );
#11310 = CARTESIAN_POINT('',(88.563733575211,106.939422,48.181012387587)
  );
#11311 = CARTESIAN_POINT('',(108.55868735745,106.939422,49.931320872522)
  );
#11312 = ORIENTED_EDGE('',*,*,#11313,.F.);
#11313 = EDGE_CURVE('',#11314,#11306,#11316,.T.);
#11314 = VERTEX_POINT('',#11315);
#11315 = CARTESIAN_POINT('',(108.55868735745,105.939422,49.931320872522)
  );
#11316 = LINE('',#11317,#11318);
#11317 = CARTESIAN_POINT('',(108.55868735745,105.939422,49.931320872522)
  );
#11318 = VECTOR('',#11319,1.);
#11319 = DIRECTION('',(0.,1.,0.));
#11320 = ORIENTED_EDGE('',*,*,#11321,.F.);
#11321 = EDGE_CURVE('',#11296,#11314,#11322,.T.);
#11322 = ( BOUNDED_CURVE() B_SPLINE_CURVE(2,(#11323,#11324,#11325),
.UNSPECIFIED.,.F.,.F.) B_SPLINE_CURVE_WITH_KNOTS((3,3),(5.49778325912,
7.766666695243),.PIECEWISE_BEZIER_KNOTS.) CURVE() 
GEOMETRIC_REPRESENTATION_ITEM() RATIONAL_B_SPLINE_CURVE((1.,
0.422638468434,1.)) REPRESENTATION_ITEM('') );
#11323 = CARTESIAN_POINT('',(102.75642335745,105.939422,33.988432872522)
  );
#11324 = CARTESIAN_POINT('',(88.563733575211,105.939422,48.181012387587)
  );
#11325 = CARTESIAN_POINT('',(108.55868735745,105.939422,49.931320872522)
  );
#11326 = SURFACE_OF_LINEAR_EXTRUSION('',#11327,#11331);
#11327 = ( BOUNDED_CURVE() B_SPLINE_CURVE(2,(#11328,#11329,#11330),
.UNSPECIFIED.,.F.,.F.) B_SPLINE_CURVE_WITH_KNOTS((3,3),(5.49778325912,
7.766666695243),.PIECEWISE_BEZIER_KNOTS.) CURVE() 
GEOMETRIC_REPRESENTATION_ITEM() RATIONAL_B_SPLINE_CURVE((1.,
0.422638468434,1.)) REPRESENTATION_ITEM('') );
#11328 = CARTESIAN_POINT('',(102.75642335745,105.939422,33.988432872522)
  );
#11329 = CARTESIAN_POINT('',(88.563733575211,105.939422,48.181012387587)
  );
#11330 = CARTESIAN_POINT('',(108.55868735745,105.939422,49.931320872522)
  );
#11331 = VECTOR('',#11332,1.);
#11332 = DIRECTION('',(-0.,-1.,-0.));
#11333 = ADVANCED_FACE('',(#11334),#11357,.F.);
#11334 = FACE_BOUND('',#11335,.F.);
#11335 = EDGE_LOOP('',(#11336,#11337,#11344,#11352));
#11336 = ORIENTED_EDGE('',*,*,#11295,.T.);
#11337 = ORIENTED_EDGE('',*,*,#11338,.T.);
#11338 = EDGE_CURVE('',#11298,#11339,#11341,.T.);
#11339 = VERTEX_POINT('',#11340);
#11340 = CARTESIAN_POINT('',(101.10157535745,106.939422,32.333584872522)
  );
#11341 = B_SPLINE_CURVE_WITH_KNOTS('',1,(#11342,#11343),.UNSPECIFIED.,
  .F.,.F.,(2,2),(0.,25.003295782756),.PIECEWISE_BEZIER_KNOTS.);
#11342 = CARTESIAN_POINT('',(102.75642335745,106.939422,33.988432872522)
  );
#11343 = CARTESIAN_POINT('',(101.10157535745,106.939422,32.333584872522)
  );
#11344 = ORIENTED_EDGE('',*,*,#11345,.F.);
#11345 = EDGE_CURVE('',#11346,#11339,#11348,.T.);
#11346 = VERTEX_POINT('',#11347);
#11347 = CARTESIAN_POINT('',(101.10157535745,105.939422,32.333584872522)
  );
#11348 = LINE('',#11349,#11350);
#11349 = CARTESIAN_POINT('',(101.10157535745,105.939422,32.333584872522)
  );
#11350 = VECTOR('',#11351,1.);
#11351 = DIRECTION('',(0.,1.,0.));
#11352 = ORIENTED_EDGE('',*,*,#11353,.F.);
#11353 = EDGE_CURVE('',#11296,#11346,#11354,.T.);
#11354 = B_SPLINE_CURVE_WITH_KNOTS('',1,(#11355,#11356),.UNSPECIFIED.,
  .F.,.F.,(2,2),(0.,25.003295782756),.PIECEWISE_BEZIER_KNOTS.);
#11355 = CARTESIAN_POINT('',(102.75642335745,105.939422,33.988432872522)
  );
#11356 = CARTESIAN_POINT('',(101.10157535745,105.939422,32.333584872522)
  );
#11357 = SURFACE_OF_LINEAR_EXTRUSION('',#11358,#11361);
#11358 = B_SPLINE_CURVE_WITH_KNOTS('',1,(#11359,#11360),.UNSPECIFIED.,
  .F.,.F.,(2,2),(0.,25.003295782756),.PIECEWISE_BEZIER_KNOTS.);
#11359 = CARTESIAN_POINT('',(102.75642335745,105.939422,33.988432872522)
  );
#11360 = CARTESIAN_POINT('',(101.10157535745,105.939422,32.333584872522)
  );
#11361 = VECTOR('',#11362,1.);
#11362 = DIRECTION('',(-0.,-1.,-0.));
#11363 = ADVANCED_FACE('',(#11364),#11389,.F.);
#11364 = FACE_BOUND('',#11365,.F.);
#11365 = EDGE_LOOP('',(#11366,#11367,#11375,#11383));
#11366 = ORIENTED_EDGE('',*,*,#11345,.T.);
#11367 = ORIENTED_EDGE('',*,*,#11368,.T.);
#11368 = EDGE_CURVE('',#11339,#11369,#11371,.T.);
#11369 = VERTEX_POINT('',#11370);
#11370 = CARTESIAN_POINT('',(108.51843935745,106.939422,50.397448872522)
  );
#11371 = ( BOUNDED_CURVE() B_SPLINE_CURVE(2,(#11372,#11373,#11374),
.UNSPECIFIED.,.F.,.F.) B_SPLINE_CURVE_WITH_KNOTS((3,3),(5.536535623507,
7.809041523212),.PIECEWISE_BEZIER_KNOTS.) CURVE() 
GEOMETRIC_REPRESENTATION_ITEM() RATIONAL_B_SPLINE_CURVE((1.,
0.420996259677,1.)) REPRESENTATION_ITEM('') );
#11372 = CARTESIAN_POINT('',(101.10157535745,106.939422,32.333584872522)
  );
#11373 = CARTESIAN_POINT('',(85.350153526204,106.939422,49.355562043712)
  );
#11374 = CARTESIAN_POINT('',(108.51843935745,106.939422,50.397448872522)
  );
#11375 = ORIENTED_EDGE('',*,*,#11376,.F.);
#11376 = EDGE_CURVE('',#11377,#11369,#11379,.T.);
#11377 = VERTEX_POINT('',#11378);
#11378 = CARTESIAN_POINT('',(108.51843935745,105.939422,50.397448872522)
  );
#11379 = LINE('',#11380,#11381);
#11380 = CARTESIAN_POINT('',(108.51843935745,105.939422,50.397448872522)
  );
#11381 = VECTOR('',#11382,1.);
#11382 = DIRECTION('',(0.,1.,0.));
#11383 = ORIENTED_EDGE('',*,*,#11384,.F.);
#11384 = EDGE_CURVE('',#11346,#11377,#11385,.T.);
#11385 = ( BOUNDED_CURVE() B_SPLINE_CURVE(2,(#11386,#11387,#11388),
.UNSPECIFIED.,.F.,.F.) B_SPLINE_CURVE_WITH_KNOTS((3,3),(5.536535623507,
7.809041523212),.PIECEWISE_BEZIER_KNOTS.) CURVE() 
GEOMETRIC_REPRESENTATION_ITEM() RATIONAL_B_SPLINE_CURVE((1.,
0.420996259677,1.)) REPRESENTATION_ITEM('') );
#11386 = CARTESIAN_POINT('',(101.10157535745,105.939422,32.333584872522)
  );
#11387 = CARTESIAN_POINT('',(85.350153526204,105.939422,49.355562043712)
  );
#11388 = CARTESIAN_POINT('',(108.51843935745,105.939422,50.397448872522)
  );
#11389 = SURFACE_OF_LINEAR_EXTRUSION('',#11390,#11394);
#11390 = ( BOUNDED_CURVE() B_SPLINE_CURVE(2,(#11391,#11392,#11393),
.UNSPECIFIED.,.F.,.F.) B_SPLINE_CURVE_WITH_KNOTS((3,3),(5.536535623507,
7.809041523212),.PIECEWISE_BEZIER_KNOTS.) CURVE() 
GEOMETRIC_REPRESENTATION_ITEM() RATIONAL_B_SPLINE_CURVE((1.,
0.420996259677,1.)) REPRESENTATION_ITEM('') );
#11391 = CARTESIAN_POINT('',(101.10157535745,105.939422,32.333584872522)
  );
#11392 = CARTESIAN_POINT('',(85.350153526204,105.939422,49.355562043712)
  );
#11393 = CARTESIAN_POINT('',(108.51843935745,105.939422,50.397448872522)
  );
#11394 = VECTOR('',#11395,1.);
#11395 = DIRECTION('',(-0.,-1.,-0.));
#11396 = ADVANCED_FACE('',(#11397),#11411,.F.);
#11397 = FACE_BOUND('',#11398,.F.);
#11398 = EDGE_LOOP('',(#11399,#11400,#11405,#11406));
#11399 = ORIENTED_EDGE('',*,*,#11376,.T.);
#11400 = ORIENTED_EDGE('',*,*,#11401,.T.);
#11401 = EDGE_CURVE('',#11369,#11306,#11402,.T.);
#11402 = B_SPLINE_CURVE_WITH_KNOTS('',1,(#11403,#11404),.UNSPECIFIED.,
  .F.,.F.,(2,2),(0.,4.998529783846),.PIECEWISE_BEZIER_KNOTS.);
#11403 = CARTESIAN_POINT('',(108.51843935745,106.939422,50.397448872522)
  );
#11404 = CARTESIAN_POINT('',(108.55868735745,106.939422,49.931320872522)
  );
#11405 = ORIENTED_EDGE('',*,*,#11313,.F.);
#11406 = ORIENTED_EDGE('',*,*,#11407,.F.);
#11407 = EDGE_CURVE('',#11377,#11314,#11408,.T.);
#11408 = B_SPLINE_CURVE_WITH_KNOTS('',1,(#11409,#11410),.UNSPECIFIED.,
  .F.,.F.,(2,2),(0.,4.998529783846),.PIECEWISE_BEZIER_KNOTS.);
#11409 = CARTESIAN_POINT('',(108.51843935745,105.939422,50.397448872522)
  );
#11410 = CARTESIAN_POINT('',(108.55868735745,105.939422,49.931320872522)
  );
#11411 = SURFACE_OF_LINEAR_EXTRUSION('',#11412,#11415);
#11412 = B_SPLINE_CURVE_WITH_KNOTS('',1,(#11413,#11414),.UNSPECIFIED.,
  .F.,.F.,(2,2),(0.,4.998529783846),.PIECEWISE_BEZIER_KNOTS.);
#11413 = CARTESIAN_POINT('',(108.51843935745,105.939422,50.397448872522)
  );
#11414 = CARTESIAN_POINT('',(108.55868735745,105.939422,49.931320872522)
  );
#11415 = VECTOR('',#11416,1.);
#11416 = DIRECTION('',(-0.,-1.,-0.));
#11417 = ADVANCED_FACE('',(#11418),#11424,.F.);
#11418 = FACE_BOUND('',#11419,.F.);
#11419 = EDGE_LOOP('',(#11420,#11421,#11422,#11423));
#11420 = ORIENTED_EDGE('',*,*,#11321,.F.);
#11421 = ORIENTED_EDGE('',*,*,#11353,.T.);
#11422 = ORIENTED_EDGE('',*,*,#11384,.T.);
#11423 = ORIENTED_EDGE('',*,*,#11407,.T.);
#11424 = B_SPLINE_SURFACE_WITH_KNOTS('',1,1,(
    (#11425,#11426)
    ,(#11427,#11428
    )),.UNSPECIFIED.,.F.,.F.,.F.,(2,2),(2,2),(-69.24311929116,
    41.020507393917),(-108.3752170426,84.614782957389),
  .PIECEWISE_BEZIER_KNOTS.);
#11425 = CARTESIAN_POINT('',(108.55868735745,105.939422,32.333584872522)
  );
#11426 = CARTESIAN_POINT('',(108.55868735745,105.939422,50.397448872522)
  );
#11427 = CARTESIAN_POINT('',(98.238011899728,105.939422,32.333584872522)
  );
#11428 = CARTESIAN_POINT('',(98.238011899728,105.939422,50.397448872522)
  );
#11429 = ADVANCED_FACE('',(#11430),#11436,.T.);
#11430 = FACE_BOUND('',#11431,.T.);
#11431 = EDGE_LOOP('',(#11432,#11433,#11434,#11435));
#11432 = ORIENTED_EDGE('',*,*,#11305,.F.);
#11433 = ORIENTED_EDGE('',*,*,#11338,.T.);
#11434 = ORIENTED_EDGE('',*,*,#11368,.T.);
#11435 = ORIENTED_EDGE('',*,*,#11401,.T.);
#11436 = B_SPLINE_SURFACE_WITH_KNOTS('',1,1,(
    (#11437,#11438)
    ,(#11439,#11440
    )),.UNSPECIFIED.,.F.,.F.,.F.,(2,2),(2,2),(-69.24311929116,
    41.020507393917),(-108.3752170426,84.614782957389),
  .PIECEWISE_BEZIER_KNOTS.);
#11437 = CARTESIAN_POINT('',(108.55868735745,106.939422,32.333584872522)
  );
#11438 = CARTESIAN_POINT('',(108.55868735745,106.939422,50.397448872522)
  );
#11439 = CARTESIAN_POINT('',(98.238011899728,106.939422,32.333584872522)
  );
#11440 = CARTESIAN_POINT('',(98.238011899728,106.939422,50.397448872522)
  );
#11441 = ( GEOMETRIC_REPRESENTATION_CONTEXT(3) 
GLOBAL_UNCERTAINTY_ASSIGNED_CONTEXT((#11445)) 
GLOBAL_UNIT_ASSIGNED_CONTEXT((#11442,#11443,#11444)) 
REPRESENTATION_CONTEXT('Context #1',
  '3D Context with UNIT and UNCERTAINTY') );
#11442 = ( LENGTH_UNIT() NAMED_UNIT(*) SI_UNIT(.MILLI.,.METRE.) );
#11443 = ( NAMED_UNIT(*) PLANE_ANGLE_UNIT() SI_UNIT($,.RADIAN.) );
#11444 = ( NAMED_UNIT(*) SI_UNIT($,.STERADIAN.) SOLID_ANGLE_UNIT() );
#11445 = UNCERTAINTY_MEASURE_WITH_UNIT(LENGTH_MEASURE(1.E-07),#11442,
  'distance_accuracy_value','confusion accuracy');
#11446 = CONTEXT_DEPENDENT_SHAPE_REPRESENTATION(#11447,#11449);
#11447 = ( REPRESENTATION_RELATIONSHIP('','',#537,#10) 
REPRESENTATION_RELATIONSHIP_WITH_TRANSFORMATION(#11448) 
SHAPE_REPRESENTATION_RELATIONSHIP() );
#11448 = ITEM_DEFINED_TRANSFORMATION('','',#11,#19);
#11449 = PRODUCT_DEFINITION_SHAPE('Placement','Placement of an item',
  #11450);
#11450 = NEXT_ASSEMBLY_USAGE_OCCURRENCE('6','LabelText','',#5,#532,$);
#11451 = PRODUCT_RELATED_PRODUCT_CATEGORY('part',$,(#534));
#11452 = MECHANICAL_DESIGN_GEOMETRIC_PRESENTATION_REPRESENTATION('',(
    #11453,#11464,#11473,#11482,#11491,#11500,#11509,#11518,#11527,
    #11536,#11545,#11554,#11563,#11572,#11581,#11590,#11599,#11608,
    #11617,#11626,#11635),#11441);
#11453 = STYLED_ITEM('color',(#11454),#538);
#11454 = PRESENTATION_STYLE_ASSIGNMENT((#11455,#11461));
#11455 = SURFACE_STYLE_USAGE(.BOTH.,#11456);
#11456 = SURFACE_SIDE_STYLE('',(#11457));
#11457 = SURFACE_STYLE_FILL_AREA(#11458);
#11458 = FILL_AREA_STYLE('',(#11459));
#11459 = FILL_AREA_STYLE_COLOUR('',#11460);
#11460 = COLOUR_RGB('',0.800000010877,0.800000010877,0.901960800373);
#11461 = CURVE_STYLE('',#11462,POSITIVE_LENGTH_MEASURE(0.1),#11463);
#11462 = DRAUGHTING_PRE_DEFINED_CURVE_FONT('continuous');
#11463 = COLOUR_RGB('',9.803921802644E-02,9.803921802644E-02,
  9.803921802644E-02);
#11464 = STYLED_ITEM('color',(#11465),#1480);
#11465 = PRESENTATION_STYLE_ASSIGNMENT((#11466,#11471));
#11466 = SURFACE_STYLE_USAGE(.BOTH.,#11467);
#11467 = SURFACE_SIDE_STYLE('',(#11468));
#11468 = SURFACE_STYLE_FILL_AREA(#11469);
#11469 = FILL_AREA_STYLE('',(#11470));
#11470 = FILL_AREA_STYLE_COLOUR('',#11460);
#11471 = CURVE_STYLE('',#11472,POSITIVE_LENGTH_MEASURE(0.1),#11463);
#11472 = DRAUGHTING_PRE_DEFINED_CURVE_FONT('continuous');
#11473 = STYLED_ITEM('color',(#11474),#1854);
#11474 = PRESENTATION_STYLE_ASSIGNMENT((#11475,#11480));
#11475 = SURFACE_STYLE_USAGE(.BOTH.,#11476);
#11476 = SURFACE_SIDE_STYLE('',(#11477));
#11477 = SURFACE_STYLE_FILL_AREA(#11478);
#11478 = FILL_AREA_STYLE('',(#11479));
#11479 = FILL_AREA_STYLE_COLOUR('',#11460);
#11480 = CURVE_STYLE('',#11481,POSITIVE_LENGTH_MEASURE(0.1),#11463);
#11481 = DRAUGHTING_PRE_DEFINED_CURVE_FONT('continuous');
#11482 = STYLED_ITEM('color',(#11483),#2256);
#11483 = PRESENTATION_STYLE_ASSIGNMENT((#11484,#11489));
#11484 = SURFACE_STYLE_USAGE(.BOTH.,#11485);
#11485 = SURFACE_SIDE_STYLE('',(#11486));
#11486 = SURFACE_STYLE_FILL_AREA(#11487);
#11487 = FILL_AREA_STYLE('',(#11488));
#11488 = FILL_AREA_STYLE_COLOUR('',#11460);
#11489 = CURVE_STYLE('',#11490,POSITIVE_LENGTH_MEASURE(0.1),#11463);
#11490 = DRAUGHTING_PRE_DEFINED_CURVE_FONT('continuous');
#11491 = STYLED_ITEM('color',(#11492),#2594);
#11492 = PRESENTATION_STYLE_ASSIGNMENT((#11493,#11498));
#11493 = SURFACE_STYLE_USAGE(.BOTH.,#11494);
#11494 = SURFACE_SIDE_STYLE('',(#11495));
#11495 = SURFACE_STYLE_FILL_AREA(#11496);
#11496 = FILL_AREA_STYLE('',(#11497));
#11497 = FILL_AREA_STYLE_COLOUR('',#11460);
#11498 = CURVE_STYLE('',#11499,POSITIVE_LENGTH_MEASURE(0.1),#11463);
#11499 = DRAUGHTING_PRE_DEFINED_CURVE_FONT('continuous');
#11500 = STYLED_ITEM('color',(#11501),#2831);
#11501 = PRESENTATION_STYLE_ASSIGNMENT((#11502,#11507));
#11502 = SURFACE_STYLE_USAGE(.BOTH.,#11503);
#11503 = SURFACE_SIDE_STYLE('',(#11504));
#11504 = SURFACE_STYLE_FILL_AREA(#11505);
#11505 = FILL_AREA_STYLE('',(#11506));
#11506 = FILL_AREA_STYLE_COLOUR('',#11460);
#11507 = CURVE_STYLE('',#11508,POSITIVE_LENGTH_MEASURE(0.1),#11463);
#11508 = DRAUGHTING_PRE_DEFINED_CURVE_FONT('continuous');
#11509 = STYLED_ITEM('color',(#11510),#3105);
#11510 = PRESENTATION_STYLE_ASSIGNMENT((#11511,#11516));
#11511 = SURFACE_STYLE_USAGE(.BOTH.,#11512);
#11512 = SURFACE_SIDE_STYLE('',(#11513));
#11513 = SURFACE_STYLE_FILL_AREA(#11514);
#11514 = FILL_AREA_STYLE('',(#11515));
#11515 = FILL_AREA_STYLE_COLOUR('',#11460);
#11516 = CURVE_STYLE('',#11517,POSITIVE_LENGTH_MEASURE(0.1),#11463);
#11517 = DRAUGHTING_PRE_DEFINED_CURVE_FONT('continuous');
#11518 = STYLED_ITEM('color',(#11519),#3969);
#11519 = PRESENTATION_STYLE_ASSIGNMENT((#11520,#11525));
#11520 = SURFACE_STYLE_USAGE(.BOTH.,#11521);
#11521 = SURFACE_SIDE_STYLE('',(#11522));
#11522 = SURFACE_STYLE_FILL_AREA(#11523);
#11523 = FILL_AREA_STYLE('',(#11524));
#11524 = FILL_AREA_STYLE_COLOUR('',#11460);
#11525 = CURVE_STYLE('',#11526,POSITIVE_LENGTH_MEASURE(0.1),#11463);
#11526 = DRAUGHTING_PRE_DEFINED_CURVE_FONT('continuous');
#11527 = STYLED_ITEM('color',(#11528),#4371);
#11528 = PRESENTATION_STYLE_ASSIGNMENT((#11529,#11534));
#11529 = SURFACE_STYLE_USAGE(.BOTH.,#11530);
#11530 = SURFACE_SIDE_STYLE('',(#11531));
#11531 = SURFACE_STYLE_FILL_AREA(#11532);
#11532 = FILL_AREA_STYLE('',(#11533));
#11533 = FILL_AREA_STYLE_COLOUR('',#11460);
#11534 = CURVE_STYLE('',#11535,POSITIVE_LENGTH_MEASURE(0.1),#11463);
#11535 = DRAUGHTING_PRE_DEFINED_CURVE_FONT('continuous');
#11536 = STYLED_ITEM('color',(#11537),#5697);
#11537 = PRESENTATION_STYLE_ASSIGNMENT((#11538,#11543));
#11538 = SURFACE_STYLE_USAGE(.BOTH.,#11539);
#11539 = SURFACE_SIDE_STYLE('',(#11540));
#11540 = SURFACE_STYLE_FILL_AREA(#11541);
#11541 = FILL_AREA_STYLE('',(#11542));
#11542 = FILL_AREA_STYLE_COLOUR('',#11460);
#11543 = CURVE_STYLE('',#11544,POSITIVE_LENGTH_MEASURE(0.1),#11463);
#11544 = DRAUGHTING_PRE_DEFINED_CURVE_FONT('continuous');
#11545 = STYLED_ITEM('color',(#11546),#5907);
#11546 = PRESENTATION_STYLE_ASSIGNMENT((#11547,#11552));
#11547 = SURFACE_STYLE_USAGE(.BOTH.,#11548);
#11548 = SURFACE_SIDE_STYLE('',(#11549));
#11549 = SURFACE_STYLE_FILL_AREA(#11550);
#11550 = FILL_AREA_STYLE('',(#11551));
#11551 = FILL_AREA_STYLE_COLOUR('',#11460);
#11552 = CURVE_STYLE('',#11553,POSITIVE_LENGTH_MEASURE(0.1),#11463);
#11553 = DRAUGHTING_PRE_DEFINED_CURVE_FONT('continuous');
#11554 = STYLED_ITEM('color',(#11555),#6309);
#11555 = PRESENTATION_STYLE_ASSIGNMENT((#11556,#11561));
#11556 = SURFACE_STYLE_USAGE(.BOTH.,#11557);
#11557 = SURFACE_SIDE_STYLE('',(#11558));
#11558 = SURFACE_STYLE_FILL_AREA(#11559);
#11559 = FILL_AREA_STYLE('',(#11560));
#11560 = FILL_AREA_STYLE_COLOUR('',#11460);
#11561 = CURVE_STYLE('',#11562,POSITIVE_LENGTH_MEASURE(0.1),#11463);
#11562 = DRAUGHTING_PRE_DEFINED_CURVE_FONT('continuous');
#11563 = STYLED_ITEM('color',(#11564),#6455);
#11564 = PRESENTATION_STYLE_ASSIGNMENT((#11565,#11570));
#11565 = SURFACE_STYLE_USAGE(.BOTH.,#11566);
#11566 = SURFACE_SIDE_STYLE('',(#11567));
#11567 = SURFACE_STYLE_FILL_AREA(#11568);
#11568 = FILL_AREA_STYLE('',(#11569));
#11569 = FILL_AREA_STYLE_COLOUR('',#11460);
#11570 = CURVE_STYLE('',#11571,POSITIVE_LENGTH_MEASURE(0.1),#11463);
#11571 = DRAUGHTING_PRE_DEFINED_CURVE_FONT('continuous');
#11572 = STYLED_ITEM('color',(#11573),#6607);
#11573 = PRESENTATION_STYLE_ASSIGNMENT((#11574,#11579));
#11574 = SURFACE_STYLE_USAGE(.BOTH.,#11575);
#11575 = SURFACE_SIDE_STYLE('',(#11576));
#11576 = SURFACE_STYLE_FILL_AREA(#11577);
#11577 = FILL_AREA_STYLE('',(#11578));
#11578 = FILL_AREA_STYLE_COLOUR('',#11460);
#11579 = CURVE_STYLE('',#11580,POSITIVE_LENGTH_MEASURE(0.1),#11463);
#11580 = DRAUGHTING_PRE_DEFINED_CURVE_FONT('continuous');
#11581 = STYLED_ITEM('color',(#11582),#6759);
#11582 = PRESENTATION_STYLE_ASSIGNMENT((#11583,#11588));
#11583 = SURFACE_STYLE_USAGE(.BOTH.,#11584);
#11584 = SURFACE_SIDE_STYLE('',(#11585));
#11585 = SURFACE_STYLE_FILL_AREA(#11586);
#11586 = FILL_AREA_STYLE('',(#11587));
#11587 = FILL_AREA_STYLE_COLOUR('',#11460);
#11588 = CURVE_STYLE('',#11589,POSITIVE_LENGTH_MEASURE(0.1),#11463);
#11589 = DRAUGHTING_PRE_DEFINED_CURVE_FONT('continuous');
#11590 = STYLED_ITEM('color',(#11591),#8085);
#11591 = PRESENTATION_STYLE_ASSIGNMENT((#11592,#11597));
#11592 = SURFACE_STYLE_USAGE(.BOTH.,#11593);
#11593 = SURFACE_SIDE_STYLE('',(#11594));
#11594 = SURFACE_STYLE_FILL_AREA(#11595);
#11595 = FILL_AREA_STYLE('',(#11596));
#11596 = FILL_AREA_STYLE_COLOUR('',#11460);
#11597 = CURVE_STYLE('',#11598,POSITIVE_LENGTH_MEASURE(0.1),#11463);
#11598 = DRAUGHTING_PRE_DEFINED_CURVE_FONT('continuous');
#11599 = STYLED_ITEM('color',(#11600),#8459);
#11600 = PRESENTATION_STYLE_ASSIGNMENT((#11601,#11606));
#11601 = SURFACE_STYLE_USAGE(.BOTH.,#11602);
#11602 = SURFACE_SIDE_STYLE('',(#11603));
#11603 = SURFACE_STYLE_FILL_AREA(#11604);
#11604 = FILL_AREA_STYLE('',(#11605));
#11605 = FILL_AREA_STYLE_COLOUR('',#11460);
#11606 = CURVE_STYLE('',#11607,POSITIVE_LENGTH_MEASURE(0.1),#11463);
#11607 = DRAUGHTING_PRE_DEFINED_CURVE_FONT('continuous');
#11608 = STYLED_ITEM('color',(#11609),#9725);
#11609 = PRESENTATION_STYLE_ASSIGNMENT((#11610,#11615));
#11610 = SURFACE_STYLE_USAGE(.BOTH.,#11611);
#11611 = SURFACE_SIDE_STYLE('',(#11612));
#11612 = SURFACE_STYLE_FILL_AREA(#11613);
#11613 = FILL_AREA_STYLE('',(#11614));
#11614 = FILL_AREA_STYLE_COLOUR('',#11460);
#11615 = CURVE_STYLE('',#11616,POSITIVE_LENGTH_MEASURE(0.1),#11463);
#11616 = DRAUGHTING_PRE_DEFINED_CURVE_FONT('continuous');
#11617 = STYLED_ITEM('color',(#11618),#10991);
#11618 = PRESENTATION_STYLE_ASSIGNMENT((#11619,#11624));
#11619 = SURFACE_STYLE_USAGE(.BOTH.,#11620);
#11620 = SURFACE_SIDE_STYLE('',(#11621));
#11621 = SURFACE_STYLE_FILL_AREA(#11622);
#11622 = FILL_AREA_STYLE('',(#11623));
#11623 = FILL_AREA_STYLE_COLOUR('',#11460);
#11624 = CURVE_STYLE('',#11625,POSITIVE_LENGTH_MEASURE(0.1),#11463);
#11625 = DRAUGHTING_PRE_DEFINED_CURVE_FONT('continuous');
#11626 = STYLED_ITEM('color',(#11627),#11137);
#11627 = PRESENTATION_STYLE_ASSIGNMENT((#11628,#11633));
#11628 = SURFACE_STYLE_USAGE(.BOTH.,#11629);
#11629 = SURFACE_SIDE_STYLE('',(#11630));
#11630 = SURFACE_STYLE_FILL_AREA(#11631);
#11631 = FILL_AREA_STYLE('',(#11632));
#11632 = FILL_AREA_STYLE_COLOUR('',#11460);
#11633 = CURVE_STYLE('',#11634,POSITIVE_LENGTH_MEASURE(0.1),#11463);
#11634 = DRAUGHTING_PRE_DEFINED_CURVE_FONT('continuous');
#11635 = STYLED_ITEM('color',(#11636),#11289);
#11636 = PRESENTATION_STYLE_ASSIGNMENT((#11637,#11642));
#11637 = SURFACE_STYLE_USAGE(.BOTH.,#11638);
#11638 = SURFACE_SIDE_STYLE('',(#11639));
#11639 = SURFACE_STYLE_FILL_AREA(#11640);
#11640 = FILL_AREA_STYLE('',(#11641));
#11641 = FILL_AREA_STYLE_COLOUR('',#11460);
#11642 = CURVE_STYLE('',#11643,POSITIVE_LENGTH_MEASURE(0.1),#11463);
#11643 = DRAUGHTING_PRE_DEFINED_CURVE_FONT('continuous');
#11644 = MECHANICAL_DESIGN_GEOMETRIC_PRESENTATION_REPRESENTATION('',(
    #11645),#519);
#11645 = STYLED_ITEM('color',(#11646),#37);
#11646 = PRESENTATION_STYLE_ASSIGNMENT((#11647,#11652));
#11647 = SURFACE_STYLE_USAGE(.BOTH.,#11648);
#11648 = SURFACE_SIDE_STYLE('',(#11649));
#11649 = SURFACE_STYLE_FILL_AREA(#11650);
#11650 = FILL_AREA_STYLE('',(#11651));
#11651 = FILL_AREA_STYLE_COLOUR('',#11460);
#11652 = CURVE_STYLE('',#11653,POSITIVE_LENGTH_MEASURE(0.1),#11463);
#11653 = DRAUGHTING_PRE_DEFINED_CURVE_FONT('continuous');
ENDSEC;
END-ISO-10303-21;
