ISO-10303-21;
HEADER;
FILE_DESCRIPTION(('FreeCAD Model'),'2;1');
FILE_NAME('Open CASCADE Shape Model','2026-08-18T19:41:24',('Author'),(
    ''),'Open CASCADE STEP processor 7.8','FreeCAD','Unknown');
FILE_SCHEMA(('AUTOMOTIVE_DESIGN { 1 0 10303 214 1 1 1 1 }'));
ENDSEC;
DATA;
#1 = APPLICATION_PROTOCOL_DEFINITION('international standard',
  'automotive_design',2000,#2);
#2 = APPLICATION_CONTEXT(
  'core data for automotive mechanical design processes');
#3 = SHAPE_DEFINITION_REPRESENTATION(#4,#10);
#4 = PRODUCT_DEFINITION_SHAPE('','',#5);
#5 = PRODUCT_DEFINITION('design','',#6,#9);
#6 = PRODUCT_DEFINITION_FORMATION('','',#7);
#7 = PRODUCT('EnclosureBody','EnclosureBody','',(#8));
#8 = PRODUCT_CONTEXT('',#2,'mechanical');
#9 = PRODUCT_DEFINITION_CONTEXT('part definition',#2,'design');
#10 = ADVANCED_BREP_SHAPE_REPRESENTATION('',(#11,#15),#5861);
#11 = AXIS2_PLACEMENT_3D('',#12,#13,#14);
#12 = CARTESIAN_POINT('',(0.,0.,0.));
#13 = DIRECTION('',(0.,0.,1.));
#14 = DIRECTION('',(1.,0.,-0.));
#15 = MANIFOLD_SOLID_BREP('',#16);
#16 = CLOSED_SHELL('',(#17,#454,#896,#920,#1053,#1077,#1107,#1147,#1308,
    #1332,#1514,#1538,#1578,#1618,#1642,#1732,#1749,#1780,#1804,#1829,
    #1846,#2030,#2048,#2088,#2112,#2136,#2160,#2184,#2208,#2232,#2258,
    #2289,#2329,#2353,#2370,#2401,#2425,#2449,#2466,#2497,#2521,#2545,
    #2562,#2593,#2633,#2657,#2674,#2698,#2715,#2732,#2756,#2773,#2805,
    #2822,#2846,#2863,#2895,#2907,#2932,#2956,#2980,#3005,#3022,#3055,
    #3079,#3104,#3141,#3174,#3191,#3213,#3230,#3247,#3264,#3281,#3298,
    #3315,#3327,#3348,#3379,#3411,#3443,#3467,#3492,#3525,#3549,#3567,
    #3591,#3615,#3711,#3729,#3785,#3797,#3822,#3853,#3877,#3901,#3918,
    #3930,#3946,#3957,#3969,#3986,#4003,#4020,#4037,#4049,#4073,#4090,
    #4113,#4130,#4234,#4251,#4263,#4275,#4292,#4309,#4334,#4359,#4390,
    #4414,#4438,#4456,#4481,#4512,#4536,#4560,#4578,#4609,#4633,#4657,
    #4675,#4699,#4727,#4744,#4756,#4780,#4815,#4832,#4844,#4875,#4899,
    #4923,#4940,#4971,#4995,#5019,#5036,#5060,#5095,#5112,#5124,#5142,
    #5156,#5173,#5193,#5205,#5230,#5254,#5275,#5287,#5318,#5342,#5366,
    #5383,#5414,#5439,#5464,#5488,#5512,#5537,#5562,#5579,#5622,#5647,
    #5670,#5693,#5718,#5741,#5750,#5775,#5800,#5809,#5834,#5843,#5852));
#17 = ADVANCED_FACE('',(#18,#231,#313,#347,#381,#415),#449,.T.);
#18 = FACE_BOUND('',#19,.T.);
#19 = EDGE_LOOP('',(#20,#30,#38,#46,#54,#62,#70,#78,#86,#94,#102,#110,
    #119,#127,#136,#144,#152,#160,#168,#176,#184,#192,#200,#208,#216,
    #225));
#20 = ORIENTED_EDGE('',*,*,#21,.T.);
#21 = EDGE_CURVE('',#22,#24,#26,.T.);
#22 = VERTEX_POINT('',#23);
#23 = CARTESIAN_POINT('',(185.88238567811,-8.060578,29.));
#24 = VERTEX_POINT('',#25);
#25 = CARTESIAN_POINT('',(185.88238567811,67.281051952411,29.));
#26 = LINE('',#27,#28);
#27 = CARTESIAN_POINT('',(185.88238567811,-8.060578,29.));
#28 = VECTOR('',#29,1.);
#29 = DIRECTION('',(0.,1.,0.));
#30 = ORIENTED_EDGE('',*,*,#31,.T.);
#31 = EDGE_CURVE('',#24,#32,#34,.T.);
#32 = VERTEX_POINT('',#33);
#33 = CARTESIAN_POINT('',(143.38238567811,67.281051952411,29.));
#34 = LINE('',#35,#36);
#35 = CARTESIAN_POINT('',(185.88238567811,67.281051952411,29.));
#36 = VECTOR('',#37,1.);
#37 = DIRECTION('',(-1.,0.,0.));
#38 = ORIENTED_EDGE('',*,*,#39,.T.);
#39 = EDGE_CURVE('',#32,#40,#42,.T.);
#40 = VERTEX_POINT('',#41);
#41 = CARTESIAN_POINT('',(143.38238567811,74.78105195239,29.));
#42 = LINE('',#43,#44);
#43 = CARTESIAN_POINT('',(143.38238567811,69.781051952411,29.));
#44 = VECTOR('',#45,1.);
#45 = DIRECTION('',(0.,1.,7.1E-16));
#46 = ORIENTED_EDGE('',*,*,#47,.F.);
#47 = EDGE_CURVE('',#48,#40,#50,.T.);
#48 = VERTEX_POINT('',#49);
#49 = CARTESIAN_POINT('',(145.88238567811,74.78105195239,29.));
#50 = LINE('',#51,#52);
#51 = CARTESIAN_POINT('',(154.19502849936,74.78105195239,29.));
#52 = VECTOR('',#53,1.);
#53 = DIRECTION('',(-1.,0.,0.));
#54 = ORIENTED_EDGE('',*,*,#55,.F.);
#55 = EDGE_CURVE('',#56,#48,#58,.T.);
#56 = VERTEX_POINT('',#57);
#57 = CARTESIAN_POINT('',(187.88238567811,74.78105195239,29.));
#58 = LINE('',#59,#60);
#59 = CARTESIAN_POINT('',(185.88238567811,74.78105195239,29.));
#60 = VECTOR('',#61,1.);
#61 = DIRECTION('',(-1.,0.,0.));
#62 = ORIENTED_EDGE('',*,*,#63,.T.);
#63 = EDGE_CURVE('',#56,#64,#66,.T.);
#64 = VERTEX_POINT('',#65);
#65 = CARTESIAN_POINT('',(187.88238567811,80.253425035211,29.));
#66 = LINE('',#67,#68);
#67 = CARTESIAN_POINT('',(187.88238567811,74.78105195239,29.));
#68 = VECTOR('',#69,1.);
#69 = DIRECTION('',(0.,1.,0.));
#70 = ORIENTED_EDGE('',*,*,#71,.T.);
#71 = EDGE_CURVE('',#64,#72,#74,.T.);
#72 = VERTEX_POINT('',#73);
#73 = CARTESIAN_POINT('',(145.88238567811,80.253425035211,29.));
#74 = LINE('',#75,#76);
#75 = CARTESIAN_POINT('',(187.88238567811,80.253425035211,29.));
#76 = VECTOR('',#77,1.);
#77 = DIRECTION('',(-1.,-0.,-0.));
#78 = ORIENTED_EDGE('',*,*,#79,.T.);
#79 = EDGE_CURVE('',#72,#80,#82,.T.);
#80 = VERTEX_POINT('',#81);
#81 = CARTESIAN_POINT('',(143.08238567811,80.253425035211,29.));
#82 = LINE('',#83,#84);
#83 = CARTESIAN_POINT('',(154.19502849935,80.253425035211,29.));
#84 = VECTOR('',#85,1.);
#85 = DIRECTION('',(-1.,0.,0.));
#86 = ORIENTED_EDGE('',*,*,#87,.T.);
#87 = EDGE_CURVE('',#80,#88,#90,.T.);
#88 = VERTEX_POINT('',#89);
#89 = CARTESIAN_POINT('',(143.08238567811,88.053425035211,29.));
#90 = LINE('',#91,#92);
#91 = CARTESIAN_POINT('',(143.08238567811,80.253425035211,29.));
#92 = VECTOR('',#93,1.);
#93 = DIRECTION('',(0.,1.,7.1E-16));
#94 = ORIENTED_EDGE('',*,*,#95,.F.);
#95 = EDGE_CURVE('',#96,#88,#98,.T.);
#96 = VERTEX_POINT('',#97);
#97 = CARTESIAN_POINT('',(185.88238567811,88.053425035211,29.));
#98 = LINE('',#99,#100);
#99 = CARTESIAN_POINT('',(185.88238567811,88.053425035211,29.));
#100 = VECTOR('',#101,1.);
#101 = DIRECTION('',(-1.,0.,0.));
#102 = ORIENTED_EDGE('',*,*,#103,.T.);
#103 = EDGE_CURVE('',#96,#104,#106,.T.);
#104 = VERTEX_POINT('',#105);
#105 = CARTESIAN_POINT('',(185.88238567811,102.739422,29.));
#106 = LINE('',#107,#108);
#107 = CARTESIAN_POINT('',(185.88238567811,-8.060578,29.));
#108 = VECTOR('',#109,1.);
#109 = DIRECTION('',(0.,1.,0.));
#110 = ORIENTED_EDGE('',*,*,#111,.T.);
#111 = EDGE_CURVE('',#104,#112,#114,.T.);
#112 = VERTEX_POINT('',#113);
#113 = CARTESIAN_POINT('',(185.68238567811,102.939422,29.));
#114 = CIRCLE('',#115,0.2);
#115 = AXIS2_PLACEMENT_3D('',#116,#117,#118);
#116 = CARTESIAN_POINT('',(185.68238567811,102.739422,29.));
#117 = DIRECTION('',(-0.,0.,1.));
#118 = DIRECTION('',(0.,-1.,0.));
#119 = ORIENTED_EDGE('',*,*,#120,.T.);
#120 = EDGE_CURVE('',#112,#121,#123,.T.);
#121 = VERTEX_POINT('',#122);
#122 = CARTESIAN_POINT('',(80.082385678119,102.939422,29.));
#123 = LINE('',#124,#125);
#124 = CARTESIAN_POINT('',(185.88238567811,102.939422,29.));
#125 = VECTOR('',#126,1.);
#126 = DIRECTION('',(-1.,0.,0.));
#127 = ORIENTED_EDGE('',*,*,#128,.T.);
#128 = EDGE_CURVE('',#121,#129,#131,.T.);
#129 = VERTEX_POINT('',#130);
#130 = CARTESIAN_POINT('',(79.882385678119,102.739422,29.));
#131 = CIRCLE('',#132,0.2);
#132 = AXIS2_PLACEMENT_3D('',#133,#134,#135);
#133 = CARTESIAN_POINT('',(80.082385678119,102.739422,29.));
#134 = DIRECTION('',(-0.,0.,1.));
#135 = DIRECTION('',(0.,-1.,0.));
#136 = ORIENTED_EDGE('',*,*,#137,.T.);
#137 = EDGE_CURVE('',#129,#138,#140,.T.);
#138 = VERTEX_POINT('',#139);
#139 = CARTESIAN_POINT('',(79.882385678119,12.984924643091,29.));
#140 = LINE('',#141,#142);
#141 = CARTESIAN_POINT('',(79.882385678119,102.939422,29.));
#142 = VECTOR('',#143,1.);
#143 = DIRECTION('',(0.,-1.,0.));
#144 = ORIENTED_EDGE('',*,*,#145,.T.);
#145 = EDGE_CURVE('',#138,#146,#148,.T.);
#146 = VERTEX_POINT('',#147);
#147 = CARTESIAN_POINT('',(129.88238567811,12.984924643091,29.));
#148 = LINE('',#149,#150);
#149 = CARTESIAN_POINT('',(110.43598680503,12.984924643091,29.));
#150 = VECTOR('',#151,1.);
#151 = DIRECTION('',(1.,0.,0.));
#152 = ORIENTED_EDGE('',*,*,#153,.F.);
#153 = EDGE_CURVE('',#154,#146,#156,.T.);
#154 = VERTEX_POINT('',#155);
#155 = CARTESIAN_POINT('',(129.88238567811,8.288741961975,29.));
#156 = LINE('',#157,#158);
#157 = CARTESIAN_POINT('',(129.88238567811,30.5212225929,29.));
#158 = VECTOR('',#159,1.);
#159 = DIRECTION('',(0.,1.,0.));
#160 = ORIENTED_EDGE('',*,*,#161,.T.);
#161 = EDGE_CURVE('',#154,#162,#164,.T.);
#162 = VERTEX_POINT('',#163);
#163 = CARTESIAN_POINT('',(77.882385678119,8.288741961975,29.));
#164 = LINE('',#165,#166);
#165 = CARTESIAN_POINT('',(110.43598680503,8.288741961975,29.));
#166 = VECTOR('',#167,1.);
#167 = DIRECTION('',(-1.,0.,0.));
#168 = ORIENTED_EDGE('',*,*,#169,.T.);
#169 = EDGE_CURVE('',#162,#170,#172,.T.);
#170 = VERTEX_POINT('',#171);
#171 = CARTESIAN_POINT('',(77.882385678119,3.08424728181,29.));
#172 = LINE('',#173,#174);
#173 = CARTESIAN_POINT('',(77.882385678119,8.288741961975,29.));
#174 = VECTOR('',#175,1.);
#175 = DIRECTION('',(0.,-1.,0.));
#176 = ORIENTED_EDGE('',*,*,#177,.T.);
#177 = EDGE_CURVE('',#170,#178,#180,.T.);
#178 = VERTEX_POINT('',#179);
#179 = CARTESIAN_POINT('',(129.88238567811,3.08424728181,29.));
#180 = LINE('',#181,#182);
#181 = CARTESIAN_POINT('',(77.882385678119,3.08424728181,29.));
#182 = VECTOR('',#183,1.);
#183 = DIRECTION('',(1.,0.,0.));
#184 = ORIENTED_EDGE('',*,*,#185,.T.);
#185 = EDGE_CURVE('',#178,#186,#188,.T.);
#186 = VERTEX_POINT('',#187);
#187 = CARTESIAN_POINT('',(132.38238567811,3.08424728181,29.));
#188 = LINE('',#189,#190);
#189 = CARTESIAN_POINT('',(122.13192053942,3.08424728181,29.));
#190 = VECTOR('',#191,1.);
#191 = DIRECTION('',(1.,0.,0.));
#192 = ORIENTED_EDGE('',*,*,#193,.F.);
#193 = EDGE_CURVE('',#194,#186,#196,.T.);
#194 = VERTEX_POINT('',#195);
#195 = CARTESIAN_POINT('',(132.38238567811,-4.111935399305,29.));
#196 = LINE('',#197,#198);
#197 = CARTESIAN_POINT('',(132.38238567811,-1.611935399305,29.));
#198 = VECTOR('',#199,1.);
#199 = DIRECTION('',(0.,1.,0.));
#200 = ORIENTED_EDGE('',*,*,#201,.T.);
#201 = EDGE_CURVE('',#194,#202,#204,.T.);
#202 = VERTEX_POINT('',#203);
#203 = CARTESIAN_POINT('',(79.882385678119,-4.111935399305,29.));
#204 = LINE('',#205,#206);
#205 = CARTESIAN_POINT('',(129.88238567811,-4.111935399305,29.));
#206 = VECTOR('',#207,1.);
#207 = DIRECTION('',(-1.,0.,0.));
#208 = ORIENTED_EDGE('',*,*,#209,.T.);
#209 = EDGE_CURVE('',#202,#210,#212,.T.);
#210 = VERTEX_POINT('',#211);
#211 = CARTESIAN_POINT('',(79.882385678119,-7.860578,29.));
#212 = LINE('',#213,#214);
#213 = CARTESIAN_POINT('',(79.882385678119,102.939422,29.));
#214 = VECTOR('',#215,1.);
#215 = DIRECTION('',(0.,-1.,0.));
#216 = ORIENTED_EDGE('',*,*,#217,.T.);
#217 = EDGE_CURVE('',#210,#218,#220,.T.);
#218 = VERTEX_POINT('',#219);
#219 = CARTESIAN_POINT('',(80.082385678119,-8.060578,29.));
#220 = CIRCLE('',#221,0.2);
#221 = AXIS2_PLACEMENT_3D('',#222,#223,#224);
#222 = CARTESIAN_POINT('',(80.082385678119,-7.860578,29.));
#223 = DIRECTION('',(-0.,0.,1.));
#224 = DIRECTION('',(0.,-1.,0.));
#225 = ORIENTED_EDGE('',*,*,#226,.T.);
#226 = EDGE_CURVE('',#218,#22,#227,.T.);
#227 = LINE('',#228,#229);
#228 = CARTESIAN_POINT('',(79.882385678119,-8.060578,29.));
#229 = VECTOR('',#230,1.);
#230 = DIRECTION('',(1.,0.,0.));
#231 = FACE_BOUND('',#232,.T.);
#232 = EDGE_LOOP('',(#233,#243,#251,#259,#267,#275,#283,#291,#299,#307)
  );
#233 = ORIENTED_EDGE('',*,*,#234,.T.);
#234 = EDGE_CURVE('',#235,#237,#239,.T.);
#235 = VERTEX_POINT('',#236);
#236 = CARTESIAN_POINT('',(144.44834850747,18.6530609131,29.));
#237 = VERTEX_POINT('',#238);
#238 = CARTESIAN_POINT('',(142.54834850747,18.6530609131,29.));
#239 = LINE('',#240,#241);
#240 = CARTESIAN_POINT('',(142.71896821971,18.6530609131,29.));
#241 = VECTOR('',#242,1.);
#242 = DIRECTION('',(-1.,0.,0.));
#243 = ORIENTED_EDGE('',*,*,#244,.F.);
#244 = EDGE_CURVE('',#245,#237,#247,.T.);
#245 = VERTEX_POINT('',#246);
#246 = CARTESIAN_POINT('',(142.54834850747,65.5530609131,29.));
#247 = LINE('',#248,#249);
#248 = CARTESIAN_POINT('',(142.54834850747,63.6530609131,29.));
#249 = VECTOR('',#250,1.);
#250 = DIRECTION('',(0.,-1.,0.));
#251 = ORIENTED_EDGE('',*,*,#252,.F.);
#252 = EDGE_CURVE('',#253,#245,#255,.T.);
#253 = VERTEX_POINT('',#254);
#254 = CARTESIAN_POINT('',(181.34834850747,65.5530609131,29.));
#255 = LINE('',#256,#257);
#256 = CARTESIAN_POINT('',(179.44834850747,65.5530609131,29.));
#257 = VECTOR('',#258,1.);
#258 = DIRECTION('',(-1.,0.,0.));
#259 = ORIENTED_EDGE('',*,*,#260,.F.);
#260 = EDGE_CURVE('',#261,#253,#263,.T.);
#261 = VERTEX_POINT('',#262);
#262 = CARTESIAN_POINT('',(181.34834850747,18.6530609131,29.));
#263 = LINE('',#264,#265);
#264 = CARTESIAN_POINT('',(181.34834850747,18.6530609131,29.));
#265 = VECTOR('',#266,1.);
#266 = DIRECTION('',(0.,1.,0.));
#267 = ORIENTED_EDGE('',*,*,#268,.F.);
#268 = EDGE_CURVE('',#269,#261,#271,.T.);
#269 = VERTEX_POINT('',#270);
#270 = CARTESIAN_POINT('',(179.44834850747,18.6530609131,29.));
#271 = LINE('',#272,#273);
#272 = CARTESIAN_POINT('',(159.46896821971,18.6530609131,29.));
#273 = VECTOR('',#274,1.);
#274 = DIRECTION('',(1.,0.,0.));
#275 = ORIENTED_EDGE('',*,*,#276,.F.);
#276 = EDGE_CURVE('',#277,#269,#279,.T.);
#277 = VERTEX_POINT('',#278);
#278 = CARTESIAN_POINT('',(177.94834850747,18.6530609131,29.));
#279 = LINE('',#280,#281);
#280 = CARTESIAN_POINT('',(177.94834850747,18.6530609131,29.));
#281 = VECTOR('',#282,1.);
#282 = DIRECTION('',(1.,0.,0.));
#283 = ORIENTED_EDGE('',*,*,#284,.T.);
#284 = EDGE_CURVE('',#277,#285,#287,.T.);
#285 = VERTEX_POINT('',#286);
#286 = CARTESIAN_POINT('',(177.94834850747,62.1530609131,29.));
#287 = LINE('',#288,#289);
#288 = CARTESIAN_POINT('',(177.94834850747,18.6530609131,29.));
#289 = VECTOR('',#290,1.);
#290 = DIRECTION('',(0.,1.,0.));
#291 = ORIENTED_EDGE('',*,*,#292,.T.);
#292 = EDGE_CURVE('',#285,#293,#295,.T.);
#293 = VERTEX_POINT('',#294);
#294 = CARTESIAN_POINT('',(145.94834850747,62.1530609131,29.));
#295 = LINE('',#296,#297);
#296 = CARTESIAN_POINT('',(177.94834850747,62.1530609131,29.));
#297 = VECTOR('',#298,1.);
#298 = DIRECTION('',(-1.,0.,0.));
#299 = ORIENTED_EDGE('',*,*,#300,.T.);
#300 = EDGE_CURVE('',#293,#301,#303,.T.);
#301 = VERTEX_POINT('',#302);
#302 = CARTESIAN_POINT('',(145.94834850747,18.6530609131,29.));
#303 = LINE('',#304,#305);
#304 = CARTESIAN_POINT('',(145.94834850747,62.1530609131,29.));
#305 = VECTOR('',#306,1.);
#306 = DIRECTION('',(0.,-1.,0.));
#307 = ORIENTED_EDGE('',*,*,#308,.F.);
#308 = EDGE_CURVE('',#235,#301,#309,.T.);
#309 = LINE('',#310,#311);
#310 = CARTESIAN_POINT('',(144.44834850747,18.6530609131,29.));
#311 = VECTOR('',#312,1.);
#312 = DIRECTION('',(1.,0.,0.));
#313 = FACE_BOUND('',#314,.T.);
#314 = EDGE_LOOP('',(#315,#325,#333,#341));
#315 = ORIENTED_EDGE('',*,*,#316,.F.);
#316 = EDGE_CURVE('',#317,#319,#321,.T.);
#317 = VERTEX_POINT('',#318);
#318 = CARTESIAN_POINT('',(94.6,94.,29.));
#319 = VERTEX_POINT('',#320);
#320 = CARTESIAN_POINT('',(82.7,94.,29.));
#321 = LINE('',#322,#323);
#322 = CARTESIAN_POINT('',(90.7,94.,29.));
#323 = VECTOR('',#324,1.);
#324 = DIRECTION('',(-1.,0.,0.));
#325 = ORIENTED_EDGE('',*,*,#326,.F.);
#326 = EDGE_CURVE('',#327,#317,#329,.T.);
#327 = VERTEX_POINT('',#328);
#328 = CARTESIAN_POINT('',(94.6,78.2,29.));
#329 = LINE('',#330,#331);
#330 = CARTESIAN_POINT('',(94.6,82.1,29.));
#331 = VECTOR('',#332,1.);
#332 = DIRECTION('',(0.,1.,0.));
#333 = ORIENTED_EDGE('',*,*,#334,.F.);
#334 = EDGE_CURVE('',#335,#327,#337,.T.);
#335 = VERTEX_POINT('',#336);
#336 = CARTESIAN_POINT('',(82.7,78.2,29.));
#337 = LINE('',#338,#339);
#338 = CARTESIAN_POINT('',(82.7,78.2,29.));
#339 = VECTOR('',#340,1.);
#340 = DIRECTION('',(1.,0.,0.));
#341 = ORIENTED_EDGE('',*,*,#342,.F.);
#342 = EDGE_CURVE('',#319,#335,#343,.T.);
#343 = LINE('',#344,#345);
#344 = CARTESIAN_POINT('',(82.7,72.727975281953,29.));
#345 = VECTOR('',#346,1.);
#346 = DIRECTION('',(-0.,-1.,-0.));
#347 = FACE_BOUND('',#348,.T.);
#348 = EDGE_LOOP('',(#349,#359,#367,#375));
#349 = ORIENTED_EDGE('',*,*,#350,.F.);
#350 = EDGE_CURVE('',#351,#353,#355,.T.);
#351 = VERTEX_POINT('',#352);
#352 = CARTESIAN_POINT('',(135.2,94.,29.));
#353 = VERTEX_POINT('',#354);
#354 = CARTESIAN_POINT('',(119.4,94.,29.));
#355 = LINE('',#356,#357);
#356 = CARTESIAN_POINT('',(131.3,94.,29.));
#357 = VECTOR('',#358,1.);
#358 = DIRECTION('',(-1.,0.,0.));
#359 = ORIENTED_EDGE('',*,*,#360,.F.);
#360 = EDGE_CURVE('',#361,#351,#363,.T.);
#361 = VERTEX_POINT('',#362);
#362 = CARTESIAN_POINT('',(135.2,78.2,29.));
#363 = LINE('',#364,#365);
#364 = CARTESIAN_POINT('',(135.2,82.1,29.));
#365 = VECTOR('',#366,1.);
#366 = DIRECTION('',(0.,1.,0.));
#367 = ORIENTED_EDGE('',*,*,#368,.F.);
#368 = EDGE_CURVE('',#369,#361,#371,.T.);
#369 = VERTEX_POINT('',#370);
#370 = CARTESIAN_POINT('',(119.4,78.2,29.));
#371 = LINE('',#372,#373);
#372 = CARTESIAN_POINT('',(123.3,78.2,29.));
#373 = VECTOR('',#374,1.);
#374 = DIRECTION('',(1.,0.,0.));
#375 = ORIENTED_EDGE('',*,*,#376,.F.);
#376 = EDGE_CURVE('',#353,#369,#377,.T.);
#377 = LINE('',#378,#379);
#378 = CARTESIAN_POINT('',(119.4,90.1,29.));
#379 = VECTOR('',#380,1.);
#380 = DIRECTION('',(0.,-1.,0.));
#381 = FACE_BOUND('',#382,.T.);
#382 = EDGE_LOOP('',(#383,#393,#401,#409));
#383 = ORIENTED_EDGE('',*,*,#384,.F.);
#384 = EDGE_CURVE('',#385,#387,#389,.T.);
#385 = VERTEX_POINT('',#386);
#386 = CARTESIAN_POINT('',(135.2,29.8,29.));
#387 = VERTEX_POINT('',#388);
#388 = CARTESIAN_POINT('',(119.4,29.8,29.));
#389 = LINE('',#390,#391);
#390 = CARTESIAN_POINT('',(131.3,29.8,29.));
#391 = VECTOR('',#392,1.);
#392 = DIRECTION('',(-1.,0.,0.));
#393 = ORIENTED_EDGE('',*,*,#394,.F.);
#394 = EDGE_CURVE('',#395,#385,#397,.T.);
#395 = VERTEX_POINT('',#396);
#396 = CARTESIAN_POINT('',(135.2,14.,29.));
#397 = LINE('',#398,#399);
#398 = CARTESIAN_POINT('',(135.2,17.9,29.));
#399 = VECTOR('',#400,1.);
#400 = DIRECTION('',(0.,1.,0.));
#401 = ORIENTED_EDGE('',*,*,#402,.F.);
#402 = EDGE_CURVE('',#403,#395,#405,.T.);
#403 = VERTEX_POINT('',#404);
#404 = CARTESIAN_POINT('',(119.4,14.,29.));
#405 = LINE('',#406,#407);
#406 = CARTESIAN_POINT('',(123.3,14.,29.));
#407 = VECTOR('',#408,1.);
#408 = DIRECTION('',(1.,0.,0.));
#409 = ORIENTED_EDGE('',*,*,#410,.F.);
#410 = EDGE_CURVE('',#387,#403,#411,.T.);
#411 = LINE('',#412,#413);
#412 = CARTESIAN_POINT('',(119.4,25.9,29.));
#413 = VECTOR('',#414,1.);
#414 = DIRECTION('',(0.,-1.,0.));
#415 = FACE_BOUND('',#416,.T.);
#416 = EDGE_LOOP('',(#417,#427,#435,#443));
#417 = ORIENTED_EDGE('',*,*,#418,.F.);
#418 = EDGE_CURVE('',#419,#421,#423,.T.);
#419 = VERTEX_POINT('',#420);
#420 = CARTESIAN_POINT('',(94.6,29.8,29.));
#421 = VERTEX_POINT('',#422);
#422 = CARTESIAN_POINT('',(82.7,29.8,29.));
#423 = LINE('',#424,#425);
#424 = CARTESIAN_POINT('',(90.7,29.8,29.));
#425 = VECTOR('',#426,1.);
#426 = DIRECTION('',(-1.,0.,0.));
#427 = ORIENTED_EDGE('',*,*,#428,.F.);
#428 = EDGE_CURVE('',#429,#419,#431,.T.);
#429 = VERTEX_POINT('',#430);
#430 = CARTESIAN_POINT('',(94.6,14.,29.));
#431 = LINE('',#432,#433);
#432 = CARTESIAN_POINT('',(94.6,17.9,29.));
#433 = VECTOR('',#434,1.);
#434 = DIRECTION('',(0.,1.,0.));
#435 = ORIENTED_EDGE('',*,*,#436,.F.);
#436 = EDGE_CURVE('',#437,#429,#439,.T.);
#437 = VERTEX_POINT('',#438);
#438 = CARTESIAN_POINT('',(82.7,14.,29.));
#439 = LINE('',#440,#441);
#440 = CARTESIAN_POINT('',(82.7,14.,29.));
#441 = VECTOR('',#442,1.);
#442 = DIRECTION('',(1.,0.,0.));
#443 = ORIENTED_EDGE('',*,*,#444,.F.);
#444 = EDGE_CURVE('',#421,#437,#445,.T.);
#445 = LINE('',#446,#447);
#446 = CARTESIAN_POINT('',(82.7,40.627975281953,29.));
#447 = VECTOR('',#448,1.);
#448 = DIRECTION('',(-0.,-1.,-0.));
#449 = PLANE('',#450);
#450 = AXIS2_PLACEMENT_3D('',#451,#452,#453);
#451 = CARTESIAN_POINT('',(140.98958793194,55.355950563907,29.));
#452 = DIRECTION('',(0.,0.,1.));
#453 = DIRECTION('',(1.,0.,0.));
#454 = ADVANCED_FACE('',(#455,#698,#768,#815),#891,.T.);
#455 = FACE_BOUND('',#456,.T.);
#456 = EDGE_LOOP('',(#457,#467,#473,#474,#482,#490,#498,#506,#514,#523,
    #531,#540,#548,#556,#564,#572,#581,#589,#597,#605,#611,#612,#620,
    #628,#636,#644,#652,#660,#668,#676,#684,#692));
#457 = ORIENTED_EDGE('',*,*,#458,.T.);
#458 = EDGE_CURVE('',#459,#461,#463,.T.);
#459 = VERTEX_POINT('',#460);
#460 = CARTESIAN_POINT('',(185.88238567811,69.781051952411,
    31.99999999998));
#461 = VERTEX_POINT('',#462);
#462 = CARTESIAN_POINT('',(185.88238567811,69.781051952411,31.5));
#463 = LINE('',#464,#465);
#464 = CARTESIAN_POINT('',(185.88238567811,69.781051952411,
    31.99999999998));
#465 = VECTOR('',#466,1.);
#466 = DIRECTION('',(0.,0.,-1.));
#467 = ORIENTED_EDGE('',*,*,#468,.F.);
#468 = EDGE_CURVE('',#24,#461,#469,.T.);
#469 = LINE('',#470,#471);
#470 = CARTESIAN_POINT('',(185.88238567811,66.820644464308,
    28.539592511897));
#471 = VECTOR('',#472,1.);
#472 = DIRECTION('',(0.,0.707106781187,0.707106781187));
#473 = ORIENTED_EDGE('',*,*,#21,.F.);
#474 = ORIENTED_EDGE('',*,*,#475,.T.);
#475 = EDGE_CURVE('',#22,#476,#478,.T.);
#476 = VERTEX_POINT('',#477);
#477 = CARTESIAN_POINT('',(185.88238567811,-8.060578,37.379451));
#478 = LINE('',#479,#480);
#479 = CARTESIAN_POINT('',(185.88238567811,-8.060578,29.));
#480 = VECTOR('',#481,1.);
#481 = DIRECTION('',(0.,0.,1.));
#482 = ORIENTED_EDGE('',*,*,#483,.F.);
#483 = EDGE_CURVE('',#484,#476,#486,.T.);
#484 = VERTEX_POINT('',#485);
#485 = CARTESIAN_POINT('',(185.88238567811,1.39000000007,37.379451));
#486 = LINE('',#487,#488);
#487 = CARTESIAN_POINT('',(185.88238567811,2.29000000007,37.379451));
#488 = VECTOR('',#489,1.);
#489 = DIRECTION('',(0.,-1.,0.));
#490 = ORIENTED_EDGE('',*,*,#491,.F.);
#491 = EDGE_CURVE('',#492,#484,#494,.T.);
#492 = VERTEX_POINT('',#493);
#493 = CARTESIAN_POINT('',(185.88238567811,1.39000000007,32.85));
#494 = LINE('',#495,#496);
#495 = CARTESIAN_POINT('',(185.88238567811,1.39000000007,32.85));
#496 = VECTOR('',#497,1.);
#497 = DIRECTION('',(0.,0.,1.));
#498 = ORIENTED_EDGE('',*,*,#499,.F.);
#499 = EDGE_CURVE('',#500,#492,#502,.T.);
#500 = VERTEX_POINT('',#501);
#501 = CARTESIAN_POINT('',(185.88238567811,7.84,32.85));
#502 = LINE('',#503,#504);
#503 = CARTESIAN_POINT('',(185.88238567811,18.59,32.85));
#504 = VECTOR('',#505,1.);
#505 = DIRECTION('',(0.,-1.,0.));
#506 = ORIENTED_EDGE('',*,*,#507,.T.);
#507 = EDGE_CURVE('',#500,#508,#510,.T.);
#508 = VERTEX_POINT('',#509);
#509 = CARTESIAN_POINT('',(185.88238567811,7.84,35.242183795416));
#510 = LINE('',#511,#512);
#511 = CARTESIAN_POINT('',(185.88238567811,7.84,52.15));
#512 = VECTOR('',#513,1.);
#513 = DIRECTION('',(0.,0.,1.));
#514 = ORIENTED_EDGE('',*,*,#515,.T.);
#515 = EDGE_CURVE('',#508,#516,#518,.T.);
#516 = VERTEX_POINT('',#517);
#517 = CARTESIAN_POINT('',(185.88238567811,4.29,37.35));
#518 = CIRCLE('',#519,8.8145);
#519 = AXIS2_PLACEMENT_3D('',#520,#521,#522);
#520 = CARTESIAN_POINT('',(185.88238567811,10.44,43.6645));
#521 = DIRECTION('',(-1.,-2.2E-16,2.2E-16));
#522 = DIRECTION('',(2.2E-16,-1.,0.));
#523 = ORIENTED_EDGE('',*,*,#524,.T.);
#524 = EDGE_CURVE('',#516,#525,#527,.T.);
#525 = VERTEX_POINT('',#526);
#526 = CARTESIAN_POINT('',(185.88238567811,4.29,49.65));
#527 = LINE('',#528,#529);
#528 = CARTESIAN_POINT('',(185.88238567811,4.29,37.35));
#529 = VECTOR('',#530,1.);
#530 = DIRECTION('',(0.,0.,1.));
#531 = ORIENTED_EDGE('',*,*,#532,.T.);
#532 = EDGE_CURVE('',#525,#533,#535,.T.);
#533 = VERTEX_POINT('',#534);
#534 = CARTESIAN_POINT('',(185.88238567811,7.84,51.757816204584));
#535 = CIRCLE('',#536,8.8145);
#536 = AXIS2_PLACEMENT_3D('',#537,#538,#539);
#537 = CARTESIAN_POINT('',(185.88238567811,10.44,43.3355));
#538 = DIRECTION('',(-1.,-2.2E-16,2.2E-16));
#539 = DIRECTION('',(2.2E-16,-1.,0.));
#540 = ORIENTED_EDGE('',*,*,#541,.T.);
#541 = EDGE_CURVE('',#533,#542,#544,.T.);
#542 = VERTEX_POINT('',#543);
#543 = CARTESIAN_POINT('',(185.88238567811,7.84,54.47900000012));
#544 = LINE('',#545,#546);
#545 = CARTESIAN_POINT('',(185.88238567811,7.84,52.15));
#546 = VECTOR('',#547,1.);
#547 = DIRECTION('',(0.,0.,1.));
#548 = ORIENTED_EDGE('',*,*,#549,.T.);
#549 = EDGE_CURVE('',#542,#550,#552,.T.);
#550 = VERTEX_POINT('',#551);
#551 = CARTESIAN_POINT('',(185.88238567811,7.84,55.37900000012));
#552 = LINE('',#553,#554);
#553 = CARTESIAN_POINT('',(185.88238567811,7.84,44.));
#554 = VECTOR('',#555,1.);
#555 = DIRECTION('',(0.,0.,1.));
#556 = ORIENTED_EDGE('',*,*,#557,.F.);
#557 = EDGE_CURVE('',#558,#550,#560,.T.);
#558 = VERTEX_POINT('',#559);
#559 = CARTESIAN_POINT('',(185.88238567811,1.39000000007,55.37900000012)
  );
#560 = LINE('',#561,#562);
#561 = CARTESIAN_POINT('',(185.88238567811,2.29000000007,55.37900000012)
  );
#562 = VECTOR('',#563,1.);
#563 = DIRECTION('',(0.,1.,0.));
#564 = ORIENTED_EDGE('',*,*,#565,.F.);
#565 = EDGE_CURVE('',#566,#558,#568,.T.);
#566 = VERTEX_POINT('',#567);
#567 = CARTESIAN_POINT('',(185.88238567811,1.39000000007,47.758591316343
    ));
#568 = LINE('',#569,#570);
#569 = CARTESIAN_POINT('',(185.88238567811,1.39000000007,47.050999859126
    ));
#570 = VECTOR('',#571,1.);
#571 = DIRECTION('',(0.,0.,1.));
#572 = ORIENTED_EDGE('',*,*,#573,.F.);
#573 = EDGE_CURVE('',#574,#566,#576,.T.);
#574 = VERTEX_POINT('',#575);
#575 = CARTESIAN_POINT('',(185.88238567811,-6.229839375234,
    43.459922302182));
#576 = CIRCLE('',#577,5.);
#577 = AXIS2_PLACEMENT_3D('',#578,#579,#580);
#578 = CARTESIAN_POINT('',(185.88238567811,-1.23,43.5));
#579 = DIRECTION('',(-1.,0.,0.));
#580 = DIRECTION('',(0.,-1.,0.));
#581 = ORIENTED_EDGE('',*,*,#582,.F.);
#582 = EDGE_CURVE('',#583,#574,#585,.T.);
#583 = VERTEX_POINT('',#584);
#584 = CARTESIAN_POINT('',(185.88238567811,-8.060578,43.459922302182));
#585 = LINE('',#586,#587);
#586 = CARTESIAN_POINT('',(185.88238567811,-8.060578,43.459922302182));
#587 = VECTOR('',#588,1.);
#588 = DIRECTION('',(0.,1.,0.));
#589 = ORIENTED_EDGE('',*,*,#590,.T.);
#590 = EDGE_CURVE('',#583,#591,#593,.T.);
#591 = VERTEX_POINT('',#592);
#592 = CARTESIAN_POINT('',(185.88238567811,-8.060578,60.));
#593 = LINE('',#594,#595);
#594 = CARTESIAN_POINT('',(185.88238567811,-8.060578,29.));
#595 = VECTOR('',#596,1.);
#596 = DIRECTION('',(0.,0.,1.));
#597 = ORIENTED_EDGE('',*,*,#598,.T.);
#598 = EDGE_CURVE('',#591,#599,#601,.T.);
#599 = VERTEX_POINT('',#600);
#600 = CARTESIAN_POINT('',(185.88238567811,102.739422,60.));
#601 = LINE('',#602,#603);
#602 = CARTESIAN_POINT('',(185.88238567811,-8.060578,60.));
#603 = VECTOR('',#604,1.);
#604 = DIRECTION('',(0.,1.,0.));
#605 = ORIENTED_EDGE('',*,*,#606,.F.);
#606 = EDGE_CURVE('',#104,#599,#607,.T.);
#607 = LINE('',#608,#609);
#608 = CARTESIAN_POINT('',(185.88238567811,102.739422,29.));
#609 = VECTOR('',#610,1.);
#610 = DIRECTION('',(0.,0.,1.));
#611 = ORIENTED_EDGE('',*,*,#103,.F.);
#612 = ORIENTED_EDGE('',*,*,#613,.T.);
#613 = EDGE_CURVE('',#96,#614,#616,.T.);
#614 = VERTEX_POINT('',#615);
#615 = CARTESIAN_POINT('',(185.88238567811,85.253425035211,31.8));
#616 = LINE('',#617,#618);
#617 = CARTESIAN_POINT('',(185.88238567811,73.324924276408,
    43.728500758803));
#618 = VECTOR('',#619,1.);
#619 = DIRECTION('',(0.,-0.707106781187,0.707106781187));
#620 = ORIENTED_EDGE('',*,*,#621,.F.);
#621 = EDGE_CURVE('',#622,#614,#624,.T.);
#622 = VERTEX_POINT('',#623);
#623 = CARTESIAN_POINT('',(185.88238567811,85.253425035211,32.));
#624 = LINE('',#625,#626);
#625 = CARTESIAN_POINT('',(185.88238567811,85.253425035211,32.));
#626 = VECTOR('',#627,1.);
#627 = DIRECTION('',(0.,0.,-1.));
#628 = ORIENTED_EDGE('',*,*,#629,.F.);
#629 = EDGE_CURVE('',#630,#622,#632,.T.);
#630 = VERTEX_POINT('',#631);
#631 = CARTESIAN_POINT('',(185.88238567811,83.253425035211,32.));
#632 = LINE('',#633,#634);
#633 = CARTESIAN_POINT('',(185.88238567811,83.253425035211,32.));
#634 = VECTOR('',#635,1.);
#635 = DIRECTION('',(0.,1.,0.));
#636 = ORIENTED_EDGE('',*,*,#637,.T.);
#637 = EDGE_CURVE('',#630,#638,#640,.T.);
#638 = VERTEX_POINT('',#639);
#639 = CARTESIAN_POINT('',(185.88238567811,84.122977151257,
    32.869552116045));
#640 = LINE('',#641,#642);
#641 = CARTESIAN_POINT('',(185.88238567811,75.924924276408,
    24.671499241197));
#642 = VECTOR('',#643,1.);
#643 = DIRECTION('',(0.,0.707106781187,0.707106781187));
#644 = ORIENTED_EDGE('',*,*,#645,.T.);
#645 = EDGE_CURVE('',#638,#646,#648,.T.);
#646 = VERTEX_POINT('',#647);
#647 = CARTESIAN_POINT('',(185.88238567811,84.122977151257,
    38.341925198866));
#648 = LINE('',#649,#650);
#649 = CARTESIAN_POINT('',(185.88238567811,84.122977151257,
    38.684776058023));
#650 = VECTOR('',#651,1.);
#651 = DIRECTION('',(0.,0.,1.));
#652 = ORIENTED_EDGE('',*,*,#653,.T.);
#653 = EDGE_CURVE('',#646,#654,#656,.T.);
#654 = VERTEX_POINT('',#655);
#655 = CARTESIAN_POINT('',(185.88238567811,80.253425035211,
    42.211477314911));
#656 = LINE('',#657,#658);
#657 = CARTESIAN_POINT('',(185.88238567811,73.412569663159,
    49.052332686964));
#658 = VECTOR('',#659,1.);
#659 = DIRECTION('',(0.,-0.707106781187,0.707106781187));
#660 = ORIENTED_EDGE('',*,*,#661,.T.);
#661 = EDGE_CURVE('',#654,#662,#664,.T.);
#662 = VERTEX_POINT('',#663);
#663 = CARTESIAN_POINT('',(185.88238567811,74.78105195239,
    42.211477314911));
#664 = LINE('',#665,#666);
#665 = CARTESIAN_POINT('',(185.88238567811,63.846423517606,
    42.211477314911));
#666 = VECTOR('',#667,1.);
#667 = DIRECTION('',(0.,-1.,0.));
#668 = ORIENTED_EDGE('',*,*,#669,.T.);
#669 = EDGE_CURVE('',#662,#670,#672,.T.);
#670 = VERTEX_POINT('',#671);
#671 = CARTESIAN_POINT('',(185.88238567811,70.911499836345,
    38.341925198866));
#672 = LINE('',#673,#674);
#673 = CARTESIAN_POINT('',(185.88238567811,68.517775135565,
    35.948200498086));
#674 = VECTOR('',#675,1.);
#675 = DIRECTION('',(0.,-0.707106781187,-0.707106781187));
#676 = ORIENTED_EDGE('',*,*,#677,.T.);
#677 = EDGE_CURVE('',#670,#678,#680,.T.);
#678 = VERTEX_POINT('',#679);
#679 = CARTESIAN_POINT('',(185.88238567811,70.911499836345,
    32.869552116045));
#680 = LINE('',#681,#682);
#681 = CARTESIAN_POINT('',(185.88238567811,70.911499836345,
    41.420962599433));
#682 = VECTOR('',#683,1.);
#683 = DIRECTION('',(0.,0.,-1.));
#684 = ORIENTED_EDGE('',*,*,#685,.T.);
#685 = EDGE_CURVE('',#678,#686,#688,.T.);
#686 = VERTEX_POINT('',#687);
#687 = CARTESIAN_POINT('',(185.88238567811,71.781051952411,
    31.99999999998));
#688 = LINE('',#689,#690);
#689 = CARTESIAN_POINT('',(185.88238567811,62.13586840627,41.64518354612
    ));
#690 = VECTOR('',#691,1.);
#691 = DIRECTION('',(0.,0.707106781187,-0.707106781187));
#692 = ORIENTED_EDGE('',*,*,#693,.T.);
#693 = EDGE_CURVE('',#686,#459,#694,.T.);
#694 = LINE('',#695,#696);
#695 = CARTESIAN_POINT('',(185.88238567811,71.781051952411,
    31.99999999998));
#696 = VECTOR('',#697,1.);
#697 = DIRECTION('',(0.,-1.,0.));
#698 = FACE_BOUND('',#699,.T.);
#699 = EDGE_LOOP('',(#700,#710,#719,#727,#736,#744,#753,#761));
#700 = ORIENTED_EDGE('',*,*,#701,.F.);
#701 = EDGE_CURVE('',#702,#704,#706,.T.);
#702 = VERTEX_POINT('',#703);
#703 = CARTESIAN_POINT('',(185.88238567811,39.5,46.25));
#704 = VERTEX_POINT('',#705);
#705 = CARTESIAN_POINT('',(185.88238567811,49.7,46.25));
#706 = LINE('',#707,#708);
#707 = CARTESIAN_POINT('',(185.88238567811,43.469711,46.25));
#708 = VECTOR('',#709,1.);
#709 = DIRECTION('',(0.,1.,0.));
#710 = ORIENTED_EDGE('',*,*,#711,.T.);
#711 = EDGE_CURVE('',#702,#712,#714,.T.);
#712 = VERTEX_POINT('',#713);
#713 = CARTESIAN_POINT('',(185.88238567811,38.35,45.1));
#714 = CIRCLE('',#715,1.15);
#715 = AXIS2_PLACEMENT_3D('',#716,#717,#718);
#716 = CARTESIAN_POINT('',(185.88238567811,39.5,45.1));
#717 = DIRECTION('',(1.,0.,0.));
#718 = DIRECTION('',(0.,-1.,0.));
#719 = ORIENTED_EDGE('',*,*,#720,.T.);
#720 = EDGE_CURVE('',#712,#721,#723,.T.);
#721 = VERTEX_POINT('',#722);
#722 = CARTESIAN_POINT('',(185.88238567811,38.35,41.9));
#723 = LINE('',#724,#725);
#724 = CARTESIAN_POINT('',(185.88238567811,38.35,43.25));
#725 = VECTOR('',#726,1.);
#726 = DIRECTION('',(0.,-7.105E-14,-1.));
#727 = ORIENTED_EDGE('',*,*,#728,.T.);
#728 = EDGE_CURVE('',#721,#729,#731,.T.);
#729 = VERTEX_POINT('',#730);
#730 = CARTESIAN_POINT('',(185.88238567811,39.5,40.75));
#731 = CIRCLE('',#732,1.15);
#732 = AXIS2_PLACEMENT_3D('',#733,#734,#735);
#733 = CARTESIAN_POINT('',(185.88238567811,39.5,41.9));
#734 = DIRECTION('',(1.,-0.,0.));
#735 = DIRECTION('',(0.,1.11E-15,-1.));
#736 = ORIENTED_EDGE('',*,*,#737,.T.);
#737 = EDGE_CURVE('',#729,#738,#740,.T.);
#738 = VERTEX_POINT('',#739);
#739 = CARTESIAN_POINT('',(185.88238567811,49.7,40.75));
#740 = LINE('',#741,#742);
#741 = CARTESIAN_POINT('',(185.88238567811,43.469711,40.75));
#742 = VECTOR('',#743,1.);
#743 = DIRECTION('',(0.,1.,7.E-16));
#744 = ORIENTED_EDGE('',*,*,#745,.T.);
#745 = EDGE_CURVE('',#738,#746,#748,.T.);
#746 = VERTEX_POINT('',#747);
#747 = CARTESIAN_POINT('',(185.88238567811,50.85,41.9));
#748 = CIRCLE('',#749,1.15);
#749 = AXIS2_PLACEMENT_3D('',#750,#751,#752);
#750 = CARTESIAN_POINT('',(185.88238567811,49.7,41.9));
#751 = DIRECTION('',(1.,-0.,0.));
#752 = DIRECTION('',(0.,1.,-2.8E-16));
#753 = ORIENTED_EDGE('',*,*,#754,.F.);
#754 = EDGE_CURVE('',#755,#746,#757,.T.);
#755 = VERTEX_POINT('',#756);
#756 = CARTESIAN_POINT('',(185.88238567811,50.85,45.1));
#757 = LINE('',#758,#759);
#758 = CARTESIAN_POINT('',(185.88238567811,50.85,44.8));
#759 = VECTOR('',#760,1.);
#760 = DIRECTION('',(0.,0.,-1.));
#761 = ORIENTED_EDGE('',*,*,#762,.T.);
#762 = EDGE_CURVE('',#755,#704,#763,.T.);
#763 = CIRCLE('',#764,1.15);
#764 = AXIS2_PLACEMENT_3D('',#765,#766,#767);
#765 = CARTESIAN_POINT('',(185.88238567811,49.7,45.1));
#766 = DIRECTION('',(1.,0.,0.));
#767 = DIRECTION('',(0.,-1.11E-15,1.));
#768 = FACE_BOUND('',#769,.T.);
#769 = EDGE_LOOP('',(#770,#781,#790,#799,#808));
#770 = ORIENTED_EDGE('',*,*,#771,.T.);
#771 = EDGE_CURVE('',#772,#774,#776,.T.);
#772 = VERTEX_POINT('',#773);
#773 = CARTESIAN_POINT('',(185.88238567811,7.84,40.460263169286));
#774 = VERTEX_POINT('',#775);
#775 = CARTESIAN_POINT('',(185.88238567811,13.04,40.460263169286));
#776 = CIRCLE('',#777,4.);
#777 = AXIS2_PLACEMENT_3D('',#778,#779,#780);
#778 = CARTESIAN_POINT('',(185.88238567811,10.44,43.5));
#779 = DIRECTION('',(1.,0.,0.));
#780 = DIRECTION('',(0.,1.,0.));
#781 = ORIENTED_EDGE('',*,*,#782,.T.);
#782 = EDGE_CURVE('',#774,#783,#785,.T.);
#783 = VERTEX_POINT('',#784);
#784 = CARTESIAN_POINT('',(185.88238567811,14.44,43.5));
#785 = CIRCLE('',#786,4.);
#786 = AXIS2_PLACEMENT_3D('',#787,#788,#789);
#787 = CARTESIAN_POINT('',(185.88238567811,10.44,43.5));
#788 = DIRECTION('',(1.,0.,0.));
#789 = DIRECTION('',(0.,1.,0.));
#790 = ORIENTED_EDGE('',*,*,#791,.T.);
#791 = EDGE_CURVE('',#783,#792,#794,.T.);
#792 = VERTEX_POINT('',#793);
#793 = CARTESIAN_POINT('',(185.88238567811,13.04,46.539736830714));
#794 = CIRCLE('',#795,4.);
#795 = AXIS2_PLACEMENT_3D('',#796,#797,#798);
#796 = CARTESIAN_POINT('',(185.88238567811,10.44,43.5));
#797 = DIRECTION('',(1.,0.,0.));
#798 = DIRECTION('',(0.,1.,0.));
#799 = ORIENTED_EDGE('',*,*,#800,.T.);
#800 = EDGE_CURVE('',#792,#801,#803,.T.);
#801 = VERTEX_POINT('',#802);
#802 = CARTESIAN_POINT('',(185.88238567811,7.84,46.539736830714));
#803 = CIRCLE('',#804,4.);
#804 = AXIS2_PLACEMENT_3D('',#805,#806,#807);
#805 = CARTESIAN_POINT('',(185.88238567811,10.44,43.5));
#806 = DIRECTION('',(1.,0.,0.));
#807 = DIRECTION('',(0.,1.,0.));
#808 = ORIENTED_EDGE('',*,*,#809,.T.);
#809 = EDGE_CURVE('',#801,#772,#810,.T.);
#810 = CIRCLE('',#811,4.);
#811 = AXIS2_PLACEMENT_3D('',#812,#813,#814);
#812 = CARTESIAN_POINT('',(185.88238567811,10.44,43.5));
#813 = DIRECTION('',(1.,0.,0.));
#814 = DIRECTION('',(0.,1.,0.));
#815 = FACE_BOUND('',#816,.T.);
#816 = EDGE_LOOP('',(#817,#827,#835,#843,#851,#859,#868,#876,#885));
#817 = ORIENTED_EDGE('',*,*,#818,.F.);
#818 = EDGE_CURVE('',#819,#821,#823,.T.);
#819 = VERTEX_POINT('',#820);
#820 = CARTESIAN_POINT('',(185.88238567811,19.49,32.85));
#821 = VERTEX_POINT('',#822);
#822 = CARTESIAN_POINT('',(185.88238567811,13.04,32.85));
#823 = LINE('',#824,#825);
#824 = CARTESIAN_POINT('',(185.88238567811,18.59,32.85));
#825 = VECTOR('',#826,1.);
#826 = DIRECTION('',(0.,-1.,0.));
#827 = ORIENTED_EDGE('',*,*,#828,.F.);
#828 = EDGE_CURVE('',#829,#819,#831,.T.);
#829 = VERTEX_POINT('',#830);
#830 = CARTESIAN_POINT('',(185.88238567811,19.49,55.37900000012));
#831 = LINE('',#832,#833);
#832 = CARTESIAN_POINT('',(185.88238567811,19.49,54.47900000012));
#833 = VECTOR('',#834,1.);
#834 = DIRECTION('',(0.,0.,-1.));
#835 = ORIENTED_EDGE('',*,*,#836,.F.);
#836 = EDGE_CURVE('',#837,#829,#839,.T.);
#837 = VERTEX_POINT('',#838);
#838 = CARTESIAN_POINT('',(185.88238567811,13.04,55.37900000012));
#839 = LINE('',#840,#841);
#840 = CARTESIAN_POINT('',(185.88238567811,13.04,55.37900000012));
#841 = VECTOR('',#842,1.);
#842 = DIRECTION('',(0.,1.,0.));
#843 = ORIENTED_EDGE('',*,*,#844,.F.);
#844 = EDGE_CURVE('',#845,#837,#847,.T.);
#845 = VERTEX_POINT('',#846);
#846 = CARTESIAN_POINT('',(185.88238567811,13.04,54.47900000012));
#847 = LINE('',#848,#849);
#848 = CARTESIAN_POINT('',(185.88238567811,13.04,44.));
#849 = VECTOR('',#850,1.);
#850 = DIRECTION('',(0.,0.,1.));
#851 = ORIENTED_EDGE('',*,*,#852,.T.);
#852 = EDGE_CURVE('',#845,#853,#855,.T.);
#853 = VERTEX_POINT('',#854);
#854 = CARTESIAN_POINT('',(185.88238567811,13.04,51.757816204584));
#855 = LINE('',#856,#857);
#856 = CARTESIAN_POINT('',(185.88238567811,13.04,34.85));
#857 = VECTOR('',#858,1.);
#858 = DIRECTION('',(0.,0.,-1.));
#859 = ORIENTED_EDGE('',*,*,#860,.T.);
#860 = EDGE_CURVE('',#853,#861,#863,.T.);
#861 = VERTEX_POINT('',#862);
#862 = CARTESIAN_POINT('',(185.88238567811,16.59,49.65));
#863 = CIRCLE('',#864,8.8145);
#864 = AXIS2_PLACEMENT_3D('',#865,#866,#867);
#865 = CARTESIAN_POINT('',(185.88238567811,10.44,43.3355));
#866 = DIRECTION('',(-1.,-2.2E-16,2.2E-16));
#867 = DIRECTION('',(2.2E-16,-1.,0.));
#868 = ORIENTED_EDGE('',*,*,#869,.T.);
#869 = EDGE_CURVE('',#861,#870,#872,.T.);
#870 = VERTEX_POINT('',#871);
#871 = CARTESIAN_POINT('',(185.88238567811,16.59,37.35));
#872 = LINE('',#873,#874);
#873 = CARTESIAN_POINT('',(185.88238567811,16.59,49.65));
#874 = VECTOR('',#875,1.);
#875 = DIRECTION('',(0.,0.,-1.));
#876 = ORIENTED_EDGE('',*,*,#877,.T.);
#877 = EDGE_CURVE('',#870,#878,#880,.T.);
#878 = VERTEX_POINT('',#879);
#879 = CARTESIAN_POINT('',(185.88238567811,13.04,35.242183795416));
#880 = CIRCLE('',#881,8.8145);
#881 = AXIS2_PLACEMENT_3D('',#882,#883,#884);
#882 = CARTESIAN_POINT('',(185.88238567811,10.44,43.6645));
#883 = DIRECTION('',(-1.,-2.2E-16,2.2E-16));
#884 = DIRECTION('',(2.2E-16,-1.,0.));
#885 = ORIENTED_EDGE('',*,*,#886,.T.);
#886 = EDGE_CURVE('',#878,#821,#887,.T.);
#887 = LINE('',#888,#889);
#888 = CARTESIAN_POINT('',(185.88238567811,13.04,34.85));
#889 = VECTOR('',#890,1.);
#890 = DIRECTION('',(0.,0.,-1.));
#891 = PLANE('',#892);
#892 = AXIS2_PLACEMENT_3D('',#893,#894,#895);
#893 = CARTESIAN_POINT('',(185.88238567811,47.439422,44.5));
#894 = DIRECTION('',(-1.,-0.,-0.));
#895 = DIRECTION('',(0.,0.,-1.));
#896 = ADVANCED_FACE('',(#897),#915,.F.);
#897 = FACE_BOUND('',#898,.F.);
#898 = EDGE_LOOP('',(#899,#900,#901,#909));
#899 = ORIENTED_EDGE('',*,*,#468,.F.);
#900 = ORIENTED_EDGE('',*,*,#31,.T.);
#901 = ORIENTED_EDGE('',*,*,#902,.T.);
#902 = EDGE_CURVE('',#32,#903,#905,.T.);
#903 = VERTEX_POINT('',#904);
#904 = CARTESIAN_POINT('',(145.88238567811,69.781051952411,31.5));
#905 = LINE('',#906,#907);
#906 = CARTESIAN_POINT('',(151.71571901145,75.614385285744,
    37.333333333333));
#907 = VECTOR('',#908,1.);
#908 = DIRECTION('',(0.57735026919,0.57735026919,0.57735026919));
#909 = ORIENTED_EDGE('',*,*,#910,.F.);
#910 = EDGE_CURVE('',#461,#903,#911,.T.);
#911 = LINE('',#912,#913);
#912 = CARTESIAN_POINT('',(185.88238567811,69.781051952411,31.5));
#913 = VECTOR('',#914,1.);
#914 = DIRECTION('',(-1.,0.,0.));
#915 = PLANE('',#916);
#916 = AXIS2_PLACEMENT_3D('',#917,#918,#919);
#917 = CARTESIAN_POINT('',(185.88238567811,68.531051952411,30.25));
#918 = DIRECTION('',(0.,0.707106781187,-0.707106781187));
#919 = DIRECTION('',(-1.,0.,0.));
#920 = ADVANCED_FACE('',(#921,#1003,#1014),#1048,.T.);
#921 = FACE_BOUND('',#922,.T.);
#922 = EDGE_LOOP('',(#923,#933,#939,#940,#941,#949,#958,#966,#972,#973,
    #981,#989,#997));
#923 = ORIENTED_EDGE('',*,*,#924,.F.);
#924 = EDGE_CURVE('',#925,#927,#929,.T.);
#925 = VERTEX_POINT('',#926);
#926 = CARTESIAN_POINT('',(184.98238567811,-8.060578,38.279451));
#927 = VERTEX_POINT('',#928);
#928 = CARTESIAN_POINT('',(184.88238567811,-8.060578,38.279451));
#929 = LINE('',#930,#931);
#930 = CARTESIAN_POINT('',(185.88238567811,-8.060578,38.279451));
#931 = VECTOR('',#932,1.);
#932 = DIRECTION('',(-1.,0.,0.));
#933 = ORIENTED_EDGE('',*,*,#934,.F.);
#934 = EDGE_CURVE('',#476,#925,#935,.T.);
#935 = LINE('',#936,#937);
#936 = CARTESIAN_POINT('',(161.25224842811,-8.060578,62.00958825));
#937 = VECTOR('',#938,1.);
#938 = DIRECTION('',(-0.707106781187,0.,0.707106781187));
#939 = ORIENTED_EDGE('',*,*,#475,.F.);
#940 = ORIENTED_EDGE('',*,*,#226,.F.);
#941 = ORIENTED_EDGE('',*,*,#942,.T.);
#942 = EDGE_CURVE('',#218,#943,#945,.T.);
#943 = VERTEX_POINT('',#944);
#944 = CARTESIAN_POINT('',(80.082385678119,-8.060578,50.3));
#945 = LINE('',#946,#947);
#946 = CARTESIAN_POINT('',(80.082385678119,-8.060578,29.));
#947 = VECTOR('',#948,1.);
#948 = DIRECTION('',(0.,0.,1.));
#949 = ORIENTED_EDGE('',*,*,#950,.F.);
#950 = EDGE_CURVE('',#951,#943,#953,.T.);
#951 = VERTEX_POINT('',#952);
#952 = CARTESIAN_POINT('',(80.082385678119,-8.060578,53.7));
#953 = CIRCLE('',#954,1.7);
#954 = AXIS2_PLACEMENT_3D('',#955,#956,#957);
#955 = CARTESIAN_POINT('',(80.082385678119,-8.060578,52.));
#956 = DIRECTION('',(0.,1.,-2.2E-16));
#957 = DIRECTION('',(-1.,0.,0.));
#958 = ORIENTED_EDGE('',*,*,#959,.T.);
#959 = EDGE_CURVE('',#951,#960,#962,.T.);
#960 = VERTEX_POINT('',#961);
#961 = CARTESIAN_POINT('',(80.082385678119,-8.060578,60.));
#962 = LINE('',#963,#964);
#963 = CARTESIAN_POINT('',(80.082385678119,-8.060578,29.));
#964 = VECTOR('',#965,1.);
#965 = DIRECTION('',(0.,0.,1.));
#966 = ORIENTED_EDGE('',*,*,#967,.T.);
#967 = EDGE_CURVE('',#960,#591,#968,.T.);
#968 = LINE('',#969,#970);
#969 = CARTESIAN_POINT('',(79.882385678119,-8.060578,60.));
#970 = VECTOR('',#971,1.);
#971 = DIRECTION('',(1.,0.,0.));
#972 = ORIENTED_EDGE('',*,*,#590,.F.);
#973 = ORIENTED_EDGE('',*,*,#974,.T.);
#974 = EDGE_CURVE('',#583,#975,#977,.T.);
#975 = VERTEX_POINT('',#976);
#976 = CARTESIAN_POINT('',(184.78238567811,-8.060578,43.459922302182));
#977 = LINE('',#978,#979);
#978 = CARTESIAN_POINT('',(185.88238567811,-8.060578,43.459922302182));
#979 = VECTOR('',#980,1.);
#980 = DIRECTION('',(-1.,0.,0.));
#981 = ORIENTED_EDGE('',*,*,#982,.T.);
#982 = EDGE_CURVE('',#975,#983,#985,.T.);
#983 = VERTEX_POINT('',#984);
#984 = CARTESIAN_POINT('',(183.88238567811,-8.060578,42.559922302182));
#985 = LINE('',#986,#987);
#986 = CARTESIAN_POINT('',(154.71740510257,-8.060578,13.394941726637));
#987 = VECTOR('',#988,1.);
#988 = DIRECTION('',(-0.707106781187,0.,-0.707106781187));
#989 = ORIENTED_EDGE('',*,*,#990,.F.);
#990 = EDGE_CURVE('',#991,#983,#993,.T.);
#991 = VERTEX_POINT('',#992);
#992 = CARTESIAN_POINT('',(183.88238567811,-8.060578,39.279451));
#993 = LINE('',#994,#995);
#994 = CARTESIAN_POINT('',(183.88238567811,-8.060578,38.279451));
#995 = VECTOR('',#996,1.);
#996 = DIRECTION('',(0.,0.,1.));
#997 = ORIENTED_EDGE('',*,*,#998,.F.);
#998 = EDGE_CURVE('',#927,#991,#999,.T.);
#999 = LINE('',#1000,#1001);
#1000 = CARTESIAN_POINT('',(160.70224842811,-8.060578,62.45958825));
#1001 = VECTOR('',#1002,1.);
#1002 = DIRECTION('',(-0.707106781187,0.,0.707106781187));
#1003 = FACE_BOUND('',#1004,.T.);
#1004 = EDGE_LOOP('',(#1005));
#1005 = ORIENTED_EDGE('',*,*,#1006,.F.);
#1006 = EDGE_CURVE('',#1007,#1007,#1009,.T.);
#1007 = VERTEX_POINT('',#1008);
#1008 = CARTESIAN_POINT('',(179.98238567811,-8.060578,56.));
#1009 = CIRCLE('',#1010,1.7);
#1010 = AXIS2_PLACEMENT_3D('',#1011,#1012,#1013);
#1011 = CARTESIAN_POINT('',(181.68238567811,-8.060578,56.));
#1012 = DIRECTION('',(0.,1.,-2.2E-16));
#1013 = DIRECTION('',(-1.,0.,0.));
#1014 = FACE_BOUND('',#1015,.T.);
#1015 = EDGE_LOOP('',(#1016,#1026,#1034,#1042));
#1016 = ORIENTED_EDGE('',*,*,#1017,.F.);
#1017 = EDGE_CURVE('',#1018,#1020,#1022,.T.);
#1018 = VERTEX_POINT('',#1019);
#1019 = CARTESIAN_POINT('',(153.90211021143,-8.060578,52.4));
#1020 = VERTEX_POINT('',#1021);
#1021 = CARTESIAN_POINT('',(169.70211021143,-8.060578,52.4));
#1022 = LINE('',#1023,#1024);
#1023 = CARTESIAN_POINT('',(157.80211021143,-8.060578,52.4));
#1024 = VECTOR('',#1025,1.);
#1025 = DIRECTION('',(1.,0.,0.));
#1026 = ORIENTED_EDGE('',*,*,#1027,.F.);
#1027 = EDGE_CURVE('',#1028,#1018,#1030,.T.);
#1028 = VERTEX_POINT('',#1029);
#1029 = CARTESIAN_POINT('',(153.90211021143,-8.060578,36.6));
#1030 = LINE('',#1031,#1032);
#1031 = CARTESIAN_POINT('',(153.90211021143,-8.060578,40.5));
#1032 = VECTOR('',#1033,1.);
#1033 = DIRECTION('',(0.,2.2E-16,1.));
#1034 = ORIENTED_EDGE('',*,*,#1035,.F.);
#1035 = EDGE_CURVE('',#1036,#1028,#1038,.T.);
#1036 = VERTEX_POINT('',#1037);
#1037 = CARTESIAN_POINT('',(169.70211021143,-8.060578,36.6));
#1038 = LINE('',#1039,#1040);
#1039 = CARTESIAN_POINT('',(165.80211021143,-8.060578,36.6));
#1040 = VECTOR('',#1041,1.);
#1041 = DIRECTION('',(-1.,0.,0.));
#1042 = ORIENTED_EDGE('',*,*,#1043,.F.);
#1043 = EDGE_CURVE('',#1020,#1036,#1044,.T.);
#1044 = LINE('',#1045,#1046);
#1045 = CARTESIAN_POINT('',(169.70211021143,-8.060578,48.5));
#1046 = VECTOR('',#1047,1.);
#1047 = DIRECTION('',(0.,-2.2E-16,-1.));
#1048 = PLANE('',#1049);
#1049 = AXIS2_PLACEMENT_3D('',#1050,#1051,#1052);
#1050 = CARTESIAN_POINT('',(79.882385678119,-8.060578,29.));
#1051 = DIRECTION('',(0.,1.,0.));
#1052 = DIRECTION('',(1.,0.,0.));
#1053 = ADVANCED_FACE('',(#1054),#1072,.T.);
#1054 = FACE_BOUND('',#1055,.F.);
#1055 = EDGE_LOOP('',(#1056,#1057,#1058,#1066));
#1056 = ORIENTED_EDGE('',*,*,#902,.F.);
#1057 = ORIENTED_EDGE('',*,*,#39,.T.);
#1058 = ORIENTED_EDGE('',*,*,#1059,.T.);
#1059 = EDGE_CURVE('',#40,#1060,#1062,.T.);
#1060 = VERTEX_POINT('',#1061);
#1061 = CARTESIAN_POINT('',(145.88238567811,72.28105195239,31.5));
#1062 = LINE('',#1063,#1064);
#1063 = CARTESIAN_POINT('',(149.15821150311,69.00522612739,34.775825825)
  );
#1064 = VECTOR('',#1065,1.);
#1065 = DIRECTION('',(0.57735026919,-0.57735026919,0.57735026919));
#1066 = ORIENTED_EDGE('',*,*,#1067,.F.);
#1067 = EDGE_CURVE('',#903,#1060,#1068,.T.);
#1068 = LINE('',#1069,#1070);
#1069 = CARTESIAN_POINT('',(145.88238567811,69.781051952411,31.5));
#1070 = VECTOR('',#1071,1.);
#1071 = DIRECTION('',(0.,1.,7.1E-16));
#1072 = PLANE('',#1073);
#1073 = AXIS2_PLACEMENT_3D('',#1074,#1075,#1076);
#1074 = CARTESIAN_POINT('',(144.63238567811,69.781051952411,30.25));
#1075 = DIRECTION('',(-0.707106781187,0.,0.707106781187));
#1076 = DIRECTION('',(-3.6E-16,-1.,-3.6E-16));
#1077 = ADVANCED_FACE('',(#1078),#1102,.F.);
#1078 = FACE_BOUND('',#1079,.F.);
#1079 = EDGE_LOOP('',(#1080,#1088,#1089,#1090));
#1080 = ORIENTED_EDGE('',*,*,#1081,.F.);
#1081 = EDGE_CURVE('',#210,#1082,#1084,.T.);
#1082 = VERTEX_POINT('',#1083);
#1083 = CARTESIAN_POINT('',(79.882385678119,-7.860578,50.311805698386));
#1084 = LINE('',#1085,#1086);
#1085 = CARTESIAN_POINT('',(79.882385678119,-7.860578,29.));
#1086 = VECTOR('',#1087,1.);
#1087 = DIRECTION('',(0.,0.,1.));
#1088 = ORIENTED_EDGE('',*,*,#217,.T.);
#1089 = ORIENTED_EDGE('',*,*,#942,.T.);
#1090 = ORIENTED_EDGE('',*,*,#1091,.F.);
#1091 = EDGE_CURVE('',#1082,#943,#1092,.T.);
#1092 = B_SPLINE_CURVE_WITH_KNOTS('',8,(#1093,#1094,#1095,#1096,#1097,
    #1098,#1099,#1100,#1101),.UNSPECIFIED.,.F.,.F.,(9,9),(0.,1.),
  .PIECEWISE_BEZIER_KNOTS.);
#1093 = CARTESIAN_POINT('',(79.882385678119,-7.860578,50.311805698387));
#1094 = CARTESIAN_POINT('',(79.882385678119,-7.899479003631,
    50.311805698387));
#1095 = CARTESIAN_POINT('',(79.891032922184,-7.938684056099,
    50.31078122112));
#1096 = CARTESIAN_POINT('',(79.908564743463,-7.975631482636,
    50.308704478307));
#1097 = CARTESIAN_POINT('',(79.934123657748,-8.007952790468,
    50.305927238237));
#1098 = CARTESIAN_POINT('',(79.966309020111,-8.03374568028,
    50.303156830948));
#1099 = CARTESIAN_POINT('',(80.003214345086,-8.051567553222,
    50.301060033974));
#1100 = CARTESIAN_POINT('',(80.042677725811,-8.060578,50.3));
#1101 = CARTESIAN_POINT('',(80.082385678119,-8.060578,50.3));
#1102 = CYLINDRICAL_SURFACE('',#1103,0.2);
#1103 = AXIS2_PLACEMENT_3D('',#1104,#1105,#1106);
#1104 = CARTESIAN_POINT('',(80.082385678119,-7.860578,29.));
#1105 = DIRECTION('',(0.,0.,1.));
#1106 = DIRECTION('',(-1.,0.,0.));
#1107 = ADVANCED_FACE('',(#1108),#1142,.T.);
#1108 = FACE_BOUND('',#1109,.T.);
#1109 = EDGE_LOOP('',(#1110,#1118,#1124,#1125,#1133,#1139,#1140,#1141));
#1110 = ORIENTED_EDGE('',*,*,#1111,.T.);
#1111 = EDGE_CURVE('',#1060,#1112,#1114,.T.);
#1112 = VERTEX_POINT('',#1113);
#1113 = CARTESIAN_POINT('',(145.88238567811,71.781051952411,
    31.99999999998));
#1114 = LINE('',#1115,#1116);
#1115 = CARTESIAN_POINT('',(145.88238567811,74.78105195239,29.));
#1116 = VECTOR('',#1117,1.);
#1117 = DIRECTION('',(0.,-0.707106781187,0.707106781187));
#1118 = ORIENTED_EDGE('',*,*,#1119,.F.);
#1119 = EDGE_CURVE('',#686,#1112,#1120,.T.);
#1120 = LINE('',#1121,#1122);
#1121 = CARTESIAN_POINT('',(185.88238567811,71.781051952411,
    31.99999999998));
#1122 = VECTOR('',#1123,1.);
#1123 = DIRECTION('',(-1.,0.,0.));
#1124 = ORIENTED_EDGE('',*,*,#685,.F.);
#1125 = ORIENTED_EDGE('',*,*,#1126,.F.);
#1126 = EDGE_CURVE('',#1127,#678,#1129,.T.);
#1127 = VERTEX_POINT('',#1128);
#1128 = CARTESIAN_POINT('',(187.88238567811,70.911499836345,
    32.869552116045));
#1129 = LINE('',#1130,#1131);
#1130 = CARTESIAN_POINT('',(187.88238567811,70.911499836345,
    32.869552116045));
#1131 = VECTOR('',#1132,1.);
#1132 = DIRECTION('',(-1.,-0.,-0.));
#1133 = ORIENTED_EDGE('',*,*,#1134,.T.);
#1134 = EDGE_CURVE('',#1127,#56,#1135,.T.);
#1135 = LINE('',#1136,#1137);
#1136 = CARTESIAN_POINT('',(187.88238567811,70.911499836345,
    32.869552116045));
#1137 = VECTOR('',#1138,1.);
#1138 = DIRECTION('',(0.,0.707106781187,-0.707106781187));
#1139 = ORIENTED_EDGE('',*,*,#55,.T.);
#1140 = ORIENTED_EDGE('',*,*,#47,.T.);
#1141 = ORIENTED_EDGE('',*,*,#1059,.T.);
#1142 = PLANE('',#1143);
#1143 = AXIS2_PLACEMENT_3D('',#1144,#1145,#1146);
#1144 = CARTESIAN_POINT('',(167.40046906678,73.212616171711,
    30.568435780679));
#1145 = DIRECTION('',(0.,0.707106781187,0.707106781187));
#1146 = DIRECTION('',(0.,-0.707106781187,0.707106781187));
#1147 = ADVANCED_FACE('',(#1148),#1303,.T.);
#1148 = FACE_BOUND('',#1149,.T.);
#1149 = EDGE_LOOP('',(#1150,#1151,#1159,#1167,#1175,#1183,#1191,#1199,
    #1207,#1215,#1223,#1231,#1239,#1245,#1246,#1254,#1262,#1270,#1278,
    #1287,#1296,#1302));
#1150 = ORIENTED_EDGE('',*,*,#209,.F.);
#1151 = ORIENTED_EDGE('',*,*,#1152,.T.);
#1152 = EDGE_CURVE('',#202,#1153,#1155,.T.);
#1153 = VERTEX_POINT('',#1154);
#1154 = CARTESIAN_POINT('',(79.882385678119,-1.611935399305,31.5));
#1155 = LINE('',#1156,#1157);
#1156 = CARTESIAN_POINT('',(79.882385678119,23.275903950521,
    56.387839349826));
#1157 = VECTOR('',#1158,1.);
#1158 = DIRECTION('',(0.,0.707106781187,0.707106781187));
#1159 = ORIENTED_EDGE('',*,*,#1160,.F.);
#1160 = EDGE_CURVE('',#1161,#1153,#1163,.T.);
#1161 = VERTEX_POINT('',#1162);
#1162 = CARTESIAN_POINT('',(79.882385678119,-1.611935399305,
    31.696182681115));
#1163 = LINE('',#1164,#1165);
#1164 = CARTESIAN_POINT('',(79.882385678119,-1.611935399305,
    31.696182681115));
#1165 = VECTOR('',#1166,1.);
#1166 = DIRECTION('',(0.,0.,-1.));
#1167 = ORIENTED_EDGE('',*,*,#1168,.T.);
#1168 = EDGE_CURVE('',#1161,#1169,#1171,.T.);
#1169 = VERTEX_POINT('',#1170);
#1170 = CARTESIAN_POINT('',(79.882385678119,0.388064600695,
    31.696182681115));
#1171 = LINE('',#1172,#1173);
#1172 = CARTESIAN_POINT('',(79.882385678119,-1.611935399305,
    31.696182681115));
#1173 = VECTOR('',#1174,1.);
#1174 = DIRECTION('',(0.,1.,0.));
#1175 = ORIENTED_EDGE('',*,*,#1176,.T.);
#1176 = EDGE_CURVE('',#1169,#1177,#1179,.T.);
#1177 = VERTEX_POINT('',#1178);
#1178 = CARTESIAN_POINT('',(79.882385678119,-0.595886199184,
    32.680133480994));
#1179 = LINE('',#1180,#1181);
#1180 = CARTESIAN_POINT('',(79.882385678119,28.048040961358,
    4.036206320453));
#1181 = VECTOR('',#1182,1.);
#1182 = DIRECTION('',(0.,-0.707106781187,0.707106781187));
#1183 = ORIENTED_EDGE('',*,*,#1184,.T.);
#1184 = EDGE_CURVE('',#1177,#1185,#1187,.T.);
#1185 = VERTEX_POINT('',#1186);
#1186 = CARTESIAN_POINT('',(79.882385678119,-0.595886199184,
    37.884628161159));
#1187 = LINE('',#1188,#1189);
#1188 = CARTESIAN_POINT('',(79.882385678119,-0.595886199184,
    30.840066740497));
#1189 = VECTOR('',#1190,1.);
#1190 = DIRECTION('',(0.,-1.1E-16,1.));
#1191 = ORIENTED_EDGE('',*,*,#1192,.T.);
#1192 = EDGE_CURVE('',#1185,#1193,#1195,.T.);
#1193 = VERTEX_POINT('',#1194);
#1194 = CARTESIAN_POINT('',(79.882385678119,3.08424728181,
    41.564761642153));
#1195 = LINE('',#1196,#1197);
#1196 = CARTESIAN_POINT('',(79.882385678119,23.066783810322,
    61.547298170666));
#1197 = VECTOR('',#1198,1.);
#1198 = DIRECTION('',(0.,0.707106781187,0.707106781187));
#1199 = ORIENTED_EDGE('',*,*,#1200,.T.);
#1200 = EDGE_CURVE('',#1193,#1201,#1203,.T.);
#1201 = VERTEX_POINT('',#1202);
#1202 = CARTESIAN_POINT('',(79.882385678119,8.288741961975,
    41.564761642153));
#1203 = LINE('',#1204,#1205);
#1204 = CARTESIAN_POINT('',(79.882385678119,53.011834640905,
    41.564761642153));
#1205 = VECTOR('',#1206,1.);
#1206 = DIRECTION('',(0.,1.,0.));
#1207 = ORIENTED_EDGE('',*,*,#1208,.T.);
#1208 = EDGE_CURVE('',#1201,#1209,#1211,.T.);
#1209 = VERTEX_POINT('',#1210);
#1210 = CARTESIAN_POINT('',(79.882385678119,11.968875442969,
    37.884628161159));
#1211 = LINE('',#1212,#1213);
#1212 = CARTESIAN_POINT('',(79.882385678119,35.09260238202,
    14.760901222109));
#1213 = VECTOR('',#1214,1.);
#1214 = DIRECTION('',(0.,0.707106781187,-0.707106781187));
#1215 = ORIENTED_EDGE('',*,*,#1216,.T.);
#1216 = EDGE_CURVE('',#1209,#1217,#1219,.T.);
#1217 = VERTEX_POINT('',#1218);
#1218 = CARTESIAN_POINT('',(79.882385678119,11.968875442969,
    32.680133480994));
#1219 = LINE('',#1220,#1221);
#1220 = CARTESIAN_POINT('',(79.882385678119,11.968875442969,
    33.44231408058));
#1221 = VECTOR('',#1222,1.);
#1222 = DIRECTION('',(0.,0.,-1.));
#1223 = ORIENTED_EDGE('',*,*,#1224,.T.);
#1224 = EDGE_CURVE('',#1217,#1225,#1227,.T.);
#1225 = VERTEX_POINT('',#1226);
#1226 = CARTESIAN_POINT('',(79.882385678119,10.984924643091,
    31.696182681115));
#1227 = LINE('',#1228,#1229);
#1228 = CARTESIAN_POINT('',(79.882385678119,33.791478711979,
    54.502736750003));
#1229 = VECTOR('',#1230,1.);
#1230 = DIRECTION('',(0.,-0.707106781187,-0.707106781187));
#1231 = ORIENTED_EDGE('',*,*,#1232,.F.);
#1232 = EDGE_CURVE('',#1233,#1225,#1235,.T.);
#1233 = VERTEX_POINT('',#1234);
#1234 = CARTESIAN_POINT('',(79.882385678119,12.984924643091,
    31.696182681115));
#1235 = LINE('',#1236,#1237);
#1236 = CARTESIAN_POINT('',(79.882385678119,12.984924643091,
    31.696182681115));
#1237 = VECTOR('',#1238,1.);
#1238 = DIRECTION('',(0.,-1.,0.));
#1239 = ORIENTED_EDGE('',*,*,#1240,.F.);
#1240 = EDGE_CURVE('',#138,#1233,#1241,.T.);
#1241 = LINE('',#1242,#1243);
#1242 = CARTESIAN_POINT('',(79.882385678119,12.984924643091,
    28.696182681115));
#1243 = VECTOR('',#1244,1.);
#1244 = DIRECTION('',(0.,0.,1.));
#1245 = ORIENTED_EDGE('',*,*,#137,.F.);
#1246 = ORIENTED_EDGE('',*,*,#1247,.T.);
#1247 = EDGE_CURVE('',#129,#1248,#1250,.T.);
#1248 = VERTEX_POINT('',#1249);
#1249 = CARTESIAN_POINT('',(79.882385678119,102.739422,60.));
#1250 = LINE('',#1251,#1252);
#1251 = CARTESIAN_POINT('',(79.882385678119,102.739422,29.));
#1252 = VECTOR('',#1253,1.);
#1253 = DIRECTION('',(0.,0.,1.));
#1254 = ORIENTED_EDGE('',*,*,#1255,.T.);
#1255 = EDGE_CURVE('',#1248,#1256,#1258,.T.);
#1256 = VERTEX_POINT('',#1257);
#1257 = CARTESIAN_POINT('',(79.882385678119,-7.860578,60.));
#1258 = LINE('',#1259,#1260);
#1259 = CARTESIAN_POINT('',(79.882385678119,102.939422,60.));
#1260 = VECTOR('',#1261,1.);
#1261 = DIRECTION('',(0.,-1.,0.));
#1262 = ORIENTED_EDGE('',*,*,#1263,.F.);
#1263 = EDGE_CURVE('',#1264,#1256,#1266,.T.);
#1264 = VERTEX_POINT('',#1265);
#1265 = CARTESIAN_POINT('',(79.882385678119,-7.860578,53.688194301614));
#1266 = LINE('',#1267,#1268);
#1267 = CARTESIAN_POINT('',(79.882385678119,-7.860578,29.));
#1268 = VECTOR('',#1269,1.);
#1269 = DIRECTION('',(0.,0.,1.));
#1270 = ORIENTED_EDGE('',*,*,#1271,.T.);
#1271 = EDGE_CURVE('',#1264,#1272,#1274,.T.);
#1272 = VERTEX_POINT('',#1273);
#1273 = CARTESIAN_POINT('',(79.882385678119,14.939422,53.688194301613));
#1274 = LINE('',#1275,#1276);
#1275 = CARTESIAN_POINT('',(79.882385678119,-10.060578,53.688194301613)
  );
#1276 = VECTOR('',#1277,1.);
#1277 = DIRECTION('',(0.,1.,-2.2E-16));
#1278 = ORIENTED_EDGE('',*,*,#1279,.T.);
#1279 = EDGE_CURVE('',#1272,#1280,#1282,.T.);
#1280 = VERTEX_POINT('',#1281);
#1281 = CARTESIAN_POINT('',(79.882385678119,15.840712928541,52.));
#1282 = HYPERBOLA('',#1283,0.120172123806,0.2);
#1283 = AXIS2_PLACEMENT_3D('',#1284,#1285,#1286);
#1284 = CARTESIAN_POINT('',(79.882385678119,15.960885052347,52.));
#1285 = DIRECTION('',(1.,0.,0.));
#1286 = DIRECTION('',(0.,-1.,2.2E-16));
#1287 = ORIENTED_EDGE('',*,*,#1288,.T.);
#1288 = EDGE_CURVE('',#1280,#1289,#1291,.T.);
#1289 = VERTEX_POINT('',#1290);
#1290 = CARTESIAN_POINT('',(79.882385678119,14.939422,50.311805698387));
#1291 = HYPERBOLA('',#1292,0.120172123806,0.2);
#1292 = AXIS2_PLACEMENT_3D('',#1293,#1294,#1295);
#1293 = CARTESIAN_POINT('',(79.882385678119,15.960885052347,52.));
#1294 = DIRECTION('',(1.,0.,0.));
#1295 = DIRECTION('',(0.,-1.,2.2E-16));
#1296 = ORIENTED_EDGE('',*,*,#1297,.F.);
#1297 = EDGE_CURVE('',#1082,#1289,#1298,.T.);
#1298 = LINE('',#1299,#1300);
#1299 = CARTESIAN_POINT('',(79.882385678119,-10.060578,50.311805698387)
  );
#1300 = VECTOR('',#1301,1.);
#1301 = DIRECTION('',(0.,1.,-2.2E-16));
#1302 = ORIENTED_EDGE('',*,*,#1081,.F.);
#1303 = PLANE('',#1304);
#1304 = AXIS2_PLACEMENT_3D('',#1305,#1306,#1307);
#1305 = CARTESIAN_POINT('',(79.882385678119,102.939422,29.));
#1306 = DIRECTION('',(1.,0.,0.));
#1307 = DIRECTION('',(0.,-1.,0.));
#1308 = ADVANCED_FACE('',(#1309),#1327,.T.);
#1309 = FACE_BOUND('',#1310,.F.);
#1310 = EDGE_LOOP('',(#1311,#1319,#1320,#1321));
#1311 = ORIENTED_EDGE('',*,*,#1312,.F.);
#1312 = EDGE_CURVE('',#194,#1313,#1315,.T.);
#1313 = VERTEX_POINT('',#1314);
#1314 = CARTESIAN_POINT('',(129.88238567811,-1.611935399305,31.5));
#1315 = LINE('',#1316,#1317);
#1316 = CARTESIAN_POINT('',(130.71571901145,-2.445268732639,
    30.666666666667));
#1317 = VECTOR('',#1318,1.);
#1318 = DIRECTION('',(-0.57735026919,0.57735026919,0.57735026919));
#1319 = ORIENTED_EDGE('',*,*,#201,.T.);
#1320 = ORIENTED_EDGE('',*,*,#1152,.T.);
#1321 = ORIENTED_EDGE('',*,*,#1322,.F.);
#1322 = EDGE_CURVE('',#1313,#1153,#1323,.T.);
#1323 = LINE('',#1324,#1325);
#1324 = CARTESIAN_POINT('',(129.88238567811,-1.611935399305,31.5));
#1325 = VECTOR('',#1326,1.);
#1326 = DIRECTION('',(-1.,0.,0.));
#1327 = PLANE('',#1328);
#1328 = AXIS2_PLACEMENT_3D('',#1329,#1330,#1331);
#1329 = CARTESIAN_POINT('',(129.88238567811,-2.861935399305,30.25));
#1330 = DIRECTION('',(0.,-0.707106781187,0.707106781187));
#1331 = DIRECTION('',(1.,0.,0.));
#1332 = ADVANCED_FACE('',(#1333,#1367,#1417,#1487,#1498),#1509,.T.);
#1333 = FACE_BOUND('',#1334,.T.);
#1334 = EDGE_LOOP('',(#1335,#1345,#1353,#1361));
#1335 = ORIENTED_EDGE('',*,*,#1336,.F.);
#1336 = EDGE_CURVE('',#1337,#1339,#1341,.T.);
#1337 = VERTEX_POINT('',#1338);
#1338 = CARTESIAN_POINT('',(187.88238567811,-10.060578,27.));
#1339 = VERTEX_POINT('',#1340);
#1340 = CARTESIAN_POINT('',(187.88238567811,-10.060578,60.));
#1341 = LINE('',#1342,#1343);
#1342 = CARTESIAN_POINT('',(187.88238567811,-10.060578,27.));
#1343 = VECTOR('',#1344,1.);
#1344 = DIRECTION('',(0.,0.,1.));
#1345 = ORIENTED_EDGE('',*,*,#1346,.T.);
#1346 = EDGE_CURVE('',#1337,#1347,#1349,.T.);
#1347 = VERTEX_POINT('',#1348);
#1348 = CARTESIAN_POINT('',(187.88238567811,105.939422,27.));
#1349 = LINE('',#1350,#1351);
#1350 = CARTESIAN_POINT('',(187.88238567811,-10.060578,27.));
#1351 = VECTOR('',#1352,1.);
#1352 = DIRECTION('',(0.,1.,0.));
#1353 = ORIENTED_EDGE('',*,*,#1354,.F.);
#1354 = EDGE_CURVE('',#1355,#1347,#1357,.T.);
#1355 = VERTEX_POINT('',#1356);
#1356 = CARTESIAN_POINT('',(187.88238567811,105.939422,60.));
#1357 = LINE('',#1358,#1359);
#1358 = CARTESIAN_POINT('',(187.88238567811,105.939422,60.));
#1359 = VECTOR('',#1360,1.);
#1360 = DIRECTION('',(0.,0.,-1.));
#1361 = ORIENTED_EDGE('',*,*,#1362,.F.);
#1362 = EDGE_CURVE('',#1339,#1355,#1363,.T.);
#1363 = LINE('',#1364,#1365);
#1364 = CARTESIAN_POINT('',(187.88238567811,104.939422,60.));
#1365 = VECTOR('',#1366,1.);
#1366 = DIRECTION('',(0.,1.,-2.2E-16));
#1367 = FACE_BOUND('',#1368,.T.);
#1368 = EDGE_LOOP('',(#1369,#1379,#1387,#1393,#1394,#1395,#1403,#1411));
#1369 = ORIENTED_EDGE('',*,*,#1370,.F.);
#1370 = EDGE_CURVE('',#1371,#1373,#1375,.T.);
#1371 = VERTEX_POINT('',#1372);
#1372 = CARTESIAN_POINT('',(187.88238567811,84.122977151257,
    38.341925198866));
#1373 = VERTEX_POINT('',#1374);
#1374 = CARTESIAN_POINT('',(187.88238567811,80.253425035211,
    42.211477314911));
#1375 = LINE('',#1376,#1377);
#1376 = CARTESIAN_POINT('',(187.88238567811,84.122977151257,
    38.341925198866));
#1377 = VECTOR('',#1378,1.);
#1378 = DIRECTION('',(0.,-0.707106781187,0.707106781187));
#1379 = ORIENTED_EDGE('',*,*,#1380,.F.);
#1380 = EDGE_CURVE('',#1381,#1371,#1383,.T.);
#1381 = VERTEX_POINT('',#1382);
#1382 = CARTESIAN_POINT('',(187.88238567811,84.122977151257,
    32.869552116045));
#1383 = LINE('',#1384,#1385);
#1384 = CARTESIAN_POINT('',(187.88238567811,84.122977151257,
    32.869552116045));
#1385 = VECTOR('',#1386,1.);
#1386 = DIRECTION('',(0.,0.,1.));
#1387 = ORIENTED_EDGE('',*,*,#1388,.F.);
#1388 = EDGE_CURVE('',#64,#1381,#1389,.T.);
#1389 = LINE('',#1390,#1391);
#1390 = CARTESIAN_POINT('',(187.88238567811,80.253425035211,29.));
#1391 = VECTOR('',#1392,1.);
#1392 = DIRECTION('',(0.,0.707106781187,0.707106781187));
#1393 = ORIENTED_EDGE('',*,*,#63,.F.);
#1394 = ORIENTED_EDGE('',*,*,#1134,.F.);
#1395 = ORIENTED_EDGE('',*,*,#1396,.F.);
#1396 = EDGE_CURVE('',#1397,#1127,#1399,.T.);
#1397 = VERTEX_POINT('',#1398);
#1398 = CARTESIAN_POINT('',(187.88238567811,70.911499836345,
    38.341925198866));
#1399 = LINE('',#1400,#1401);
#1400 = CARTESIAN_POINT('',(187.88238567811,70.911499836345,
    38.341925198866));
#1401 = VECTOR('',#1402,1.);
#1402 = DIRECTION('',(0.,0.,-1.));
#1403 = ORIENTED_EDGE('',*,*,#1404,.F.);
#1404 = EDGE_CURVE('',#1405,#1397,#1407,.T.);
#1405 = VERTEX_POINT('',#1406);
#1406 = CARTESIAN_POINT('',(187.88238567811,74.78105195239,
    42.211477314911));
#1407 = LINE('',#1408,#1409);
#1408 = CARTESIAN_POINT('',(187.88238567811,74.78105195239,
    42.211477314911));
#1409 = VECTOR('',#1410,1.);
#1410 = DIRECTION('',(0.,-0.707106781187,-0.707106781187));
#1411 = ORIENTED_EDGE('',*,*,#1412,.F.);
#1412 = EDGE_CURVE('',#1373,#1405,#1413,.T.);
#1413 = LINE('',#1414,#1415);
#1414 = CARTESIAN_POINT('',(187.88238567811,80.253425035211,
    42.211477314911));
#1415 = VECTOR('',#1416,1.);
#1416 = DIRECTION('',(0.,-1.,0.));
#1417 = FACE_BOUND('',#1418,.T.);
#1418 = EDGE_LOOP('',(#1419,#1430,#1438,#1447,#1455,#1464,#1472,#1481));
#1419 = ORIENTED_EDGE('',*,*,#1420,.F.);
#1420 = EDGE_CURVE('',#1421,#1423,#1425,.T.);
#1421 = VERTEX_POINT('',#1422);
#1422 = CARTESIAN_POINT('',(187.88238567811,39.5,46.25));
#1423 = VERTEX_POINT('',#1424);
#1424 = CARTESIAN_POINT('',(187.88238567811,38.35,45.1));
#1425 = CIRCLE('',#1426,1.15);
#1426 = AXIS2_PLACEMENT_3D('',#1427,#1428,#1429);
#1427 = CARTESIAN_POINT('',(187.88238567811,39.5,45.1));
#1428 = DIRECTION('',(1.,0.,0.));
#1429 = DIRECTION('',(0.,-1.,0.));
#1430 = ORIENTED_EDGE('',*,*,#1431,.T.);
#1431 = EDGE_CURVE('',#1421,#1432,#1434,.T.);
#1432 = VERTEX_POINT('',#1433);
#1433 = CARTESIAN_POINT('',(187.88238567811,49.7,46.25));
#1434 = LINE('',#1435,#1436);
#1435 = CARTESIAN_POINT('',(187.88238567811,39.5,46.25));
#1436 = VECTOR('',#1437,1.);
#1437 = DIRECTION('',(0.,1.,0.));
#1438 = ORIENTED_EDGE('',*,*,#1439,.F.);
#1439 = EDGE_CURVE('',#1440,#1432,#1442,.T.);
#1440 = VERTEX_POINT('',#1441);
#1441 = CARTESIAN_POINT('',(187.88238567811,50.85,45.1));
#1442 = CIRCLE('',#1443,1.15);
#1443 = AXIS2_PLACEMENT_3D('',#1444,#1445,#1446);
#1444 = CARTESIAN_POINT('',(187.88238567811,49.7,45.1));
#1445 = DIRECTION('',(1.,0.,0.));
#1446 = DIRECTION('',(0.,-1.11E-15,1.));
#1447 = ORIENTED_EDGE('',*,*,#1448,.T.);
#1448 = EDGE_CURVE('',#1440,#1449,#1451,.T.);
#1449 = VERTEX_POINT('',#1450);
#1450 = CARTESIAN_POINT('',(187.88238567811,50.85,41.9));
#1451 = LINE('',#1452,#1453);
#1452 = CARTESIAN_POINT('',(187.88238567811,50.85,42.));
#1453 = VECTOR('',#1454,1.);
#1454 = DIRECTION('',(0.,0.,-1.));
#1455 = ORIENTED_EDGE('',*,*,#1456,.F.);
#1456 = EDGE_CURVE('',#1457,#1449,#1459,.T.);
#1457 = VERTEX_POINT('',#1458);
#1458 = CARTESIAN_POINT('',(187.88238567811,49.7,40.75));
#1459 = CIRCLE('',#1460,1.15);
#1460 = AXIS2_PLACEMENT_3D('',#1461,#1462,#1463);
#1461 = CARTESIAN_POINT('',(187.88238567811,49.7,41.9));
#1462 = DIRECTION('',(1.,-0.,0.));
#1463 = DIRECTION('',(0.,1.,-2.8E-16));
#1464 = ORIENTED_EDGE('',*,*,#1465,.F.);
#1465 = EDGE_CURVE('',#1466,#1457,#1468,.T.);
#1466 = VERTEX_POINT('',#1467);
#1467 = CARTESIAN_POINT('',(187.88238567811,39.5,40.75));
#1468 = LINE('',#1469,#1470);
#1469 = CARTESIAN_POINT('',(187.88238567811,39.5,40.75));
#1470 = VECTOR('',#1471,1.);
#1471 = DIRECTION('',(0.,1.,7.E-16));
#1472 = ORIENTED_EDGE('',*,*,#1473,.F.);
#1473 = EDGE_CURVE('',#1474,#1466,#1476,.T.);
#1474 = VERTEX_POINT('',#1475);
#1475 = CARTESIAN_POINT('',(187.88238567811,38.35,41.9));
#1476 = CIRCLE('',#1477,1.15);
#1477 = AXIS2_PLACEMENT_3D('',#1478,#1479,#1480);
#1478 = CARTESIAN_POINT('',(187.88238567811,39.5,41.9));
#1479 = DIRECTION('',(1.,-0.,0.));
#1480 = DIRECTION('',(0.,1.11E-15,-1.));
#1481 = ORIENTED_EDGE('',*,*,#1482,.F.);
#1482 = EDGE_CURVE('',#1423,#1474,#1483,.T.);
#1483 = LINE('',#1484,#1485);
#1484 = CARTESIAN_POINT('',(187.88238567811,38.35,45.1));
#1485 = VECTOR('',#1486,1.);
#1486 = DIRECTION('',(0.,0.,-1.));
#1487 = FACE_BOUND('',#1488,.T.);
#1488 = EDGE_LOOP('',(#1489));
#1489 = ORIENTED_EDGE('',*,*,#1490,.F.);
#1490 = EDGE_CURVE('',#1491,#1491,#1493,.T.);
#1491 = VERTEX_POINT('',#1492);
#1492 = CARTESIAN_POINT('',(187.88238567811,14.44,43.5));
#1493 = CIRCLE('',#1494,4.);
#1494 = AXIS2_PLACEMENT_3D('',#1495,#1496,#1497);
#1495 = CARTESIAN_POINT('',(187.88238567811,10.44,43.5));
#1496 = DIRECTION('',(1.,0.,0.));
#1497 = DIRECTION('',(0.,1.,0.));
#1498 = FACE_BOUND('',#1499,.T.);
#1499 = EDGE_LOOP('',(#1500));
#1500 = ORIENTED_EDGE('',*,*,#1501,.F.);
#1501 = EDGE_CURVE('',#1502,#1502,#1504,.T.);
#1502 = VERTEX_POINT('',#1503);
#1503 = CARTESIAN_POINT('',(187.88238567811,1.27,43.5));
#1504 = CIRCLE('',#1505,2.5);
#1505 = AXIS2_PLACEMENT_3D('',#1506,#1507,#1508);
#1506 = CARTESIAN_POINT('',(187.88238567811,-1.23,43.5));
#1507 = DIRECTION('',(1.,0.,0.));
#1508 = DIRECTION('',(0.,1.,0.));
#1509 = PLANE('',#1510);
#1510 = AXIS2_PLACEMENT_3D('',#1511,#1512,#1513);
#1511 = CARTESIAN_POINT('',(187.88238567811,47.939422,43.5));
#1512 = DIRECTION('',(1.,0.,0.));
#1513 = DIRECTION('',(0.,0.,1.));
#1514 = ADVANCED_FACE('',(#1515),#1533,.F.);
#1515 = FACE_BOUND('',#1516,.T.);
#1516 = EDGE_LOOP('',(#1517,#1518,#1519,#1527));
#1517 = ORIENTED_EDGE('',*,*,#1312,.F.);
#1518 = ORIENTED_EDGE('',*,*,#193,.T.);
#1519 = ORIENTED_EDGE('',*,*,#1520,.T.);
#1520 = EDGE_CURVE('',#186,#1521,#1523,.T.);
#1521 = VERTEX_POINT('',#1522);
#1522 = CARTESIAN_POINT('',(129.88238567811,0.58424728181,31.5));
#1523 = LINE('',#1524,#1525);
#1524 = CARTESIAN_POINT('',(125.86164910812,-3.436489288182,
    35.520736569993));
#1525 = VECTOR('',#1526,1.);
#1526 = DIRECTION('',(-0.57735026919,-0.57735026919,0.57735026919));
#1527 = ORIENTED_EDGE('',*,*,#1528,.F.);
#1528 = EDGE_CURVE('',#1313,#1521,#1529,.T.);
#1529 = LINE('',#1530,#1531);
#1530 = CARTESIAN_POINT('',(129.88238567811,-1.611935399305,31.5));
#1531 = VECTOR('',#1532,1.);
#1532 = DIRECTION('',(0.,1.,0.));
#1533 = PLANE('',#1534);
#1534 = AXIS2_PLACEMENT_3D('',#1535,#1536,#1537);
#1535 = CARTESIAN_POINT('',(131.13238567811,-1.611935399305,30.25));
#1536 = DIRECTION('',(-0.707106781187,0.,-0.707106781187));
#1537 = DIRECTION('',(-0.,-1.,-0.));
#1538 = ADVANCED_FACE('',(#1539),#1573,.T.);
#1539 = FACE_BOUND('',#1540,.T.);
#1540 = EDGE_LOOP('',(#1541,#1551,#1557,#1558,#1559,#1560,#1566,#1567));
#1541 = ORIENTED_EDGE('',*,*,#1542,.T.);
#1542 = EDGE_CURVE('',#1543,#1545,#1547,.T.);
#1543 = VERTEX_POINT('',#1544);
#1544 = CARTESIAN_POINT('',(145.88238567811,83.253425035211,32.));
#1545 = VERTEX_POINT('',#1546);
#1546 = CARTESIAN_POINT('',(145.88238567811,83.053425035211,31.8));
#1547 = LINE('',#1548,#1549);
#1548 = CARTESIAN_POINT('',(145.88238567811,83.253425035211,32.));
#1549 = VECTOR('',#1550,1.);
#1550 = DIRECTION('',(0.,-0.707106781187,-0.707106781187));
#1551 = ORIENTED_EDGE('',*,*,#1552,.F.);
#1552 = EDGE_CURVE('',#80,#1545,#1553,.T.);
#1553 = LINE('',#1554,#1555);
#1554 = CARTESIAN_POINT('',(148.12487816979,85.295917526882,
    34.042492491671));
#1555 = VECTOR('',#1556,1.);
#1556 = DIRECTION('',(0.57735026919,0.57735026919,0.57735026919));
#1557 = ORIENTED_EDGE('',*,*,#79,.F.);
#1558 = ORIENTED_EDGE('',*,*,#71,.F.);
#1559 = ORIENTED_EDGE('',*,*,#1388,.T.);
#1560 = ORIENTED_EDGE('',*,*,#1561,.T.);
#1561 = EDGE_CURVE('',#1381,#638,#1562,.T.);
#1562 = LINE('',#1563,#1564);
#1563 = CARTESIAN_POINT('',(187.88238567811,84.122977151257,
    32.869552116045));
#1564 = VECTOR('',#1565,1.);
#1565 = DIRECTION('',(-1.,-0.,-0.));
#1566 = ORIENTED_EDGE('',*,*,#637,.F.);
#1567 = ORIENTED_EDGE('',*,*,#1568,.T.);
#1568 = EDGE_CURVE('',#630,#1543,#1569,.T.);
#1569 = LINE('',#1570,#1571);
#1570 = CARTESIAN_POINT('',(185.88238567811,83.253425035211,32.));
#1571 = VECTOR('',#1572,1.);
#1572 = DIRECTION('',(-1.,0.,0.));
#1573 = PLANE('',#1574);
#1574 = AXIS2_PLACEMENT_3D('',#1575,#1576,#1577);
#1575 = CARTESIAN_POINT('',(167.40046906676,81.821860815899,
    30.568435780688));
#1576 = DIRECTION('',(0.,-0.707106781187,0.707106781187));
#1577 = DIRECTION('',(0.,0.707106781187,0.707106781187));
#1578 = ADVANCED_FACE('',(#1579),#1613,.T.);
#1579 = FACE_BOUND('',#1580,.T.);
#1580 = EDGE_LOOP('',(#1581,#1589,#1590,#1591,#1592,#1600,#1606,#1607));
#1581 = ORIENTED_EDGE('',*,*,#1582,.F.);
#1582 = EDGE_CURVE('',#1521,#1583,#1585,.T.);
#1583 = VERTEX_POINT('',#1584);
#1584 = CARTESIAN_POINT('',(129.88238567811,0.388064600695,
    31.696182681115));
#1585 = LINE('',#1586,#1587);
#1586 = CARTESIAN_POINT('',(129.88238567811,3.388064600695,
    28.696182681115));
#1587 = VECTOR('',#1588,1.);
#1588 = DIRECTION('',(0.,-0.707106781187,0.707106781187));
#1589 = ORIENTED_EDGE('',*,*,#1520,.F.);
#1590 = ORIENTED_EDGE('',*,*,#185,.F.);
#1591 = ORIENTED_EDGE('',*,*,#177,.F.);
#1592 = ORIENTED_EDGE('',*,*,#1593,.T.);
#1593 = EDGE_CURVE('',#170,#1594,#1596,.T.);
#1594 = VERTEX_POINT('',#1595);
#1595 = CARTESIAN_POINT('',(77.882385678119,-0.595886199184,
    32.680133480994));
#1596 = LINE('',#1597,#1598);
#1597 = CARTESIAN_POINT('',(77.882385678119,3.08424728181,29.));
#1598 = VECTOR('',#1599,1.);
#1599 = DIRECTION('',(0.,-0.707106781187,0.707106781187));
#1600 = ORIENTED_EDGE('',*,*,#1601,.T.);
#1601 = EDGE_CURVE('',#1594,#1177,#1602,.T.);
#1602 = LINE('',#1603,#1604);
#1603 = CARTESIAN_POINT('',(77.882385678119,-0.595886199184,
    32.680133480994));
#1604 = VECTOR('',#1605,1.);
#1605 = DIRECTION('',(1.,0.,0.));
#1606 = ORIENTED_EDGE('',*,*,#1176,.F.);
#1607 = ORIENTED_EDGE('',*,*,#1608,.T.);
#1608 = EDGE_CURVE('',#1169,#1583,#1609,.T.);
#1609 = LINE('',#1610,#1611);
#1610 = CARTESIAN_POINT('',(79.882385678119,0.388064600695,
    31.696182681115));
#1611 = VECTOR('',#1612,1.);
#1612 = DIRECTION('',(1.,0.,0.));
#1613 = PLANE('',#1614);
#1614 = AXIS2_PLACEMENT_3D('',#1615,#1616,#1617);
#1615 = CARTESIAN_POINT('',(103.27425314689,1.674195178004,
    30.410052103806));
#1616 = DIRECTION('',(0.,0.707106781187,0.707106781187));
#1617 = DIRECTION('',(0.,-0.707106781187,0.707106781187));
#1618 = ADVANCED_FACE('',(#1619),#1637,.T.);
#1619 = FACE_BOUND('',#1620,.F.);
#1620 = EDGE_LOOP('',(#1621,#1622,#1623,#1631));
#1621 = ORIENTED_EDGE('',*,*,#1552,.F.);
#1622 = ORIENTED_EDGE('',*,*,#87,.T.);
#1623 = ORIENTED_EDGE('',*,*,#1624,.T.);
#1624 = EDGE_CURVE('',#88,#1625,#1627,.T.);
#1625 = VERTEX_POINT('',#1626);
#1626 = CARTESIAN_POINT('',(145.88238567811,85.253425035211,31.8));
#1627 = LINE('',#1628,#1629);
#1628 = CARTESIAN_POINT('',(152.44905234478,78.686758368545,
    38.366666666667));
#1629 = VECTOR('',#1630,1.);
#1630 = DIRECTION('',(0.57735026919,-0.57735026919,0.57735026919));
#1631 = ORIENTED_EDGE('',*,*,#1632,.F.);
#1632 = EDGE_CURVE('',#1545,#1625,#1633,.T.);
#1633 = LINE('',#1634,#1635);
#1634 = CARTESIAN_POINT('',(145.88238567811,80.253425035211,31.8));
#1635 = VECTOR('',#1636,1.);
#1636 = DIRECTION('',(0.,1.,7.1E-16));
#1637 = PLANE('',#1638);
#1638 = AXIS2_PLACEMENT_3D('',#1639,#1640,#1641);
#1639 = CARTESIAN_POINT('',(144.48238567811,80.253425035211,30.4));
#1640 = DIRECTION('',(-0.707106781187,0.,0.707106781187));
#1641 = DIRECTION('',(-3.6E-16,-1.,-3.6E-16));
#1642 = ADVANCED_FACE('',(#1643,#1677),#1727,.T.);
#1643 = FACE_BOUND('',#1644,.T.);
#1644 = EDGE_LOOP('',(#1645,#1655,#1663,#1671));
#1645 = ORIENTED_EDGE('',*,*,#1646,.T.);
#1646 = EDGE_CURVE('',#1647,#1649,#1651,.T.);
#1647 = VERTEX_POINT('',#1648);
#1648 = CARTESIAN_POINT('',(77.882385678119,-10.060578,27.));
#1649 = VERTEX_POINT('',#1650);
#1650 = CARTESIAN_POINT('',(77.882385678119,-10.060578,60.));
#1651 = LINE('',#1652,#1653);
#1652 = CARTESIAN_POINT('',(77.882385678119,-10.060578,27.));
#1653 = VECTOR('',#1654,1.);
#1654 = DIRECTION('',(0.,0.,1.));
#1655 = ORIENTED_EDGE('',*,*,#1656,.F.);
#1656 = EDGE_CURVE('',#1657,#1649,#1659,.T.);
#1657 = VERTEX_POINT('',#1658);
#1658 = CARTESIAN_POINT('',(77.882385678119,105.939422,60.));
#1659 = LINE('',#1660,#1661);
#1660 = CARTESIAN_POINT('',(77.882385678119,104.939422,60.));
#1661 = VECTOR('',#1662,1.);
#1662 = DIRECTION('',(0.,-1.,0.));
#1663 = ORIENTED_EDGE('',*,*,#1664,.F.);
#1664 = EDGE_CURVE('',#1665,#1657,#1667,.T.);
#1665 = VERTEX_POINT('',#1666);
#1666 = CARTESIAN_POINT('',(77.882385678119,105.939422,27.));
#1667 = LINE('',#1668,#1669);
#1668 = CARTESIAN_POINT('',(77.882385678119,105.939422,27.));
#1669 = VECTOR('',#1670,1.);
#1670 = DIRECTION('',(0.,0.,1.));
#1671 = ORIENTED_EDGE('',*,*,#1672,.F.);
#1672 = EDGE_CURVE('',#1647,#1665,#1673,.T.);
#1673 = LINE('',#1674,#1675);
#1674 = CARTESIAN_POINT('',(77.882385678119,104.939422,27.));
#1675 = VECTOR('',#1676,1.);
#1676 = DIRECTION('',(0.,1.,-2.2E-16));
#1677 = FACE_BOUND('',#1678,.T.);
#1678 = EDGE_LOOP('',(#1679,#1680,#1681,#1689,#1697,#1705,#1713,#1721));
#1679 = ORIENTED_EDGE('',*,*,#1593,.F.);
#1680 = ORIENTED_EDGE('',*,*,#169,.F.);
#1681 = ORIENTED_EDGE('',*,*,#1682,.F.);
#1682 = EDGE_CURVE('',#1683,#162,#1685,.T.);
#1683 = VERTEX_POINT('',#1684);
#1684 = CARTESIAN_POINT('',(77.882385678119,11.968875442969,
    32.680133480994));
#1685 = LINE('',#1686,#1687);
#1686 = CARTESIAN_POINT('',(77.882385678119,11.968875442969,
    32.680133480994));
#1687 = VECTOR('',#1688,1.);
#1688 = DIRECTION('',(0.,-0.707106781187,-0.707106781187));
#1689 = ORIENTED_EDGE('',*,*,#1690,.F.);
#1690 = EDGE_CURVE('',#1691,#1683,#1693,.T.);
#1691 = VERTEX_POINT('',#1692);
#1692 = CARTESIAN_POINT('',(77.882385678119,11.968875442969,
    37.884628161159));
#1693 = LINE('',#1694,#1695);
#1694 = CARTESIAN_POINT('',(77.882385678119,11.968875442969,
    37.884628161159));
#1695 = VECTOR('',#1696,1.);
#1696 = DIRECTION('',(0.,0.,-1.));
#1697 = ORIENTED_EDGE('',*,*,#1698,.F.);
#1698 = EDGE_CURVE('',#1699,#1691,#1701,.T.);
#1699 = VERTEX_POINT('',#1700);
#1700 = CARTESIAN_POINT('',(77.882385678119,8.288741961975,
    41.564761642153));
#1701 = LINE('',#1702,#1703);
#1702 = CARTESIAN_POINT('',(77.882385678119,8.288741961975,
    41.564761642153));
#1703 = VECTOR('',#1704,1.);
#1704 = DIRECTION('',(-0.,0.707106781187,-0.707106781187));
#1705 = ORIENTED_EDGE('',*,*,#1706,.F.);
#1706 = EDGE_CURVE('',#1707,#1699,#1709,.T.);
#1707 = VERTEX_POINT('',#1708);
#1708 = CARTESIAN_POINT('',(77.882385678119,3.08424728181,
    41.564761642153));
#1709 = LINE('',#1710,#1711);
#1710 = CARTESIAN_POINT('',(77.882385678119,3.08424728181,
    41.564761642153));
#1711 = VECTOR('',#1712,1.);
#1712 = DIRECTION('',(0.,1.,0.));
#1713 = ORIENTED_EDGE('',*,*,#1714,.F.);
#1714 = EDGE_CURVE('',#1715,#1707,#1717,.T.);
#1715 = VERTEX_POINT('',#1716);
#1716 = CARTESIAN_POINT('',(77.882385678119,-0.595886199184,
    37.884628161159));
#1717 = LINE('',#1718,#1719);
#1718 = CARTESIAN_POINT('',(77.882385678119,-0.595886199184,
    37.884628161159));
#1719 = VECTOR('',#1720,1.);
#1720 = DIRECTION('',(0.,0.707106781187,0.707106781187));
#1721 = ORIENTED_EDGE('',*,*,#1722,.F.);
#1722 = EDGE_CURVE('',#1594,#1715,#1723,.T.);
#1723 = LINE('',#1724,#1725);
#1724 = CARTESIAN_POINT('',(77.882385678119,-0.595886199184,
    32.680133480994));
#1725 = VECTOR('',#1726,1.);
#1726 = DIRECTION('',(0.,-1.1E-16,1.));
#1727 = PLANE('',#1728);
#1728 = AXIS2_PLACEMENT_3D('',#1729,#1730,#1731);
#1729 = CARTESIAN_POINT('',(77.882385678119,47.939422,43.5));
#1730 = DIRECTION('',(-1.,-0.,-0.));
#1731 = DIRECTION('',(0.,0.,-1.));
#1732 = ADVANCED_FACE('',(#1733),#1744,.T.);
#1733 = FACE_BOUND('',#1734,.T.);
#1734 = EDGE_LOOP('',(#1735,#1736,#1737,#1738));
#1735 = ORIENTED_EDGE('',*,*,#613,.F.);
#1736 = ORIENTED_EDGE('',*,*,#95,.T.);
#1737 = ORIENTED_EDGE('',*,*,#1624,.T.);
#1738 = ORIENTED_EDGE('',*,*,#1739,.F.);
#1739 = EDGE_CURVE('',#614,#1625,#1740,.T.);
#1740 = LINE('',#1741,#1742);
#1741 = CARTESIAN_POINT('',(185.88238567811,85.253425035211,31.8));
#1742 = VECTOR('',#1743,1.);
#1743 = DIRECTION('',(-1.,0.,0.));
#1744 = PLANE('',#1745);
#1745 = AXIS2_PLACEMENT_3D('',#1746,#1747,#1748);
#1746 = CARTESIAN_POINT('',(185.88238567811,86.653425035211,30.4));
#1747 = DIRECTION('',(0.,0.707106781187,0.707106781187));
#1748 = DIRECTION('',(-1.,0.,0.));
#1749 = ADVANCED_FACE('',(#1750),#1775,.T.);
#1750 = FACE_BOUND('',#1751,.T.);
#1751 = EDGE_LOOP('',(#1752,#1753,#1754,#1762,#1768,#1769));
#1752 = ORIENTED_EDGE('',*,*,#1682,.T.);
#1753 = ORIENTED_EDGE('',*,*,#161,.F.);
#1754 = ORIENTED_EDGE('',*,*,#1755,.F.);
#1755 = EDGE_CURVE('',#1756,#154,#1758,.T.);
#1756 = VERTEX_POINT('',#1757);
#1757 = CARTESIAN_POINT('',(129.88238567811,10.984924643091,
    31.696182681115));
#1758 = LINE('',#1759,#1760);
#1759 = CARTESIAN_POINT('',(129.88238567811,10.984924643091,
    31.696182681115));
#1760 = VECTOR('',#1761,1.);
#1761 = DIRECTION('',(0.,-0.707106781187,-0.707106781187));
#1762 = ORIENTED_EDGE('',*,*,#1763,.F.);
#1763 = EDGE_CURVE('',#1225,#1756,#1764,.T.);
#1764 = LINE('',#1765,#1766);
#1765 = CARTESIAN_POINT('',(79.882385678119,10.984924643091,
    31.696182681115));
#1766 = VECTOR('',#1767,1.);
#1767 = DIRECTION('',(1.,0.,0.));
#1768 = ORIENTED_EDGE('',*,*,#1224,.F.);
#1769 = ORIENTED_EDGE('',*,*,#1770,.F.);
#1770 = EDGE_CURVE('',#1683,#1217,#1771,.T.);
#1771 = LINE('',#1772,#1773);
#1772 = CARTESIAN_POINT('',(77.882385678119,11.968875442969,
    32.680133480994));
#1773 = VECTOR('',#1774,1.);
#1774 = DIRECTION('',(1.,0.,0.));
#1775 = PLANE('',#1776);
#1776 = AXIS2_PLACEMENT_3D('',#1777,#1778,#1779);
#1777 = CARTESIAN_POINT('',(103.27425314689,9.698794065782,
    30.410052103806));
#1778 = DIRECTION('',(0.,-0.707106781187,0.707106781187));
#1779 = DIRECTION('',(0.,0.707106781187,0.707106781187));
#1780 = ADVANCED_FACE('',(#1781),#1799,.T.);
#1781 = FACE_BOUND('',#1782,.T.);
#1782 = EDGE_LOOP('',(#1783,#1784,#1785,#1793));
#1783 = ORIENTED_EDGE('',*,*,#1755,.T.);
#1784 = ORIENTED_EDGE('',*,*,#153,.T.);
#1785 = ORIENTED_EDGE('',*,*,#1786,.T.);
#1786 = EDGE_CURVE('',#146,#1787,#1789,.T.);
#1787 = VERTEX_POINT('',#1788);
#1788 = CARTESIAN_POINT('',(129.88238567811,12.984924643091,
    31.696182681115));
#1789 = LINE('',#1790,#1791);
#1790 = CARTESIAN_POINT('',(129.88238567811,12.984924643091,
    28.696182681115));
#1791 = VECTOR('',#1792,1.);
#1792 = DIRECTION('',(0.,0.,1.));
#1793 = ORIENTED_EDGE('',*,*,#1794,.T.);
#1794 = EDGE_CURVE('',#1787,#1756,#1795,.T.);
#1795 = LINE('',#1796,#1797);
#1796 = CARTESIAN_POINT('',(129.88238567811,12.984924643091,
    31.696182681115));
#1797 = VECTOR('',#1798,1.);
#1798 = DIRECTION('',(0.,-1.,0.));
#1799 = PLANE('',#1800);
#1800 = AXIS2_PLACEMENT_3D('',#1801,#1802,#1803);
#1801 = CARTESIAN_POINT('',(129.88238567811,5.686494621893,
    29.880230035896));
#1802 = DIRECTION('',(1.,0.,0.));
#1803 = DIRECTION('',(0.,0.,1.));
#1804 = ADVANCED_FACE('',(#1805),#1824,.F.);
#1805 = FACE_BOUND('',#1806,.F.);
#1806 = EDGE_LOOP('',(#1807,#1808,#1816,#1823));
#1807 = ORIENTED_EDGE('',*,*,#111,.T.);
#1808 = ORIENTED_EDGE('',*,*,#1809,.T.);
#1809 = EDGE_CURVE('',#112,#1810,#1812,.T.);
#1810 = VERTEX_POINT('',#1811);
#1811 = CARTESIAN_POINT('',(185.68238567811,102.939422,60.));
#1812 = LINE('',#1813,#1814);
#1813 = CARTESIAN_POINT('',(185.68238567811,102.939422,29.));
#1814 = VECTOR('',#1815,1.);
#1815 = DIRECTION('',(0.,0.,1.));
#1816 = ORIENTED_EDGE('',*,*,#1817,.F.);
#1817 = EDGE_CURVE('',#599,#1810,#1818,.T.);
#1818 = CIRCLE('',#1819,0.2);
#1819 = AXIS2_PLACEMENT_3D('',#1820,#1821,#1822);
#1820 = CARTESIAN_POINT('',(185.68238567811,102.739422,60.));
#1821 = DIRECTION('',(-0.,0.,1.));
#1822 = DIRECTION('',(0.,-1.,0.));
#1823 = ORIENTED_EDGE('',*,*,#606,.F.);
#1824 = CYLINDRICAL_SURFACE('',#1825,0.2);
#1825 = AXIS2_PLACEMENT_3D('',#1826,#1827,#1828);
#1826 = CARTESIAN_POINT('',(185.68238567811,102.739422,29.));
#1827 = DIRECTION('',(0.,0.,1.));
#1828 = DIRECTION('',(1.,0.,0.));
#1829 = ADVANCED_FACE('',(#1830),#1841,.F.);
#1830 = FACE_BOUND('',#1831,.F.);
#1831 = EDGE_LOOP('',(#1832,#1833,#1834,#1835));
#1832 = ORIENTED_EDGE('',*,*,#1240,.F.);
#1833 = ORIENTED_EDGE('',*,*,#145,.T.);
#1834 = ORIENTED_EDGE('',*,*,#1786,.T.);
#1835 = ORIENTED_EDGE('',*,*,#1836,.F.);
#1836 = EDGE_CURVE('',#1233,#1787,#1837,.T.);
#1837 = LINE('',#1838,#1839);
#1838 = CARTESIAN_POINT('',(79.882385678119,12.984924643091,
    31.696182681115));
#1839 = VECTOR('',#1840,1.);
#1840 = DIRECTION('',(1.,0.,0.));
#1841 = PLANE('',#1842);
#1842 = AXIS2_PLACEMENT_3D('',#1843,#1844,#1845);
#1843 = CARTESIAN_POINT('',(79.882385678119,12.984924643091,
    28.696182681115));
#1844 = DIRECTION('',(0.,-1.,0.));
#1845 = DIRECTION('',(0.,0.,1.));
#1846 = ADVANCED_FACE('',(#1847,#1865,#1876,#1887,#1898,#1909,#1944,
    #1955,#1990),#2025,.T.);
#1847 = FACE_BOUND('',#1848,.T.);
#1848 = EDGE_LOOP('',(#1849,#1850,#1851,#1859));
#1849 = ORIENTED_EDGE('',*,*,#120,.F.);
#1850 = ORIENTED_EDGE('',*,*,#1809,.T.);
#1851 = ORIENTED_EDGE('',*,*,#1852,.T.);
#1852 = EDGE_CURVE('',#1810,#1853,#1855,.T.);
#1853 = VERTEX_POINT('',#1854);
#1854 = CARTESIAN_POINT('',(80.082385678119,102.939422,60.));
#1855 = LINE('',#1856,#1857);
#1856 = CARTESIAN_POINT('',(185.88238567811,102.939422,60.));
#1857 = VECTOR('',#1858,1.);
#1858 = DIRECTION('',(-1.,0.,0.));
#1859 = ORIENTED_EDGE('',*,*,#1860,.F.);
#1860 = EDGE_CURVE('',#121,#1853,#1861,.T.);
#1861 = LINE('',#1862,#1863);
#1862 = CARTESIAN_POINT('',(80.082385678119,102.939422,29.));
#1863 = VECTOR('',#1864,1.);
#1864 = DIRECTION('',(0.,0.,1.));
#1865 = FACE_BOUND('',#1866,.T.);
#1866 = EDGE_LOOP('',(#1867));
#1867 = ORIENTED_EDGE('',*,*,#1868,.F.);
#1868 = EDGE_CURVE('',#1869,#1869,#1871,.T.);
#1869 = VERTEX_POINT('',#1870);
#1870 = CARTESIAN_POINT('',(183.58238567811,102.939422,56.));
#1871 = CIRCLE('',#1872,1.7);
#1872 = AXIS2_PLACEMENT_3D('',#1873,#1874,#1875);
#1873 = CARTESIAN_POINT('',(181.88238567811,102.939422,56.));
#1874 = DIRECTION('',(0.,-1.,2.2E-16));
#1875 = DIRECTION('',(1.,0.,0.));
#1876 = FACE_BOUND('',#1877,.T.);
#1877 = EDGE_LOOP('',(#1878));
#1878 = ORIENTED_EDGE('',*,*,#1879,.F.);
#1879 = EDGE_CURVE('',#1880,#1880,#1882,.T.);
#1880 = VERTEX_POINT('',#1881);
#1881 = CARTESIAN_POINT('',(85.582385678119,102.939422,56.));
#1882 = CIRCLE('',#1883,1.7);
#1883 = AXIS2_PLACEMENT_3D('',#1884,#1885,#1886);
#1884 = CARTESIAN_POINT('',(83.882385678119,102.939422,56.));
#1885 = DIRECTION('',(0.,-1.,2.2E-16));
#1886 = DIRECTION('',(1.,0.,0.));
#1887 = FACE_BOUND('',#1888,.T.);
#1888 = EDGE_LOOP('',(#1889));
#1889 = ORIENTED_EDGE('',*,*,#1890,.T.);
#1890 = EDGE_CURVE('',#1891,#1891,#1893,.T.);
#1891 = VERTEX_POINT('',#1892);
#1892 = CARTESIAN_POINT('',(157.85038475638,102.939422,40.687926375688)
  );
#1893 = CIRCLE('',#1894,3.454);
#1894 = AXIS2_PLACEMENT_3D('',#1895,#1896,#1897);
#1895 = CARTESIAN_POINT('',(161.30438475638,102.939422,40.687926375688)
  );
#1896 = DIRECTION('',(0.,1.,-2.2E-16));
#1897 = DIRECTION('',(-1.,0.,0.));
#1898 = FACE_BOUND('',#1899,.T.);
#1899 = EDGE_LOOP('',(#1900));
#1900 = ORIENTED_EDGE('',*,*,#1901,.T.);
#1901 = EDGE_CURVE('',#1902,#1902,#1904,.T.);
#1902 = VERTEX_POINT('',#1903);
#1903 = CARTESIAN_POINT('',(131.85038475638,102.939422,40.687926375688)
  );
#1904 = CIRCLE('',#1905,3.454);
#1905 = AXIS2_PLACEMENT_3D('',#1906,#1907,#1908);
#1906 = CARTESIAN_POINT('',(135.30438475638,102.939422,40.687926375688)
  );
#1907 = DIRECTION('',(0.,1.,-2.2E-16));
#1908 = DIRECTION('',(-1.,0.,0.));
#1909 = FACE_BOUND('',#1910,.T.);
#1910 = EDGE_LOOP('',(#1911,#1921,#1929,#1938));
#1911 = ORIENTED_EDGE('',*,*,#1912,.T.);
#1912 = EDGE_CURVE('',#1913,#1915,#1917,.T.);
#1913 = VERTEX_POINT('',#1914);
#1914 = CARTESIAN_POINT('',(155.18791109912,102.939422,36.551351705747)
  );
#1915 = VERTEX_POINT('',#1916);
#1916 = CARTESIAN_POINT('',(157.16781008644,102.939422,34.571452718425)
  );
#1917 = LINE('',#1918,#1919);
#1918 = CARTESIAN_POINT('',(155.18791109912,102.939422,36.551351705747)
  );
#1919 = VECTOR('',#1920,1.);
#1920 = DIRECTION('',(0.707106781187,0.,-0.707106781187));
#1921 = ORIENTED_EDGE('',*,*,#1922,.T.);
#1922 = EDGE_CURVE('',#1915,#1923,#1925,.T.);
#1923 = VERTEX_POINT('',#1924);
#1924 = CARTESIAN_POINT('',(156.40186023652,102.939422,33.805502868508)
  );
#1925 = LINE('',#1926,#1927);
#1926 = CARTESIAN_POINT('',(157.16781008644,102.939422,34.571452718425)
  );
#1927 = VECTOR('',#1928,1.);
#1928 = DIRECTION('',(-0.707106781187,-0.,-0.707106781187));
#1929 = ORIENTED_EDGE('',*,*,#1930,.T.);
#1930 = EDGE_CURVE('',#1923,#1931,#1933,.T.);
#1931 = VERTEX_POINT('',#1932);
#1932 = CARTESIAN_POINT('',(154.4219612492,102.939422,35.78540185583));
#1933 = CIRCLE('',#1934,8.45);
#1934 = AXIS2_PLACEMENT_3D('',#1935,#1936,#1937);
#1935 = CARTESIAN_POINT('',(161.30438475638,102.939422,40.687926375688)
  );
#1936 = DIRECTION('',(-1.232595164408E-32,1.,2.2E-16));
#1937 = DIRECTION('',(0.707106781187,-1.55563491861E-16,0.707106781187)
  );
#1938 = ORIENTED_EDGE('',*,*,#1939,.T.);
#1939 = EDGE_CURVE('',#1931,#1913,#1940,.T.);
#1940 = LINE('',#1941,#1942);
#1941 = CARTESIAN_POINT('',(154.4219612492,102.939422,35.78540185583));
#1942 = VECTOR('',#1943,1.);
#1943 = DIRECTION('',(0.707106781187,0.,0.707106781187));
#1944 = FACE_BOUND('',#1945,.T.);
#1945 = EDGE_LOOP('',(#1946));
#1946 = ORIENTED_EDGE('',*,*,#1947,.T.);
#1947 = EDGE_CURVE('',#1948,#1948,#1950,.T.);
#1948 = VERTEX_POINT('',#1949);
#1949 = CARTESIAN_POINT('',(105.85038475638,102.939422,40.687926375688)
  );
#1950 = CIRCLE('',#1951,3.454);
#1951 = AXIS2_PLACEMENT_3D('',#1952,#1953,#1954);
#1952 = CARTESIAN_POINT('',(109.30438475638,102.939422,40.687926375688)
  );
#1953 = DIRECTION('',(0.,1.,-2.2E-16));
#1954 = DIRECTION('',(-1.,0.,0.));
#1955 = FACE_BOUND('',#1956,.T.);
#1956 = EDGE_LOOP('',(#1957,#1967,#1975,#1984));
#1957 = ORIENTED_EDGE('',*,*,#1958,.T.);
#1958 = EDGE_CURVE('',#1959,#1961,#1963,.T.);
#1959 = VERTEX_POINT('',#1960);
#1960 = CARTESIAN_POINT('',(129.18791109912,102.939422,36.551351705747)
  );
#1961 = VERTEX_POINT('',#1962);
#1962 = CARTESIAN_POINT('',(131.16781008644,102.939422,34.571452718425)
  );
#1963 = LINE('',#1964,#1965);
#1964 = CARTESIAN_POINT('',(129.18791109912,102.939422,36.551351705747)
  );
#1965 = VECTOR('',#1966,1.);
#1966 = DIRECTION('',(0.707106781187,0.,-0.707106781187));
#1967 = ORIENTED_EDGE('',*,*,#1968,.T.);
#1968 = EDGE_CURVE('',#1961,#1969,#1971,.T.);
#1969 = VERTEX_POINT('',#1970);
#1970 = CARTESIAN_POINT('',(130.40186023652,102.939422,33.805502868508)
  );
#1971 = LINE('',#1972,#1973);
#1972 = CARTESIAN_POINT('',(131.16781008644,102.939422,34.571452718425)
  );
#1973 = VECTOR('',#1974,1.);
#1974 = DIRECTION('',(-0.707106781187,-0.,-0.707106781187));
#1975 = ORIENTED_EDGE('',*,*,#1976,.T.);
#1976 = EDGE_CURVE('',#1969,#1977,#1979,.T.);
#1977 = VERTEX_POINT('',#1978);
#1978 = CARTESIAN_POINT('',(128.4219612492,102.939422,35.78540185583));
#1979 = CIRCLE('',#1980,8.45);
#1980 = AXIS2_PLACEMENT_3D('',#1981,#1982,#1983);
#1981 = CARTESIAN_POINT('',(135.30438475638,102.939422,40.687926375688)
  );
#1982 = DIRECTION('',(0.,1.,2.2E-16));
#1983 = DIRECTION('',(0.707106781187,-1.55563491861E-16,0.707106781187)
  );
#1984 = ORIENTED_EDGE('',*,*,#1985,.T.);
#1985 = EDGE_CURVE('',#1977,#1959,#1986,.T.);
#1986 = LINE('',#1987,#1988);
#1987 = CARTESIAN_POINT('',(128.4219612492,102.939422,35.78540185583));
#1988 = VECTOR('',#1989,1.);
#1989 = DIRECTION('',(0.707106781187,0.,0.707106781187));
#1990 = FACE_BOUND('',#1991,.T.);
#1991 = EDGE_LOOP('',(#1992,#2002,#2010,#2019));
#1992 = ORIENTED_EDGE('',*,*,#1993,.T.);
#1993 = EDGE_CURVE('',#1994,#1996,#1998,.T.);
#1994 = VERTEX_POINT('',#1995);
#1995 = CARTESIAN_POINT('',(103.18791109912,102.939422,36.551351705747)
  );
#1996 = VERTEX_POINT('',#1997);
#1997 = CARTESIAN_POINT('',(105.16781008644,102.939422,34.571452718425)
  );
#1998 = LINE('',#1999,#2000);
#1999 = CARTESIAN_POINT('',(103.18791109912,102.939422,36.551351705747)
  );
#2000 = VECTOR('',#2001,1.);
#2001 = DIRECTION('',(0.707106781187,0.,-0.707106781187));
#2002 = ORIENTED_EDGE('',*,*,#2003,.T.);
#2003 = EDGE_CURVE('',#1996,#2004,#2006,.T.);
#2004 = VERTEX_POINT('',#2005);
#2005 = CARTESIAN_POINT('',(104.40186023652,102.939422,33.805502868508)
  );
#2006 = LINE('',#2007,#2008);
#2007 = CARTESIAN_POINT('',(105.16781008644,102.939422,34.571452718425)
  );
#2008 = VECTOR('',#2009,1.);
#2009 = DIRECTION('',(-0.707106781187,-0.,-0.707106781187));
#2010 = ORIENTED_EDGE('',*,*,#2011,.T.);
#2011 = EDGE_CURVE('',#2004,#2012,#2014,.T.);
#2012 = VERTEX_POINT('',#2013);
#2013 = CARTESIAN_POINT('',(102.4219612492,102.939422,35.78540185583));
#2014 = CIRCLE('',#2015,8.45);
#2015 = AXIS2_PLACEMENT_3D('',#2016,#2017,#2018);
#2016 = CARTESIAN_POINT('',(109.30438475638,102.939422,40.687926375688)
  );
#2017 = DIRECTION('',(0.,1.,2.2E-16));
#2018 = DIRECTION('',(0.707106781187,-1.55563491861E-16,0.707106781187)
  );
#2019 = ORIENTED_EDGE('',*,*,#2020,.T.);
#2020 = EDGE_CURVE('',#2012,#1994,#2021,.T.);
#2021 = LINE('',#2022,#2023);
#2022 = CARTESIAN_POINT('',(102.4219612492,102.939422,35.78540185583));
#2023 = VECTOR('',#2024,1.);
#2024 = DIRECTION('',(0.707106781187,0.,0.707106781187));
#2025 = PLANE('',#2026);
#2026 = AXIS2_PLACEMENT_3D('',#2027,#2028,#2029);
#2027 = CARTESIAN_POINT('',(185.88238567811,102.939422,29.));
#2028 = DIRECTION('',(0.,-1.,0.));
#2029 = DIRECTION('',(-1.,0.,0.));
#2030 = ADVANCED_FACE('',(#2031),#2043,.F.);
#2031 = FACE_BOUND('',#2032,.F.);
#2032 = EDGE_LOOP('',(#2033,#2034,#2035,#2042));
#2033 = ORIENTED_EDGE('',*,*,#128,.T.);
#2034 = ORIENTED_EDGE('',*,*,#1247,.T.);
#2035 = ORIENTED_EDGE('',*,*,#2036,.F.);
#2036 = EDGE_CURVE('',#1853,#1248,#2037,.T.);
#2037 = CIRCLE('',#2038,0.2);
#2038 = AXIS2_PLACEMENT_3D('',#2039,#2040,#2041);
#2039 = CARTESIAN_POINT('',(80.082385678119,102.739422,60.));
#2040 = DIRECTION('',(-0.,0.,1.));
#2041 = DIRECTION('',(0.,-1.,0.));
#2042 = ORIENTED_EDGE('',*,*,#1860,.F.);
#2043 = CYLINDRICAL_SURFACE('',#2044,0.2);
#2044 = AXIS2_PLACEMENT_3D('',#2045,#2046,#2047);
#2045 = CARTESIAN_POINT('',(80.082385678119,102.739422,29.));
#2046 = DIRECTION('',(0.,0.,1.));
#2047 = DIRECTION('',(0.,1.,0.));
#2048 = ADVANCED_FACE('',(#2049),#2083,.F.);
#2049 = FACE_BOUND('',#2050,.F.);
#2050 = EDGE_LOOP('',(#2051,#2061,#2069,#2075,#2076,#2077));
#2051 = ORIENTED_EDGE('',*,*,#2052,.T.);
#2052 = EDGE_CURVE('',#2053,#2055,#2057,.T.);
#2053 = VERTEX_POINT('',#2054);
#2054 = CARTESIAN_POINT('',(144.44834850747,18.6530609131,30.9));
#2055 = VERTEX_POINT('',#2056);
#2056 = CARTESIAN_POINT('',(144.44834850747,18.6530609131,31.));
#2057 = LINE('',#2058,#2059);
#2058 = CARTESIAN_POINT('',(144.44834850747,18.6530609131,29.));
#2059 = VECTOR('',#2060,1.);
#2060 = DIRECTION('',(0.,0.,1.));
#2061 = ORIENTED_EDGE('',*,*,#2062,.T.);
#2062 = EDGE_CURVE('',#2055,#2063,#2065,.T.);
#2063 = VERTEX_POINT('',#2064);
#2064 = CARTESIAN_POINT('',(145.94834850747,18.6530609131,31.));
#2065 = LINE('',#2066,#2067);
#2066 = CARTESIAN_POINT('',(144.44834850747,18.6530609131,31.));
#2067 = VECTOR('',#2068,1.);
#2068 = DIRECTION('',(1.,0.,0.));
#2069 = ORIENTED_EDGE('',*,*,#2070,.F.);
#2070 = EDGE_CURVE('',#301,#2063,#2071,.T.);
#2071 = LINE('',#2072,#2073);
#2072 = CARTESIAN_POINT('',(145.94834850747,18.6530609131,29.));
#2073 = VECTOR('',#2074,1.);
#2074 = DIRECTION('',(0.,0.,1.));
#2075 = ORIENTED_EDGE('',*,*,#308,.F.);
#2076 = ORIENTED_EDGE('',*,*,#234,.T.);
#2077 = ORIENTED_EDGE('',*,*,#2078,.T.);
#2078 = EDGE_CURVE('',#237,#2053,#2079,.T.);
#2079 = LINE('',#2080,#2081);
#2080 = CARTESIAN_POINT('',(143.49834850747,18.6530609131,29.95));
#2081 = VECTOR('',#2082,1.);
#2082 = DIRECTION('',(0.707106781187,0.,0.707106781187));
#2083 = PLANE('',#2084);
#2084 = AXIS2_PLACEMENT_3D('',#2085,#2086,#2087);
#2085 = CARTESIAN_POINT('',(144.44834850747,18.6530609131,29.));
#2086 = DIRECTION('',(0.,1.,0.));
#2087 = DIRECTION('',(1.,0.,0.));
#2088 = ADVANCED_FACE('',(#2089),#2107,.T.);
#2089 = FACE_BOUND('',#2090,.T.);
#2090 = EDGE_LOOP('',(#2091,#2099,#2100,#2101));
#2091 = ORIENTED_EDGE('',*,*,#2092,.F.);
#2092 = EDGE_CURVE('',#245,#2093,#2095,.T.);
#2093 = VERTEX_POINT('',#2094);
#2094 = CARTESIAN_POINT('',(144.44834850747,63.6530609131,30.9));
#2095 = LINE('',#2096,#2097);
#2096 = CARTESIAN_POINT('',(149.64834850747,58.4530609131,36.1));
#2097 = VECTOR('',#2098,1.);
#2098 = DIRECTION('',(0.57735026919,-0.57735026919,0.57735026919));
#2099 = ORIENTED_EDGE('',*,*,#244,.T.);
#2100 = ORIENTED_EDGE('',*,*,#2078,.T.);
#2101 = ORIENTED_EDGE('',*,*,#2102,.F.);
#2102 = EDGE_CURVE('',#2093,#2053,#2103,.T.);
#2103 = LINE('',#2104,#2105);
#2104 = CARTESIAN_POINT('',(144.44834850747,63.6530609131,30.9));
#2105 = VECTOR('',#2106,1.);
#2106 = DIRECTION('',(0.,-1.,0.));
#2107 = PLANE('',#2108);
#2108 = AXIS2_PLACEMENT_3D('',#2109,#2110,#2111);
#2109 = CARTESIAN_POINT('',(143.49834850747,63.6530609131,29.95));
#2110 = DIRECTION('',(-0.707106781187,0.,0.707106781187));
#2111 = DIRECTION('',(0.,-1.,0.));
#2112 = ADVANCED_FACE('',(#2113),#2131,.T.);
#2113 = FACE_BOUND('',#2114,.T.);
#2114 = EDGE_LOOP('',(#2115,#2123,#2129,#2130));
#2115 = ORIENTED_EDGE('',*,*,#2116,.T.);
#2116 = EDGE_CURVE('',#293,#2117,#2119,.T.);
#2117 = VERTEX_POINT('',#2118);
#2118 = CARTESIAN_POINT('',(145.94834850747,62.1530609131,31.));
#2119 = LINE('',#2120,#2121);
#2120 = CARTESIAN_POINT('',(145.94834850747,62.1530609131,29.));
#2121 = VECTOR('',#2122,1.);
#2122 = DIRECTION('',(0.,0.,1.));
#2123 = ORIENTED_EDGE('',*,*,#2124,.T.);
#2124 = EDGE_CURVE('',#2117,#2063,#2125,.T.);
#2125 = LINE('',#2126,#2127);
#2126 = CARTESIAN_POINT('',(145.94834850747,62.1530609131,31.));
#2127 = VECTOR('',#2128,1.);
#2128 = DIRECTION('',(0.,-1.,0.));
#2129 = ORIENTED_EDGE('',*,*,#2070,.F.);
#2130 = ORIENTED_EDGE('',*,*,#300,.F.);
#2131 = PLANE('',#2132);
#2132 = AXIS2_PLACEMENT_3D('',#2133,#2134,#2135);
#2133 = CARTESIAN_POINT('',(145.94834850747,62.1530609131,29.));
#2134 = DIRECTION('',(1.,0.,0.));
#2135 = DIRECTION('',(0.,-1.,0.));
#2136 = ADVANCED_FACE('',(#2137),#2155,.T.);
#2137 = FACE_BOUND('',#2138,.T.);
#2138 = EDGE_LOOP('',(#2139,#2147,#2148,#2149));
#2139 = ORIENTED_EDGE('',*,*,#2140,.F.);
#2140 = EDGE_CURVE('',#253,#2141,#2143,.T.);
#2141 = VERTEX_POINT('',#2142);
#2142 = CARTESIAN_POINT('',(179.44834850747,63.6530609131,30.9));
#2143 = LINE('',#2144,#2145);
#2144 = CARTESIAN_POINT('',(172.58168184081,56.786394246433,
    37.766666666667));
#2145 = VECTOR('',#2146,1.);
#2146 = DIRECTION('',(-0.57735026919,-0.57735026919,0.57735026919));
#2147 = ORIENTED_EDGE('',*,*,#252,.T.);
#2148 = ORIENTED_EDGE('',*,*,#2092,.T.);
#2149 = ORIENTED_EDGE('',*,*,#2150,.F.);
#2150 = EDGE_CURVE('',#2141,#2093,#2151,.T.);
#2151 = LINE('',#2152,#2153);
#2152 = CARTESIAN_POINT('',(179.44834850747,63.6530609131,30.9));
#2153 = VECTOR('',#2154,1.);
#2154 = DIRECTION('',(-1.,0.,0.));
#2155 = PLANE('',#2156);
#2156 = AXIS2_PLACEMENT_3D('',#2157,#2158,#2159);
#2157 = CARTESIAN_POINT('',(179.44834850747,64.6030609131,29.95));
#2158 = DIRECTION('',(0.,0.707106781187,0.707106781187));
#2159 = DIRECTION('',(-1.,0.,0.));
#2160 = ADVANCED_FACE('',(#2161),#2179,.T.);
#2161 = FACE_BOUND('',#2162,.T.);
#2162 = EDGE_LOOP('',(#2163,#2171,#2177,#2178));
#2163 = ORIENTED_EDGE('',*,*,#2164,.T.);
#2164 = EDGE_CURVE('',#285,#2165,#2167,.T.);
#2165 = VERTEX_POINT('',#2166);
#2166 = CARTESIAN_POINT('',(177.94834850747,62.1530609131,31.));
#2167 = LINE('',#2168,#2169);
#2168 = CARTESIAN_POINT('',(177.94834850747,62.1530609131,29.));
#2169 = VECTOR('',#2170,1.);
#2170 = DIRECTION('',(0.,0.,1.));
#2171 = ORIENTED_EDGE('',*,*,#2172,.T.);
#2172 = EDGE_CURVE('',#2165,#2117,#2173,.T.);
#2173 = LINE('',#2174,#2175);
#2174 = CARTESIAN_POINT('',(177.94834850747,62.1530609131,31.));
#2175 = VECTOR('',#2176,1.);
#2176 = DIRECTION('',(-1.,0.,0.));
#2177 = ORIENTED_EDGE('',*,*,#2116,.F.);
#2178 = ORIENTED_EDGE('',*,*,#292,.F.);
#2179 = PLANE('',#2180);
#2180 = AXIS2_PLACEMENT_3D('',#2181,#2182,#2183);
#2181 = CARTESIAN_POINT('',(177.94834850747,62.1530609131,29.));
#2182 = DIRECTION('',(0.,-1.,0.));
#2183 = DIRECTION('',(-1.,0.,0.));
#2184 = ADVANCED_FACE('',(#2185),#2203,.T.);
#2185 = FACE_BOUND('',#2186,.T.);
#2186 = EDGE_LOOP('',(#2187,#2195,#2196,#2197));
#2187 = ORIENTED_EDGE('',*,*,#2188,.F.);
#2188 = EDGE_CURVE('',#261,#2189,#2191,.T.);
#2189 = VERTEX_POINT('',#2190);
#2190 = CARTESIAN_POINT('',(179.44834850747,18.6530609131,30.9));
#2191 = LINE('',#2192,#2193);
#2192 = CARTESIAN_POINT('',(180.02334850747,18.6530609131,30.325));
#2193 = VECTOR('',#2194,1.);
#2194 = DIRECTION('',(-0.707106781187,0.,0.707106781187));
#2195 = ORIENTED_EDGE('',*,*,#260,.T.);
#2196 = ORIENTED_EDGE('',*,*,#2140,.T.);
#2197 = ORIENTED_EDGE('',*,*,#2198,.F.);
#2198 = EDGE_CURVE('',#2189,#2141,#2199,.T.);
#2199 = LINE('',#2200,#2201);
#2200 = CARTESIAN_POINT('',(179.44834850747,18.6530609131,30.9));
#2201 = VECTOR('',#2202,1.);
#2202 = DIRECTION('',(0.,1.,0.));
#2203 = PLANE('',#2204);
#2204 = AXIS2_PLACEMENT_3D('',#2205,#2206,#2207);
#2205 = CARTESIAN_POINT('',(180.39834850747,18.6530609131,29.95));
#2206 = DIRECTION('',(0.707106781187,0.,0.707106781187));
#2207 = DIRECTION('',(0.,1.,0.));
#2208 = ADVANCED_FACE('',(#2209),#2227,.T.);
#2209 = FACE_BOUND('',#2210,.T.);
#2210 = EDGE_LOOP('',(#2211,#2219,#2225,#2226));
#2211 = ORIENTED_EDGE('',*,*,#2212,.T.);
#2212 = EDGE_CURVE('',#277,#2213,#2215,.T.);
#2213 = VERTEX_POINT('',#2214);
#2214 = CARTESIAN_POINT('',(177.94834850747,18.6530609131,31.));
#2215 = LINE('',#2216,#2217);
#2216 = CARTESIAN_POINT('',(177.94834850747,18.6530609131,29.));
#2217 = VECTOR('',#2218,1.);
#2218 = DIRECTION('',(0.,0.,1.));
#2219 = ORIENTED_EDGE('',*,*,#2220,.T.);
#2220 = EDGE_CURVE('',#2213,#2165,#2221,.T.);
#2221 = LINE('',#2222,#2223);
#2222 = CARTESIAN_POINT('',(177.94834850747,18.6530609131,31.));
#2223 = VECTOR('',#2224,1.);
#2224 = DIRECTION('',(0.,1.,0.));
#2225 = ORIENTED_EDGE('',*,*,#2164,.F.);
#2226 = ORIENTED_EDGE('',*,*,#284,.F.);
#2227 = PLANE('',#2228);
#2228 = AXIS2_PLACEMENT_3D('',#2229,#2230,#2231);
#2229 = CARTESIAN_POINT('',(177.94834850747,18.6530609131,29.));
#2230 = DIRECTION('',(-1.,0.,0.));
#2231 = DIRECTION('',(0.,1.,0.));
#2232 = ADVANCED_FACE('',(#2233),#2253,.F.);
#2233 = FACE_BOUND('',#2234,.F.);
#2234 = EDGE_LOOP('',(#2235,#2243,#2244,#2245,#2246,#2247));
#2235 = ORIENTED_EDGE('',*,*,#2236,.F.);
#2236 = EDGE_CURVE('',#2189,#2237,#2239,.T.);
#2237 = VERTEX_POINT('',#2238);
#2238 = CARTESIAN_POINT('',(179.44834850747,18.6530609131,31.));
#2239 = LINE('',#2240,#2241);
#2240 = CARTESIAN_POINT('',(179.44834850747,18.6530609131,29.));
#2241 = VECTOR('',#2242,1.);
#2242 = DIRECTION('',(0.,0.,1.));
#2243 = ORIENTED_EDGE('',*,*,#2188,.F.);
#2244 = ORIENTED_EDGE('',*,*,#268,.F.);
#2245 = ORIENTED_EDGE('',*,*,#276,.F.);
#2246 = ORIENTED_EDGE('',*,*,#2212,.T.);
#2247 = ORIENTED_EDGE('',*,*,#2248,.T.);
#2248 = EDGE_CURVE('',#2213,#2237,#2249,.T.);
#2249 = LINE('',#2250,#2251);
#2250 = CARTESIAN_POINT('',(177.94834850747,18.6530609131,31.));
#2251 = VECTOR('',#2252,1.);
#2252 = DIRECTION('',(1.,0.,0.));
#2253 = PLANE('',#2254);
#2254 = AXIS2_PLACEMENT_3D('',#2255,#2256,#2257);
#2255 = CARTESIAN_POINT('',(177.94834850747,18.6530609131,29.));
#2256 = DIRECTION('',(0.,1.,0.));
#2257 = DIRECTION('',(1.,0.,0.));
#2258 = ADVANCED_FACE('',(#2259),#2284,.T.);
#2259 = FACE_BOUND('',#2260,.T.);
#2260 = EDGE_LOOP('',(#2261,#2269,#2270,#2278));
#2261 = ORIENTED_EDGE('',*,*,#2262,.F.);
#2262 = EDGE_CURVE('',#317,#2263,#2265,.T.);
#2263 = VERTEX_POINT('',#2264);
#2264 = CARTESIAN_POINT('',(90.7,90.1,32.9));
#2265 = LINE('',#2266,#2267);
#2266 = CARTESIAN_POINT('',(90.666666666667,90.066666666667,
    32.933333333333));
#2267 = VECTOR('',#2268,1.);
#2268 = DIRECTION('',(-0.57735026919,-0.57735026919,0.57735026919));
#2269 = ORIENTED_EDGE('',*,*,#316,.T.);
#2270 = ORIENTED_EDGE('',*,*,#2271,.T.);
#2271 = EDGE_CURVE('',#319,#2272,#2274,.T.);
#2272 = VERTEX_POINT('',#2273);
#2273 = CARTESIAN_POINT('',(82.7,90.1,32.9));
#2274 = LINE('',#2275,#2276);
#2275 = CARTESIAN_POINT('',(82.7,92.05,30.95));
#2276 = VECTOR('',#2277,1.);
#2277 = DIRECTION('',(0.,-0.707106781187,0.707106781187));
#2278 = ORIENTED_EDGE('',*,*,#2279,.F.);
#2279 = EDGE_CURVE('',#2263,#2272,#2280,.T.);
#2280 = LINE('',#2281,#2282);
#2281 = CARTESIAN_POINT('',(90.7,90.1,32.9));
#2282 = VECTOR('',#2283,1.);
#2283 = DIRECTION('',(-1.,0.,0.));
#2284 = PLANE('',#2285);
#2285 = AXIS2_PLACEMENT_3D('',#2286,#2287,#2288);
#2286 = CARTESIAN_POINT('',(90.7,92.05,30.95));
#2287 = DIRECTION('',(3.E-17,0.707106781187,0.707106781187));
#2288 = DIRECTION('',(-1.,2.12132034356E-17,2.12132034356E-17));
#2289 = ADVANCED_FACE('',(#2290),#2324,.F.);
#2290 = FACE_BOUND('',#2291,.F.);
#2291 = EDGE_LOOP('',(#2292,#2300,#2308,#2316,#2322,#2323));
#2292 = ORIENTED_EDGE('',*,*,#2293,.T.);
#2293 = EDGE_CURVE('',#2272,#2294,#2296,.T.);
#2294 = VERTEX_POINT('',#2295);
#2295 = CARTESIAN_POINT('',(82.7,90.1,33.));
#2296 = LINE('',#2297,#2298);
#2297 = CARTESIAN_POINT('',(82.7,90.1,29.));
#2298 = VECTOR('',#2299,1.);
#2299 = DIRECTION('',(0.,0.,1.));
#2300 = ORIENTED_EDGE('',*,*,#2301,.T.);
#2301 = EDGE_CURVE('',#2294,#2302,#2304,.T.);
#2302 = VERTEX_POINT('',#2303);
#2303 = CARTESIAN_POINT('',(82.7,82.1,33.));
#2304 = LINE('',#2305,#2306);
#2305 = CARTESIAN_POINT('',(82.7,90.1,33.));
#2306 = VECTOR('',#2307,1.);
#2307 = DIRECTION('',(0.,-1.,0.));
#2308 = ORIENTED_EDGE('',*,*,#2309,.F.);
#2309 = EDGE_CURVE('',#2310,#2302,#2312,.T.);
#2310 = VERTEX_POINT('',#2311);
#2311 = CARTESIAN_POINT('',(82.7,82.1,32.9));
#2312 = LINE('',#2313,#2314);
#2313 = CARTESIAN_POINT('',(82.7,82.1,29.));
#2314 = VECTOR('',#2315,1.);
#2315 = DIRECTION('',(0.,0.,1.));
#2316 = ORIENTED_EDGE('',*,*,#2317,.F.);
#2317 = EDGE_CURVE('',#335,#2310,#2318,.T.);
#2318 = LINE('',#2319,#2320);
#2319 = CARTESIAN_POINT('',(82.7,82.15,32.95));
#2320 = VECTOR('',#2321,1.);
#2321 = DIRECTION('',(0.,0.707106781187,0.707106781187));
#2322 = ORIENTED_EDGE('',*,*,#342,.F.);
#2323 = ORIENTED_EDGE('',*,*,#2271,.T.);
#2324 = PLANE('',#2325);
#2325 = AXIS2_PLACEMENT_3D('',#2326,#2327,#2328);
#2326 = CARTESIAN_POINT('',(82.7,90.1,29.));
#2327 = DIRECTION('',(1.,0.,0.));
#2328 = DIRECTION('',(0.,-1.,0.));
#2329 = ADVANCED_FACE('',(#2330),#2348,.T.);
#2330 = FACE_BOUND('',#2331,.T.);
#2331 = EDGE_LOOP('',(#2332,#2340,#2341,#2342));
#2332 = ORIENTED_EDGE('',*,*,#2333,.F.);
#2333 = EDGE_CURVE('',#327,#2334,#2336,.T.);
#2334 = VERTEX_POINT('',#2335);
#2335 = CARTESIAN_POINT('',(90.7,82.1,32.9));
#2336 = LINE('',#2337,#2338);
#2337 = CARTESIAN_POINT('',(90.666666666667,82.133333333333,
    32.933333333333));
#2338 = VECTOR('',#2339,1.);
#2339 = DIRECTION('',(-0.57735026919,0.57735026919,0.57735026919));
#2340 = ORIENTED_EDGE('',*,*,#326,.T.);
#2341 = ORIENTED_EDGE('',*,*,#2262,.T.);
#2342 = ORIENTED_EDGE('',*,*,#2343,.F.);
#2343 = EDGE_CURVE('',#2334,#2263,#2344,.T.);
#2344 = LINE('',#2345,#2346);
#2345 = CARTESIAN_POINT('',(90.7,82.1,32.9));
#2346 = VECTOR('',#2347,1.);
#2347 = DIRECTION('',(0.,1.,0.));
#2348 = PLANE('',#2349);
#2349 = AXIS2_PLACEMENT_3D('',#2350,#2351,#2352);
#2350 = CARTESIAN_POINT('',(92.65,82.1,30.95));
#2351 = DIRECTION('',(0.707106781187,-3.E-17,0.707106781187));
#2352 = DIRECTION('',(2.12132034356E-17,1.,2.12132034356E-17));
#2353 = ADVANCED_FACE('',(#2354),#2365,.T.);
#2354 = FACE_BOUND('',#2355,.T.);
#2355 = EDGE_LOOP('',(#2356,#2357,#2358,#2359));
#2356 = ORIENTED_EDGE('',*,*,#2317,.F.);
#2357 = ORIENTED_EDGE('',*,*,#334,.T.);
#2358 = ORIENTED_EDGE('',*,*,#2333,.T.);
#2359 = ORIENTED_EDGE('',*,*,#2360,.F.);
#2360 = EDGE_CURVE('',#2310,#2334,#2361,.T.);
#2361 = LINE('',#2362,#2363);
#2362 = CARTESIAN_POINT('',(82.7,82.1,32.9));
#2363 = VECTOR('',#2364,1.);
#2364 = DIRECTION('',(1.,0.,0.));
#2365 = PLANE('',#2366);
#2366 = AXIS2_PLACEMENT_3D('',#2367,#2368,#2369);
#2367 = CARTESIAN_POINT('',(82.7,80.15,30.95));
#2368 = DIRECTION('',(-3.E-17,-0.707106781187,0.707106781187));
#2369 = DIRECTION('',(1.,-2.12132034356E-17,2.12132034356E-17));
#2370 = ADVANCED_FACE('',(#2371),#2396,.T.);
#2371 = FACE_BOUND('',#2372,.T.);
#2372 = EDGE_LOOP('',(#2373,#2381,#2382,#2390));
#2373 = ORIENTED_EDGE('',*,*,#2374,.F.);
#2374 = EDGE_CURVE('',#351,#2375,#2377,.T.);
#2375 = VERTEX_POINT('',#2376);
#2376 = CARTESIAN_POINT('',(131.3,90.1,32.9));
#2377 = LINE('',#2378,#2379);
#2378 = CARTESIAN_POINT('',(131.26666666666,90.066666666667,
    32.933333333333));
#2379 = VECTOR('',#2380,1.);
#2380 = DIRECTION('',(-0.57735026919,-0.57735026919,0.57735026919));
#2381 = ORIENTED_EDGE('',*,*,#350,.T.);
#2382 = ORIENTED_EDGE('',*,*,#2383,.T.);
#2383 = EDGE_CURVE('',#353,#2384,#2386,.T.);
#2384 = VERTEX_POINT('',#2385);
#2385 = CARTESIAN_POINT('',(123.3,90.1,32.9));
#2386 = LINE('',#2387,#2388);
#2387 = CARTESIAN_POINT('',(123.33333333333,90.066666666667,
    32.933333333333));
#2388 = VECTOR('',#2389,1.);
#2389 = DIRECTION('',(0.57735026919,-0.57735026919,0.57735026919));
#2390 = ORIENTED_EDGE('',*,*,#2391,.F.);
#2391 = EDGE_CURVE('',#2375,#2384,#2392,.T.);
#2392 = LINE('',#2393,#2394);
#2393 = CARTESIAN_POINT('',(131.3,90.1,32.9));
#2394 = VECTOR('',#2395,1.);
#2395 = DIRECTION('',(-1.,0.,0.));
#2396 = PLANE('',#2397);
#2397 = AXIS2_PLACEMENT_3D('',#2398,#2399,#2400);
#2398 = CARTESIAN_POINT('',(131.3,92.05,30.95));
#2399 = DIRECTION('',(3.E-17,0.707106781187,0.707106781187));
#2400 = DIRECTION('',(-1.,2.12132034356E-17,2.12132034356E-17));
#2401 = ADVANCED_FACE('',(#2402),#2420,.T.);
#2402 = FACE_BOUND('',#2403,.T.);
#2403 = EDGE_LOOP('',(#2404,#2412,#2413,#2414));
#2404 = ORIENTED_EDGE('',*,*,#2405,.F.);
#2405 = EDGE_CURVE('',#361,#2406,#2408,.T.);
#2406 = VERTEX_POINT('',#2407);
#2407 = CARTESIAN_POINT('',(131.3,82.1,32.9));
#2408 = LINE('',#2409,#2410);
#2409 = CARTESIAN_POINT('',(131.26666666666,82.133333333333,
    32.933333333333));
#2410 = VECTOR('',#2411,1.);
#2411 = DIRECTION('',(-0.57735026919,0.57735026919,0.57735026919));
#2412 = ORIENTED_EDGE('',*,*,#360,.T.);
#2413 = ORIENTED_EDGE('',*,*,#2374,.T.);
#2414 = ORIENTED_EDGE('',*,*,#2415,.F.);
#2415 = EDGE_CURVE('',#2406,#2375,#2416,.T.);
#2416 = LINE('',#2417,#2418);
#2417 = CARTESIAN_POINT('',(131.3,82.1,32.9));
#2418 = VECTOR('',#2419,1.);
#2419 = DIRECTION('',(0.,1.,0.));
#2420 = PLANE('',#2421);
#2421 = AXIS2_PLACEMENT_3D('',#2422,#2423,#2424);
#2422 = CARTESIAN_POINT('',(133.25,82.1,30.95));
#2423 = DIRECTION('',(0.707106781187,-3.E-17,0.707106781187));
#2424 = DIRECTION('',(2.12132034356E-17,1.,2.12132034356E-17));
#2425 = ADVANCED_FACE('',(#2426),#2444,.T.);
#2426 = FACE_BOUND('',#2427,.T.);
#2427 = EDGE_LOOP('',(#2428,#2429,#2430,#2438));
#2428 = ORIENTED_EDGE('',*,*,#2383,.F.);
#2429 = ORIENTED_EDGE('',*,*,#376,.T.);
#2430 = ORIENTED_EDGE('',*,*,#2431,.T.);
#2431 = EDGE_CURVE('',#369,#2432,#2434,.T.);
#2432 = VERTEX_POINT('',#2433);
#2433 = CARTESIAN_POINT('',(123.3,82.1,32.9));
#2434 = LINE('',#2435,#2436);
#2435 = CARTESIAN_POINT('',(123.33333333333,82.133333333333,
    32.933333333333));
#2436 = VECTOR('',#2437,1.);
#2437 = DIRECTION('',(0.57735026919,0.57735026919,0.57735026919));
#2438 = ORIENTED_EDGE('',*,*,#2439,.F.);
#2439 = EDGE_CURVE('',#2384,#2432,#2440,.T.);
#2440 = LINE('',#2441,#2442);
#2441 = CARTESIAN_POINT('',(123.3,90.1,32.9));
#2442 = VECTOR('',#2443,1.);
#2443 = DIRECTION('',(0.,-1.,0.));
#2444 = PLANE('',#2445);
#2445 = AXIS2_PLACEMENT_3D('',#2446,#2447,#2448);
#2446 = CARTESIAN_POINT('',(121.35,90.1,30.95));
#2447 = DIRECTION('',(-0.707106781187,3.E-17,0.707106781187));
#2448 = DIRECTION('',(-2.12132034356E-17,-1.,2.12132034356E-17));
#2449 = ADVANCED_FACE('',(#2450),#2461,.T.);
#2450 = FACE_BOUND('',#2451,.T.);
#2451 = EDGE_LOOP('',(#2452,#2453,#2454,#2455));
#2452 = ORIENTED_EDGE('',*,*,#2431,.F.);
#2453 = ORIENTED_EDGE('',*,*,#368,.T.);
#2454 = ORIENTED_EDGE('',*,*,#2405,.T.);
#2455 = ORIENTED_EDGE('',*,*,#2456,.F.);
#2456 = EDGE_CURVE('',#2432,#2406,#2457,.T.);
#2457 = LINE('',#2458,#2459);
#2458 = CARTESIAN_POINT('',(123.3,82.1,32.9));
#2459 = VECTOR('',#2460,1.);
#2460 = DIRECTION('',(1.,0.,0.));
#2461 = PLANE('',#2462);
#2462 = AXIS2_PLACEMENT_3D('',#2463,#2464,#2465);
#2463 = CARTESIAN_POINT('',(123.3,80.15,30.95));
#2464 = DIRECTION('',(-3.E-17,-0.707106781187,0.707106781187));
#2465 = DIRECTION('',(1.,-2.12132034356E-17,2.12132034356E-17));
#2466 = ADVANCED_FACE('',(#2467),#2492,.T.);
#2467 = FACE_BOUND('',#2468,.T.);
#2468 = EDGE_LOOP('',(#2469,#2477,#2478,#2486));
#2469 = ORIENTED_EDGE('',*,*,#2470,.F.);
#2470 = EDGE_CURVE('',#385,#2471,#2473,.T.);
#2471 = VERTEX_POINT('',#2472);
#2472 = CARTESIAN_POINT('',(131.3,25.9,32.9));
#2473 = LINE('',#2474,#2475);
#2474 = CARTESIAN_POINT('',(131.26666666666,25.866666666667,
    32.933333333333));
#2475 = VECTOR('',#2476,1.);
#2476 = DIRECTION('',(-0.57735026919,-0.57735026919,0.57735026919));
#2477 = ORIENTED_EDGE('',*,*,#384,.T.);
#2478 = ORIENTED_EDGE('',*,*,#2479,.T.);
#2479 = EDGE_CURVE('',#387,#2480,#2482,.T.);
#2480 = VERTEX_POINT('',#2481);
#2481 = CARTESIAN_POINT('',(123.3,25.9,32.9));
#2482 = LINE('',#2483,#2484);
#2483 = CARTESIAN_POINT('',(123.33333333333,25.866666666667,
    32.933333333333));
#2484 = VECTOR('',#2485,1.);
#2485 = DIRECTION('',(0.57735026919,-0.57735026919,0.57735026919));
#2486 = ORIENTED_EDGE('',*,*,#2487,.F.);
#2487 = EDGE_CURVE('',#2471,#2480,#2488,.T.);
#2488 = LINE('',#2489,#2490);
#2489 = CARTESIAN_POINT('',(131.3,25.9,32.9));
#2490 = VECTOR('',#2491,1.);
#2491 = DIRECTION('',(-1.,0.,0.));
#2492 = PLANE('',#2493);
#2493 = AXIS2_PLACEMENT_3D('',#2494,#2495,#2496);
#2494 = CARTESIAN_POINT('',(131.3,27.85,30.95));
#2495 = DIRECTION('',(0.,0.707106781187,0.707106781187));
#2496 = DIRECTION('',(-1.,0.,0.));
#2497 = ADVANCED_FACE('',(#2498),#2516,.T.);
#2498 = FACE_BOUND('',#2499,.T.);
#2499 = EDGE_LOOP('',(#2500,#2508,#2509,#2510));
#2500 = ORIENTED_EDGE('',*,*,#2501,.F.);
#2501 = EDGE_CURVE('',#395,#2502,#2504,.T.);
#2502 = VERTEX_POINT('',#2503);
#2503 = CARTESIAN_POINT('',(131.3,17.9,32.9));
#2504 = LINE('',#2505,#2506);
#2505 = CARTESIAN_POINT('',(131.26666666666,17.933333333333,
    32.933333333333));
#2506 = VECTOR('',#2507,1.);
#2507 = DIRECTION('',(-0.57735026919,0.57735026919,0.57735026919));
#2508 = ORIENTED_EDGE('',*,*,#394,.T.);
#2509 = ORIENTED_EDGE('',*,*,#2470,.T.);
#2510 = ORIENTED_EDGE('',*,*,#2511,.F.);
#2511 = EDGE_CURVE('',#2502,#2471,#2512,.T.);
#2512 = LINE('',#2513,#2514);
#2513 = CARTESIAN_POINT('',(131.3,17.9,32.9));
#2514 = VECTOR('',#2515,1.);
#2515 = DIRECTION('',(0.,1.,0.));
#2516 = PLANE('',#2517);
#2517 = AXIS2_PLACEMENT_3D('',#2518,#2519,#2520);
#2518 = CARTESIAN_POINT('',(133.25,17.9,30.95));
#2519 = DIRECTION('',(0.707106781187,-3.E-17,0.707106781187));
#2520 = DIRECTION('',(2.12132034356E-17,1.,2.12132034356E-17));
#2521 = ADVANCED_FACE('',(#2522),#2540,.T.);
#2522 = FACE_BOUND('',#2523,.T.);
#2523 = EDGE_LOOP('',(#2524,#2525,#2526,#2534));
#2524 = ORIENTED_EDGE('',*,*,#2479,.F.);
#2525 = ORIENTED_EDGE('',*,*,#410,.T.);
#2526 = ORIENTED_EDGE('',*,*,#2527,.T.);
#2527 = EDGE_CURVE('',#403,#2528,#2530,.T.);
#2528 = VERTEX_POINT('',#2529);
#2529 = CARTESIAN_POINT('',(123.3,17.9,32.9));
#2530 = LINE('',#2531,#2532);
#2531 = CARTESIAN_POINT('',(123.33333333333,17.933333333333,
    32.933333333333));
#2532 = VECTOR('',#2533,1.);
#2533 = DIRECTION('',(0.57735026919,0.57735026919,0.57735026919));
#2534 = ORIENTED_EDGE('',*,*,#2535,.F.);
#2535 = EDGE_CURVE('',#2480,#2528,#2536,.T.);
#2536 = LINE('',#2537,#2538);
#2537 = CARTESIAN_POINT('',(123.3,25.9,32.9));
#2538 = VECTOR('',#2539,1.);
#2539 = DIRECTION('',(0.,-1.,0.));
#2540 = PLANE('',#2541);
#2541 = AXIS2_PLACEMENT_3D('',#2542,#2543,#2544);
#2542 = CARTESIAN_POINT('',(121.35,25.9,30.95));
#2543 = DIRECTION('',(-0.707106781187,3.E-17,0.707106781187));
#2544 = DIRECTION('',(-2.12132034356E-17,-1.,2.12132034356E-17));
#2545 = ADVANCED_FACE('',(#2546),#2557,.T.);
#2546 = FACE_BOUND('',#2547,.T.);
#2547 = EDGE_LOOP('',(#2548,#2549,#2550,#2551));
#2548 = ORIENTED_EDGE('',*,*,#2527,.F.);
#2549 = ORIENTED_EDGE('',*,*,#402,.T.);
#2550 = ORIENTED_EDGE('',*,*,#2501,.T.);
#2551 = ORIENTED_EDGE('',*,*,#2552,.F.);
#2552 = EDGE_CURVE('',#2528,#2502,#2553,.T.);
#2553 = LINE('',#2554,#2555);
#2554 = CARTESIAN_POINT('',(123.3,17.9,32.9));
#2555 = VECTOR('',#2556,1.);
#2556 = DIRECTION('',(1.,0.,0.));
#2557 = PLANE('',#2558);
#2558 = AXIS2_PLACEMENT_3D('',#2559,#2560,#2561);
#2559 = CARTESIAN_POINT('',(123.3,15.95,30.95));
#2560 = DIRECTION('',(-3.E-17,-0.707106781187,0.707106781187));
#2561 = DIRECTION('',(1.,-2.12132034356E-17,2.12132034356E-17));
#2562 = ADVANCED_FACE('',(#2563),#2588,.T.);
#2563 = FACE_BOUND('',#2564,.T.);
#2564 = EDGE_LOOP('',(#2565,#2573,#2574,#2582));
#2565 = ORIENTED_EDGE('',*,*,#2566,.F.);
#2566 = EDGE_CURVE('',#419,#2567,#2569,.T.);
#2567 = VERTEX_POINT('',#2568);
#2568 = CARTESIAN_POINT('',(90.7,25.9,32.9));
#2569 = LINE('',#2570,#2571);
#2570 = CARTESIAN_POINT('',(90.666666666667,25.866666666667,
    32.933333333333));
#2571 = VECTOR('',#2572,1.);
#2572 = DIRECTION('',(-0.57735026919,-0.57735026919,0.57735026919));
#2573 = ORIENTED_EDGE('',*,*,#418,.T.);
#2574 = ORIENTED_EDGE('',*,*,#2575,.T.);
#2575 = EDGE_CURVE('',#421,#2576,#2578,.T.);
#2576 = VERTEX_POINT('',#2577);
#2577 = CARTESIAN_POINT('',(82.7,25.9,32.9));
#2578 = LINE('',#2579,#2580);
#2579 = CARTESIAN_POINT('',(82.7,27.85,30.95));
#2580 = VECTOR('',#2581,1.);
#2581 = DIRECTION('',(0.,-0.707106781187,0.707106781187));
#2582 = ORIENTED_EDGE('',*,*,#2583,.F.);
#2583 = EDGE_CURVE('',#2567,#2576,#2584,.T.);
#2584 = LINE('',#2585,#2586);
#2585 = CARTESIAN_POINT('',(90.7,25.9,32.9));
#2586 = VECTOR('',#2587,1.);
#2587 = DIRECTION('',(-1.,0.,0.));
#2588 = PLANE('',#2589);
#2589 = AXIS2_PLACEMENT_3D('',#2590,#2591,#2592);
#2590 = CARTESIAN_POINT('',(90.7,27.85,30.95));
#2591 = DIRECTION('',(0.,0.707106781187,0.707106781187));
#2592 = DIRECTION('',(-1.,0.,0.));
#2593 = ADVANCED_FACE('',(#2594),#2628,.F.);
#2594 = FACE_BOUND('',#2595,.F.);
#2595 = EDGE_LOOP('',(#2596,#2604,#2612,#2620,#2626,#2627));
#2596 = ORIENTED_EDGE('',*,*,#2597,.T.);
#2597 = EDGE_CURVE('',#2576,#2598,#2600,.T.);
#2598 = VERTEX_POINT('',#2599);
#2599 = CARTESIAN_POINT('',(82.7,25.9,33.));
#2600 = LINE('',#2601,#2602);
#2601 = CARTESIAN_POINT('',(82.7,25.9,29.));
#2602 = VECTOR('',#2603,1.);
#2603 = DIRECTION('',(0.,0.,1.));
#2604 = ORIENTED_EDGE('',*,*,#2605,.T.);
#2605 = EDGE_CURVE('',#2598,#2606,#2608,.T.);
#2606 = VERTEX_POINT('',#2607);
#2607 = CARTESIAN_POINT('',(82.7,17.9,33.));
#2608 = LINE('',#2609,#2610);
#2609 = CARTESIAN_POINT('',(82.7,25.9,33.));
#2610 = VECTOR('',#2611,1.);
#2611 = DIRECTION('',(0.,-1.,0.));
#2612 = ORIENTED_EDGE('',*,*,#2613,.F.);
#2613 = EDGE_CURVE('',#2614,#2606,#2616,.T.);
#2614 = VERTEX_POINT('',#2615);
#2615 = CARTESIAN_POINT('',(82.7,17.9,32.9));
#2616 = LINE('',#2617,#2618);
#2617 = CARTESIAN_POINT('',(82.7,17.9,29.));
#2618 = VECTOR('',#2619,1.);
#2619 = DIRECTION('',(0.,0.,1.));
#2620 = ORIENTED_EDGE('',*,*,#2621,.F.);
#2621 = EDGE_CURVE('',#437,#2614,#2622,.T.);
#2622 = LINE('',#2623,#2624);
#2623 = CARTESIAN_POINT('',(82.7,17.95,32.95));
#2624 = VECTOR('',#2625,1.);
#2625 = DIRECTION('',(0.,0.707106781187,0.707106781187));
#2626 = ORIENTED_EDGE('',*,*,#444,.F.);
#2627 = ORIENTED_EDGE('',*,*,#2575,.T.);
#2628 = PLANE('',#2629);
#2629 = AXIS2_PLACEMENT_3D('',#2630,#2631,#2632);
#2630 = CARTESIAN_POINT('',(82.7,25.9,29.));
#2631 = DIRECTION('',(1.,0.,0.));
#2632 = DIRECTION('',(0.,-1.,0.));
#2633 = ADVANCED_FACE('',(#2634),#2652,.T.);
#2634 = FACE_BOUND('',#2635,.T.);
#2635 = EDGE_LOOP('',(#2636,#2644,#2645,#2646));
#2636 = ORIENTED_EDGE('',*,*,#2637,.F.);
#2637 = EDGE_CURVE('',#429,#2638,#2640,.T.);
#2638 = VERTEX_POINT('',#2639);
#2639 = CARTESIAN_POINT('',(90.7,17.9,32.9));
#2640 = LINE('',#2641,#2642);
#2641 = CARTESIAN_POINT('',(90.666666666667,17.933333333333,
    32.933333333333));
#2642 = VECTOR('',#2643,1.);
#2643 = DIRECTION('',(-0.57735026919,0.57735026919,0.57735026919));
#2644 = ORIENTED_EDGE('',*,*,#428,.T.);
#2645 = ORIENTED_EDGE('',*,*,#2566,.T.);
#2646 = ORIENTED_EDGE('',*,*,#2647,.F.);
#2647 = EDGE_CURVE('',#2638,#2567,#2648,.T.);
#2648 = LINE('',#2649,#2650);
#2649 = CARTESIAN_POINT('',(90.7,17.9,32.9));
#2650 = VECTOR('',#2651,1.);
#2651 = DIRECTION('',(0.,1.,0.));
#2652 = PLANE('',#2653);
#2653 = AXIS2_PLACEMENT_3D('',#2654,#2655,#2656);
#2654 = CARTESIAN_POINT('',(92.65,17.9,30.95));
#2655 = DIRECTION('',(0.707106781187,-3.E-17,0.707106781187));
#2656 = DIRECTION('',(2.12132034356E-17,1.,2.12132034356E-17));
#2657 = ADVANCED_FACE('',(#2658),#2669,.T.);
#2658 = FACE_BOUND('',#2659,.T.);
#2659 = EDGE_LOOP('',(#2660,#2661,#2662,#2663));
#2660 = ORIENTED_EDGE('',*,*,#2621,.F.);
#2661 = ORIENTED_EDGE('',*,*,#436,.T.);
#2662 = ORIENTED_EDGE('',*,*,#2637,.T.);
#2663 = ORIENTED_EDGE('',*,*,#2664,.F.);
#2664 = EDGE_CURVE('',#2614,#2638,#2665,.T.);
#2665 = LINE('',#2666,#2667);
#2666 = CARTESIAN_POINT('',(82.7,17.9,32.9));
#2667 = VECTOR('',#2668,1.);
#2668 = DIRECTION('',(1.,0.,0.));
#2669 = PLANE('',#2670);
#2670 = AXIS2_PLACEMENT_3D('',#2671,#2672,#2673);
#2671 = CARTESIAN_POINT('',(82.7,15.95,30.95));
#2672 = DIRECTION('',(-3.E-17,-0.707106781187,0.707106781187));
#2673 = DIRECTION('',(1.,-2.12132034356E-17,2.12132034356E-17));
#2674 = ADVANCED_FACE('',(#2675),#2693,.T.);
#2675 = FACE_BOUND('',#2676,.T.);
#2676 = EDGE_LOOP('',(#2677,#2678,#2686,#2692));
#2677 = ORIENTED_EDGE('',*,*,#458,.F.);
#2678 = ORIENTED_EDGE('',*,*,#2679,.T.);
#2679 = EDGE_CURVE('',#459,#2680,#2682,.T.);
#2680 = VERTEX_POINT('',#2681);
#2681 = CARTESIAN_POINT('',(145.88238567811,69.781051952411,
    31.99999999998));
#2682 = LINE('',#2683,#2684);
#2683 = CARTESIAN_POINT('',(185.88238567811,69.781051952411,
    31.99999999998));
#2684 = VECTOR('',#2685,1.);
#2685 = DIRECTION('',(-1.,0.,0.));
#2686 = ORIENTED_EDGE('',*,*,#2687,.T.);
#2687 = EDGE_CURVE('',#2680,#903,#2688,.T.);
#2688 = LINE('',#2689,#2690);
#2689 = CARTESIAN_POINT('',(145.88238567811,69.781051952411,
    31.99999999998));
#2690 = VECTOR('',#2691,1.);
#2691 = DIRECTION('',(0.,0.,-1.));
#2692 = ORIENTED_EDGE('',*,*,#910,.F.);
#2693 = PLANE('',#2694);
#2694 = AXIS2_PLACEMENT_3D('',#2695,#2696,#2697);
#2695 = CARTESIAN_POINT('',(185.88238567811,69.781051952411,
    31.99999999998));
#2696 = DIRECTION('',(-0.,-1.,-0.));
#2697 = DIRECTION('',(0.,0.,-1.));
#2698 = ADVANCED_FACE('',(#2699),#2710,.T.);
#2699 = FACE_BOUND('',#2700,.T.);
#2700 = EDGE_LOOP('',(#2701,#2702,#2708,#2709));
#2701 = ORIENTED_EDGE('',*,*,#1119,.T.);
#2702 = ORIENTED_EDGE('',*,*,#2703,.T.);
#2703 = EDGE_CURVE('',#1112,#2680,#2704,.T.);
#2704 = LINE('',#2705,#2706);
#2705 = CARTESIAN_POINT('',(145.88238567811,71.781051952411,
    31.99999999998));
#2706 = VECTOR('',#2707,1.);
#2707 = DIRECTION('',(0.,-1.,0.));
#2708 = ORIENTED_EDGE('',*,*,#2679,.F.);
#2709 = ORIENTED_EDGE('',*,*,#693,.F.);
#2710 = PLANE('',#2711);
#2711 = AXIS2_PLACEMENT_3D('',#2712,#2713,#2714);
#2712 = CARTESIAN_POINT('',(185.88238567811,71.781051952411,
    31.99999999998));
#2713 = DIRECTION('',(0.,0.,1.));
#2714 = DIRECTION('',(0.,-1.,0.));
#2715 = ADVANCED_FACE('',(#2716),#2727,.F.);
#2716 = FACE_BOUND('',#2717,.F.);
#2717 = EDGE_LOOP('',(#2718,#2719,#2725,#2726));
#2718 = ORIENTED_EDGE('',*,*,#1396,.F.);
#2719 = ORIENTED_EDGE('',*,*,#2720,.T.);
#2720 = EDGE_CURVE('',#1397,#670,#2721,.T.);
#2721 = LINE('',#2722,#2723);
#2722 = CARTESIAN_POINT('',(187.88238567811,70.911499836345,
    38.341925198866));
#2723 = VECTOR('',#2724,1.);
#2724 = DIRECTION('',(-1.,-0.,-0.));
#2725 = ORIENTED_EDGE('',*,*,#677,.T.);
#2726 = ORIENTED_EDGE('',*,*,#1126,.F.);
#2727 = PLANE('',#2728);
#2728 = AXIS2_PLACEMENT_3D('',#2729,#2730,#2731);
#2729 = CARTESIAN_POINT('',(187.88238567811,70.911499836345,
    38.341925198866));
#2730 = DIRECTION('',(0.,-1.,0.));
#2731 = DIRECTION('',(0.,0.,-1.));
#2732 = ADVANCED_FACE('',(#2733),#2751,.T.);
#2733 = FACE_BOUND('',#2734,.T.);
#2734 = EDGE_LOOP('',(#2735,#2743,#2744,#2745));
#2735 = ORIENTED_EDGE('',*,*,#2736,.F.);
#2736 = EDGE_CURVE('',#484,#2737,#2739,.T.);
#2737 = VERTEX_POINT('',#2738);
#2738 = CARTESIAN_POINT('',(184.98238567811,2.29000000007,38.279451));
#2739 = LINE('',#2740,#2741);
#2740 = CARTESIAN_POINT('',(186.18729417811,1.08509150007,37.0745425));
#2741 = VECTOR('',#2742,1.);
#2742 = DIRECTION('',(-0.57735026919,0.57735026919,0.57735026919));
#2743 = ORIENTED_EDGE('',*,*,#483,.T.);
#2744 = ORIENTED_EDGE('',*,*,#934,.T.);
#2745 = ORIENTED_EDGE('',*,*,#2746,.F.);
#2746 = EDGE_CURVE('',#2737,#925,#2747,.T.);
#2747 = LINE('',#2748,#2749);
#2748 = CARTESIAN_POINT('',(184.98238567811,2.29000000007,38.279451));
#2749 = VECTOR('',#2750,1.);
#2750 = DIRECTION('',(0.,-1.,0.));
#2751 = PLANE('',#2752);
#2752 = AXIS2_PLACEMENT_3D('',#2753,#2754,#2755);
#2753 = CARTESIAN_POINT('',(185.43238567811,2.29000000007,37.829451));
#2754 = DIRECTION('',(-0.707106781187,1.E-17,-0.707106781187));
#2755 = DIRECTION('',(-7.071067811865E-18,-1.,-7.071067811865E-18));
#2756 = ADVANCED_FACE('',(#2757),#2768,.F.);
#2757 = FACE_BOUND('',#2758,.F.);
#2758 = EDGE_LOOP('',(#2759,#2760,#2766,#2767));
#2759 = ORIENTED_EDGE('',*,*,#1404,.F.);
#2760 = ORIENTED_EDGE('',*,*,#2761,.T.);
#2761 = EDGE_CURVE('',#1405,#662,#2762,.T.);
#2762 = LINE('',#2763,#2764);
#2763 = CARTESIAN_POINT('',(187.88238567811,74.78105195239,
    42.211477314911));
#2764 = VECTOR('',#2765,1.);
#2765 = DIRECTION('',(-1.,-0.,-0.));
#2766 = ORIENTED_EDGE('',*,*,#669,.T.);
#2767 = ORIENTED_EDGE('',*,*,#2720,.F.);
#2768 = PLANE('',#2769);
#2769 = AXIS2_PLACEMENT_3D('',#2770,#2771,#2772);
#2770 = CARTESIAN_POINT('',(187.88238567811,74.78105195239,
    42.211477314911));
#2771 = DIRECTION('',(0.,-0.707106781187,0.707106781187));
#2772 = DIRECTION('',(0.,-0.707106781187,-0.707106781187));
#2773 = ADVANCED_FACE('',(#2774),#2800,.T.);
#2774 = FACE_BOUND('',#2775,.T.);
#2775 = EDGE_LOOP('',(#2776,#2784,#2785,#2786,#2794));
#2776 = ORIENTED_EDGE('',*,*,#2777,.F.);
#2777 = EDGE_CURVE('',#492,#2778,#2780,.T.);
#2778 = VERTEX_POINT('',#2779);
#2779 = CARTESIAN_POINT('',(185.78238567811,1.49000000007,32.85));
#2780 = LINE('',#2781,#2782);
#2781 = CARTESIAN_POINT('',(181.35738567813,5.915000000052,32.85));
#2782 = VECTOR('',#2783,1.);
#2783 = DIRECTION('',(-0.707106781187,0.707106781187,0.));
#2784 = ORIENTED_EDGE('',*,*,#491,.T.);
#2785 = ORIENTED_EDGE('',*,*,#2736,.T.);
#2786 = ORIENTED_EDGE('',*,*,#2787,.F.);
#2787 = EDGE_CURVE('',#2788,#2737,#2790,.T.);
#2788 = VERTEX_POINT('',#2789);
#2789 = CARTESIAN_POINT('',(184.98238567811,2.29000000007,33.65));
#2790 = LINE('',#2791,#2792);
#2791 = CARTESIAN_POINT('',(184.98238567811,2.29000000007,32.85));
#2792 = VECTOR('',#2793,1.);
#2793 = DIRECTION('',(0.,0.,1.));
#2794 = ORIENTED_EDGE('',*,*,#2795,.F.);
#2795 = EDGE_CURVE('',#2778,#2788,#2796,.T.);
#2796 = LINE('',#2797,#2798);
#2797 = CARTESIAN_POINT('',(184.29071901146,2.981666666725,
    34.341666666655));
#2798 = VECTOR('',#2799,1.);
#2799 = DIRECTION('',(-0.57735026919,0.57735026919,0.57735026919));
#2800 = PLANE('',#2801);
#2801 = AXIS2_PLACEMENT_3D('',#2802,#2803,#2804);
#2802 = CARTESIAN_POINT('',(185.43238567811,1.84000000007,32.85));
#2803 = DIRECTION('',(-0.707106781187,-0.707106781187,0.));
#2804 = DIRECTION('',(0.,0.,1.));
#2805 = ADVANCED_FACE('',(#2806),#2817,.F.);
#2806 = FACE_BOUND('',#2807,.F.);
#2807 = EDGE_LOOP('',(#2808,#2809,#2815,#2816));
#2808 = ORIENTED_EDGE('',*,*,#1412,.F.);
#2809 = ORIENTED_EDGE('',*,*,#2810,.T.);
#2810 = EDGE_CURVE('',#1373,#654,#2811,.T.);
#2811 = LINE('',#2812,#2813);
#2812 = CARTESIAN_POINT('',(187.88238567811,80.253425035211,
    42.211477314911));
#2813 = VECTOR('',#2814,1.);
#2814 = DIRECTION('',(-1.,-0.,-0.));
#2815 = ORIENTED_EDGE('',*,*,#661,.T.);
#2816 = ORIENTED_EDGE('',*,*,#2761,.F.);
#2817 = PLANE('',#2818);
#2818 = AXIS2_PLACEMENT_3D('',#2819,#2820,#2821);
#2819 = CARTESIAN_POINT('',(187.88238567811,80.253425035211,
    42.211477314911));
#2820 = DIRECTION('',(0.,0.,1.));
#2821 = DIRECTION('',(0.,-1.,0.));
#2822 = ADVANCED_FACE('',(#2823),#2841,.F.);
#2823 = FACE_BOUND('',#2824,.F.);
#2824 = EDGE_LOOP('',(#2825,#2833,#2834,#2835));
#2825 = ORIENTED_EDGE('',*,*,#2826,.T.);
#2826 = EDGE_CURVE('',#2827,#2778,#2829,.T.);
#2827 = VERTEX_POINT('',#2828);
#2828 = CARTESIAN_POINT('',(185.78238567811,7.84,32.85));
#2829 = LINE('',#2830,#2831);
#2830 = CARTESIAN_POINT('',(185.78238567811,7.84,32.85));
#2831 = VECTOR('',#2832,1.);
#2832 = DIRECTION('',(0.,-1.,0.));
#2833 = ORIENTED_EDGE('',*,*,#2777,.F.);
#2834 = ORIENTED_EDGE('',*,*,#499,.F.);
#2835 = ORIENTED_EDGE('',*,*,#2836,.F.);
#2836 = EDGE_CURVE('',#2827,#500,#2837,.T.);
#2837 = LINE('',#2838,#2839);
#2838 = CARTESIAN_POINT('',(185.38238567811,7.84,32.85));
#2839 = VECTOR('',#2840,1.);
#2840 = DIRECTION('',(1.,0.,0.));
#2841 = PLANE('',#2842);
#2842 = AXIS2_PLACEMENT_3D('',#2843,#2844,#2845);
#2843 = CARTESIAN_POINT('',(185.88238567811,18.59,32.85));
#2844 = DIRECTION('',(0.,0.,1.));
#2845 = DIRECTION('',(0.,-1.,0.));
#2846 = ADVANCED_FACE('',(#2847),#2858,.F.);
#2847 = FACE_BOUND('',#2848,.F.);
#2848 = EDGE_LOOP('',(#2849,#2850,#2856,#2857));
#2849 = ORIENTED_EDGE('',*,*,#1370,.F.);
#2850 = ORIENTED_EDGE('',*,*,#2851,.T.);
#2851 = EDGE_CURVE('',#1371,#646,#2852,.T.);
#2852 = LINE('',#2853,#2854);
#2853 = CARTESIAN_POINT('',(187.88238567811,84.122977151257,
    38.341925198866));
#2854 = VECTOR('',#2855,1.);
#2855 = DIRECTION('',(-1.,-0.,-0.));
#2856 = ORIENTED_EDGE('',*,*,#653,.T.);
#2857 = ORIENTED_EDGE('',*,*,#2810,.F.);
#2858 = PLANE('',#2859);
#2859 = AXIS2_PLACEMENT_3D('',#2860,#2861,#2862);
#2860 = CARTESIAN_POINT('',(187.88238567811,84.122977151257,
    38.341925198866));
#2861 = DIRECTION('',(0.,0.707106781187,0.707106781187));
#2862 = DIRECTION('',(0.,-0.707106781187,0.707106781187));
#2863 = ADVANCED_FACE('',(#2864),#2890,.F.);
#2864 = FACE_BOUND('',#2865,.F.);
#2865 = EDGE_LOOP('',(#2866,#2867,#2868,#2876,#2884));
#2866 = ORIENTED_EDGE('',*,*,#2836,.T.);
#2867 = ORIENTED_EDGE('',*,*,#507,.T.);
#2868 = ORIENTED_EDGE('',*,*,#2869,.F.);
#2869 = EDGE_CURVE('',#2870,#508,#2872,.T.);
#2870 = VERTEX_POINT('',#2871);
#2871 = CARTESIAN_POINT('',(183.88238567811,7.84,35.242183795416));
#2872 = LINE('',#2873,#2874);
#2873 = CARTESIAN_POINT('',(185.88238567811,7.84,35.242183795416));
#2874 = VECTOR('',#2875,1.);
#2875 = DIRECTION('',(1.,2.2E-16,-2.2E-16));
#2876 = ORIENTED_EDGE('',*,*,#2877,.F.);
#2877 = EDGE_CURVE('',#2878,#2870,#2880,.T.);
#2878 = VERTEX_POINT('',#2879);
#2879 = CARTESIAN_POINT('',(183.88238567811,7.84,34.75));
#2880 = LINE('',#2881,#2882);
#2881 = CARTESIAN_POINT('',(183.88238567811,7.84,29.65));
#2882 = VECTOR('',#2883,1.);
#2883 = DIRECTION('',(0.,0.,1.));
#2884 = ORIENTED_EDGE('',*,*,#2885,.T.);
#2885 = EDGE_CURVE('',#2878,#2827,#2886,.T.);
#2886 = LINE('',#2887,#2888);
#2887 = CARTESIAN_POINT('',(182.41988567811,7.84,36.2125));
#2888 = VECTOR('',#2889,1.);
#2889 = DIRECTION('',(0.707106781187,0.,-0.707106781187));
#2890 = PLANE('',#2891);
#2891 = AXIS2_PLACEMENT_3D('',#2892,#2893,#2894);
#2892 = CARTESIAN_POINT('',(184.88238567811,7.84,43.5));
#2893 = DIRECTION('',(-0.,-1.,-0.));
#2894 = DIRECTION('',(0.,0.,-1.));
#2895 = ADVANCED_FACE('',(#2896),#2902,.F.);
#2896 = FACE_BOUND('',#2897,.F.);
#2897 = EDGE_LOOP('',(#2898,#2899,#2900,#2901));
#2898 = ORIENTED_EDGE('',*,*,#1380,.F.);
#2899 = ORIENTED_EDGE('',*,*,#1561,.T.);
#2900 = ORIENTED_EDGE('',*,*,#645,.T.);
#2901 = ORIENTED_EDGE('',*,*,#2851,.F.);
#2902 = PLANE('',#2903);
#2903 = AXIS2_PLACEMENT_3D('',#2904,#2905,#2906);
#2904 = CARTESIAN_POINT('',(187.88238567811,84.122977151257,
    32.869552116045));
#2905 = DIRECTION('',(0.,1.,0.));
#2906 = DIRECTION('',(0.,0.,1.));
#2907 = ADVANCED_FACE('',(#2908),#2927,.F.);
#2908 = FACE_BOUND('',#2909,.T.);
#2909 = EDGE_LOOP('',(#2910,#2911,#2912,#2921));
#2910 = ORIENTED_EDGE('',*,*,#515,.F.);
#2911 = ORIENTED_EDGE('',*,*,#2869,.F.);
#2912 = ORIENTED_EDGE('',*,*,#2913,.T.);
#2913 = EDGE_CURVE('',#2870,#2914,#2916,.T.);
#2914 = VERTEX_POINT('',#2915);
#2915 = CARTESIAN_POINT('',(183.88238567811,4.29,37.35));
#2916 = CIRCLE('',#2917,8.8145);
#2917 = AXIS2_PLACEMENT_3D('',#2918,#2919,#2920);
#2918 = CARTESIAN_POINT('',(183.88238567811,10.44,43.6645));
#2919 = DIRECTION('',(-1.,-2.2E-16,2.2E-16));
#2920 = DIRECTION('',(2.2E-16,-1.,0.));
#2921 = ORIENTED_EDGE('',*,*,#2922,.F.);
#2922 = EDGE_CURVE('',#516,#2914,#2923,.T.);
#2923 = LINE('',#2924,#2925);
#2924 = CARTESIAN_POINT('',(185.88238567811,4.29,37.35));
#2925 = VECTOR('',#2926,1.);
#2926 = DIRECTION('',(-1.,0.,0.));
#2927 = CYLINDRICAL_SURFACE('',#2928,8.8145);
#2928 = AXIS2_PLACEMENT_3D('',#2929,#2930,#2931);
#2929 = CARTESIAN_POINT('',(185.88238567811,10.44,43.6645));
#2930 = DIRECTION('',(1.,2.2E-16,-2.2E-16));
#2931 = DIRECTION('',(2.2E-16,-1.,0.));
#2932 = ADVANCED_FACE('',(#2933),#2951,.T.);
#2933 = FACE_BOUND('',#2934,.T.);
#2934 = EDGE_LOOP('',(#2935,#2936,#2944,#2950));
#2935 = ORIENTED_EDGE('',*,*,#2922,.T.);
#2936 = ORIENTED_EDGE('',*,*,#2937,.T.);
#2937 = EDGE_CURVE('',#2914,#2938,#2940,.T.);
#2938 = VERTEX_POINT('',#2939);
#2939 = CARTESIAN_POINT('',(183.88238567811,4.29,49.65));
#2940 = LINE('',#2941,#2942);
#2941 = CARTESIAN_POINT('',(183.88238567811,4.29,37.35));
#2942 = VECTOR('',#2943,1.);
#2943 = DIRECTION('',(0.,0.,1.));
#2944 = ORIENTED_EDGE('',*,*,#2945,.F.);
#2945 = EDGE_CURVE('',#525,#2938,#2946,.T.);
#2946 = LINE('',#2947,#2948);
#2947 = CARTESIAN_POINT('',(185.88238567811,4.29,49.65));
#2948 = VECTOR('',#2949,1.);
#2949 = DIRECTION('',(-1.,0.,0.));
#2950 = ORIENTED_EDGE('',*,*,#524,.F.);
#2951 = PLANE('',#2952);
#2952 = AXIS2_PLACEMENT_3D('',#2953,#2954,#2955);
#2953 = CARTESIAN_POINT('',(185.88238567811,4.29,37.35));
#2954 = DIRECTION('',(0.,1.,0.));
#2955 = DIRECTION('',(0.,0.,1.));
#2956 = ADVANCED_FACE('',(#2957),#2975,.F.);
#2957 = FACE_BOUND('',#2958,.F.);
#2958 = EDGE_LOOP('',(#2959,#2960,#2968,#2974));
#2959 = ORIENTED_EDGE('',*,*,#1568,.T.);
#2960 = ORIENTED_EDGE('',*,*,#2961,.T.);
#2961 = EDGE_CURVE('',#1543,#2962,#2964,.T.);
#2962 = VERTEX_POINT('',#2963);
#2963 = CARTESIAN_POINT('',(145.88238567811,85.253425035211,32.));
#2964 = LINE('',#2965,#2966);
#2965 = CARTESIAN_POINT('',(145.88238567811,83.253425035211,32.));
#2966 = VECTOR('',#2967,1.);
#2967 = DIRECTION('',(0.,1.,0.));
#2968 = ORIENTED_EDGE('',*,*,#2969,.F.);
#2969 = EDGE_CURVE('',#622,#2962,#2970,.T.);
#2970 = LINE('',#2971,#2972);
#2971 = CARTESIAN_POINT('',(185.88238567811,85.253425035211,32.));
#2972 = VECTOR('',#2973,1.);
#2973 = DIRECTION('',(-1.,0.,0.));
#2974 = ORIENTED_EDGE('',*,*,#629,.F.);
#2975 = PLANE('',#2976);
#2976 = AXIS2_PLACEMENT_3D('',#2977,#2978,#2979);
#2977 = CARTESIAN_POINT('',(185.88238567811,83.253425035211,32.));
#2978 = DIRECTION('',(0.,0.,-1.));
#2979 = DIRECTION('',(0.,1.,0.));
#2980 = ADVANCED_FACE('',(#2981),#3000,.F.);
#2981 = FACE_BOUND('',#2982,.T.);
#2982 = EDGE_LOOP('',(#2983,#2984,#2993,#2999));
#2983 = ORIENTED_EDGE('',*,*,#2945,.T.);
#2984 = ORIENTED_EDGE('',*,*,#2985,.T.);
#2985 = EDGE_CURVE('',#2938,#2986,#2988,.T.);
#2986 = VERTEX_POINT('',#2987);
#2987 = CARTESIAN_POINT('',(183.88238567811,7.84,51.757816204584));
#2988 = CIRCLE('',#2989,8.8145);
#2989 = AXIS2_PLACEMENT_3D('',#2990,#2991,#2992);
#2990 = CARTESIAN_POINT('',(183.88238567811,10.44,43.3355));
#2991 = DIRECTION('',(-1.,-2.2E-16,2.2E-16));
#2992 = DIRECTION('',(2.2E-16,-1.,0.));
#2993 = ORIENTED_EDGE('',*,*,#2994,.T.);
#2994 = EDGE_CURVE('',#2986,#533,#2995,.T.);
#2995 = LINE('',#2996,#2997);
#2996 = CARTESIAN_POINT('',(185.88238567811,7.84,51.757816204584));
#2997 = VECTOR('',#2998,1.);
#2998 = DIRECTION('',(1.,2.2E-16,-2.2E-16));
#2999 = ORIENTED_EDGE('',*,*,#532,.F.);
#3000 = CYLINDRICAL_SURFACE('',#3001,8.8145);
#3001 = AXIS2_PLACEMENT_3D('',#3002,#3003,#3004);
#3002 = CARTESIAN_POINT('',(185.88238567811,10.44,43.3355));
#3003 = DIRECTION('',(1.,2.2E-16,-2.2E-16));
#3004 = DIRECTION('',(2.2E-16,-1.,0.));
#3005 = ADVANCED_FACE('',(#3006),#3017,.F.);
#3006 = FACE_BOUND('',#3007,.F.);
#3007 = EDGE_LOOP('',(#3008,#3009,#3010,#3016));
#3008 = ORIENTED_EDGE('',*,*,#621,.F.);
#3009 = ORIENTED_EDGE('',*,*,#2969,.T.);
#3010 = ORIENTED_EDGE('',*,*,#3011,.T.);
#3011 = EDGE_CURVE('',#2962,#1625,#3012,.T.);
#3012 = LINE('',#3013,#3014);
#3013 = CARTESIAN_POINT('',(145.88238567811,85.253425035211,32.));
#3014 = VECTOR('',#3015,1.);
#3015 = DIRECTION('',(0.,0.,-1.));
#3016 = ORIENTED_EDGE('',*,*,#1739,.F.);
#3017 = PLANE('',#3018);
#3018 = AXIS2_PLACEMENT_3D('',#3019,#3020,#3021);
#3019 = CARTESIAN_POINT('',(185.88238567811,85.253425035211,32.));
#3020 = DIRECTION('',(-0.,-1.,-0.));
#3021 = DIRECTION('',(0.,0.,-1.));
#3022 = ADVANCED_FACE('',(#3023),#3050,.F.);
#3023 = FACE_BOUND('',#3024,.F.);
#3024 = EDGE_LOOP('',(#3025,#3035,#3041,#3042,#3043,#3044));
#3025 = ORIENTED_EDGE('',*,*,#3026,.T.);
#3026 = EDGE_CURVE('',#3027,#3029,#3031,.T.);
#3027 = VERTEX_POINT('',#3028);
#3028 = CARTESIAN_POINT('',(184.98238567811,7.84,54.47900000012));
#3029 = VERTEX_POINT('',#3030);
#3030 = CARTESIAN_POINT('',(183.88238567811,7.84,54.47900000012));
#3031 = LINE('',#3032,#3033);
#3032 = CARTESIAN_POINT('',(185.38238567811,7.84,54.47900000012));
#3033 = VECTOR('',#3034,1.);
#3034 = DIRECTION('',(-1.,0.,0.));
#3035 = ORIENTED_EDGE('',*,*,#3036,.F.);
#3036 = EDGE_CURVE('',#2986,#3029,#3037,.T.);
#3037 = LINE('',#3038,#3039);
#3038 = CARTESIAN_POINT('',(183.88238567811,7.84,29.65));
#3039 = VECTOR('',#3040,1.);
#3040 = DIRECTION('',(0.,0.,1.));
#3041 = ORIENTED_EDGE('',*,*,#2994,.T.);
#3042 = ORIENTED_EDGE('',*,*,#541,.T.);
#3043 = ORIENTED_EDGE('',*,*,#549,.T.);
#3044 = ORIENTED_EDGE('',*,*,#3045,.T.);
#3045 = EDGE_CURVE('',#550,#3027,#3046,.T.);
#3046 = LINE('',#3047,#3048);
#3047 = CARTESIAN_POINT('',(182.43763567808,7.84,51.93425000009));
#3048 = VECTOR('',#3049,1.);
#3049 = DIRECTION('',(-0.707106781187,0.,-0.707106781187));
#3050 = PLANE('',#3051);
#3051 = AXIS2_PLACEMENT_3D('',#3052,#3053,#3054);
#3052 = CARTESIAN_POINT('',(184.88238567811,7.84,43.5));
#3053 = DIRECTION('',(-0.,-1.,-0.));
#3054 = DIRECTION('',(0.,0.,-1.));
#3055 = ADVANCED_FACE('',(#3056),#3074,.T.);
#3056 = FACE_BOUND('',#3057,.T.);
#3057 = EDGE_LOOP('',(#3058,#3066,#3067,#3068));
#3058 = ORIENTED_EDGE('',*,*,#3059,.F.);
#3059 = EDGE_CURVE('',#558,#3060,#3062,.T.);
#3060 = VERTEX_POINT('',#3061);
#3061 = CARTESIAN_POINT('',(184.98238567811,2.29000000007,54.47900000012
    ));
#3062 = LINE('',#3063,#3064);
#3063 = CARTESIAN_POINT('',(184.04438565462,3.228000023569,
    53.540999976621));
#3064 = VECTOR('',#3065,1.);
#3065 = DIRECTION('',(-0.57735026919,0.57735026919,-0.57735026919));
#3066 = ORIENTED_EDGE('',*,*,#557,.T.);
#3067 = ORIENTED_EDGE('',*,*,#3045,.T.);
#3068 = ORIENTED_EDGE('',*,*,#3069,.F.);
#3069 = EDGE_CURVE('',#3060,#3027,#3070,.T.);
#3070 = LINE('',#3071,#3072);
#3071 = CARTESIAN_POINT('',(184.98238567811,2.29000000007,54.47900000012
    ));
#3072 = VECTOR('',#3073,1.);
#3073 = DIRECTION('',(0.,1.,0.));
#3074 = PLANE('',#3075);
#3075 = AXIS2_PLACEMENT_3D('',#3076,#3077,#3078);
#3076 = CARTESIAN_POINT('',(185.43238567811,2.29000000007,54.92900000012
    ));
#3077 = DIRECTION('',(-0.707106781187,0.,0.707106781187));
#3078 = DIRECTION('',(0.,1.,0.));
#3079 = ADVANCED_FACE('',(#3080),#3099,.T.);
#3080 = FACE_BOUND('',#3081,.T.);
#3081 = EDGE_LOOP('',(#3082,#3091,#3092,#3093));
#3082 = ORIENTED_EDGE('',*,*,#3083,.F.);
#3083 = EDGE_CURVE('',#566,#3084,#3086,.T.);
#3084 = VERTEX_POINT('',#3085);
#3085 = CARTESIAN_POINT('',(184.98238567811,2.29000000007,
    47.050999859125));
#3086 = ELLIPSE('',#3087,7.071067811865,5.);
#3087 = AXIS2_PLACEMENT_3D('',#3088,#3089,#3090);
#3088 = CARTESIAN_POINT('',(188.50238567818,-1.23,43.5));
#3089 = DIRECTION('',(-0.707106781187,-0.707106781187,0.));
#3090 = DIRECTION('',(0.707106781187,-0.707106781187,0.));
#3091 = ORIENTED_EDGE('',*,*,#565,.T.);
#3092 = ORIENTED_EDGE('',*,*,#3059,.T.);
#3093 = ORIENTED_EDGE('',*,*,#3094,.F.);
#3094 = EDGE_CURVE('',#3084,#3060,#3095,.T.);
#3095 = LINE('',#3096,#3097);
#3096 = CARTESIAN_POINT('',(184.98238567811,2.29000000007,
    47.050999859126));
#3097 = VECTOR('',#3098,1.);
#3098 = DIRECTION('',(0.,0.,1.));
#3099 = PLANE('',#3100);
#3100 = AXIS2_PLACEMENT_3D('',#3101,#3102,#3103);
#3101 = CARTESIAN_POINT('',(185.43238567811,1.84000000007,
    47.050999859126));
#3102 = DIRECTION('',(-0.707106781187,-0.707106781187,0.));
#3103 = DIRECTION('',(0.,0.,1.));
#3104 = ADVANCED_FACE('',(#3105,#3120),#3136,.T.);
#3105 = FACE_BOUND('',#3106,.T.);
#3106 = EDGE_LOOP('',(#3107,#3108,#3109,#3110,#3111,#3112,#3113));
#3107 = ORIENTED_EDGE('',*,*,#1255,.F.);
#3108 = ORIENTED_EDGE('',*,*,#2036,.F.);
#3109 = ORIENTED_EDGE('',*,*,#1852,.F.);
#3110 = ORIENTED_EDGE('',*,*,#1817,.F.);
#3111 = ORIENTED_EDGE('',*,*,#598,.F.);
#3112 = ORIENTED_EDGE('',*,*,#967,.F.);
#3113 = ORIENTED_EDGE('',*,*,#3114,.F.);
#3114 = EDGE_CURVE('',#1256,#960,#3115,.T.);
#3115 = CIRCLE('',#3116,0.2);
#3116 = AXIS2_PLACEMENT_3D('',#3117,#3118,#3119);
#3117 = CARTESIAN_POINT('',(80.082385678119,-7.860578,60.));
#3118 = DIRECTION('',(-0.,0.,1.));
#3119 = DIRECTION('',(0.,-1.,0.));
#3120 = FACE_BOUND('',#3121,.T.);
#3121 = EDGE_LOOP('',(#3122,#3123,#3129,#3130));
#3122 = ORIENTED_EDGE('',*,*,#1656,.T.);
#3123 = ORIENTED_EDGE('',*,*,#3124,.T.);
#3124 = EDGE_CURVE('',#1649,#1339,#3125,.T.);
#3125 = LINE('',#3126,#3127);
#3126 = CARTESIAN_POINT('',(77.882385678119,-10.060578,60.));
#3127 = VECTOR('',#3128,1.);
#3128 = DIRECTION('',(1.,0.,0.));
#3129 = ORIENTED_EDGE('',*,*,#1362,.T.);
#3130 = ORIENTED_EDGE('',*,*,#3131,.F.);
#3131 = EDGE_CURVE('',#1657,#1355,#3132,.T.);
#3132 = LINE('',#3133,#3134);
#3133 = CARTESIAN_POINT('',(77.882385678119,105.939422,60.));
#3134 = VECTOR('',#3135,1.);
#3135 = DIRECTION('',(1.,0.,0.));
#3136 = PLANE('',#3137);
#3137 = AXIS2_PLACEMENT_3D('',#3138,#3139,#3140);
#3138 = CARTESIAN_POINT('',(132.88238567811,47.939422,60.));
#3139 = DIRECTION('',(0.,0.,1.));
#3140 = DIRECTION('',(1.,0.,0.));
#3141 = ADVANCED_FACE('',(#3142),#3169,.T.);
#3142 = FACE_BOUND('',#3143,.F.);
#3143 = EDGE_LOOP('',(#3144,#3145,#3153,#3162,#3168));
#3144 = ORIENTED_EDGE('',*,*,#573,.F.);
#3145 = ORIENTED_EDGE('',*,*,#3146,.T.);
#3146 = EDGE_CURVE('',#574,#3147,#3149,.T.);
#3147 = VERTEX_POINT('',#3148);
#3148 = CARTESIAN_POINT('',(184.78238567811,-6.229839375234,
    43.459922302182));
#3149 = LINE('',#3150,#3151);
#3150 = CARTESIAN_POINT('',(185.88238567811,-6.229839375234,
    43.459922302182));
#3151 = VECTOR('',#3152,1.);
#3152 = DIRECTION('',(-1.,0.,0.));
#3153 = ORIENTED_EDGE('',*,*,#3154,.T.);
#3154 = EDGE_CURVE('',#3147,#3155,#3157,.T.);
#3155 = VERTEX_POINT('',#3156);
#3156 = CARTESIAN_POINT('',(184.78238567811,2.29000000007,
    47.050999859125));
#3157 = CIRCLE('',#3158,5.);
#3158 = AXIS2_PLACEMENT_3D('',#3159,#3160,#3161);
#3159 = CARTESIAN_POINT('',(184.78238567811,-1.23,43.5));
#3160 = DIRECTION('',(-1.,-1.45E-15,-4.1E-16));
#3161 = DIRECTION('',(1.453239790039E-15,-0.999967875047,
    -8.015539563549E-03));
#3162 = ORIENTED_EDGE('',*,*,#3163,.T.);
#3163 = EDGE_CURVE('',#3155,#3084,#3164,.T.);
#3164 = LINE('',#3165,#3166);
#3165 = CARTESIAN_POINT('',(185.88238567811,2.29000000007,
    47.050999859125));
#3166 = VECTOR('',#3167,1.);
#3167 = DIRECTION('',(1.,0.,0.));
#3168 = ORIENTED_EDGE('',*,*,#3083,.F.);
#3169 = CYLINDRICAL_SURFACE('',#3170,5.);
#3170 = AXIS2_PLACEMENT_3D('',#3171,#3172,#3173);
#3171 = CARTESIAN_POINT('',(185.88238567811,-1.23,43.5));
#3172 = DIRECTION('',(1.,0.,0.));
#3173 = DIRECTION('',(0.,-1.,0.));
#3174 = ADVANCED_FACE('',(#3175),#3186,.F.);
#3175 = FACE_BOUND('',#3176,.F.);
#3176 = EDGE_LOOP('',(#3177,#3178,#3184,#3185));
#3177 = ORIENTED_EDGE('',*,*,#974,.T.);
#3178 = ORIENTED_EDGE('',*,*,#3179,.T.);
#3179 = EDGE_CURVE('',#975,#3147,#3180,.T.);
#3180 = LINE('',#3181,#3182);
#3181 = CARTESIAN_POINT('',(184.78238567811,-8.060578,43.459922302182));
#3182 = VECTOR('',#3183,1.);
#3183 = DIRECTION('',(0.,1.,0.));
#3184 = ORIENTED_EDGE('',*,*,#3146,.F.);
#3185 = ORIENTED_EDGE('',*,*,#582,.F.);
#3186 = PLANE('',#3187);
#3187 = AXIS2_PLACEMENT_3D('',#3188,#3189,#3190);
#3188 = CARTESIAN_POINT('',(185.88238567811,-8.060578,43.459922302182));
#3189 = DIRECTION('',(0.,0.,-1.));
#3190 = DIRECTION('',(0.,1.,0.));
#3191 = ADVANCED_FACE('',(#3192),#3208,.T.);
#3192 = FACE_BOUND('',#3193,.T.);
#3193 = EDGE_LOOP('',(#3194,#3195,#3201,#3202));
#3194 = ORIENTED_EDGE('',*,*,#1431,.F.);
#3195 = ORIENTED_EDGE('',*,*,#3196,.T.);
#3196 = EDGE_CURVE('',#1421,#702,#3197,.T.);
#3197 = LINE('',#3198,#3199);
#3198 = CARTESIAN_POINT('',(187.88238567811,39.5,46.25));
#3199 = VECTOR('',#3200,1.);
#3200 = DIRECTION('',(-1.,-0.,-0.));
#3201 = ORIENTED_EDGE('',*,*,#701,.T.);
#3202 = ORIENTED_EDGE('',*,*,#3203,.F.);
#3203 = EDGE_CURVE('',#1432,#704,#3204,.T.);
#3204 = LINE('',#3205,#3206);
#3205 = CARTESIAN_POINT('',(187.88238567811,49.7,46.25));
#3206 = VECTOR('',#3207,1.);
#3207 = DIRECTION('',(-1.,-0.,-0.));
#3208 = PLANE('',#3209);
#3209 = AXIS2_PLACEMENT_3D('',#3210,#3211,#3212);
#3210 = CARTESIAN_POINT('',(187.88238567811,39.5,46.25));
#3211 = DIRECTION('',(0.,0.,-1.));
#3212 = DIRECTION('',(0.,1.,0.));
#3213 = ADVANCED_FACE('',(#3214),#3225,.F.);
#3214 = FACE_BOUND('',#3215,.F.);
#3215 = EDGE_LOOP('',(#3216,#3217,#3218,#3219));
#3216 = ORIENTED_EDGE('',*,*,#1420,.F.);
#3217 = ORIENTED_EDGE('',*,*,#3196,.T.);
#3218 = ORIENTED_EDGE('',*,*,#711,.T.);
#3219 = ORIENTED_EDGE('',*,*,#3220,.F.);
#3220 = EDGE_CURVE('',#1423,#712,#3221,.T.);
#3221 = LINE('',#3222,#3223);
#3222 = CARTESIAN_POINT('',(187.88238567811,38.35,45.1));
#3223 = VECTOR('',#3224,1.);
#3224 = DIRECTION('',(-1.,-0.,-0.));
#3225 = CYLINDRICAL_SURFACE('',#3226,1.15);
#3226 = AXIS2_PLACEMENT_3D('',#3227,#3228,#3229);
#3227 = CARTESIAN_POINT('',(187.88238567811,39.5,45.1));
#3228 = DIRECTION('',(1.,0.,0.));
#3229 = DIRECTION('',(0.,-1.,0.));
#3230 = ADVANCED_FACE('',(#3231),#3242,.F.);
#3231 = FACE_BOUND('',#3232,.F.);
#3232 = EDGE_LOOP('',(#3233,#3234,#3240,#3241));
#3233 = ORIENTED_EDGE('',*,*,#1439,.F.);
#3234 = ORIENTED_EDGE('',*,*,#3235,.T.);
#3235 = EDGE_CURVE('',#1440,#755,#3236,.T.);
#3236 = LINE('',#3237,#3238);
#3237 = CARTESIAN_POINT('',(187.88238567811,50.85,45.1));
#3238 = VECTOR('',#3239,1.);
#3239 = DIRECTION('',(-1.,-0.,-0.));
#3240 = ORIENTED_EDGE('',*,*,#762,.T.);
#3241 = ORIENTED_EDGE('',*,*,#3203,.F.);
#3242 = CYLINDRICAL_SURFACE('',#3243,1.15);
#3243 = AXIS2_PLACEMENT_3D('',#3244,#3245,#3246);
#3244 = CARTESIAN_POINT('',(187.88238567811,49.7,45.1));
#3245 = DIRECTION('',(1.,0.,0.));
#3246 = DIRECTION('',(0.,-1.11E-15,1.));
#3247 = ADVANCED_FACE('',(#3248),#3259,.F.);
#3248 = FACE_BOUND('',#3249,.F.);
#3249 = EDGE_LOOP('',(#3250,#3251,#3252,#3253));
#3250 = ORIENTED_EDGE('',*,*,#1482,.F.);
#3251 = ORIENTED_EDGE('',*,*,#3220,.T.);
#3252 = ORIENTED_EDGE('',*,*,#720,.T.);
#3253 = ORIENTED_EDGE('',*,*,#3254,.F.);
#3254 = EDGE_CURVE('',#1474,#721,#3255,.T.);
#3255 = LINE('',#3256,#3257);
#3256 = CARTESIAN_POINT('',(187.88238567811,38.35,41.9));
#3257 = VECTOR('',#3258,1.);
#3258 = DIRECTION('',(-1.,-0.,-0.));
#3259 = PLANE('',#3260);
#3260 = AXIS2_PLACEMENT_3D('',#3261,#3262,#3263);
#3261 = CARTESIAN_POINT('',(186.88238567811,38.35,43.5));
#3262 = DIRECTION('',(0.,-1.,9.7E-16));
#3263 = DIRECTION('',(0.,-9.7E-16,-1.));
#3264 = ADVANCED_FACE('',(#3265),#3276,.F.);
#3265 = FACE_BOUND('',#3266,.F.);
#3266 = EDGE_LOOP('',(#3267,#3268,#3274,#3275));
#3267 = ORIENTED_EDGE('',*,*,#1448,.T.);
#3268 = ORIENTED_EDGE('',*,*,#3269,.T.);
#3269 = EDGE_CURVE('',#1449,#746,#3270,.T.);
#3270 = LINE('',#3271,#3272);
#3271 = CARTESIAN_POINT('',(187.88238567811,50.85,41.9));
#3272 = VECTOR('',#3273,1.);
#3273 = DIRECTION('',(-1.,-0.,-0.));
#3274 = ORIENTED_EDGE('',*,*,#754,.F.);
#3275 = ORIENTED_EDGE('',*,*,#3235,.F.);
#3276 = PLANE('',#3277);
#3277 = AXIS2_PLACEMENT_3D('',#3278,#3279,#3280);
#3278 = CARTESIAN_POINT('',(186.88238567811,50.85,43.5));
#3279 = DIRECTION('',(0.,1.,0.));
#3280 = DIRECTION('',(0.,0.,1.));
#3281 = ADVANCED_FACE('',(#3282),#3293,.F.);
#3282 = FACE_BOUND('',#3283,.F.);
#3283 = EDGE_LOOP('',(#3284,#3285,#3286,#3287));
#3284 = ORIENTED_EDGE('',*,*,#1473,.F.);
#3285 = ORIENTED_EDGE('',*,*,#3254,.T.);
#3286 = ORIENTED_EDGE('',*,*,#728,.T.);
#3287 = ORIENTED_EDGE('',*,*,#3288,.F.);
#3288 = EDGE_CURVE('',#1466,#729,#3289,.T.);
#3289 = LINE('',#3290,#3291);
#3290 = CARTESIAN_POINT('',(187.88238567811,39.5,40.75));
#3291 = VECTOR('',#3292,1.);
#3292 = DIRECTION('',(-1.,-0.,-0.));
#3293 = CYLINDRICAL_SURFACE('',#3294,1.15);
#3294 = AXIS2_PLACEMENT_3D('',#3295,#3296,#3297);
#3295 = CARTESIAN_POINT('',(187.88238567811,39.5,41.9));
#3296 = DIRECTION('',(1.,0.,0.));
#3297 = DIRECTION('',(0.,1.11E-15,-1.));
#3298 = ADVANCED_FACE('',(#3299),#3310,.F.);
#3299 = FACE_BOUND('',#3300,.F.);
#3300 = EDGE_LOOP('',(#3301,#3302,#3308,#3309));
#3301 = ORIENTED_EDGE('',*,*,#1456,.F.);
#3302 = ORIENTED_EDGE('',*,*,#3303,.T.);
#3303 = EDGE_CURVE('',#1457,#738,#3304,.T.);
#3304 = LINE('',#3305,#3306);
#3305 = CARTESIAN_POINT('',(187.88238567811,49.7,40.75));
#3306 = VECTOR('',#3307,1.);
#3307 = DIRECTION('',(-1.,-0.,-0.));
#3308 = ORIENTED_EDGE('',*,*,#745,.T.);
#3309 = ORIENTED_EDGE('',*,*,#3269,.F.);
#3310 = CYLINDRICAL_SURFACE('',#3311,1.15);
#3311 = AXIS2_PLACEMENT_3D('',#3312,#3313,#3314);
#3312 = CARTESIAN_POINT('',(187.88238567811,49.7,41.9));
#3313 = DIRECTION('',(1.,0.,0.));
#3314 = DIRECTION('',(0.,1.,-2.8E-16));
#3315 = ADVANCED_FACE('',(#3316),#3322,.F.);
#3316 = FACE_BOUND('',#3317,.F.);
#3317 = EDGE_LOOP('',(#3318,#3319,#3320,#3321));
#3318 = ORIENTED_EDGE('',*,*,#1465,.F.);
#3319 = ORIENTED_EDGE('',*,*,#3288,.T.);
#3320 = ORIENTED_EDGE('',*,*,#737,.T.);
#3321 = ORIENTED_EDGE('',*,*,#3303,.F.);
#3322 = PLANE('',#3323);
#3323 = AXIS2_PLACEMENT_3D('',#3324,#3325,#3326);
#3324 = CARTESIAN_POINT('',(187.88238567811,39.5,40.75));
#3325 = DIRECTION('',(0.,7.E-16,-1.));
#3326 = DIRECTION('',(0.,1.,7.E-16));
#3327 = ADVANCED_FACE('',(#3328),#3343,.F.);
#3328 = FACE_BOUND('',#3329,.F.);
#3329 = EDGE_LOOP('',(#3330,#3331,#3337,#3338,#3339,#3340,#3341,#3342));
#3330 = ORIENTED_EDGE('',*,*,#1490,.F.);
#3331 = ORIENTED_EDGE('',*,*,#3332,.T.);
#3332 = EDGE_CURVE('',#1491,#783,#3333,.T.);
#3333 = LINE('',#3334,#3335);
#3334 = CARTESIAN_POINT('',(187.88238567811,14.44,43.5));
#3335 = VECTOR('',#3336,1.);
#3336 = DIRECTION('',(-1.,-0.,-0.));
#3337 = ORIENTED_EDGE('',*,*,#791,.T.);
#3338 = ORIENTED_EDGE('',*,*,#800,.T.);
#3339 = ORIENTED_EDGE('',*,*,#809,.T.);
#3340 = ORIENTED_EDGE('',*,*,#771,.T.);
#3341 = ORIENTED_EDGE('',*,*,#782,.T.);
#3342 = ORIENTED_EDGE('',*,*,#3332,.F.);
#3343 = CYLINDRICAL_SURFACE('',#3344,4.);
#3344 = AXIS2_PLACEMENT_3D('',#3345,#3346,#3347);
#3345 = CARTESIAN_POINT('',(187.88238567811,10.44,43.5));
#3346 = DIRECTION('',(1.,0.,0.));
#3347 = DIRECTION('',(0.,1.,0.));
#3348 = ADVANCED_FACE('',(#3349),#3374,.F.);
#3349 = FACE_BOUND('',#3350,.F.);
#3350 = EDGE_LOOP('',(#3351,#3361,#3367,#3368));
#3351 = ORIENTED_EDGE('',*,*,#3352,.T.);
#3352 = EDGE_CURVE('',#3353,#3355,#3357,.T.);
#3353 = VERTEX_POINT('',#3354);
#3354 = CARTESIAN_POINT('',(185.78238567811,19.39,32.85));
#3355 = VERTEX_POINT('',#3356);
#3356 = CARTESIAN_POINT('',(185.78238567811,13.04,32.85));
#3357 = LINE('',#3358,#3359);
#3358 = CARTESIAN_POINT('',(185.78238567811,18.59,32.85));
#3359 = VECTOR('',#3360,1.);
#3360 = DIRECTION('',(0.,-1.,0.));
#3361 = ORIENTED_EDGE('',*,*,#3362,.F.);
#3362 = EDGE_CURVE('',#821,#3355,#3363,.T.);
#3363 = LINE('',#3364,#3365);
#3364 = CARTESIAN_POINT('',(185.38238567811,13.04,32.85));
#3365 = VECTOR('',#3366,1.);
#3366 = DIRECTION('',(-1.,0.,0.));
#3367 = ORIENTED_EDGE('',*,*,#818,.F.);
#3368 = ORIENTED_EDGE('',*,*,#3369,.T.);
#3369 = EDGE_CURVE('',#819,#3353,#3370,.T.);
#3370 = LINE('',#3371,#3372);
#3371 = CARTESIAN_POINT('',(185.43238567811,19.04,32.85));
#3372 = VECTOR('',#3373,1.);
#3373 = DIRECTION('',(-0.707106781187,-0.707106781187,0.));
#3374 = PLANE('',#3375);
#3375 = AXIS2_PLACEMENT_3D('',#3376,#3377,#3378);
#3376 = CARTESIAN_POINT('',(185.88238567811,18.59,32.85));
#3377 = DIRECTION('',(0.,0.,1.));
#3378 = DIRECTION('',(0.,-1.,0.));
#3379 = ADVANCED_FACE('',(#3380),#3406,.T.);
#3380 = FACE_BOUND('',#3381,.T.);
#3381 = EDGE_LOOP('',(#3382,#3383,#3391,#3399,#3405));
#3382 = ORIENTED_EDGE('',*,*,#3369,.T.);
#3383 = ORIENTED_EDGE('',*,*,#3384,.T.);
#3384 = EDGE_CURVE('',#3353,#3385,#3387,.T.);
#3385 = VERTEX_POINT('',#3386);
#3386 = CARTESIAN_POINT('',(184.98238567811,18.59,33.65));
#3387 = LINE('',#3388,#3389);
#3388 = CARTESIAN_POINT('',(181.61088567809,15.21849999998,
    37.02150000002));
#3389 = VECTOR('',#3390,1.);
#3390 = DIRECTION('',(-0.57735026919,-0.57735026919,0.57735026919));
#3391 = ORIENTED_EDGE('',*,*,#3392,.F.);
#3392 = EDGE_CURVE('',#3393,#3385,#3395,.T.);
#3393 = VERTEX_POINT('',#3394);
#3394 = CARTESIAN_POINT('',(184.98238567811,18.59,54.47900000012));
#3395 = LINE('',#3396,#3397);
#3396 = CARTESIAN_POINT('',(184.98238567811,18.59,54.47900000012));
#3397 = VECTOR('',#3398,1.);
#3398 = DIRECTION('',(0.,0.,-1.));
#3399 = ORIENTED_EDGE('',*,*,#3400,.F.);
#3400 = EDGE_CURVE('',#829,#3393,#3401,.T.);
#3401 = LINE('',#3402,#3403);
#3402 = CARTESIAN_POINT('',(184.35738567811,17.965,53.85400000012));
#3403 = VECTOR('',#3404,1.);
#3404 = DIRECTION('',(-0.57735026919,-0.57735026919,-0.57735026919));
#3405 = ORIENTED_EDGE('',*,*,#828,.T.);
#3406 = PLANE('',#3407);
#3407 = AXIS2_PLACEMENT_3D('',#3408,#3409,#3410);
#3408 = CARTESIAN_POINT('',(185.43238567811,19.04,54.47900000012));
#3409 = DIRECTION('',(-0.707106781187,0.707106781187,1.E-17));
#3410 = DIRECTION('',(-7.071067811865E-18,7.071067811865E-18,-1.));
#3411 = ADVANCED_FACE('',(#3412),#3438,.F.);
#3412 = FACE_BOUND('',#3413,.F.);
#3413 = EDGE_LOOP('',(#3414,#3424,#3430,#3431,#3432));
#3414 = ORIENTED_EDGE('',*,*,#3415,.F.);
#3415 = EDGE_CURVE('',#3416,#3418,#3420,.T.);
#3416 = VERTEX_POINT('',#3417);
#3417 = CARTESIAN_POINT('',(183.88238567811,13.04,35.242183795416));
#3418 = VERTEX_POINT('',#3419);
#3419 = CARTESIAN_POINT('',(183.88238567811,13.04,34.75));
#3420 = LINE('',#3421,#3422);
#3421 = CARTESIAN_POINT('',(183.88238567811,13.04,57.35));
#3422 = VECTOR('',#3423,1.);
#3423 = DIRECTION('',(0.,0.,-1.));
#3424 = ORIENTED_EDGE('',*,*,#3425,.T.);
#3425 = EDGE_CURVE('',#3416,#878,#3426,.T.);
#3426 = LINE('',#3427,#3428);
#3427 = CARTESIAN_POINT('',(185.88238567811,13.04,35.242183795416));
#3428 = VECTOR('',#3429,1.);
#3429 = DIRECTION('',(1.,2.2E-16,-2.2E-16));
#3430 = ORIENTED_EDGE('',*,*,#886,.T.);
#3431 = ORIENTED_EDGE('',*,*,#3362,.T.);
#3432 = ORIENTED_EDGE('',*,*,#3433,.T.);
#3433 = EDGE_CURVE('',#3355,#3418,#3434,.T.);
#3434 = LINE('',#3435,#3436);
#3435 = CARTESIAN_POINT('',(182.41988567811,13.04,36.2125));
#3436 = VECTOR('',#3437,1.);
#3437 = DIRECTION('',(-0.707106781187,0.,0.707106781187));
#3438 = PLANE('',#3439);
#3439 = AXIS2_PLACEMENT_3D('',#3440,#3441,#3442);
#3440 = CARTESIAN_POINT('',(184.88238567811,13.04,43.5));
#3441 = DIRECTION('',(0.,1.,0.));
#3442 = DIRECTION('',(0.,0.,1.));
#3443 = ADVANCED_FACE('',(#3444),#3462,.T.);
#3444 = FACE_BOUND('',#3445,.T.);
#3445 = EDGE_LOOP('',(#3446,#3454,#3455,#3456));
#3446 = ORIENTED_EDGE('',*,*,#3447,.F.);
#3447 = EDGE_CURVE('',#837,#3448,#3450,.T.);
#3448 = VERTEX_POINT('',#3449);
#3449 = CARTESIAN_POINT('',(184.98238567811,13.04,54.47900000012));
#3450 = LINE('',#3451,#3452);
#3451 = CARTESIAN_POINT('',(182.43763567808,13.04,51.93425000009));
#3452 = VECTOR('',#3453,1.);
#3453 = DIRECTION('',(-0.707106781187,0.,-0.707106781187));
#3454 = ORIENTED_EDGE('',*,*,#836,.T.);
#3455 = ORIENTED_EDGE('',*,*,#3400,.T.);
#3456 = ORIENTED_EDGE('',*,*,#3457,.F.);
#3457 = EDGE_CURVE('',#3448,#3393,#3458,.T.);
#3458 = LINE('',#3459,#3460);
#3459 = CARTESIAN_POINT('',(184.98238567811,13.04,54.47900000012));
#3460 = VECTOR('',#3461,1.);
#3461 = DIRECTION('',(0.,1.,0.));
#3462 = PLANE('',#3463);
#3463 = AXIS2_PLACEMENT_3D('',#3464,#3465,#3466);
#3464 = CARTESIAN_POINT('',(185.43238567811,13.04,54.92900000012));
#3465 = DIRECTION('',(-0.707106781187,-1.E-17,0.707106781187));
#3466 = DIRECTION('',(-7.071067811865E-18,1.,7.071067811865E-18));
#3467 = ADVANCED_FACE('',(#3468),#3487,.F.);
#3468 = FACE_BOUND('',#3469,.T.);
#3469 = EDGE_LOOP('',(#3470,#3471,#3479,#3486));
#3470 = ORIENTED_EDGE('',*,*,#877,.F.);
#3471 = ORIENTED_EDGE('',*,*,#3472,.T.);
#3472 = EDGE_CURVE('',#870,#3473,#3475,.T.);
#3473 = VERTEX_POINT('',#3474);
#3474 = CARTESIAN_POINT('',(183.88238567811,16.59,37.35));
#3475 = LINE('',#3476,#3477);
#3476 = CARTESIAN_POINT('',(185.88238567811,16.59,37.35));
#3477 = VECTOR('',#3478,1.);
#3478 = DIRECTION('',(-1.,0.,0.));
#3479 = ORIENTED_EDGE('',*,*,#3480,.T.);
#3480 = EDGE_CURVE('',#3473,#3416,#3481,.T.);
#3481 = CIRCLE('',#3482,8.8145);
#3482 = AXIS2_PLACEMENT_3D('',#3483,#3484,#3485);
#3483 = CARTESIAN_POINT('',(183.88238567811,10.44,43.6645));
#3484 = DIRECTION('',(-1.,-2.2E-16,2.2E-16));
#3485 = DIRECTION('',(2.2E-16,-1.,0.));
#3486 = ORIENTED_EDGE('',*,*,#3425,.T.);
#3487 = CYLINDRICAL_SURFACE('',#3488,8.8145);
#3488 = AXIS2_PLACEMENT_3D('',#3489,#3490,#3491);
#3489 = CARTESIAN_POINT('',(185.88238567811,10.44,43.6645));
#3490 = DIRECTION('',(1.,2.2E-16,-2.2E-16));
#3491 = DIRECTION('',(2.2E-16,-1.,0.));
#3492 = ADVANCED_FACE('',(#3493),#3520,.F.);
#3493 = FACE_BOUND('',#3494,.F.);
#3494 = EDGE_LOOP('',(#3495,#3503,#3504,#3505,#3506,#3514));
#3495 = ORIENTED_EDGE('',*,*,#3496,.T.);
#3496 = EDGE_CURVE('',#3497,#3448,#3499,.T.);
#3497 = VERTEX_POINT('',#3498);
#3498 = CARTESIAN_POINT('',(183.88238567811,13.04,54.47900000012));
#3499 = LINE('',#3500,#3501);
#3500 = CARTESIAN_POINT('',(185.38238567811,13.04,54.47900000012));
#3501 = VECTOR('',#3502,1.);
#3502 = DIRECTION('',(1.,0.,0.));
#3503 = ORIENTED_EDGE('',*,*,#3447,.F.);
#3504 = ORIENTED_EDGE('',*,*,#844,.F.);
#3505 = ORIENTED_EDGE('',*,*,#852,.T.);
#3506 = ORIENTED_EDGE('',*,*,#3507,.F.);
#3507 = EDGE_CURVE('',#3508,#853,#3510,.T.);
#3508 = VERTEX_POINT('',#3509);
#3509 = CARTESIAN_POINT('',(183.88238567811,13.04,51.757816204584));
#3510 = LINE('',#3511,#3512);
#3511 = CARTESIAN_POINT('',(185.88238567811,13.04,51.757816204584));
#3512 = VECTOR('',#3513,1.);
#3513 = DIRECTION('',(1.,2.2E-16,-2.2E-16));
#3514 = ORIENTED_EDGE('',*,*,#3515,.F.);
#3515 = EDGE_CURVE('',#3497,#3508,#3516,.T.);
#3516 = LINE('',#3517,#3518);
#3517 = CARTESIAN_POINT('',(183.88238567811,13.04,57.35));
#3518 = VECTOR('',#3519,1.);
#3519 = DIRECTION('',(0.,0.,-1.));
#3520 = PLANE('',#3521);
#3521 = AXIS2_PLACEMENT_3D('',#3522,#3523,#3524);
#3522 = CARTESIAN_POINT('',(184.88238567811,13.04,43.5));
#3523 = DIRECTION('',(0.,1.,0.));
#3524 = DIRECTION('',(0.,0.,1.));
#3525 = ADVANCED_FACE('',(#3526),#3544,.T.);
#3526 = FACE_BOUND('',#3527,.T.);
#3527 = EDGE_LOOP('',(#3528,#3536,#3542,#3543));
#3528 = ORIENTED_EDGE('',*,*,#3529,.T.);
#3529 = EDGE_CURVE('',#861,#3530,#3532,.T.);
#3530 = VERTEX_POINT('',#3531);
#3531 = CARTESIAN_POINT('',(183.88238567811,16.59,49.65));
#3532 = LINE('',#3533,#3534);
#3533 = CARTESIAN_POINT('',(185.88238567811,16.59,49.65));
#3534 = VECTOR('',#3535,1.);
#3535 = DIRECTION('',(-1.,0.,0.));
#3536 = ORIENTED_EDGE('',*,*,#3537,.T.);
#3537 = EDGE_CURVE('',#3530,#3473,#3538,.T.);
#3538 = LINE('',#3539,#3540);
#3539 = CARTESIAN_POINT('',(183.88238567811,16.59,49.65));
#3540 = VECTOR('',#3541,1.);
#3541 = DIRECTION('',(0.,0.,-1.));
#3542 = ORIENTED_EDGE('',*,*,#3472,.F.);
#3543 = ORIENTED_EDGE('',*,*,#869,.F.);
#3544 = PLANE('',#3545);
#3545 = AXIS2_PLACEMENT_3D('',#3546,#3547,#3548);
#3546 = CARTESIAN_POINT('',(185.88238567811,16.59,49.65));
#3547 = DIRECTION('',(-0.,-1.,-0.));
#3548 = DIRECTION('',(0.,0.,-1.));
#3549 = ADVANCED_FACE('',(#3550),#3562,.F.);
#3550 = FACE_BOUND('',#3551,.T.);
#3551 = EDGE_LOOP('',(#3552,#3553,#3560,#3561));
#3552 = ORIENTED_EDGE('',*,*,#3507,.F.);
#3553 = ORIENTED_EDGE('',*,*,#3554,.T.);
#3554 = EDGE_CURVE('',#3508,#3530,#3555,.T.);
#3555 = CIRCLE('',#3556,8.8145);
#3556 = AXIS2_PLACEMENT_3D('',#3557,#3558,#3559);
#3557 = CARTESIAN_POINT('',(183.88238567811,10.44,43.3355));
#3558 = DIRECTION('',(-1.,-2.2E-16,2.2E-16));
#3559 = DIRECTION('',(2.2E-16,-1.,0.));
#3560 = ORIENTED_EDGE('',*,*,#3529,.F.);
#3561 = ORIENTED_EDGE('',*,*,#860,.F.);
#3562 = CYLINDRICAL_SURFACE('',#3563,8.8145);
#3563 = AXIS2_PLACEMENT_3D('',#3564,#3565,#3566);
#3564 = CARTESIAN_POINT('',(185.88238567811,10.44,43.3355));
#3565 = DIRECTION('',(1.,2.2E-16,-2.2E-16));
#3566 = DIRECTION('',(2.2E-16,-1.,0.));
#3567 = ADVANCED_FACE('',(#3568),#3586,.F.);
#3568 = FACE_BOUND('',#3569,.F.);
#3569 = EDGE_LOOP('',(#3570,#3578,#3584,#3585));
#3570 = ORIENTED_EDGE('',*,*,#3571,.T.);
#3571 = EDGE_CURVE('',#2737,#3572,#3574,.T.);
#3572 = VERTEX_POINT('',#3573);
#3573 = CARTESIAN_POINT('',(184.88238567811,2.29000000007,38.279451));
#3574 = LINE('',#3575,#3576);
#3575 = CARTESIAN_POINT('',(185.88238567811,2.29000000007,38.279451));
#3576 = VECTOR('',#3577,1.);
#3577 = DIRECTION('',(-1.,0.,0.));
#3578 = ORIENTED_EDGE('',*,*,#3579,.T.);
#3579 = EDGE_CURVE('',#3572,#927,#3580,.T.);
#3580 = LINE('',#3581,#3582);
#3581 = CARTESIAN_POINT('',(184.88238567811,2.29000000007,38.279451));
#3582 = VECTOR('',#3583,1.);
#3583 = DIRECTION('',(0.,-1.,0.));
#3584 = ORIENTED_EDGE('',*,*,#924,.F.);
#3585 = ORIENTED_EDGE('',*,*,#2746,.F.);
#3586 = PLANE('',#3587);
#3587 = AXIS2_PLACEMENT_3D('',#3588,#3589,#3590);
#3588 = CARTESIAN_POINT('',(185.88238567811,2.29000000007,38.279451));
#3589 = DIRECTION('',(0.,0.,1.));
#3590 = DIRECTION('',(0.,-1.,0.));
#3591 = ADVANCED_FACE('',(#3592),#3610,.F.);
#3592 = FACE_BOUND('',#3593,.T.);
#3593 = EDGE_LOOP('',(#3594,#3602,#3603,#3604));
#3594 = ORIENTED_EDGE('',*,*,#3595,.F.);
#3595 = EDGE_CURVE('',#3572,#3596,#3598,.T.);
#3596 = VERTEX_POINT('',#3597);
#3597 = CARTESIAN_POINT('',(183.88238567811,2.29000000007,39.279451));
#3598 = LINE('',#3599,#3600);
#3599 = CARTESIAN_POINT('',(186.23974842811,2.29000000007,36.92208825));
#3600 = VECTOR('',#3601,1.);
#3601 = DIRECTION('',(-0.707106781187,0.,0.707106781187));
#3602 = ORIENTED_EDGE('',*,*,#3579,.T.);
#3603 = ORIENTED_EDGE('',*,*,#998,.T.);
#3604 = ORIENTED_EDGE('',*,*,#3605,.F.);
#3605 = EDGE_CURVE('',#3596,#991,#3606,.T.);
#3606 = LINE('',#3607,#3608);
#3607 = CARTESIAN_POINT('',(183.88238567811,2.29000000007,39.279451));
#3608 = VECTOR('',#3609,1.);
#3609 = DIRECTION('',(0.,-1.,0.));
#3610 = PLANE('',#3611);
#3611 = AXIS2_PLACEMENT_3D('',#3612,#3613,#3614);
#3612 = CARTESIAN_POINT('',(184.38238567811,2.29000000007,38.779451));
#3613 = DIRECTION('',(0.707106781187,0.,0.707106781187));
#3614 = DIRECTION('',(0.,1.,0.));
#3615 = ADVANCED_FACE('',(#3616,#3686),#3706,.T.);
#3616 = FACE_BOUND('',#3617,.T.);
#3617 = EDGE_LOOP('',(#3618,#3619,#3627,#3636,#3644,#3652,#3658,#3659,
    #3660,#3661,#3662,#3663,#3671,#3679,#3685));
#3618 = ORIENTED_EDGE('',*,*,#990,.T.);
#3619 = ORIENTED_EDGE('',*,*,#3620,.T.);
#3620 = EDGE_CURVE('',#983,#3621,#3623,.T.);
#3621 = VERTEX_POINT('',#3622);
#3622 = CARTESIAN_POINT('',(183.88238567811,-5.220771093669,
    42.559922302182));
#3623 = LINE('',#3624,#3625);
#3624 = CARTESIAN_POINT('',(183.88238567811,-8.060578,42.559922302182));
#3625 = VECTOR('',#3626,1.);
#3626 = DIRECTION('',(0.,1.,0.));
#3627 = ORIENTED_EDGE('',*,*,#3628,.T.);
#3628 = EDGE_CURVE('',#3621,#3629,#3631,.T.);
#3629 = VERTEX_POINT('',#3630);
#3630 = CARTESIAN_POINT('',(183.88238567811,2.29000000007,
    45.602284471595));
#3631 = CIRCLE('',#3632,4.1);
#3632 = AXIS2_PLACEMENT_3D('',#3633,#3634,#3635);
#3633 = CARTESIAN_POINT('',(183.88238567811,-1.23,43.5));
#3634 = DIRECTION('',(-1.,-1.45E-15,-4.1E-16));
#3635 = DIRECTION('',(1.453239790039E-15,-0.999967875047,
    -8.015539563549E-03));
#3636 = ORIENTED_EDGE('',*,*,#3637,.F.);
#3637 = EDGE_CURVE('',#3638,#3629,#3640,.T.);
#3638 = VERTEX_POINT('',#3639);
#3639 = CARTESIAN_POINT('',(183.88238567811,2.29000000007,
    47.050999859126));
#3640 = LINE('',#3641,#3642);
#3641 = CARTESIAN_POINT('',(183.88238567811,2.29000000007,
    38.410971234903));
#3642 = VECTOR('',#3643,1.);
#3643 = DIRECTION('',(4.1E-16,0.,-1.));
#3644 = ORIENTED_EDGE('',*,*,#3645,.T.);
#3645 = EDGE_CURVE('',#3638,#3646,#3648,.T.);
#3646 = VERTEX_POINT('',#3647);
#3647 = CARTESIAN_POINT('',(183.88238567811,2.29000000007,54.47900000012
    ));
#3648 = LINE('',#3649,#3650);
#3649 = CARTESIAN_POINT('',(183.88238567811,2.29000000007,32.85));
#3650 = VECTOR('',#3651,1.);
#3651 = DIRECTION('',(0.,0.,1.));
#3652 = ORIENTED_EDGE('',*,*,#3653,.T.);
#3653 = EDGE_CURVE('',#3646,#3029,#3654,.T.);
#3654 = LINE('',#3655,#3656);
#3655 = CARTESIAN_POINT('',(183.88238567811,2.29000000007,54.47900000012
    ));
#3656 = VECTOR('',#3657,1.);
#3657 = DIRECTION('',(0.,1.,0.));
#3658 = ORIENTED_EDGE('',*,*,#3036,.F.);
#3659 = ORIENTED_EDGE('',*,*,#2985,.F.);
#3660 = ORIENTED_EDGE('',*,*,#2937,.F.);
#3661 = ORIENTED_EDGE('',*,*,#2913,.F.);
#3662 = ORIENTED_EDGE('',*,*,#2877,.F.);
#3663 = ORIENTED_EDGE('',*,*,#3664,.T.);
#3664 = EDGE_CURVE('',#2878,#3665,#3667,.T.);
#3665 = VERTEX_POINT('',#3666);
#3666 = CARTESIAN_POINT('',(183.88238567811,2.29000000007,34.75));
#3667 = LINE('',#3668,#3669);
#3668 = CARTESIAN_POINT('',(183.88238567811,7.84,34.75));
#3669 = VECTOR('',#3670,1.);
#3670 = DIRECTION('',(0.,-1.,0.));
#3671 = ORIENTED_EDGE('',*,*,#3672,.T.);
#3672 = EDGE_CURVE('',#3665,#3673,#3675,.T.);
#3673 = VERTEX_POINT('',#3674);
#3674 = CARTESIAN_POINT('',(183.88238567811,2.29000000007,38.279451));
#3675 = LINE('',#3676,#3677);
#3676 = CARTESIAN_POINT('',(183.88238567811,2.29000000007,32.85));
#3677 = VECTOR('',#3678,1.);
#3678 = DIRECTION('',(0.,0.,1.));
#3679 = ORIENTED_EDGE('',*,*,#3680,.T.);
#3680 = EDGE_CURVE('',#3673,#3596,#3681,.T.);
#3681 = LINE('',#3682,#3683);
#3682 = CARTESIAN_POINT('',(183.88238567811,2.29000000007,
    38.410971234903));
#3683 = VECTOR('',#3684,1.);
#3684 = DIRECTION('',(-4.1E-16,0.,1.));
#3685 = ORIENTED_EDGE('',*,*,#3605,.T.);
#3686 = FACE_BOUND('',#3687,.T.);
#3687 = EDGE_LOOP('',(#3688,#3699));
#3688 = ORIENTED_EDGE('',*,*,#3689,.F.);
#3689 = EDGE_CURVE('',#3690,#3692,#3694,.T.);
#3690 = VERTEX_POINT('',#3691);
#3691 = CARTESIAN_POINT('',(183.88238567811,-3.73,43.5));
#3692 = VERTEX_POINT('',#3693);
#3693 = CARTESIAN_POINT('',(183.88238567811,1.27,43.5));
#3694 = CIRCLE('',#3695,2.5);
#3695 = AXIS2_PLACEMENT_3D('',#3696,#3697,#3698);
#3696 = CARTESIAN_POINT('',(183.88238567811,-1.23,43.5));
#3697 = DIRECTION('',(-1.,0.,0.));
#3698 = DIRECTION('',(0.,-1.,0.));
#3699 = ORIENTED_EDGE('',*,*,#3700,.F.);
#3700 = EDGE_CURVE('',#3692,#3690,#3701,.T.);
#3701 = CIRCLE('',#3702,2.5);
#3702 = AXIS2_PLACEMENT_3D('',#3703,#3704,#3705);
#3703 = CARTESIAN_POINT('',(183.88238567811,-1.23,43.5));
#3704 = DIRECTION('',(-1.,0.,0.));
#3705 = DIRECTION('',(0.,-1.,0.));
#3706 = PLANE('',#3707);
#3707 = AXIS2_PLACEMENT_3D('',#3708,#3709,#3710);
#3708 = CARTESIAN_POINT('',(183.88238567811,1.253744343921,
    43.971942469805));
#3709 = DIRECTION('',(-1.,-1.45E-15,-4.1E-16));
#3710 = DIRECTION('',(1.45E-15,-1.,0.));
#3711 = ADVANCED_FACE('',(#3712),#3724,.F.);
#3712 = FACE_BOUND('',#3713,.T.);
#3713 = EDGE_LOOP('',(#3714,#3715,#3716,#3723));
#3714 = ORIENTED_EDGE('',*,*,#982,.F.);
#3715 = ORIENTED_EDGE('',*,*,#3179,.T.);
#3716 = ORIENTED_EDGE('',*,*,#3717,.T.);
#3717 = EDGE_CURVE('',#3147,#3621,#3718,.T.);
#3718 = PARABOLA('',#3719,1.781936558917);
#3719 = AXIS2_PLACEMENT_3D('',#3720,#3721,#3722);
#3720 = CARTESIAN_POINT('',(182.30242452702,-1.23,40.979961151091));
#3721 = DIRECTION('',(-0.707106781187,1.E-17,0.707106781187));
#3722 = DIRECTION('',(0.707106781187,2.06E-15,0.707106781187));
#3723 = ORIENTED_EDGE('',*,*,#3620,.F.);
#3724 = PLANE('',#3725);
#3725 = AXIS2_PLACEMENT_3D('',#3726,#3727,#3728);
#3726 = CARTESIAN_POINT('',(184.33238567811,-8.060578,43.009922302182));
#3727 = DIRECTION('',(0.707106781187,-1.E-17,-0.707106781187));
#3728 = DIRECTION('',(-7.071067811865E-18,-1.,7.071067811865E-18));
#3729 = ADVANCED_FACE('',(#3730),#3780,.F.);
#3730 = FACE_BOUND('',#3731,.T.);
#3731 = EDGE_LOOP('',(#3732,#3742,#3749,#3750,#3757,#3758,#3770,#3771,
    #3772,#3773));
#3732 = ORIENTED_EDGE('',*,*,#3733,.F.);
#3733 = EDGE_CURVE('',#3734,#3736,#3738,.T.);
#3734 = VERTEX_POINT('',#3735);
#3735 = CARTESIAN_POINT('',(78.382385678119,-10.060578,52.));
#3736 = VERTEX_POINT('',#3737);
#3737 = CARTESIAN_POINT('',(78.382385678119,14.939422,52.));
#3738 = LINE('',#3739,#3740);
#3739 = CARTESIAN_POINT('',(78.382385678119,-10.060578,52.));
#3740 = VECTOR('',#3741,1.);
#3741 = DIRECTION('',(6.E-17,1.,-2.2E-16));
#3742 = ORIENTED_EDGE('',*,*,#3743,.T.);
#3743 = EDGE_CURVE('',#3734,#3734,#3744,.T.);
#3744 = CIRCLE('',#3745,1.7);
#3745 = AXIS2_PLACEMENT_3D('',#3746,#3747,#3748);
#3746 = CARTESIAN_POINT('',(80.082385678119,-10.060578,52.));
#3747 = DIRECTION('',(0.,-1.,2.2E-16));
#3748 = DIRECTION('',(-1.,0.,0.));
#3749 = ORIENTED_EDGE('',*,*,#3733,.T.);
#3750 = ORIENTED_EDGE('',*,*,#3751,.F.);
#3751 = EDGE_CURVE('',#1272,#3736,#3752,.T.);
#3752 = CIRCLE('',#3753,1.7);
#3753 = AXIS2_PLACEMENT_3D('',#3754,#3755,#3756);
#3754 = CARTESIAN_POINT('',(80.082385678119,14.939422,52.));
#3755 = DIRECTION('',(0.,-1.,2.2E-16));
#3756 = DIRECTION('',(-1.,0.,0.));
#3757 = ORIENTED_EDGE('',*,*,#1271,.F.);
#3758 = ORIENTED_EDGE('',*,*,#3759,.T.);
#3759 = EDGE_CURVE('',#1264,#951,#3760,.T.);
#3760 = B_SPLINE_CURVE_WITH_KNOTS('',8,(#3761,#3762,#3763,#3764,#3765,
    #3766,#3767,#3768,#3769),.UNSPECIFIED.,.F.,.F.,(9,9),(0.,1.),
  .PIECEWISE_BEZIER_KNOTS.);
#3761 = CARTESIAN_POINT('',(79.882385678119,-7.860578,53.688194301613));
#3762 = CARTESIAN_POINT('',(79.882385678119,-7.899479003631,
    53.688194301613));
#3763 = CARTESIAN_POINT('',(79.891032922184,-7.938684056099,
    53.68921877888));
#3764 = CARTESIAN_POINT('',(79.908564743463,-7.975631482636,
    53.691295521693));
#3765 = CARTESIAN_POINT('',(79.934123657748,-8.007952790468,
    53.694072761763));
#3766 = CARTESIAN_POINT('',(79.966309020111,-8.03374568028,
    53.696843169052));
#3767 = CARTESIAN_POINT('',(80.003214345086,-8.051567553222,
    53.698939966026));
#3768 = CARTESIAN_POINT('',(80.042677725811,-8.060578,53.7));
#3769 = CARTESIAN_POINT('',(80.082385678119,-8.060578,53.7));
#3770 = ORIENTED_EDGE('',*,*,#950,.T.);
#3771 = ORIENTED_EDGE('',*,*,#1091,.F.);
#3772 = ORIENTED_EDGE('',*,*,#1297,.T.);
#3773 = ORIENTED_EDGE('',*,*,#3774,.F.);
#3774 = EDGE_CURVE('',#3736,#1289,#3775,.T.);
#3775 = CIRCLE('',#3776,1.7);
#3776 = AXIS2_PLACEMENT_3D('',#3777,#3778,#3779);
#3777 = CARTESIAN_POINT('',(80.082385678119,14.939422,52.));
#3778 = DIRECTION('',(0.,-1.,2.2E-16));
#3779 = DIRECTION('',(-1.,0.,0.));
#3780 = CYLINDRICAL_SURFACE('',#3781,1.7);
#3781 = AXIS2_PLACEMENT_3D('',#3782,#3783,#3784);
#3782 = CARTESIAN_POINT('',(80.082385678119,-10.060578,52.));
#3783 = DIRECTION('',(0.,1.,-2.2E-16));
#3784 = DIRECTION('',(-1.,0.,0.));
#3785 = ADVANCED_FACE('',(#3786),#3792,.F.);
#3786 = FACE_BOUND('',#3787,.F.);
#3787 = EDGE_LOOP('',(#3788,#3789,#3790,#3791));
#3788 = ORIENTED_EDGE('',*,*,#1263,.F.);
#3789 = ORIENTED_EDGE('',*,*,#3759,.T.);
#3790 = ORIENTED_EDGE('',*,*,#959,.T.);
#3791 = ORIENTED_EDGE('',*,*,#3114,.F.);
#3792 = CYLINDRICAL_SURFACE('',#3793,0.2);
#3793 = AXIS2_PLACEMENT_3D('',#3794,#3795,#3796);
#3794 = CARTESIAN_POINT('',(80.082385678119,-7.860578,29.));
#3795 = DIRECTION('',(0.,0.,1.));
#3796 = DIRECTION('',(-1.,0.,0.));
#3797 = ADVANCED_FACE('',(#3798),#3817,.F.);
#3798 = FACE_BOUND('',#3799,.T.);
#3799 = EDGE_LOOP('',(#3800,#3808,#3815,#3816));
#3800 = ORIENTED_EDGE('',*,*,#3801,.F.);
#3801 = EDGE_CURVE('',#3802,#1007,#3804,.T.);
#3802 = VERTEX_POINT('',#3803);
#3803 = CARTESIAN_POINT('',(179.98238567811,-10.060578,56.));
#3804 = LINE('',#3805,#3806);
#3805 = CARTESIAN_POINT('',(179.98238567811,-10.060578,56.));
#3806 = VECTOR('',#3807,1.);
#3807 = DIRECTION('',(6.E-17,1.,-2.2E-16));
#3808 = ORIENTED_EDGE('',*,*,#3809,.T.);
#3809 = EDGE_CURVE('',#3802,#3802,#3810,.T.);
#3810 = CIRCLE('',#3811,1.7);
#3811 = AXIS2_PLACEMENT_3D('',#3812,#3813,#3814);
#3812 = CARTESIAN_POINT('',(181.68238567811,-10.060578,56.));
#3813 = DIRECTION('',(0.,-1.,2.2E-16));
#3814 = DIRECTION('',(-1.,0.,0.));
#3815 = ORIENTED_EDGE('',*,*,#3801,.T.);
#3816 = ORIENTED_EDGE('',*,*,#1006,.T.);
#3817 = CYLINDRICAL_SURFACE('',#3818,1.7);
#3818 = AXIS2_PLACEMENT_3D('',#3819,#3820,#3821);
#3819 = CARTESIAN_POINT('',(181.68238567811,-10.060578,56.));
#3820 = DIRECTION('',(0.,1.,-2.2E-16));
#3821 = DIRECTION('',(-1.,0.,0.));
#3822 = ADVANCED_FACE('',(#3823),#3848,.T.);
#3823 = FACE_BOUND('',#3824,.T.);
#3824 = EDGE_LOOP('',(#3825,#3833,#3834,#3842));
#3825 = ORIENTED_EDGE('',*,*,#3826,.F.);
#3826 = EDGE_CURVE('',#1018,#3827,#3829,.T.);
#3827 = VERTEX_POINT('',#3828);
#3828 = CARTESIAN_POINT('',(157.80211021143,-4.160578,48.5));
#3829 = LINE('',#3830,#3831);
#3830 = CARTESIAN_POINT('',(157.83544354476,-4.127244666667,
    48.466666666667));
#3831 = VECTOR('',#3832,1.);
#3832 = DIRECTION('',(0.57735026919,0.57735026919,-0.57735026919));
#3833 = ORIENTED_EDGE('',*,*,#1017,.T.);
#3834 = ORIENTED_EDGE('',*,*,#3835,.T.);
#3835 = EDGE_CURVE('',#1020,#3836,#3838,.T.);
#3836 = VERTEX_POINT('',#3837);
#3837 = CARTESIAN_POINT('',(165.80211021143,-4.160578,48.5));
#3838 = LINE('',#3839,#3840);
#3839 = CARTESIAN_POINT('',(165.7687768781,-4.127244666667,
    48.466666666667));
#3840 = VECTOR('',#3841,1.);
#3841 = DIRECTION('',(-0.57735026919,0.57735026919,-0.57735026919));
#3842 = ORIENTED_EDGE('',*,*,#3843,.F.);
#3843 = EDGE_CURVE('',#3827,#3836,#3844,.T.);
#3844 = LINE('',#3845,#3846);
#3845 = CARTESIAN_POINT('',(157.80211021143,-4.160578,48.5));
#3846 = VECTOR('',#3847,1.);
#3847 = DIRECTION('',(1.,0.,0.));
#3848 = PLANE('',#3849);
#3849 = AXIS2_PLACEMENT_3D('',#3850,#3851,#3852);
#3850 = CARTESIAN_POINT('',(157.80211021143,-6.110578,50.45));
#3851 = DIRECTION('',(3.E-17,0.707106781187,0.707106781187));
#3852 = DIRECTION('',(1.,-2.12132034356E-17,-2.12132034356E-17));
#3853 = ADVANCED_FACE('',(#3854),#3872,.T.);
#3854 = FACE_BOUND('',#3855,.T.);
#3855 = EDGE_LOOP('',(#3856,#3864,#3865,#3866));
#3856 = ORIENTED_EDGE('',*,*,#3857,.F.);
#3857 = EDGE_CURVE('',#1028,#3858,#3860,.T.);
#3858 = VERTEX_POINT('',#3859);
#3859 = CARTESIAN_POINT('',(157.80211021143,-4.160578,40.5));
#3860 = LINE('',#3861,#3862);
#3861 = CARTESIAN_POINT('',(157.83544354476,-4.127244666667,
    40.533333333333));
#3862 = VECTOR('',#3863,1.);
#3863 = DIRECTION('',(0.57735026919,0.57735026919,0.57735026919));
#3864 = ORIENTED_EDGE('',*,*,#1027,.T.);
#3865 = ORIENTED_EDGE('',*,*,#3826,.T.);
#3866 = ORIENTED_EDGE('',*,*,#3867,.F.);
#3867 = EDGE_CURVE('',#3858,#3827,#3868,.T.);
#3868 = LINE('',#3869,#3870);
#3869 = CARTESIAN_POINT('',(157.80211021143,-4.160578,40.5));
#3870 = VECTOR('',#3871,1.);
#3871 = DIRECTION('',(0.,2.2E-16,1.));
#3872 = PLANE('',#3873);
#3873 = AXIS2_PLACEMENT_3D('',#3874,#3875,#3876);
#3874 = CARTESIAN_POINT('',(155.85211021143,-6.110578,40.5));
#3875 = DIRECTION('',(-0.707106781187,0.707106781187,-3.E-17));
#3876 = DIRECTION('',(8.87867965644E-17,1.312132034356E-16,1.));
#3877 = ADVANCED_FACE('',(#3878),#3896,.T.);
#3878 = FACE_BOUND('',#3879,.T.);
#3879 = EDGE_LOOP('',(#3880,#3881,#3882,#3890));
#3880 = ORIENTED_EDGE('',*,*,#3835,.F.);
#3881 = ORIENTED_EDGE('',*,*,#1043,.T.);
#3882 = ORIENTED_EDGE('',*,*,#3883,.T.);
#3883 = EDGE_CURVE('',#1036,#3884,#3886,.T.);
#3884 = VERTEX_POINT('',#3885);
#3885 = CARTESIAN_POINT('',(165.80211021143,-4.160578,40.5));
#3886 = LINE('',#3887,#3888);
#3887 = CARTESIAN_POINT('',(165.7687768781,-4.127244666667,
    40.533333333333));
#3888 = VECTOR('',#3889,1.);
#3889 = DIRECTION('',(-0.57735026919,0.57735026919,0.57735026919));
#3890 = ORIENTED_EDGE('',*,*,#3891,.F.);
#3891 = EDGE_CURVE('',#3836,#3884,#3892,.T.);
#3892 = LINE('',#3893,#3894);
#3893 = CARTESIAN_POINT('',(165.80211021143,-4.160578,48.5));
#3894 = VECTOR('',#3895,1.);
#3895 = DIRECTION('',(0.,-2.2E-16,-1.));
#3896 = PLANE('',#3897);
#3897 = AXIS2_PLACEMENT_3D('',#3898,#3899,#3900);
#3898 = CARTESIAN_POINT('',(167.75211021143,-6.110578,48.5));
#3899 = DIRECTION('',(0.707106781187,0.707106781187,3.E-17));
#3900 = DIRECTION('',(1.312132034356E-16,-8.87867965644E-17,-1.));
#3901 = ADVANCED_FACE('',(#3902),#3913,.T.);
#3902 = FACE_BOUND('',#3903,.T.);
#3903 = EDGE_LOOP('',(#3904,#3905,#3906,#3907));
#3904 = ORIENTED_EDGE('',*,*,#3883,.F.);
#3905 = ORIENTED_EDGE('',*,*,#1035,.T.);
#3906 = ORIENTED_EDGE('',*,*,#3857,.T.);
#3907 = ORIENTED_EDGE('',*,*,#3908,.F.);
#3908 = EDGE_CURVE('',#3884,#3858,#3909,.T.);
#3909 = LINE('',#3910,#3911);
#3910 = CARTESIAN_POINT('',(165.80211021143,-4.160578,40.5));
#3911 = VECTOR('',#3912,1.);
#3912 = DIRECTION('',(-1.,0.,0.));
#3913 = PLANE('',#3914);
#3914 = AXIS2_PLACEMENT_3D('',#3915,#3916,#3917);
#3915 = CARTESIAN_POINT('',(165.80211021143,-6.110578,38.55));
#3916 = DIRECTION('',(-3.E-17,0.707106781187,-0.707106781187));
#3917 = DIRECTION('',(-1.,-2.12132034356E-17,2.12132034356E-17));
#3918 = ADVANCED_FACE('',(#3919),#3925,.F.);
#3919 = FACE_BOUND('',#3920,.F.);
#3920 = EDGE_LOOP('',(#3921,#3922,#3923,#3924));
#3921 = ORIENTED_EDGE('',*,*,#2687,.T.);
#3922 = ORIENTED_EDGE('',*,*,#1067,.T.);
#3923 = ORIENTED_EDGE('',*,*,#1111,.T.);
#3924 = ORIENTED_EDGE('',*,*,#2703,.T.);
#3925 = PLANE('',#3926);
#3926 = AXIS2_PLACEMENT_3D('',#3927,#3928,#3929);
#3927 = CARTESIAN_POINT('',(145.88238567811,77.517238493821,
    30.184047354777));
#3928 = DIRECTION('',(1.,0.,0.));
#3929 = DIRECTION('',(0.,0.,1.));
#3930 = ADVANCED_FACE('',(#3931),#3941,.F.);
#3931 = FACE_BOUND('',#3932,.T.);
#3932 = EDGE_LOOP('',(#3933,#3939,#3940));
#3933 = ORIENTED_EDGE('',*,*,#3934,.F.);
#3934 = EDGE_CURVE('',#3736,#1280,#3935,.T.);
#3935 = LINE('',#3936,#3937);
#3936 = CARTESIAN_POINT('',(78.382385678119,14.939422,52.));
#3937 = VECTOR('',#3938,1.);
#3938 = DIRECTION('',(0.857167300702,0.51503807491,-1.1E-16));
#3939 = ORIENTED_EDGE('',*,*,#3774,.T.);
#3940 = ORIENTED_EDGE('',*,*,#1288,.F.);
#3941 = CONICAL_SURFACE('',#3942,1.7,1.029744258677);
#3942 = AXIS2_PLACEMENT_3D('',#3943,#3944,#3945);
#3943 = CARTESIAN_POINT('',(80.082385678119,14.939422,52.));
#3944 = DIRECTION('',(0.,-1.,2.2E-16));
#3945 = DIRECTION('',(-1.,0.,0.));
#3946 = ADVANCED_FACE('',(#3947),#3952,.F.);
#3947 = FACE_BOUND('',#3948,.T.);
#3948 = EDGE_LOOP('',(#3949,#3950,#3951));
#3949 = ORIENTED_EDGE('',*,*,#3751,.T.);
#3950 = ORIENTED_EDGE('',*,*,#3934,.T.);
#3951 = ORIENTED_EDGE('',*,*,#1279,.F.);
#3952 = CONICAL_SURFACE('',#3953,1.7,1.029744258677);
#3953 = AXIS2_PLACEMENT_3D('',#3954,#3955,#3956);
#3954 = CARTESIAN_POINT('',(80.082385678119,14.939422,52.));
#3955 = DIRECTION('',(0.,-1.,2.2E-16));
#3956 = DIRECTION('',(-1.,0.,0.));
#3957 = ADVANCED_FACE('',(#3958),#3964,.F.);
#3958 = FACE_BOUND('',#3959,.F.);
#3959 = EDGE_LOOP('',(#3960,#3961,#3962,#3963));
#3960 = ORIENTED_EDGE('',*,*,#1836,.T.);
#3961 = ORIENTED_EDGE('',*,*,#1794,.T.);
#3962 = ORIENTED_EDGE('',*,*,#1763,.F.);
#3963 = ORIENTED_EDGE('',*,*,#1232,.F.);
#3964 = PLANE('',#3965);
#3965 = AXIS2_PLACEMENT_3D('',#3966,#3967,#3968);
#3966 = CARTESIAN_POINT('',(79.882385678119,12.984924643091,
    31.696182681115));
#3967 = DIRECTION('',(0.,0.,-1.));
#3968 = DIRECTION('',(0.,-1.,0.));
#3969 = ADVANCED_FACE('',(#3970),#3981,.F.);
#3970 = FACE_BOUND('',#3971,.F.);
#3971 = EDGE_LOOP('',(#3972,#3973,#3979,#3980));
#3972 = ORIENTED_EDGE('',*,*,#1690,.F.);
#3973 = ORIENTED_EDGE('',*,*,#3974,.T.);
#3974 = EDGE_CURVE('',#1691,#1209,#3975,.T.);
#3975 = LINE('',#3976,#3977);
#3976 = CARTESIAN_POINT('',(77.882385678119,11.968875442969,
    37.884628161159));
#3977 = VECTOR('',#3978,1.);
#3978 = DIRECTION('',(1.,0.,0.));
#3979 = ORIENTED_EDGE('',*,*,#1216,.T.);
#3980 = ORIENTED_EDGE('',*,*,#1770,.F.);
#3981 = PLANE('',#3982);
#3982 = AXIS2_PLACEMENT_3D('',#3983,#3984,#3985);
#3983 = CARTESIAN_POINT('',(77.882385678119,11.968875442969,
    37.884628161159));
#3984 = DIRECTION('',(0.,1.,0.));
#3985 = DIRECTION('',(0.,0.,-1.));
#3986 = ADVANCED_FACE('',(#3987),#3998,.F.);
#3987 = FACE_BOUND('',#3988,.F.);
#3988 = EDGE_LOOP('',(#3989,#3990,#3996,#3997));
#3989 = ORIENTED_EDGE('',*,*,#1698,.F.);
#3990 = ORIENTED_EDGE('',*,*,#3991,.T.);
#3991 = EDGE_CURVE('',#1699,#1201,#3992,.T.);
#3992 = LINE('',#3993,#3994);
#3993 = CARTESIAN_POINT('',(77.882385678119,8.288741961975,
    41.564761642153));
#3994 = VECTOR('',#3995,1.);
#3995 = DIRECTION('',(1.,0.,0.));
#3996 = ORIENTED_EDGE('',*,*,#1208,.T.);
#3997 = ORIENTED_EDGE('',*,*,#3974,.F.);
#3998 = PLANE('',#3999);
#3999 = AXIS2_PLACEMENT_3D('',#4000,#4001,#4002);
#4000 = CARTESIAN_POINT('',(77.882385678119,8.288741961975,
    41.564761642153));
#4001 = DIRECTION('',(0.,0.707106781187,0.707106781187));
#4002 = DIRECTION('',(0.,0.707106781187,-0.707106781187));
#4003 = ADVANCED_FACE('',(#4004),#4015,.F.);
#4004 = FACE_BOUND('',#4005,.F.);
#4005 = EDGE_LOOP('',(#4006,#4007,#4013,#4014));
#4006 = ORIENTED_EDGE('',*,*,#1706,.F.);
#4007 = ORIENTED_EDGE('',*,*,#4008,.T.);
#4008 = EDGE_CURVE('',#1707,#1193,#4009,.T.);
#4009 = LINE('',#4010,#4011);
#4010 = CARTESIAN_POINT('',(77.882385678119,3.08424728181,
    41.564761642153));
#4011 = VECTOR('',#4012,1.);
#4012 = DIRECTION('',(1.,0.,0.));
#4013 = ORIENTED_EDGE('',*,*,#1200,.T.);
#4014 = ORIENTED_EDGE('',*,*,#3991,.F.);
#4015 = PLANE('',#4016);
#4016 = AXIS2_PLACEMENT_3D('',#4017,#4018,#4019);
#4017 = CARTESIAN_POINT('',(77.882385678119,3.08424728181,
    41.564761642153));
#4018 = DIRECTION('',(0.,0.,1.));
#4019 = DIRECTION('',(0.,1.,0.));
#4020 = ADVANCED_FACE('',(#4021),#4032,.F.);
#4021 = FACE_BOUND('',#4022,.F.);
#4022 = EDGE_LOOP('',(#4023,#4024,#4030,#4031));
#4023 = ORIENTED_EDGE('',*,*,#1714,.F.);
#4024 = ORIENTED_EDGE('',*,*,#4025,.T.);
#4025 = EDGE_CURVE('',#1715,#1185,#4026,.T.);
#4026 = LINE('',#4027,#4028);
#4027 = CARTESIAN_POINT('',(77.882385678119,-0.595886199184,
    37.884628161159));
#4028 = VECTOR('',#4029,1.);
#4029 = DIRECTION('',(1.,0.,0.));
#4030 = ORIENTED_EDGE('',*,*,#1192,.T.);
#4031 = ORIENTED_EDGE('',*,*,#4008,.F.);
#4032 = PLANE('',#4033);
#4033 = AXIS2_PLACEMENT_3D('',#4034,#4035,#4036);
#4034 = CARTESIAN_POINT('',(77.882385678119,-0.595886199184,
    37.884628161159));
#4035 = DIRECTION('',(0.,-0.707106781187,0.707106781187));
#4036 = DIRECTION('',(0.,0.707106781187,0.707106781187));
#4037 = ADVANCED_FACE('',(#4038),#4044,.F.);
#4038 = FACE_BOUND('',#4039,.F.);
#4039 = EDGE_LOOP('',(#4040,#4041,#4042,#4043));
#4040 = ORIENTED_EDGE('',*,*,#1722,.F.);
#4041 = ORIENTED_EDGE('',*,*,#1601,.T.);
#4042 = ORIENTED_EDGE('',*,*,#1184,.T.);
#4043 = ORIENTED_EDGE('',*,*,#4025,.F.);
#4044 = PLANE('',#4045);
#4045 = AXIS2_PLACEMENT_3D('',#4046,#4047,#4048);
#4046 = CARTESIAN_POINT('',(77.882385678119,-0.595886199184,
    32.680133480994));
#4047 = DIRECTION('',(0.,-1.,-1.1E-16));
#4048 = DIRECTION('',(0.,-1.1E-16,1.));
#4049 = ADVANCED_FACE('',(#4050),#4068,.T.);
#4050 = FACE_BOUND('',#4051,.T.);
#4051 = EDGE_LOOP('',(#4052,#4060,#4066,#4067));
#4052 = ORIENTED_EDGE('',*,*,#4053,.T.);
#4053 = EDGE_CURVE('',#1161,#4054,#4056,.T.);
#4054 = VERTEX_POINT('',#4055);
#4055 = CARTESIAN_POINT('',(129.88238567811,-1.611935399305,
    31.696182681115));
#4056 = LINE('',#4057,#4058);
#4057 = CARTESIAN_POINT('',(79.882385678119,-1.611935399305,
    31.696182681115));
#4058 = VECTOR('',#4059,1.);
#4059 = DIRECTION('',(1.,0.,0.));
#4060 = ORIENTED_EDGE('',*,*,#4061,.T.);
#4061 = EDGE_CURVE('',#4054,#1583,#4062,.T.);
#4062 = LINE('',#4063,#4064);
#4063 = CARTESIAN_POINT('',(129.88238567811,-1.611935399305,
    31.696182681115));
#4064 = VECTOR('',#4065,1.);
#4065 = DIRECTION('',(0.,1.,0.));
#4066 = ORIENTED_EDGE('',*,*,#1608,.F.);
#4067 = ORIENTED_EDGE('',*,*,#1168,.F.);
#4068 = PLANE('',#4069);
#4069 = AXIS2_PLACEMENT_3D('',#4070,#4071,#4072);
#4070 = CARTESIAN_POINT('',(79.882385678119,-1.611935399305,
    31.696182681115));
#4071 = DIRECTION('',(0.,0.,1.));
#4072 = DIRECTION('',(0.,1.,0.));
#4073 = ADVANCED_FACE('',(#4074),#4085,.F.);
#4074 = FACE_BOUND('',#4075,.F.);
#4075 = EDGE_LOOP('',(#4076,#4077,#4078,#4084));
#4076 = ORIENTED_EDGE('',*,*,#1160,.F.);
#4077 = ORIENTED_EDGE('',*,*,#4053,.T.);
#4078 = ORIENTED_EDGE('',*,*,#4079,.T.);
#4079 = EDGE_CURVE('',#4054,#1313,#4080,.T.);
#4080 = LINE('',#4081,#4082);
#4081 = CARTESIAN_POINT('',(129.88238567811,-1.611935399305,
    31.696182681115));
#4082 = VECTOR('',#4083,1.);
#4083 = DIRECTION('',(0.,0.,-1.));
#4084 = ORIENTED_EDGE('',*,*,#1322,.T.);
#4085 = PLANE('',#4086);
#4086 = AXIS2_PLACEMENT_3D('',#4087,#4088,#4089);
#4087 = CARTESIAN_POINT('',(79.882385678119,-1.611935399305,
    31.696182681115));
#4088 = DIRECTION('',(0.,1.,0.));
#4089 = DIRECTION('',(0.,0.,-1.));
#4090 = ADVANCED_FACE('',(#4091,#4102,#4105),#4108,.T.);
#4091 = FACE_BOUND('',#4092,.T.);
#4092 = EDGE_LOOP('',(#4093,#4094,#4100,#4101));
#4093 = ORIENTED_EDGE('',*,*,#1646,.F.);
#4094 = ORIENTED_EDGE('',*,*,#4095,.T.);
#4095 = EDGE_CURVE('',#1647,#1337,#4096,.T.);
#4096 = LINE('',#4097,#4098);
#4097 = CARTESIAN_POINT('',(77.882385678119,-10.060578,27.));
#4098 = VECTOR('',#4099,1.);
#4099 = DIRECTION('',(1.,0.,0.));
#4100 = ORIENTED_EDGE('',*,*,#1336,.T.);
#4101 = ORIENTED_EDGE('',*,*,#3124,.F.);
#4102 = FACE_BOUND('',#4103,.T.);
#4103 = EDGE_LOOP('',(#4104));
#4104 = ORIENTED_EDGE('',*,*,#3743,.F.);
#4105 = FACE_BOUND('',#4106,.T.);
#4106 = EDGE_LOOP('',(#4107));
#4107 = ORIENTED_EDGE('',*,*,#3809,.F.);
#4108 = PLANE('',#4109);
#4109 = AXIS2_PLACEMENT_3D('',#4110,#4111,#4112);
#4110 = CARTESIAN_POINT('',(132.88238567811,-10.060578,43.5));
#4111 = DIRECTION('',(-0.,-1.,-0.));
#4112 = DIRECTION('',(0.,0.,-1.));
#4113 = ADVANCED_FACE('',(#4114),#4125,.T.);
#4114 = FACE_BOUND('',#4115,.T.);
#4115 = EDGE_LOOP('',(#4116,#4117,#4123,#4124));
#4116 = ORIENTED_EDGE('',*,*,#1672,.T.);
#4117 = ORIENTED_EDGE('',*,*,#4118,.F.);
#4118 = EDGE_CURVE('',#1347,#1665,#4119,.T.);
#4119 = LINE('',#4120,#4121);
#4120 = CARTESIAN_POINT('',(187.88238567811,105.939422,27.));
#4121 = VECTOR('',#4122,1.);
#4122 = DIRECTION('',(-1.,0.,0.));
#4123 = ORIENTED_EDGE('',*,*,#1346,.F.);
#4124 = ORIENTED_EDGE('',*,*,#4095,.F.);
#4125 = PLANE('',#4126);
#4126 = AXIS2_PLACEMENT_3D('',#4127,#4128,#4129);
#4127 = CARTESIAN_POINT('',(132.88238567811,47.939422,27.));
#4128 = DIRECTION('',(-0.,-0.,-1.));
#4129 = DIRECTION('',(-1.,0.,0.));
#4130 = ADVANCED_FACE('',(#4131,#4137,#4148,#4218),#4229,.T.);
#4131 = FACE_BOUND('',#4132,.T.);
#4132 = EDGE_LOOP('',(#4133,#4134,#4135,#4136));
#4133 = ORIENTED_EDGE('',*,*,#1354,.T.);
#4134 = ORIENTED_EDGE('',*,*,#4118,.T.);
#4135 = ORIENTED_EDGE('',*,*,#1664,.T.);
#4136 = ORIENTED_EDGE('',*,*,#3131,.T.);
#4137 = FACE_BOUND('',#4138,.T.);
#4138 = EDGE_LOOP('',(#4139));
#4139 = ORIENTED_EDGE('',*,*,#4140,.F.);
#4140 = EDGE_CURVE('',#4141,#4141,#4143,.T.);
#4141 = VERTEX_POINT('',#4142);
#4142 = CARTESIAN_POINT('',(85.582385678119,105.939422,56.));
#4143 = CIRCLE('',#4144,1.7);
#4144 = AXIS2_PLACEMENT_3D('',#4145,#4146,#4147);
#4145 = CARTESIAN_POINT('',(83.882385678119,105.939422,56.));
#4146 = DIRECTION('',(0.,1.,-2.2E-16));
#4147 = DIRECTION('',(1.,0.,0.));
#4148 = FACE_BOUND('',#4149,.T.);
#4149 = EDGE_LOOP('',(#4150,#4160,#4169,#4177,#4186,#4194,#4203,#4211));
#4150 = ORIENTED_EDGE('',*,*,#4151,.F.);
#4151 = EDGE_CURVE('',#4152,#4154,#4156,.T.);
#4152 = VERTEX_POINT('',#4153);
#4153 = CARTESIAN_POINT('',(178.47577966733,105.939422,55.));
#4154 = VERTEX_POINT('',#4155);
#4155 = CARTESIAN_POINT('',(178.47577966733,105.939422,32.));
#4156 = LINE('',#4157,#4158);
#4157 = CARTESIAN_POINT('',(178.47577966733,105.939422,55.));
#4158 = VECTOR('',#4159,1.);
#4159 = DIRECTION('',(0.,0.,-1.));
#4160 = ORIENTED_EDGE('',*,*,#4161,.F.);
#4161 = EDGE_CURVE('',#4162,#4152,#4164,.T.);
#4162 = VERTEX_POINT('',#4163);
#4163 = CARTESIAN_POINT('',(175.47577966733,105.939422,58.));
#4164 = CIRCLE('',#4165,3.);
#4165 = AXIS2_PLACEMENT_3D('',#4166,#4167,#4168);
#4166 = CARTESIAN_POINT('',(175.47577966733,105.939422,55.));
#4167 = DIRECTION('',(0.,1.,-0.));
#4168 = DIRECTION('',(-1.,0.,0.));
#4169 = ORIENTED_EDGE('',*,*,#4170,.F.);
#4170 = EDGE_CURVE('',#4171,#4162,#4173,.T.);
#4171 = VERTEX_POINT('',#4172);
#4172 = CARTESIAN_POINT('',(95.475779667339,105.939422,58.));
#4173 = LINE('',#4174,#4175);
#4174 = CARTESIAN_POINT('',(95.475779667339,105.939422,58.));
#4175 = VECTOR('',#4176,1.);
#4176 = DIRECTION('',(1.,0.,0.));
#4177 = ORIENTED_EDGE('',*,*,#4178,.F.);
#4178 = EDGE_CURVE('',#4179,#4171,#4181,.T.);
#4179 = VERTEX_POINT('',#4180);
#4180 = CARTESIAN_POINT('',(92.475779667339,105.939422,55.));
#4181 = CIRCLE('',#4182,3.);
#4182 = AXIS2_PLACEMENT_3D('',#4183,#4184,#4185);
#4183 = CARTESIAN_POINT('',(95.475779667339,105.939422,55.));
#4184 = DIRECTION('',(0.,1.,-0.));
#4185 = DIRECTION('',(-1.,0.,0.));
#4186 = ORIENTED_EDGE('',*,*,#4187,.F.);
#4187 = EDGE_CURVE('',#4188,#4179,#4190,.T.);
#4188 = VERTEX_POINT('',#4189);
#4189 = CARTESIAN_POINT('',(92.475779667339,105.939422,32.));
#4190 = LINE('',#4191,#4192);
#4191 = CARTESIAN_POINT('',(92.475779667339,105.939422,32.));
#4192 = VECTOR('',#4193,1.);
#4193 = DIRECTION('',(0.,0.,1.));
#4194 = ORIENTED_EDGE('',*,*,#4195,.F.);
#4195 = EDGE_CURVE('',#4196,#4188,#4198,.T.);
#4196 = VERTEX_POINT('',#4197);
#4197 = CARTESIAN_POINT('',(95.475779667339,105.939422,29.));
#4198 = CIRCLE('',#4199,3.);
#4199 = AXIS2_PLACEMENT_3D('',#4200,#4201,#4202);
#4200 = CARTESIAN_POINT('',(95.475779667339,105.939422,32.));
#4201 = DIRECTION('',(0.,1.,-0.));
#4202 = DIRECTION('',(-1.,0.,0.));
#4203 = ORIENTED_EDGE('',*,*,#4204,.F.);
#4204 = EDGE_CURVE('',#4205,#4196,#4207,.T.);
#4205 = VERTEX_POINT('',#4206);
#4206 = CARTESIAN_POINT('',(175.47577966733,105.939422,29.));
#4207 = LINE('',#4208,#4209);
#4208 = CARTESIAN_POINT('',(175.47577966733,105.939422,29.));
#4209 = VECTOR('',#4210,1.);
#4210 = DIRECTION('',(-1.,0.,0.));
#4211 = ORIENTED_EDGE('',*,*,#4212,.F.);
#4212 = EDGE_CURVE('',#4154,#4205,#4213,.T.);
#4213 = CIRCLE('',#4214,3.);
#4214 = AXIS2_PLACEMENT_3D('',#4215,#4216,#4217);
#4215 = CARTESIAN_POINT('',(175.47577966733,105.939422,32.));
#4216 = DIRECTION('',(0.,1.,-0.));
#4217 = DIRECTION('',(-1.,0.,0.));
#4218 = FACE_BOUND('',#4219,.T.);
#4219 = EDGE_LOOP('',(#4220));
#4220 = ORIENTED_EDGE('',*,*,#4221,.F.);
#4221 = EDGE_CURVE('',#4222,#4222,#4224,.T.);
#4222 = VERTEX_POINT('',#4223);
#4223 = CARTESIAN_POINT('',(183.58238567811,105.939422,56.));
#4224 = CIRCLE('',#4225,1.7);
#4225 = AXIS2_PLACEMENT_3D('',#4226,#4227,#4228);
#4226 = CARTESIAN_POINT('',(181.88238567811,105.939422,56.));
#4227 = DIRECTION('',(0.,1.,-2.2E-16));
#4228 = DIRECTION('',(1.,0.,0.));
#4229 = PLANE('',#4230);
#4230 = AXIS2_PLACEMENT_3D('',#4231,#4232,#4233);
#4231 = CARTESIAN_POINT('',(134.02325345452,105.939422,43.5));
#4232 = DIRECTION('',(0.,1.,-4.4E-16));
#4233 = DIRECTION('',(0.,4.4E-16,1.));
#4234 = ADVANCED_FACE('',(#4235),#4246,.F.);
#4235 = FACE_BOUND('',#4236,.F.);
#4236 = EDGE_LOOP('',(#4237,#4238,#4243,#4244,#4245));
#4237 = ORIENTED_EDGE('',*,*,#3700,.F.);
#4238 = ORIENTED_EDGE('',*,*,#4239,.T.);
#4239 = EDGE_CURVE('',#3692,#1502,#4240,.T.);
#4240 = B_SPLINE_CURVE_WITH_KNOTS('',1,(#4241,#4242),.UNSPECIFIED.,.F.,
  .F.,(2,2),(-4.,0.),.PIECEWISE_BEZIER_KNOTS.);
#4241 = CARTESIAN_POINT('',(183.88238567811,1.27,43.5));
#4242 = CARTESIAN_POINT('',(187.88238567811,1.27,43.5));
#4243 = ORIENTED_EDGE('',*,*,#1501,.F.);
#4244 = ORIENTED_EDGE('',*,*,#4239,.F.);
#4245 = ORIENTED_EDGE('',*,*,#3689,.F.);
#4246 = CYLINDRICAL_SURFACE('',#4247,2.5);
#4247 = AXIS2_PLACEMENT_3D('',#4248,#4249,#4250);
#4248 = CARTESIAN_POINT('',(187.88238567811,-1.23,43.5));
#4249 = DIRECTION('',(1.,0.,0.));
#4250 = DIRECTION('',(0.,1.,0.));
#4251 = ADVANCED_FACE('',(#4252),#4258,.T.);
#4252 = FACE_BOUND('',#4253,.T.);
#4253 = EDGE_LOOP('',(#4254,#4255,#4256,#4257));
#4254 = ORIENTED_EDGE('',*,*,#1582,.T.);
#4255 = ORIENTED_EDGE('',*,*,#4061,.F.);
#4256 = ORIENTED_EDGE('',*,*,#4079,.T.);
#4257 = ORIENTED_EDGE('',*,*,#1528,.T.);
#4258 = PLANE('',#4259);
#4259 = AXIS2_PLACEMENT_3D('',#4260,#4261,#4262);
#4260 = CARTESIAN_POINT('',(129.88238567811,5.686494621893,
    29.880230035896));
#4261 = DIRECTION('',(1.,0.,0.));
#4262 = DIRECTION('',(0.,0.,1.));
#4263 = ADVANCED_FACE('',(#4264),#4270,.F.);
#4264 = FACE_BOUND('',#4265,.F.);
#4265 = EDGE_LOOP('',(#4266,#4267,#4268,#4269));
#4266 = ORIENTED_EDGE('',*,*,#3011,.F.);
#4267 = ORIENTED_EDGE('',*,*,#2961,.F.);
#4268 = ORIENTED_EDGE('',*,*,#1542,.T.);
#4269 = ORIENTED_EDGE('',*,*,#1632,.T.);
#4270 = PLANE('',#4271);
#4271 = AXIS2_PLACEMENT_3D('',#4272,#4273,#4274);
#4272 = CARTESIAN_POINT('',(145.88238567811,77.517238493821,
    30.184047354777));
#4273 = DIRECTION('',(1.,0.,0.));
#4274 = DIRECTION('',(0.,0.,1.));
#4275 = ADVANCED_FACE('',(#4276),#4287,.F.);
#4276 = FACE_BOUND('',#4277,.T.);
#4277 = EDGE_LOOP('',(#4278,#4284,#4285,#4286));
#4278 = ORIENTED_EDGE('',*,*,#4279,.F.);
#4279 = EDGE_CURVE('',#4222,#1869,#4280,.T.);
#4280 = LINE('',#4281,#4282);
#4281 = CARTESIAN_POINT('',(183.58238567811,105.939422,56.));
#4282 = VECTOR('',#4283,1.);
#4283 = DIRECTION('',(-6.E-17,-1.,2.2E-16));
#4284 = ORIENTED_EDGE('',*,*,#4221,.T.);
#4285 = ORIENTED_EDGE('',*,*,#4279,.T.);
#4286 = ORIENTED_EDGE('',*,*,#1868,.T.);
#4287 = CYLINDRICAL_SURFACE('',#4288,1.7);
#4288 = AXIS2_PLACEMENT_3D('',#4289,#4290,#4291);
#4289 = CARTESIAN_POINT('',(181.88238567811,105.939422,56.));
#4290 = DIRECTION('',(0.,-1.,2.2E-16));
#4291 = DIRECTION('',(1.,0.,0.));
#4292 = ADVANCED_FACE('',(#4293),#4304,.F.);
#4293 = FACE_BOUND('',#4294,.T.);
#4294 = EDGE_LOOP('',(#4295,#4301,#4302,#4303));
#4295 = ORIENTED_EDGE('',*,*,#4296,.F.);
#4296 = EDGE_CURVE('',#4141,#1880,#4297,.T.);
#4297 = LINE('',#4298,#4299);
#4298 = CARTESIAN_POINT('',(85.582385678119,105.939422,56.));
#4299 = VECTOR('',#4300,1.);
#4300 = DIRECTION('',(-6.E-17,-1.,2.2E-16));
#4301 = ORIENTED_EDGE('',*,*,#4140,.T.);
#4302 = ORIENTED_EDGE('',*,*,#4296,.T.);
#4303 = ORIENTED_EDGE('',*,*,#1879,.T.);
#4304 = CYLINDRICAL_SURFACE('',#4305,1.7);
#4305 = AXIS2_PLACEMENT_3D('',#4306,#4307,#4308);
#4306 = CARTESIAN_POINT('',(83.882385678119,105.939422,56.));
#4307 = DIRECTION('',(0.,-1.,2.2E-16));
#4308 = DIRECTION('',(1.,0.,0.));
#4309 = ADVANCED_FACE('',(#4310),#4329,.F.);
#4310 = FACE_BOUND('',#4311,.F.);
#4311 = EDGE_LOOP('',(#4312,#4320,#4327,#4328));
#4312 = ORIENTED_EDGE('',*,*,#4313,.F.);
#4313 = EDGE_CURVE('',#4314,#1891,#4316,.T.);
#4314 = VERTEX_POINT('',#4315);
#4315 = CARTESIAN_POINT('',(157.85038475638,104.939422,40.687926375688)
  );
#4316 = LINE('',#4317,#4318);
#4317 = CARTESIAN_POINT('',(157.85038475638,104.939422,40.687926375688)
  );
#4318 = VECTOR('',#4319,1.);
#4319 = DIRECTION('',(0.,-1.,2.2E-16));
#4320 = ORIENTED_EDGE('',*,*,#4321,.F.);
#4321 = EDGE_CURVE('',#4314,#4314,#4322,.T.);
#4322 = CIRCLE('',#4323,3.454);
#4323 = AXIS2_PLACEMENT_3D('',#4324,#4325,#4326);
#4324 = CARTESIAN_POINT('',(161.30438475638,104.939422,40.687926375688)
  );
#4325 = DIRECTION('',(0.,1.,-0.));
#4326 = DIRECTION('',(-1.,0.,0.));
#4327 = ORIENTED_EDGE('',*,*,#4313,.T.);
#4328 = ORIENTED_EDGE('',*,*,#1890,.T.);
#4329 = CYLINDRICAL_SURFACE('',#4330,3.454);
#4330 = AXIS2_PLACEMENT_3D('',#4331,#4332,#4333);
#4331 = CARTESIAN_POINT('',(161.30438475638,104.939422,40.687926375688)
  );
#4332 = DIRECTION('',(0.,1.,-2.2E-16));
#4333 = DIRECTION('',(-1.,0.,0.));
#4334 = ADVANCED_FACE('',(#4335),#4354,.F.);
#4335 = FACE_BOUND('',#4336,.F.);
#4336 = EDGE_LOOP('',(#4337,#4345,#4352,#4353));
#4337 = ORIENTED_EDGE('',*,*,#4338,.F.);
#4338 = EDGE_CURVE('',#4339,#1902,#4341,.T.);
#4339 = VERTEX_POINT('',#4340);
#4340 = CARTESIAN_POINT('',(131.85038475638,104.939422,40.687926375688)
  );
#4341 = LINE('',#4342,#4343);
#4342 = CARTESIAN_POINT('',(131.85038475638,104.939422,40.687926375688)
  );
#4343 = VECTOR('',#4344,1.);
#4344 = DIRECTION('',(0.,-1.,2.2E-16));
#4345 = ORIENTED_EDGE('',*,*,#4346,.F.);
#4346 = EDGE_CURVE('',#4339,#4339,#4347,.T.);
#4347 = CIRCLE('',#4348,3.454);
#4348 = AXIS2_PLACEMENT_3D('',#4349,#4350,#4351);
#4349 = CARTESIAN_POINT('',(135.30438475638,104.939422,40.687926375688)
  );
#4350 = DIRECTION('',(0.,1.,-0.));
#4351 = DIRECTION('',(-1.,0.,0.));
#4352 = ORIENTED_EDGE('',*,*,#4338,.T.);
#4353 = ORIENTED_EDGE('',*,*,#1901,.T.);
#4354 = CYLINDRICAL_SURFACE('',#4355,3.454);
#4355 = AXIS2_PLACEMENT_3D('',#4356,#4357,#4358);
#4356 = CARTESIAN_POINT('',(135.30438475638,104.939422,40.687926375688)
  );
#4357 = DIRECTION('',(0.,1.,-2.2E-16));
#4358 = DIRECTION('',(-1.,0.,0.));
#4359 = ADVANCED_FACE('',(#4360),#4385,.T.);
#4360 = FACE_BOUND('',#4361,.T.);
#4361 = EDGE_LOOP('',(#4362,#4370,#4378,#4384));
#4362 = ORIENTED_EDGE('',*,*,#4363,.T.);
#4363 = EDGE_CURVE('',#1913,#4364,#4366,.T.);
#4364 = VERTEX_POINT('',#4365);
#4365 = CARTESIAN_POINT('',(155.18791109912,104.939422,36.551351705747)
  );
#4366 = LINE('',#4367,#4368);
#4367 = CARTESIAN_POINT('',(155.18791109912,102.939422,36.551351705747)
  );
#4368 = VECTOR('',#4369,1.);
#4369 = DIRECTION('',(0.,1.,-2.2E-16));
#4370 = ORIENTED_EDGE('',*,*,#4371,.T.);
#4371 = EDGE_CURVE('',#4364,#4372,#4374,.T.);
#4372 = VERTEX_POINT('',#4373);
#4373 = CARTESIAN_POINT('',(157.16781008644,104.939422,34.571452718425)
  );
#4374 = LINE('',#4375,#4376);
#4375 = CARTESIAN_POINT('',(155.18791109912,104.939422,36.551351705747)
  );
#4376 = VECTOR('',#4377,1.);
#4377 = DIRECTION('',(0.707106781187,0.,-0.707106781187));
#4378 = ORIENTED_EDGE('',*,*,#4379,.F.);
#4379 = EDGE_CURVE('',#1915,#4372,#4380,.T.);
#4380 = LINE('',#4381,#4382);
#4381 = CARTESIAN_POINT('',(157.16781008644,102.939422,34.571452718425)
  );
#4382 = VECTOR('',#4383,1.);
#4383 = DIRECTION('',(0.,1.,-2.2E-16));
#4384 = ORIENTED_EDGE('',*,*,#1912,.F.);
#4385 = PLANE('',#4386);
#4386 = AXIS2_PLACEMENT_3D('',#4387,#4388,#4389);
#4387 = CARTESIAN_POINT('',(155.18791109912,102.939422,36.551351705747)
  );
#4388 = DIRECTION('',(-0.707106781187,-1.6E-16,-0.707106781187));
#4389 = DIRECTION('',(0.707106781187,-1.6E-16,-0.707106781187));
#4390 = ADVANCED_FACE('',(#4391),#4409,.T.);
#4391 = FACE_BOUND('',#4392,.T.);
#4392 = EDGE_LOOP('',(#4393,#4401,#4407,#4408));
#4393 = ORIENTED_EDGE('',*,*,#4394,.T.);
#4394 = EDGE_CURVE('',#1931,#4395,#4397,.T.);
#4395 = VERTEX_POINT('',#4396);
#4396 = CARTESIAN_POINT('',(154.4219612492,104.939422,35.78540185583));
#4397 = LINE('',#4398,#4399);
#4398 = CARTESIAN_POINT('',(154.4219612492,102.939422,35.78540185583));
#4399 = VECTOR('',#4400,1.);
#4400 = DIRECTION('',(0.,1.,-2.2E-16));
#4401 = ORIENTED_EDGE('',*,*,#4402,.T.);
#4402 = EDGE_CURVE('',#4395,#4364,#4403,.T.);
#4403 = LINE('',#4404,#4405);
#4404 = CARTESIAN_POINT('',(154.4219612492,104.939422,35.78540185583));
#4405 = VECTOR('',#4406,1.);
#4406 = DIRECTION('',(0.707106781187,0.,0.707106781187));
#4407 = ORIENTED_EDGE('',*,*,#4363,.F.);
#4408 = ORIENTED_EDGE('',*,*,#1939,.F.);
#4409 = PLANE('',#4410);
#4410 = AXIS2_PLACEMENT_3D('',#4411,#4412,#4413);
#4411 = CARTESIAN_POINT('',(154.4219612492,102.939422,35.78540185583));
#4412 = DIRECTION('',(0.707106781187,-1.6E-16,-0.707106781187));
#4413 = DIRECTION('',(0.707106781187,1.6E-16,0.707106781187));
#4414 = ADVANCED_FACE('',(#4415),#4433,.T.);
#4415 = FACE_BOUND('',#4416,.T.);
#4416 = EDGE_LOOP('',(#4417,#4418,#4426,#4432));
#4417 = ORIENTED_EDGE('',*,*,#4379,.T.);
#4418 = ORIENTED_EDGE('',*,*,#4419,.T.);
#4419 = EDGE_CURVE('',#4372,#4420,#4422,.T.);
#4420 = VERTEX_POINT('',#4421);
#4421 = CARTESIAN_POINT('',(156.40186023652,104.939422,33.805502868508)
  );
#4422 = LINE('',#4423,#4424);
#4423 = CARTESIAN_POINT('',(157.16781008644,104.939422,34.571452718425)
  );
#4424 = VECTOR('',#4425,1.);
#4425 = DIRECTION('',(-0.707106781187,-0.,-0.707106781187));
#4426 = ORIENTED_EDGE('',*,*,#4427,.F.);
#4427 = EDGE_CURVE('',#1923,#4420,#4428,.T.);
#4428 = LINE('',#4429,#4430);
#4429 = CARTESIAN_POINT('',(156.40186023652,102.939422,33.805502868508)
  );
#4430 = VECTOR('',#4431,1.);
#4431 = DIRECTION('',(0.,1.,-2.2E-16));
#4432 = ORIENTED_EDGE('',*,*,#1922,.F.);
#4433 = PLANE('',#4434);
#4434 = AXIS2_PLACEMENT_3D('',#4435,#4436,#4437);
#4435 = CARTESIAN_POINT('',(157.16781008644,102.939422,34.571452718425)
  );
#4436 = DIRECTION('',(-0.707106781187,1.6E-16,0.707106781187));
#4437 = DIRECTION('',(-0.707106781187,-1.6E-16,-0.707106781187));
#4438 = ADVANCED_FACE('',(#4439),#4451,.F.);
#4439 = FACE_BOUND('',#4440,.T.);
#4440 = EDGE_LOOP('',(#4441,#4442,#4449,#4450));
#4441 = ORIENTED_EDGE('',*,*,#4427,.T.);
#4442 = ORIENTED_EDGE('',*,*,#4443,.T.);
#4443 = EDGE_CURVE('',#4420,#4395,#4444,.T.);
#4444 = CIRCLE('',#4445,8.45);
#4445 = AXIS2_PLACEMENT_3D('',#4446,#4447,#4448);
#4446 = CARTESIAN_POINT('',(161.30438475638,104.939422,40.687926375688)
  );
#4447 = DIRECTION('',(-1.232595164408E-32,1.,2.2E-16));
#4448 = DIRECTION('',(0.707106781187,-1.55563491861E-16,0.707106781187)
  );
#4449 = ORIENTED_EDGE('',*,*,#4394,.F.);
#4450 = ORIENTED_EDGE('',*,*,#1930,.F.);
#4451 = CYLINDRICAL_SURFACE('',#4452,8.45);
#4452 = AXIS2_PLACEMENT_3D('',#4453,#4454,#4455);
#4453 = CARTESIAN_POINT('',(161.30438475638,102.939422,40.687926375688)
  );
#4454 = DIRECTION('',(0.,-1.,0.));
#4455 = DIRECTION('',(0.707106781187,0.,0.707106781187));
#4456 = ADVANCED_FACE('',(#4457),#4476,.F.);
#4457 = FACE_BOUND('',#4458,.F.);
#4458 = EDGE_LOOP('',(#4459,#4467,#4474,#4475));
#4459 = ORIENTED_EDGE('',*,*,#4460,.F.);
#4460 = EDGE_CURVE('',#4461,#1948,#4463,.T.);
#4461 = VERTEX_POINT('',#4462);
#4462 = CARTESIAN_POINT('',(105.85038475638,104.939422,40.687926375688)
  );
#4463 = LINE('',#4464,#4465);
#4464 = CARTESIAN_POINT('',(105.85038475638,104.939422,40.687926375688)
  );
#4465 = VECTOR('',#4466,1.);
#4466 = DIRECTION('',(0.,-1.,2.2E-16));
#4467 = ORIENTED_EDGE('',*,*,#4468,.F.);
#4468 = EDGE_CURVE('',#4461,#4461,#4469,.T.);
#4469 = CIRCLE('',#4470,3.454);
#4470 = AXIS2_PLACEMENT_3D('',#4471,#4472,#4473);
#4471 = CARTESIAN_POINT('',(109.30438475638,104.939422,40.687926375688)
  );
#4472 = DIRECTION('',(0.,1.,-0.));
#4473 = DIRECTION('',(-1.,0.,0.));
#4474 = ORIENTED_EDGE('',*,*,#4460,.T.);
#4475 = ORIENTED_EDGE('',*,*,#1947,.T.);
#4476 = CYLINDRICAL_SURFACE('',#4477,3.454);
#4477 = AXIS2_PLACEMENT_3D('',#4478,#4479,#4480);
#4478 = CARTESIAN_POINT('',(109.30438475638,104.939422,40.687926375688)
  );
#4479 = DIRECTION('',(0.,1.,-2.2E-16));
#4480 = DIRECTION('',(-1.,0.,0.));
#4481 = ADVANCED_FACE('',(#4482),#4507,.T.);
#4482 = FACE_BOUND('',#4483,.T.);
#4483 = EDGE_LOOP('',(#4484,#4492,#4500,#4506));
#4484 = ORIENTED_EDGE('',*,*,#4485,.T.);
#4485 = EDGE_CURVE('',#1959,#4486,#4488,.T.);
#4486 = VERTEX_POINT('',#4487);
#4487 = CARTESIAN_POINT('',(129.18791109912,104.939422,36.551351705747)
  );
#4488 = LINE('',#4489,#4490);
#4489 = CARTESIAN_POINT('',(129.18791109912,102.939422,36.551351705747)
  );
#4490 = VECTOR('',#4491,1.);
#4491 = DIRECTION('',(0.,1.,-2.2E-16));
#4492 = ORIENTED_EDGE('',*,*,#4493,.T.);
#4493 = EDGE_CURVE('',#4486,#4494,#4496,.T.);
#4494 = VERTEX_POINT('',#4495);
#4495 = CARTESIAN_POINT('',(131.16781008644,104.939422,34.571452718425)
  );
#4496 = LINE('',#4497,#4498);
#4497 = CARTESIAN_POINT('',(129.18791109912,104.939422,36.551351705747)
  );
#4498 = VECTOR('',#4499,1.);
#4499 = DIRECTION('',(0.707106781187,0.,-0.707106781187));
#4500 = ORIENTED_EDGE('',*,*,#4501,.F.);
#4501 = EDGE_CURVE('',#1961,#4494,#4502,.T.);
#4502 = LINE('',#4503,#4504);
#4503 = CARTESIAN_POINT('',(131.16781008644,102.939422,34.571452718425)
  );
#4504 = VECTOR('',#4505,1.);
#4505 = DIRECTION('',(0.,1.,-2.2E-16));
#4506 = ORIENTED_EDGE('',*,*,#1958,.F.);
#4507 = PLANE('',#4508);
#4508 = AXIS2_PLACEMENT_3D('',#4509,#4510,#4511);
#4509 = CARTESIAN_POINT('',(129.18791109912,102.939422,36.551351705747)
  );
#4510 = DIRECTION('',(-0.707106781187,-1.6E-16,-0.707106781187));
#4511 = DIRECTION('',(0.707106781187,-1.6E-16,-0.707106781187));
#4512 = ADVANCED_FACE('',(#4513),#4531,.T.);
#4513 = FACE_BOUND('',#4514,.T.);
#4514 = EDGE_LOOP('',(#4515,#4523,#4529,#4530));
#4515 = ORIENTED_EDGE('',*,*,#4516,.T.);
#4516 = EDGE_CURVE('',#1977,#4517,#4519,.T.);
#4517 = VERTEX_POINT('',#4518);
#4518 = CARTESIAN_POINT('',(128.4219612492,104.939422,35.78540185583));
#4519 = LINE('',#4520,#4521);
#4520 = CARTESIAN_POINT('',(128.4219612492,102.939422,35.78540185583));
#4521 = VECTOR('',#4522,1.);
#4522 = DIRECTION('',(0.,1.,-2.2E-16));
#4523 = ORIENTED_EDGE('',*,*,#4524,.T.);
#4524 = EDGE_CURVE('',#4517,#4486,#4525,.T.);
#4525 = LINE('',#4526,#4527);
#4526 = CARTESIAN_POINT('',(128.4219612492,104.939422,35.78540185583));
#4527 = VECTOR('',#4528,1.);
#4528 = DIRECTION('',(0.707106781187,0.,0.707106781187));
#4529 = ORIENTED_EDGE('',*,*,#4485,.F.);
#4530 = ORIENTED_EDGE('',*,*,#1985,.F.);
#4531 = PLANE('',#4532);
#4532 = AXIS2_PLACEMENT_3D('',#4533,#4534,#4535);
#4533 = CARTESIAN_POINT('',(128.4219612492,102.939422,35.78540185583));
#4534 = DIRECTION('',(0.707106781187,-1.6E-16,-0.707106781187));
#4535 = DIRECTION('',(0.707106781187,1.6E-16,0.707106781187));
#4536 = ADVANCED_FACE('',(#4537),#4555,.T.);
#4537 = FACE_BOUND('',#4538,.T.);
#4538 = EDGE_LOOP('',(#4539,#4540,#4548,#4554));
#4539 = ORIENTED_EDGE('',*,*,#4501,.T.);
#4540 = ORIENTED_EDGE('',*,*,#4541,.T.);
#4541 = EDGE_CURVE('',#4494,#4542,#4544,.T.);
#4542 = VERTEX_POINT('',#4543);
#4543 = CARTESIAN_POINT('',(130.40186023652,104.939422,33.805502868508)
  );
#4544 = LINE('',#4545,#4546);
#4545 = CARTESIAN_POINT('',(131.16781008644,104.939422,34.571452718425)
  );
#4546 = VECTOR('',#4547,1.);
#4547 = DIRECTION('',(-0.707106781187,-0.,-0.707106781187));
#4548 = ORIENTED_EDGE('',*,*,#4549,.F.);
#4549 = EDGE_CURVE('',#1969,#4542,#4550,.T.);
#4550 = LINE('',#4551,#4552);
#4551 = CARTESIAN_POINT('',(130.40186023652,102.939422,33.805502868508)
  );
#4552 = VECTOR('',#4553,1.);
#4553 = DIRECTION('',(0.,1.,-2.2E-16));
#4554 = ORIENTED_EDGE('',*,*,#1968,.F.);
#4555 = PLANE('',#4556);
#4556 = AXIS2_PLACEMENT_3D('',#4557,#4558,#4559);
#4557 = CARTESIAN_POINT('',(131.16781008644,102.939422,34.571452718425)
  );
#4558 = DIRECTION('',(-0.707106781187,1.6E-16,0.707106781187));
#4559 = DIRECTION('',(-0.707106781187,-1.6E-16,-0.707106781187));
#4560 = ADVANCED_FACE('',(#4561),#4573,.F.);
#4561 = FACE_BOUND('',#4562,.T.);
#4562 = EDGE_LOOP('',(#4563,#4564,#4571,#4572));
#4563 = ORIENTED_EDGE('',*,*,#4549,.T.);
#4564 = ORIENTED_EDGE('',*,*,#4565,.T.);
#4565 = EDGE_CURVE('',#4542,#4517,#4566,.T.);
#4566 = CIRCLE('',#4567,8.45);
#4567 = AXIS2_PLACEMENT_3D('',#4568,#4569,#4570);
#4568 = CARTESIAN_POINT('',(135.30438475638,104.939422,40.687926375688)
  );
#4569 = DIRECTION('',(0.,1.,2.2E-16));
#4570 = DIRECTION('',(0.707106781187,-1.55563491861E-16,0.707106781187)
  );
#4571 = ORIENTED_EDGE('',*,*,#4516,.F.);
#4572 = ORIENTED_EDGE('',*,*,#1976,.F.);
#4573 = CYLINDRICAL_SURFACE('',#4574,8.45);
#4574 = AXIS2_PLACEMENT_3D('',#4575,#4576,#4577);
#4575 = CARTESIAN_POINT('',(135.30438475638,102.939422,40.687926375688)
  );
#4576 = DIRECTION('',(0.,-1.,0.));
#4577 = DIRECTION('',(0.707106781187,0.,0.707106781187));
#4578 = ADVANCED_FACE('',(#4579),#4604,.T.);
#4579 = FACE_BOUND('',#4580,.T.);
#4580 = EDGE_LOOP('',(#4581,#4589,#4597,#4603));
#4581 = ORIENTED_EDGE('',*,*,#4582,.T.);
#4582 = EDGE_CURVE('',#1994,#4583,#4585,.T.);
#4583 = VERTEX_POINT('',#4584);
#4584 = CARTESIAN_POINT('',(103.18791109912,104.939422,36.551351705747)
  );
#4585 = LINE('',#4586,#4587);
#4586 = CARTESIAN_POINT('',(103.18791109912,102.939422,36.551351705747)
  );
#4587 = VECTOR('',#4588,1.);
#4588 = DIRECTION('',(0.,1.,-2.2E-16));
#4589 = ORIENTED_EDGE('',*,*,#4590,.T.);
#4590 = EDGE_CURVE('',#4583,#4591,#4593,.T.);
#4591 = VERTEX_POINT('',#4592);
#4592 = CARTESIAN_POINT('',(105.16781008644,104.939422,34.571452718425)
  );
#4593 = LINE('',#4594,#4595);
#4594 = CARTESIAN_POINT('',(103.18791109912,104.939422,36.551351705747)
  );
#4595 = VECTOR('',#4596,1.);
#4596 = DIRECTION('',(0.707106781187,0.,-0.707106781187));
#4597 = ORIENTED_EDGE('',*,*,#4598,.F.);
#4598 = EDGE_CURVE('',#1996,#4591,#4599,.T.);
#4599 = LINE('',#4600,#4601);
#4600 = CARTESIAN_POINT('',(105.16781008644,102.939422,34.571452718425)
  );
#4601 = VECTOR('',#4602,1.);
#4602 = DIRECTION('',(0.,1.,-2.2E-16));
#4603 = ORIENTED_EDGE('',*,*,#1993,.F.);
#4604 = PLANE('',#4605);
#4605 = AXIS2_PLACEMENT_3D('',#4606,#4607,#4608);
#4606 = CARTESIAN_POINT('',(103.18791109912,102.939422,36.551351705747)
  );
#4607 = DIRECTION('',(-0.707106781187,-1.6E-16,-0.707106781187));
#4608 = DIRECTION('',(0.707106781187,-1.6E-16,-0.707106781187));
#4609 = ADVANCED_FACE('',(#4610),#4628,.T.);
#4610 = FACE_BOUND('',#4611,.T.);
#4611 = EDGE_LOOP('',(#4612,#4620,#4626,#4627));
#4612 = ORIENTED_EDGE('',*,*,#4613,.T.);
#4613 = EDGE_CURVE('',#2012,#4614,#4616,.T.);
#4614 = VERTEX_POINT('',#4615);
#4615 = CARTESIAN_POINT('',(102.4219612492,104.939422,35.78540185583));
#4616 = LINE('',#4617,#4618);
#4617 = CARTESIAN_POINT('',(102.4219612492,102.939422,35.78540185583));
#4618 = VECTOR('',#4619,1.);
#4619 = DIRECTION('',(0.,1.,-2.2E-16));
#4620 = ORIENTED_EDGE('',*,*,#4621,.T.);
#4621 = EDGE_CURVE('',#4614,#4583,#4622,.T.);
#4622 = LINE('',#4623,#4624);
#4623 = CARTESIAN_POINT('',(102.4219612492,104.939422,35.78540185583));
#4624 = VECTOR('',#4625,1.);
#4625 = DIRECTION('',(0.707106781187,0.,0.707106781187));
#4626 = ORIENTED_EDGE('',*,*,#4582,.F.);
#4627 = ORIENTED_EDGE('',*,*,#2020,.F.);
#4628 = PLANE('',#4629);
#4629 = AXIS2_PLACEMENT_3D('',#4630,#4631,#4632);
#4630 = CARTESIAN_POINT('',(102.4219612492,102.939422,35.78540185583));
#4631 = DIRECTION('',(0.707106781187,-1.6E-16,-0.707106781187));
#4632 = DIRECTION('',(0.707106781187,1.6E-16,0.707106781187));
#4633 = ADVANCED_FACE('',(#4634),#4652,.T.);
#4634 = FACE_BOUND('',#4635,.T.);
#4635 = EDGE_LOOP('',(#4636,#4637,#4645,#4651));
#4636 = ORIENTED_EDGE('',*,*,#4598,.T.);
#4637 = ORIENTED_EDGE('',*,*,#4638,.T.);
#4638 = EDGE_CURVE('',#4591,#4639,#4641,.T.);
#4639 = VERTEX_POINT('',#4640);
#4640 = CARTESIAN_POINT('',(104.40186023652,104.939422,33.805502868508)
  );
#4641 = LINE('',#4642,#4643);
#4642 = CARTESIAN_POINT('',(105.16781008644,104.939422,34.571452718425)
  );
#4643 = VECTOR('',#4644,1.);
#4644 = DIRECTION('',(-0.707106781187,-0.,-0.707106781187));
#4645 = ORIENTED_EDGE('',*,*,#4646,.F.);
#4646 = EDGE_CURVE('',#2004,#4639,#4647,.T.);
#4647 = LINE('',#4648,#4649);
#4648 = CARTESIAN_POINT('',(104.40186023652,102.939422,33.805502868508)
  );
#4649 = VECTOR('',#4650,1.);
#4650 = DIRECTION('',(0.,1.,-2.2E-16));
#4651 = ORIENTED_EDGE('',*,*,#2003,.F.);
#4652 = PLANE('',#4653);
#4653 = AXIS2_PLACEMENT_3D('',#4654,#4655,#4656);
#4654 = CARTESIAN_POINT('',(105.16781008644,102.939422,34.571452718425)
  );
#4655 = DIRECTION('',(-0.707106781187,1.6E-16,0.707106781187));
#4656 = DIRECTION('',(-0.707106781187,-1.6E-16,-0.707106781187));
#4657 = ADVANCED_FACE('',(#4658),#4670,.F.);
#4658 = FACE_BOUND('',#4659,.T.);
#4659 = EDGE_LOOP('',(#4660,#4661,#4668,#4669));
#4660 = ORIENTED_EDGE('',*,*,#4646,.T.);
#4661 = ORIENTED_EDGE('',*,*,#4662,.T.);
#4662 = EDGE_CURVE('',#4639,#4614,#4663,.T.);
#4663 = CIRCLE('',#4664,8.45);
#4664 = AXIS2_PLACEMENT_3D('',#4665,#4666,#4667);
#4665 = CARTESIAN_POINT('',(109.30438475638,104.939422,40.687926375688)
  );
#4666 = DIRECTION('',(0.,1.,2.2E-16));
#4667 = DIRECTION('',(0.707106781187,-1.55563491861E-16,0.707106781187)
  );
#4668 = ORIENTED_EDGE('',*,*,#4613,.F.);
#4669 = ORIENTED_EDGE('',*,*,#2011,.F.);
#4670 = CYLINDRICAL_SURFACE('',#4671,8.45);
#4671 = AXIS2_PLACEMENT_3D('',#4672,#4673,#4674);
#4672 = CARTESIAN_POINT('',(109.30438475638,102.939422,40.687926375688)
  );
#4673 = DIRECTION('',(0.,-1.,0.));
#4674 = DIRECTION('',(0.707106781187,0.,0.707106781187));
#4675 = ADVANCED_FACE('',(#4676),#4694,.F.);
#4676 = FACE_BOUND('',#4677,.F.);
#4677 = EDGE_LOOP('',(#4678,#4686,#4692,#4693));
#4678 = ORIENTED_EDGE('',*,*,#4679,.T.);
#4679 = EDGE_CURVE('',#2093,#4680,#4682,.T.);
#4680 = VERTEX_POINT('',#4681);
#4681 = CARTESIAN_POINT('',(144.44834850747,63.6530609131,31.));
#4682 = LINE('',#4683,#4684);
#4683 = CARTESIAN_POINT('',(144.44834850747,63.6530609131,29.));
#4684 = VECTOR('',#4685,1.);
#4685 = DIRECTION('',(0.,0.,1.));
#4686 = ORIENTED_EDGE('',*,*,#4687,.T.);
#4687 = EDGE_CURVE('',#4680,#2055,#4688,.T.);
#4688 = LINE('',#4689,#4690);
#4689 = CARTESIAN_POINT('',(144.44834850747,63.6530609131,31.));
#4690 = VECTOR('',#4691,1.);
#4691 = DIRECTION('',(0.,-1.,0.));
#4692 = ORIENTED_EDGE('',*,*,#2052,.F.);
#4693 = ORIENTED_EDGE('',*,*,#2102,.F.);
#4694 = PLANE('',#4695);
#4695 = AXIS2_PLACEMENT_3D('',#4696,#4697,#4698);
#4696 = CARTESIAN_POINT('',(144.44834850747,63.6530609131,29.));
#4697 = DIRECTION('',(1.,0.,0.));
#4698 = DIRECTION('',(0.,-1.,0.));
#4699 = ADVANCED_FACE('',(#4700),#4722,.T.);
#4700 = FACE_BOUND('',#4701,.T.);
#4701 = EDGE_LOOP('',(#4702,#4703,#4711,#4717,#4718,#4719,#4720,#4721));
#4702 = ORIENTED_EDGE('',*,*,#2248,.T.);
#4703 = ORIENTED_EDGE('',*,*,#4704,.T.);
#4704 = EDGE_CURVE('',#2237,#4705,#4707,.T.);
#4705 = VERTEX_POINT('',#4706);
#4706 = CARTESIAN_POINT('',(179.44834850747,63.6530609131,31.));
#4707 = LINE('',#4708,#4709);
#4708 = CARTESIAN_POINT('',(179.44834850747,18.6530609131,31.));
#4709 = VECTOR('',#4710,1.);
#4710 = DIRECTION('',(0.,1.,0.));
#4711 = ORIENTED_EDGE('',*,*,#4712,.T.);
#4712 = EDGE_CURVE('',#4705,#4680,#4713,.T.);
#4713 = LINE('',#4714,#4715);
#4714 = CARTESIAN_POINT('',(179.44834850747,63.6530609131,31.));
#4715 = VECTOR('',#4716,1.);
#4716 = DIRECTION('',(-1.,0.,0.));
#4717 = ORIENTED_EDGE('',*,*,#4687,.T.);
#4718 = ORIENTED_EDGE('',*,*,#2062,.T.);
#4719 = ORIENTED_EDGE('',*,*,#2124,.F.);
#4720 = ORIENTED_EDGE('',*,*,#2172,.F.);
#4721 = ORIENTED_EDGE('',*,*,#2220,.F.);
#4722 = PLANE('',#4723);
#4723 = AXIS2_PLACEMENT_3D('',#4724,#4725,#4726);
#4724 = CARTESIAN_POINT('',(161.94834850747,46.524518402979,31.));
#4725 = DIRECTION('',(0.,0.,1.));
#4726 = DIRECTION('',(1.,0.,0.));
#4727 = ADVANCED_FACE('',(#4728),#4739,.F.);
#4728 = FACE_BOUND('',#4729,.F.);
#4729 = EDGE_LOOP('',(#4730,#4736,#4737,#4738));
#4730 = ORIENTED_EDGE('',*,*,#4731,.T.);
#4731 = EDGE_CURVE('',#2141,#4705,#4732,.T.);
#4732 = LINE('',#4733,#4734);
#4733 = CARTESIAN_POINT('',(179.44834850747,63.6530609131,29.));
#4734 = VECTOR('',#4735,1.);
#4735 = DIRECTION('',(0.,0.,1.));
#4736 = ORIENTED_EDGE('',*,*,#4712,.T.);
#4737 = ORIENTED_EDGE('',*,*,#4679,.F.);
#4738 = ORIENTED_EDGE('',*,*,#2150,.F.);
#4739 = PLANE('',#4740);
#4740 = AXIS2_PLACEMENT_3D('',#4741,#4742,#4743);
#4741 = CARTESIAN_POINT('',(179.44834850747,63.6530609131,29.));
#4742 = DIRECTION('',(0.,-1.,0.));
#4743 = DIRECTION('',(-1.,0.,0.));
#4744 = ADVANCED_FACE('',(#4745),#4751,.F.);
#4745 = FACE_BOUND('',#4746,.F.);
#4746 = EDGE_LOOP('',(#4747,#4748,#4749,#4750));
#4747 = ORIENTED_EDGE('',*,*,#2236,.T.);
#4748 = ORIENTED_EDGE('',*,*,#4704,.T.);
#4749 = ORIENTED_EDGE('',*,*,#4731,.F.);
#4750 = ORIENTED_EDGE('',*,*,#2198,.F.);
#4751 = PLANE('',#4752);
#4752 = AXIS2_PLACEMENT_3D('',#4753,#4754,#4755);
#4753 = CARTESIAN_POINT('',(179.44834850747,18.6530609131,29.));
#4754 = DIRECTION('',(-1.,0.,0.));
#4755 = DIRECTION('',(0.,1.,0.));
#4756 = ADVANCED_FACE('',(#4757),#4775,.F.);
#4757 = FACE_BOUND('',#4758,.F.);
#4758 = EDGE_LOOP('',(#4759,#4767,#4773,#4774));
#4759 = ORIENTED_EDGE('',*,*,#4760,.T.);
#4760 = EDGE_CURVE('',#2263,#4761,#4763,.T.);
#4761 = VERTEX_POINT('',#4762);
#4762 = CARTESIAN_POINT('',(90.7,90.1,33.));
#4763 = LINE('',#4764,#4765);
#4764 = CARTESIAN_POINT('',(90.7,90.1,29.));
#4765 = VECTOR('',#4766,1.);
#4766 = DIRECTION('',(0.,0.,1.));
#4767 = ORIENTED_EDGE('',*,*,#4768,.T.);
#4768 = EDGE_CURVE('',#4761,#2294,#4769,.T.);
#4769 = LINE('',#4770,#4771);
#4770 = CARTESIAN_POINT('',(90.7,90.1,33.));
#4771 = VECTOR('',#4772,1.);
#4772 = DIRECTION('',(-1.,0.,0.));
#4773 = ORIENTED_EDGE('',*,*,#2293,.F.);
#4774 = ORIENTED_EDGE('',*,*,#2279,.F.);
#4775 = PLANE('',#4776);
#4776 = AXIS2_PLACEMENT_3D('',#4777,#4778,#4779);
#4777 = CARTESIAN_POINT('',(90.7,90.1,29.));
#4778 = DIRECTION('',(0.,-1.,0.));
#4779 = DIRECTION('',(-1.,0.,0.));
#4780 = ADVANCED_FACE('',(#4781,#4799),#4810,.T.);
#4781 = FACE_BOUND('',#4782,.T.);
#4782 = EDGE_LOOP('',(#4783,#4784,#4785,#4793));
#4783 = ORIENTED_EDGE('',*,*,#4768,.T.);
#4784 = ORIENTED_EDGE('',*,*,#2301,.T.);
#4785 = ORIENTED_EDGE('',*,*,#4786,.T.);
#4786 = EDGE_CURVE('',#2302,#4787,#4789,.T.);
#4787 = VERTEX_POINT('',#4788);
#4788 = CARTESIAN_POINT('',(90.7,82.1,33.));
#4789 = LINE('',#4790,#4791);
#4790 = CARTESIAN_POINT('',(82.7,82.1,33.));
#4791 = VECTOR('',#4792,1.);
#4792 = DIRECTION('',(1.,0.,0.));
#4793 = ORIENTED_EDGE('',*,*,#4794,.T.);
#4794 = EDGE_CURVE('',#4787,#4761,#4795,.T.);
#4795 = LINE('',#4796,#4797);
#4796 = CARTESIAN_POINT('',(90.7,82.1,33.));
#4797 = VECTOR('',#4798,1.);
#4798 = DIRECTION('',(0.,1.,0.));
#4799 = FACE_BOUND('',#4800,.F.);
#4800 = EDGE_LOOP('',(#4801));
#4801 = ORIENTED_EDGE('',*,*,#4802,.T.);
#4802 = EDGE_CURVE('',#4803,#4803,#4805,.T.);
#4803 = VERTEX_POINT('',#4804);
#4804 = CARTESIAN_POINT('',(89.05,86.1,33.));
#4805 = CIRCLE('',#4806,2.35);
#4806 = AXIS2_PLACEMENT_3D('',#4807,#4808,#4809);
#4807 = CARTESIAN_POINT('',(86.7,86.1,33.));
#4808 = DIRECTION('',(0.,0.,1.));
#4809 = DIRECTION('',(1.,0.,0.));
#4810 = PLANE('',#4811);
#4811 = AXIS2_PLACEMENT_3D('',#4812,#4813,#4814);
#4812 = CARTESIAN_POINT('',(107.,54.,33.));
#4813 = DIRECTION('',(0.,0.,1.));
#4814 = DIRECTION('',(1.,0.,0.));
#4815 = ADVANCED_FACE('',(#4816),#4827,.F.);
#4816 = FACE_BOUND('',#4817,.F.);
#4817 = EDGE_LOOP('',(#4818,#4819,#4820,#4826));
#4818 = ORIENTED_EDGE('',*,*,#2309,.T.);
#4819 = ORIENTED_EDGE('',*,*,#4786,.T.);
#4820 = ORIENTED_EDGE('',*,*,#4821,.F.);
#4821 = EDGE_CURVE('',#2334,#4787,#4822,.T.);
#4822 = LINE('',#4823,#4824);
#4823 = CARTESIAN_POINT('',(90.7,82.1,29.));
#4824 = VECTOR('',#4825,1.);
#4825 = DIRECTION('',(0.,0.,1.));
#4826 = ORIENTED_EDGE('',*,*,#2360,.F.);
#4827 = PLANE('',#4828);
#4828 = AXIS2_PLACEMENT_3D('',#4829,#4830,#4831);
#4829 = CARTESIAN_POINT('',(82.7,82.1,29.));
#4830 = DIRECTION('',(0.,1.,0.));
#4831 = DIRECTION('',(1.,0.,0.));
#4832 = ADVANCED_FACE('',(#4833),#4839,.F.);
#4833 = FACE_BOUND('',#4834,.F.);
#4834 = EDGE_LOOP('',(#4835,#4836,#4837,#4838));
#4835 = ORIENTED_EDGE('',*,*,#4821,.T.);
#4836 = ORIENTED_EDGE('',*,*,#4794,.T.);
#4837 = ORIENTED_EDGE('',*,*,#4760,.F.);
#4838 = ORIENTED_EDGE('',*,*,#2343,.F.);
#4839 = PLANE('',#4840);
#4840 = AXIS2_PLACEMENT_3D('',#4841,#4842,#4843);
#4841 = CARTESIAN_POINT('',(90.7,82.1,29.));
#4842 = DIRECTION('',(-1.,0.,0.));
#4843 = DIRECTION('',(0.,1.,0.));
#4844 = ADVANCED_FACE('',(#4845),#4870,.F.);
#4845 = FACE_BOUND('',#4846,.F.);
#4846 = EDGE_LOOP('',(#4847,#4855,#4863,#4869));
#4847 = ORIENTED_EDGE('',*,*,#4848,.T.);
#4848 = EDGE_CURVE('',#2375,#4849,#4851,.T.);
#4849 = VERTEX_POINT('',#4850);
#4850 = CARTESIAN_POINT('',(131.3,90.1,33.));
#4851 = LINE('',#4852,#4853);
#4852 = CARTESIAN_POINT('',(131.3,90.1,29.));
#4853 = VECTOR('',#4854,1.);
#4854 = DIRECTION('',(0.,0.,1.));
#4855 = ORIENTED_EDGE('',*,*,#4856,.T.);
#4856 = EDGE_CURVE('',#4849,#4857,#4859,.T.);
#4857 = VERTEX_POINT('',#4858);
#4858 = CARTESIAN_POINT('',(123.3,90.1,33.));
#4859 = LINE('',#4860,#4861);
#4860 = CARTESIAN_POINT('',(131.3,90.1,33.));
#4861 = VECTOR('',#4862,1.);
#4862 = DIRECTION('',(-1.,0.,0.));
#4863 = ORIENTED_EDGE('',*,*,#4864,.F.);
#4864 = EDGE_CURVE('',#2384,#4857,#4865,.T.);
#4865 = LINE('',#4866,#4867);
#4866 = CARTESIAN_POINT('',(123.3,90.1,29.));
#4867 = VECTOR('',#4868,1.);
#4868 = DIRECTION('',(0.,0.,1.));
#4869 = ORIENTED_EDGE('',*,*,#2391,.F.);
#4870 = PLANE('',#4871);
#4871 = AXIS2_PLACEMENT_3D('',#4872,#4873,#4874);
#4872 = CARTESIAN_POINT('',(131.3,90.1,29.));
#4873 = DIRECTION('',(0.,-1.,0.));
#4874 = DIRECTION('',(-1.,0.,0.));
#4875 = ADVANCED_FACE('',(#4876),#4894,.F.);
#4876 = FACE_BOUND('',#4877,.F.);
#4877 = EDGE_LOOP('',(#4878,#4886,#4892,#4893));
#4878 = ORIENTED_EDGE('',*,*,#4879,.T.);
#4879 = EDGE_CURVE('',#2406,#4880,#4882,.T.);
#4880 = VERTEX_POINT('',#4881);
#4881 = CARTESIAN_POINT('',(131.3,82.1,33.));
#4882 = LINE('',#4883,#4884);
#4883 = CARTESIAN_POINT('',(131.3,82.1,29.));
#4884 = VECTOR('',#4885,1.);
#4885 = DIRECTION('',(0.,0.,1.));
#4886 = ORIENTED_EDGE('',*,*,#4887,.T.);
#4887 = EDGE_CURVE('',#4880,#4849,#4888,.T.);
#4888 = LINE('',#4889,#4890);
#4889 = CARTESIAN_POINT('',(131.3,82.1,33.));
#4890 = VECTOR('',#4891,1.);
#4891 = DIRECTION('',(0.,1.,0.));
#4892 = ORIENTED_EDGE('',*,*,#4848,.F.);
#4893 = ORIENTED_EDGE('',*,*,#2415,.F.);
#4894 = PLANE('',#4895);
#4895 = AXIS2_PLACEMENT_3D('',#4896,#4897,#4898);
#4896 = CARTESIAN_POINT('',(131.3,82.1,29.));
#4897 = DIRECTION('',(-1.,0.,0.));
#4898 = DIRECTION('',(0.,1.,0.));
#4899 = ADVANCED_FACE('',(#4900),#4918,.F.);
#4900 = FACE_BOUND('',#4901,.F.);
#4901 = EDGE_LOOP('',(#4902,#4903,#4911,#4917));
#4902 = ORIENTED_EDGE('',*,*,#4864,.T.);
#4903 = ORIENTED_EDGE('',*,*,#4904,.T.);
#4904 = EDGE_CURVE('',#4857,#4905,#4907,.T.);
#4905 = VERTEX_POINT('',#4906);
#4906 = CARTESIAN_POINT('',(123.3,82.1,33.));
#4907 = LINE('',#4908,#4909);
#4908 = CARTESIAN_POINT('',(123.3,90.1,33.));
#4909 = VECTOR('',#4910,1.);
#4910 = DIRECTION('',(0.,-1.,0.));
#4911 = ORIENTED_EDGE('',*,*,#4912,.F.);
#4912 = EDGE_CURVE('',#2432,#4905,#4913,.T.);
#4913 = LINE('',#4914,#4915);
#4914 = CARTESIAN_POINT('',(123.3,82.1,29.));
#4915 = VECTOR('',#4916,1.);
#4916 = DIRECTION('',(0.,0.,1.));
#4917 = ORIENTED_EDGE('',*,*,#2439,.F.);
#4918 = PLANE('',#4919);
#4919 = AXIS2_PLACEMENT_3D('',#4920,#4921,#4922);
#4920 = CARTESIAN_POINT('',(123.3,90.1,29.));
#4921 = DIRECTION('',(1.,0.,0.));
#4922 = DIRECTION('',(0.,-1.,0.));
#4923 = ADVANCED_FACE('',(#4924),#4935,.F.);
#4924 = FACE_BOUND('',#4925,.F.);
#4925 = EDGE_LOOP('',(#4926,#4927,#4933,#4934));
#4926 = ORIENTED_EDGE('',*,*,#4912,.T.);
#4927 = ORIENTED_EDGE('',*,*,#4928,.T.);
#4928 = EDGE_CURVE('',#4905,#4880,#4929,.T.);
#4929 = LINE('',#4930,#4931);
#4930 = CARTESIAN_POINT('',(123.3,82.1,33.));
#4931 = VECTOR('',#4932,1.);
#4932 = DIRECTION('',(1.,0.,0.));
#4933 = ORIENTED_EDGE('',*,*,#4879,.F.);
#4934 = ORIENTED_EDGE('',*,*,#2456,.F.);
#4935 = PLANE('',#4936);
#4936 = AXIS2_PLACEMENT_3D('',#4937,#4938,#4939);
#4937 = CARTESIAN_POINT('',(123.3,82.1,29.));
#4938 = DIRECTION('',(0.,1.,0.));
#4939 = DIRECTION('',(1.,0.,0.));
#4940 = ADVANCED_FACE('',(#4941),#4966,.F.);
#4941 = FACE_BOUND('',#4942,.F.);
#4942 = EDGE_LOOP('',(#4943,#4951,#4959,#4965));
#4943 = ORIENTED_EDGE('',*,*,#4944,.T.);
#4944 = EDGE_CURVE('',#2471,#4945,#4947,.T.);
#4945 = VERTEX_POINT('',#4946);
#4946 = CARTESIAN_POINT('',(131.3,25.9,33.));
#4947 = LINE('',#4948,#4949);
#4948 = CARTESIAN_POINT('',(131.3,25.9,29.));
#4949 = VECTOR('',#4950,1.);
#4950 = DIRECTION('',(0.,0.,1.));
#4951 = ORIENTED_EDGE('',*,*,#4952,.T.);
#4952 = EDGE_CURVE('',#4945,#4953,#4955,.T.);
#4953 = VERTEX_POINT('',#4954);
#4954 = CARTESIAN_POINT('',(123.3,25.9,33.));
#4955 = LINE('',#4956,#4957);
#4956 = CARTESIAN_POINT('',(131.3,25.9,33.));
#4957 = VECTOR('',#4958,1.);
#4958 = DIRECTION('',(-1.,0.,0.));
#4959 = ORIENTED_EDGE('',*,*,#4960,.F.);
#4960 = EDGE_CURVE('',#2480,#4953,#4961,.T.);
#4961 = LINE('',#4962,#4963);
#4962 = CARTESIAN_POINT('',(123.3,25.9,29.));
#4963 = VECTOR('',#4964,1.);
#4964 = DIRECTION('',(0.,0.,1.));
#4965 = ORIENTED_EDGE('',*,*,#2487,.F.);
#4966 = PLANE('',#4967);
#4967 = AXIS2_PLACEMENT_3D('',#4968,#4969,#4970);
#4968 = CARTESIAN_POINT('',(131.3,25.9,29.));
#4969 = DIRECTION('',(0.,-1.,0.));
#4970 = DIRECTION('',(-1.,0.,0.));
#4971 = ADVANCED_FACE('',(#4972),#4990,.F.);
#4972 = FACE_BOUND('',#4973,.F.);
#4973 = EDGE_LOOP('',(#4974,#4982,#4988,#4989));
#4974 = ORIENTED_EDGE('',*,*,#4975,.T.);
#4975 = EDGE_CURVE('',#2502,#4976,#4978,.T.);
#4976 = VERTEX_POINT('',#4977);
#4977 = CARTESIAN_POINT('',(131.3,17.9,33.));
#4978 = LINE('',#4979,#4980);
#4979 = CARTESIAN_POINT('',(131.3,17.9,29.));
#4980 = VECTOR('',#4981,1.);
#4981 = DIRECTION('',(0.,0.,1.));
#4982 = ORIENTED_EDGE('',*,*,#4983,.T.);
#4983 = EDGE_CURVE('',#4976,#4945,#4984,.T.);
#4984 = LINE('',#4985,#4986);
#4985 = CARTESIAN_POINT('',(131.3,17.9,33.));
#4986 = VECTOR('',#4987,1.);
#4987 = DIRECTION('',(0.,1.,0.));
#4988 = ORIENTED_EDGE('',*,*,#4944,.F.);
#4989 = ORIENTED_EDGE('',*,*,#2511,.F.);
#4990 = PLANE('',#4991);
#4991 = AXIS2_PLACEMENT_3D('',#4992,#4993,#4994);
#4992 = CARTESIAN_POINT('',(131.3,17.9,29.));
#4993 = DIRECTION('',(-1.,0.,0.));
#4994 = DIRECTION('',(0.,1.,0.));
#4995 = ADVANCED_FACE('',(#4996),#5014,.F.);
#4996 = FACE_BOUND('',#4997,.F.);
#4997 = EDGE_LOOP('',(#4998,#4999,#5007,#5013));
#4998 = ORIENTED_EDGE('',*,*,#4960,.T.);
#4999 = ORIENTED_EDGE('',*,*,#5000,.T.);
#5000 = EDGE_CURVE('',#4953,#5001,#5003,.T.);
#5001 = VERTEX_POINT('',#5002);
#5002 = CARTESIAN_POINT('',(123.3,17.9,33.));
#5003 = LINE('',#5004,#5005);
#5004 = CARTESIAN_POINT('',(123.3,25.9,33.));
#5005 = VECTOR('',#5006,1.);
#5006 = DIRECTION('',(0.,-1.,0.));
#5007 = ORIENTED_EDGE('',*,*,#5008,.F.);
#5008 = EDGE_CURVE('',#2528,#5001,#5009,.T.);
#5009 = LINE('',#5010,#5011);
#5010 = CARTESIAN_POINT('',(123.3,17.9,29.));
#5011 = VECTOR('',#5012,1.);
#5012 = DIRECTION('',(0.,0.,1.));
#5013 = ORIENTED_EDGE('',*,*,#2535,.F.);
#5014 = PLANE('',#5015);
#5015 = AXIS2_PLACEMENT_3D('',#5016,#5017,#5018);
#5016 = CARTESIAN_POINT('',(123.3,25.9,29.));
#5017 = DIRECTION('',(1.,0.,0.));
#5018 = DIRECTION('',(0.,-1.,0.));
#5019 = ADVANCED_FACE('',(#5020),#5031,.F.);
#5020 = FACE_BOUND('',#5021,.F.);
#5021 = EDGE_LOOP('',(#5022,#5023,#5029,#5030));
#5022 = ORIENTED_EDGE('',*,*,#5008,.T.);
#5023 = ORIENTED_EDGE('',*,*,#5024,.T.);
#5024 = EDGE_CURVE('',#5001,#4976,#5025,.T.);
#5025 = LINE('',#5026,#5027);
#5026 = CARTESIAN_POINT('',(123.3,17.9,33.));
#5027 = VECTOR('',#5028,1.);
#5028 = DIRECTION('',(1.,0.,0.));
#5029 = ORIENTED_EDGE('',*,*,#4975,.F.);
#5030 = ORIENTED_EDGE('',*,*,#2552,.F.);
#5031 = PLANE('',#5032);
#5032 = AXIS2_PLACEMENT_3D('',#5033,#5034,#5035);
#5033 = CARTESIAN_POINT('',(123.3,17.9,29.));
#5034 = DIRECTION('',(0.,1.,0.));
#5035 = DIRECTION('',(1.,0.,0.));
#5036 = ADVANCED_FACE('',(#5037),#5055,.F.);
#5037 = FACE_BOUND('',#5038,.F.);
#5038 = EDGE_LOOP('',(#5039,#5047,#5053,#5054));
#5039 = ORIENTED_EDGE('',*,*,#5040,.T.);
#5040 = EDGE_CURVE('',#2567,#5041,#5043,.T.);
#5041 = VERTEX_POINT('',#5042);
#5042 = CARTESIAN_POINT('',(90.7,25.9,33.));
#5043 = LINE('',#5044,#5045);
#5044 = CARTESIAN_POINT('',(90.7,25.9,29.));
#5045 = VECTOR('',#5046,1.);
#5046 = DIRECTION('',(0.,0.,1.));
#5047 = ORIENTED_EDGE('',*,*,#5048,.T.);
#5048 = EDGE_CURVE('',#5041,#2598,#5049,.T.);
#5049 = LINE('',#5050,#5051);
#5050 = CARTESIAN_POINT('',(90.7,25.9,33.));
#5051 = VECTOR('',#5052,1.);
#5052 = DIRECTION('',(-1.,0.,0.));
#5053 = ORIENTED_EDGE('',*,*,#2597,.F.);
#5054 = ORIENTED_EDGE('',*,*,#2583,.F.);
#5055 = PLANE('',#5056);
#5056 = AXIS2_PLACEMENT_3D('',#5057,#5058,#5059);
#5057 = CARTESIAN_POINT('',(90.7,25.9,29.));
#5058 = DIRECTION('',(0.,-1.,0.));
#5059 = DIRECTION('',(-1.,0.,0.));
#5060 = ADVANCED_FACE('',(#5061,#5079),#5090,.T.);
#5061 = FACE_BOUND('',#5062,.T.);
#5062 = EDGE_LOOP('',(#5063,#5064,#5072,#5078));
#5063 = ORIENTED_EDGE('',*,*,#2605,.T.);
#5064 = ORIENTED_EDGE('',*,*,#5065,.T.);
#5065 = EDGE_CURVE('',#2606,#5066,#5068,.T.);
#5066 = VERTEX_POINT('',#5067);
#5067 = CARTESIAN_POINT('',(90.7,17.9,33.));
#5068 = LINE('',#5069,#5070);
#5069 = CARTESIAN_POINT('',(82.7,17.9,33.));
#5070 = VECTOR('',#5071,1.);
#5071 = DIRECTION('',(1.,0.,0.));
#5072 = ORIENTED_EDGE('',*,*,#5073,.T.);
#5073 = EDGE_CURVE('',#5066,#5041,#5074,.T.);
#5074 = LINE('',#5075,#5076);
#5075 = CARTESIAN_POINT('',(90.7,17.9,33.));
#5076 = VECTOR('',#5077,1.);
#5077 = DIRECTION('',(0.,1.,0.));
#5078 = ORIENTED_EDGE('',*,*,#5048,.T.);
#5079 = FACE_BOUND('',#5080,.F.);
#5080 = EDGE_LOOP('',(#5081));
#5081 = ORIENTED_EDGE('',*,*,#5082,.T.);
#5082 = EDGE_CURVE('',#5083,#5083,#5085,.T.);
#5083 = VERTEX_POINT('',#5084);
#5084 = CARTESIAN_POINT('',(89.05,21.9,33.));
#5085 = CIRCLE('',#5086,2.35);
#5086 = AXIS2_PLACEMENT_3D('',#5087,#5088,#5089);
#5087 = CARTESIAN_POINT('',(86.7,21.9,33.));
#5088 = DIRECTION('',(0.,0.,1.));
#5089 = DIRECTION('',(1.,0.,0.));
#5090 = PLANE('',#5091);
#5091 = AXIS2_PLACEMENT_3D('',#5092,#5093,#5094);
#5092 = CARTESIAN_POINT('',(107.,54.,33.));
#5093 = DIRECTION('',(0.,0.,1.));
#5094 = DIRECTION('',(1.,0.,0.));
#5095 = ADVANCED_FACE('',(#5096),#5107,.F.);
#5096 = FACE_BOUND('',#5097,.F.);
#5097 = EDGE_LOOP('',(#5098,#5099,#5100,#5106));
#5098 = ORIENTED_EDGE('',*,*,#2613,.T.);
#5099 = ORIENTED_EDGE('',*,*,#5065,.T.);
#5100 = ORIENTED_EDGE('',*,*,#5101,.F.);
#5101 = EDGE_CURVE('',#2638,#5066,#5102,.T.);
#5102 = LINE('',#5103,#5104);
#5103 = CARTESIAN_POINT('',(90.7,17.9,29.));
#5104 = VECTOR('',#5105,1.);
#5105 = DIRECTION('',(0.,0.,1.));
#5106 = ORIENTED_EDGE('',*,*,#2664,.F.);
#5107 = PLANE('',#5108);
#5108 = AXIS2_PLACEMENT_3D('',#5109,#5110,#5111);
#5109 = CARTESIAN_POINT('',(82.7,17.9,29.));
#5110 = DIRECTION('',(0.,1.,0.));
#5111 = DIRECTION('',(1.,0.,0.));
#5112 = ADVANCED_FACE('',(#5113),#5119,.F.);
#5113 = FACE_BOUND('',#5114,.F.);
#5114 = EDGE_LOOP('',(#5115,#5116,#5117,#5118));
#5115 = ORIENTED_EDGE('',*,*,#5101,.T.);
#5116 = ORIENTED_EDGE('',*,*,#5073,.T.);
#5117 = ORIENTED_EDGE('',*,*,#5040,.F.);
#5118 = ORIENTED_EDGE('',*,*,#2647,.F.);
#5119 = PLANE('',#5120);
#5120 = AXIS2_PLACEMENT_3D('',#5121,#5122,#5123);
#5121 = CARTESIAN_POINT('',(90.7,17.9,29.));
#5122 = DIRECTION('',(-1.,0.,0.));
#5123 = DIRECTION('',(0.,1.,0.));
#5124 = ADVANCED_FACE('',(#5125),#5137,.T.);
#5125 = FACE_BOUND('',#5126,.F.);
#5126 = EDGE_LOOP('',(#5127,#5128,#5129,#5130,#5136));
#5127 = ORIENTED_EDGE('',*,*,#2826,.F.);
#5128 = ORIENTED_EDGE('',*,*,#2885,.F.);
#5129 = ORIENTED_EDGE('',*,*,#3664,.T.);
#5130 = ORIENTED_EDGE('',*,*,#5131,.T.);
#5131 = EDGE_CURVE('',#3665,#2788,#5132,.T.);
#5132 = LINE('',#5133,#5134);
#5133 = CARTESIAN_POINT('',(185.33238567811,2.29000000007,33.3));
#5134 = VECTOR('',#5135,1.);
#5135 = DIRECTION('',(0.707106781187,0.,-0.707106781187));
#5136 = ORIENTED_EDGE('',*,*,#2795,.F.);
#5137 = PLANE('',#5138);
#5138 = AXIS2_PLACEMENT_3D('',#5139,#5140,#5141);
#5139 = CARTESIAN_POINT('',(184.83238567811,7.84,33.8));
#5140 = DIRECTION('',(-0.707106781187,0.,-0.707106781187));
#5141 = DIRECTION('',(0.,1.,0.));
#5142 = ADVANCED_FACE('',(#5143),#5151,.F.);
#5143 = FACE_BOUND('',#5144,.F.);
#5144 = EDGE_LOOP('',(#5145,#5146,#5147,#5148,#5149,#5150));
#5145 = ORIENTED_EDGE('',*,*,#3571,.F.);
#5146 = ORIENTED_EDGE('',*,*,#2787,.F.);
#5147 = ORIENTED_EDGE('',*,*,#5131,.F.);
#5148 = ORIENTED_EDGE('',*,*,#3672,.T.);
#5149 = ORIENTED_EDGE('',*,*,#3680,.T.);
#5150 = ORIENTED_EDGE('',*,*,#3595,.F.);
#5151 = PLANE('',#5152);
#5152 = AXIS2_PLACEMENT_3D('',#5153,#5154,#5155);
#5153 = CARTESIAN_POINT('',(185.88238567811,2.29000000007,32.85));
#5154 = DIRECTION('',(0.,1.,0.));
#5155 = DIRECTION('',(0.,0.,1.));
#5156 = ADVANCED_FACE('',(#5157),#5168,.F.);
#5157 = FACE_BOUND('',#5158,.F.);
#5158 = EDGE_LOOP('',(#5159,#5160,#5161,#5167));
#5159 = ORIENTED_EDGE('',*,*,#3026,.F.);
#5160 = ORIENTED_EDGE('',*,*,#3069,.F.);
#5161 = ORIENTED_EDGE('',*,*,#5162,.T.);
#5162 = EDGE_CURVE('',#3060,#3646,#5163,.T.);
#5163 = LINE('',#5164,#5165);
#5164 = CARTESIAN_POINT('',(185.88238567811,2.29000000007,54.47900000012
    ));
#5165 = VECTOR('',#5166,1.);
#5166 = DIRECTION('',(-1.,0.,0.));
#5167 = ORIENTED_EDGE('',*,*,#3653,.T.);
#5168 = PLANE('',#5169);
#5169 = AXIS2_PLACEMENT_3D('',#5170,#5171,#5172);
#5170 = CARTESIAN_POINT('',(185.88238567811,2.29000000007,54.47900000012
    ));
#5171 = DIRECTION('',(0.,0.,-1.));
#5172 = DIRECTION('',(0.,1.,0.));
#5173 = ADVANCED_FACE('',(#5174),#5188,.F.);
#5174 = FACE_BOUND('',#5175,.F.);
#5175 = EDGE_LOOP('',(#5176,#5177,#5178,#5179,#5186,#5187));
#5176 = ORIENTED_EDGE('',*,*,#5162,.F.);
#5177 = ORIENTED_EDGE('',*,*,#3094,.F.);
#5178 = ORIENTED_EDGE('',*,*,#3163,.F.);
#5179 = ORIENTED_EDGE('',*,*,#5180,.T.);
#5180 = EDGE_CURVE('',#3155,#3629,#5181,.T.);
#5181 = HYPERBOLA('',#5182,3.52000000007,3.52000000007);
#5182 = AXIS2_PLACEMENT_3D('',#5183,#5184,#5185);
#5183 = CARTESIAN_POINT('',(179.78238567811,2.29000000007,43.5));
#5184 = DIRECTION('',(-0.,1.,0.));
#5185 = DIRECTION('',(1.,0.,4.1E-16));
#5186 = ORIENTED_EDGE('',*,*,#3637,.F.);
#5187 = ORIENTED_EDGE('',*,*,#3645,.T.);
#5188 = PLANE('',#5189);
#5189 = AXIS2_PLACEMENT_3D('',#5190,#5191,#5192);
#5190 = CARTESIAN_POINT('',(185.88238567811,2.29000000007,32.85));
#5191 = DIRECTION('',(0.,1.,0.));
#5192 = DIRECTION('',(0.,0.,1.));
#5193 = ADVANCED_FACE('',(#5194),#5200,.T.);
#5194 = FACE_BOUND('',#5195,.T.);
#5195 = EDGE_LOOP('',(#5196,#5197,#5198,#5199));
#5196 = ORIENTED_EDGE('',*,*,#3717,.F.);
#5197 = ORIENTED_EDGE('',*,*,#3154,.T.);
#5198 = ORIENTED_EDGE('',*,*,#5180,.T.);
#5199 = ORIENTED_EDGE('',*,*,#3628,.F.);
#5200 = CONICAL_SURFACE('',#5201,5.,0.785398163397);
#5201 = AXIS2_PLACEMENT_3D('',#5202,#5203,#5204);
#5202 = CARTESIAN_POINT('',(184.78238567811,-1.23,43.5));
#5203 = DIRECTION('',(1.,1.45E-15,4.1E-16));
#5204 = DIRECTION('',(1.453239790039E-15,-0.999967875047,
    -8.015539563549E-03));
#5205 = ADVANCED_FACE('',(#5206),#5225,.T.);
#5206 = FACE_BOUND('',#5207,.T.);
#5207 = EDGE_LOOP('',(#5208,#5216,#5217,#5218,#5219));
#5208 = ORIENTED_EDGE('',*,*,#5209,.F.);
#5209 = EDGE_CURVE('',#3385,#5210,#5212,.T.);
#5210 = VERTEX_POINT('',#5211);
#5211 = CARTESIAN_POINT('',(183.88238567811,18.59,34.75));
#5212 = LINE('',#5213,#5214);
#5213 = CARTESIAN_POINT('',(179.92513567808,18.59,38.70725000003));
#5214 = VECTOR('',#5215,1.);
#5215 = DIRECTION('',(-0.707106781187,0.,0.707106781187));
#5216 = ORIENTED_EDGE('',*,*,#3384,.F.);
#5217 = ORIENTED_EDGE('',*,*,#3352,.T.);
#5218 = ORIENTED_EDGE('',*,*,#3433,.T.);
#5219 = ORIENTED_EDGE('',*,*,#5220,.F.);
#5220 = EDGE_CURVE('',#5210,#3418,#5221,.T.);
#5221 = LINE('',#5222,#5223);
#5222 = CARTESIAN_POINT('',(183.88238567811,18.59,34.75));
#5223 = VECTOR('',#5224,1.);
#5224 = DIRECTION('',(0.,-1.,0.));
#5225 = PLANE('',#5226);
#5226 = AXIS2_PLACEMENT_3D('',#5227,#5228,#5229);
#5227 = CARTESIAN_POINT('',(184.83238567811,18.59,33.8));
#5228 = DIRECTION('',(-0.707106781187,0.,-0.707106781187));
#5229 = DIRECTION('',(0.,-1.,0.));
#5230 = ADVANCED_FACE('',(#5231),#5249,.F.);
#5231 = FACE_BOUND('',#5232,.F.);
#5232 = EDGE_LOOP('',(#5233,#5234,#5235,#5243));
#5233 = ORIENTED_EDGE('',*,*,#5209,.F.);
#5234 = ORIENTED_EDGE('',*,*,#3392,.F.);
#5235 = ORIENTED_EDGE('',*,*,#5236,.T.);
#5236 = EDGE_CURVE('',#3393,#5237,#5239,.T.);
#5237 = VERTEX_POINT('',#5238);
#5238 = CARTESIAN_POINT('',(183.88238567811,18.59,54.47900000012));
#5239 = LINE('',#5240,#5241);
#5240 = CARTESIAN_POINT('',(185.88238567811,18.59,54.47900000012));
#5241 = VECTOR('',#5242,1.);
#5242 = DIRECTION('',(-1.,0.,0.));
#5243 = ORIENTED_EDGE('',*,*,#5244,.T.);
#5244 = EDGE_CURVE('',#5237,#5210,#5245,.T.);
#5245 = LINE('',#5246,#5247);
#5246 = CARTESIAN_POINT('',(183.88238567811,18.59,54.47900000012));
#5247 = VECTOR('',#5248,1.);
#5248 = DIRECTION('',(0.,0.,-1.));
#5249 = PLANE('',#5250);
#5250 = AXIS2_PLACEMENT_3D('',#5251,#5252,#5253);
#5251 = CARTESIAN_POINT('',(185.88238567811,18.59,54.47900000012));
#5252 = DIRECTION('',(-0.,-1.,-0.));
#5253 = DIRECTION('',(0.,0.,-1.));
#5254 = ADVANCED_FACE('',(#5255),#5270,.F.);
#5255 = FACE_BOUND('',#5256,.F.);
#5256 = EDGE_LOOP('',(#5257,#5258,#5264,#5265,#5266,#5267,#5268,#5269));
#5257 = ORIENTED_EDGE('',*,*,#5244,.F.);
#5258 = ORIENTED_EDGE('',*,*,#5259,.F.);
#5259 = EDGE_CURVE('',#3497,#5237,#5260,.T.);
#5260 = LINE('',#5261,#5262);
#5261 = CARTESIAN_POINT('',(183.88238567811,2.29000000007,54.47900000012
    ));
#5262 = VECTOR('',#5263,1.);
#5263 = DIRECTION('',(0.,1.,0.));
#5264 = ORIENTED_EDGE('',*,*,#3515,.T.);
#5265 = ORIENTED_EDGE('',*,*,#3554,.T.);
#5266 = ORIENTED_EDGE('',*,*,#3537,.T.);
#5267 = ORIENTED_EDGE('',*,*,#3480,.T.);
#5268 = ORIENTED_EDGE('',*,*,#3415,.T.);
#5269 = ORIENTED_EDGE('',*,*,#5220,.F.);
#5270 = PLANE('',#5271);
#5271 = AXIS2_PLACEMENT_3D('',#5272,#5273,#5274);
#5272 = CARTESIAN_POINT('',(183.88238567811,10.440000000021,
    43.618711477509));
#5273 = DIRECTION('',(1.,0.,0.));
#5274 = DIRECTION('',(0.,0.,1.));
#5275 = ADVANCED_FACE('',(#5276),#5282,.F.);
#5276 = FACE_BOUND('',#5277,.F.);
#5277 = EDGE_LOOP('',(#5278,#5279,#5280,#5281));
#5278 = ORIENTED_EDGE('',*,*,#5236,.F.);
#5279 = ORIENTED_EDGE('',*,*,#3457,.F.);
#5280 = ORIENTED_EDGE('',*,*,#3496,.F.);
#5281 = ORIENTED_EDGE('',*,*,#5259,.T.);
#5282 = PLANE('',#5283);
#5283 = AXIS2_PLACEMENT_3D('',#5284,#5285,#5286);
#5284 = CARTESIAN_POINT('',(185.88238567811,2.29000000007,54.47900000012
    ));
#5285 = DIRECTION('',(0.,0.,-1.));
#5286 = DIRECTION('',(0.,1.,0.));
#5287 = ADVANCED_FACE('',(#5288),#5313,.F.);
#5288 = FACE_BOUND('',#5289,.F.);
#5289 = EDGE_LOOP('',(#5290,#5298,#5306,#5312));
#5290 = ORIENTED_EDGE('',*,*,#5291,.T.);
#5291 = EDGE_CURVE('',#3827,#5292,#5294,.T.);
#5292 = VERTEX_POINT('',#5293);
#5293 = CARTESIAN_POINT('',(157.80211021143,-4.060578,48.5));
#5294 = LINE('',#5295,#5296);
#5295 = CARTESIAN_POINT('',(157.80211021143,-8.060578,48.5));
#5296 = VECTOR('',#5297,1.);
#5297 = DIRECTION('',(0.,1.,-2.2E-16));
#5298 = ORIENTED_EDGE('',*,*,#5299,.T.);
#5299 = EDGE_CURVE('',#5292,#5300,#5302,.T.);
#5300 = VERTEX_POINT('',#5301);
#5301 = CARTESIAN_POINT('',(165.80211021143,-4.060578,48.5));
#5302 = LINE('',#5303,#5304);
#5303 = CARTESIAN_POINT('',(157.80211021143,-4.060578,48.5));
#5304 = VECTOR('',#5305,1.);
#5305 = DIRECTION('',(1.,0.,0.));
#5306 = ORIENTED_EDGE('',*,*,#5307,.F.);
#5307 = EDGE_CURVE('',#3836,#5300,#5308,.T.);
#5308 = LINE('',#5309,#5310);
#5309 = CARTESIAN_POINT('',(165.80211021143,-8.060578,48.5));
#5310 = VECTOR('',#5311,1.);
#5311 = DIRECTION('',(0.,1.,-2.2E-16));
#5312 = ORIENTED_EDGE('',*,*,#3843,.F.);
#5313 = PLANE('',#5314);
#5314 = AXIS2_PLACEMENT_3D('',#5315,#5316,#5317);
#5315 = CARTESIAN_POINT('',(157.80211021143,-8.060578,48.5));
#5316 = DIRECTION('',(0.,-2.2E-16,-1.));
#5317 = DIRECTION('',(1.,0.,0.));
#5318 = ADVANCED_FACE('',(#5319),#5337,.F.);
#5319 = FACE_BOUND('',#5320,.F.);
#5320 = EDGE_LOOP('',(#5321,#5329,#5335,#5336));
#5321 = ORIENTED_EDGE('',*,*,#5322,.T.);
#5322 = EDGE_CURVE('',#3858,#5323,#5325,.T.);
#5323 = VERTEX_POINT('',#5324);
#5324 = CARTESIAN_POINT('',(157.80211021143,-4.060578,40.5));
#5325 = LINE('',#5326,#5327);
#5326 = CARTESIAN_POINT('',(157.80211021143,-8.060578,40.5));
#5327 = VECTOR('',#5328,1.);
#5328 = DIRECTION('',(0.,1.,-2.2E-16));
#5329 = ORIENTED_EDGE('',*,*,#5330,.T.);
#5330 = EDGE_CURVE('',#5323,#5292,#5331,.T.);
#5331 = LINE('',#5332,#5333);
#5332 = CARTESIAN_POINT('',(157.80211021143,-4.060578,40.5));
#5333 = VECTOR('',#5334,1.);
#5334 = DIRECTION('',(0.,0.,1.));
#5335 = ORIENTED_EDGE('',*,*,#5291,.F.);
#5336 = ORIENTED_EDGE('',*,*,#3867,.F.);
#5337 = PLANE('',#5338);
#5338 = AXIS2_PLACEMENT_3D('',#5339,#5340,#5341);
#5339 = CARTESIAN_POINT('',(157.80211021143,-8.060578,40.5));
#5340 = DIRECTION('',(1.,0.,0.));
#5341 = DIRECTION('',(0.,2.2E-16,1.));
#5342 = ADVANCED_FACE('',(#5343),#5361,.F.);
#5343 = FACE_BOUND('',#5344,.F.);
#5344 = EDGE_LOOP('',(#5345,#5346,#5354,#5360));
#5345 = ORIENTED_EDGE('',*,*,#5307,.T.);
#5346 = ORIENTED_EDGE('',*,*,#5347,.T.);
#5347 = EDGE_CURVE('',#5300,#5348,#5350,.T.);
#5348 = VERTEX_POINT('',#5349);
#5349 = CARTESIAN_POINT('',(165.80211021143,-4.060578,40.5));
#5350 = LINE('',#5351,#5352);
#5351 = CARTESIAN_POINT('',(165.80211021143,-4.060578,48.5));
#5352 = VECTOR('',#5353,1.);
#5353 = DIRECTION('',(0.,0.,-1.));
#5354 = ORIENTED_EDGE('',*,*,#5355,.F.);
#5355 = EDGE_CURVE('',#3884,#5348,#5356,.T.);
#5356 = LINE('',#5357,#5358);
#5357 = CARTESIAN_POINT('',(165.80211021143,-8.060578,40.5));
#5358 = VECTOR('',#5359,1.);
#5359 = DIRECTION('',(0.,1.,-2.2E-16));
#5360 = ORIENTED_EDGE('',*,*,#3891,.F.);
#5361 = PLANE('',#5362);
#5362 = AXIS2_PLACEMENT_3D('',#5363,#5364,#5365);
#5363 = CARTESIAN_POINT('',(165.80211021143,-8.060578,48.5));
#5364 = DIRECTION('',(-1.,0.,0.));
#5365 = DIRECTION('',(-0.,-2.2E-16,-1.));
#5366 = ADVANCED_FACE('',(#5367),#5378,.F.);
#5367 = FACE_BOUND('',#5368,.F.);
#5368 = EDGE_LOOP('',(#5369,#5370,#5376,#5377));
#5369 = ORIENTED_EDGE('',*,*,#5355,.T.);
#5370 = ORIENTED_EDGE('',*,*,#5371,.T.);
#5371 = EDGE_CURVE('',#5348,#5323,#5372,.T.);
#5372 = LINE('',#5373,#5374);
#5373 = CARTESIAN_POINT('',(165.80211021143,-4.060578,40.5));
#5374 = VECTOR('',#5375,1.);
#5375 = DIRECTION('',(-1.,0.,0.));
#5376 = ORIENTED_EDGE('',*,*,#5322,.F.);
#5377 = ORIENTED_EDGE('',*,*,#3908,.F.);
#5378 = PLANE('',#5379);
#5379 = AXIS2_PLACEMENT_3D('',#5380,#5381,#5382);
#5380 = CARTESIAN_POINT('',(165.80211021143,-8.060578,40.5));
#5381 = DIRECTION('',(0.,2.2E-16,1.));
#5382 = DIRECTION('',(-1.,0.,0.));
#5383 = ADVANCED_FACE('',(#5384),#5409,.T.);
#5384 = FACE_BOUND('',#5385,.T.);
#5385 = EDGE_LOOP('',(#5386,#5394,#5395,#5403));
#5386 = ORIENTED_EDGE('',*,*,#5387,.T.);
#5387 = EDGE_CURVE('',#5388,#4152,#5390,.T.);
#5388 = VERTEX_POINT('',#5389);
#5389 = CARTESIAN_POINT('',(178.47577966733,104.939422,55.));
#5390 = LINE('',#5391,#5392);
#5391 = CARTESIAN_POINT('',(178.47577966733,104.939422,55.));
#5392 = VECTOR('',#5393,1.);
#5393 = DIRECTION('',(0.,1.,-2.2E-16));
#5394 = ORIENTED_EDGE('',*,*,#4151,.T.);
#5395 = ORIENTED_EDGE('',*,*,#5396,.F.);
#5396 = EDGE_CURVE('',#5397,#4154,#5399,.T.);
#5397 = VERTEX_POINT('',#5398);
#5398 = CARTESIAN_POINT('',(178.47577966733,104.939422,32.));
#5399 = LINE('',#5400,#5401);
#5400 = CARTESIAN_POINT('',(178.47577966733,104.939422,32.));
#5401 = VECTOR('',#5402,1.);
#5402 = DIRECTION('',(0.,1.,-2.2E-16));
#5403 = ORIENTED_EDGE('',*,*,#5404,.F.);
#5404 = EDGE_CURVE('',#5388,#5397,#5405,.T.);
#5405 = LINE('',#5406,#5407);
#5406 = CARTESIAN_POINT('',(178.47577966733,104.939422,55.));
#5407 = VECTOR('',#5408,1.);
#5408 = DIRECTION('',(0.,0.,-1.));
#5409 = PLANE('',#5410);
#5410 = AXIS2_PLACEMENT_3D('',#5411,#5412,#5413);
#5411 = CARTESIAN_POINT('',(178.47577966733,104.939422,55.));
#5412 = DIRECTION('',(-1.,0.,0.));
#5413 = DIRECTION('',(-0.,-2.2E-16,-1.));
#5414 = ADVANCED_FACE('',(#5415),#5434,.F.);
#5415 = FACE_BOUND('',#5416,.T.);
#5416 = EDGE_LOOP('',(#5417,#5425,#5426,#5427));
#5417 = ORIENTED_EDGE('',*,*,#5418,.T.);
#5418 = EDGE_CURVE('',#5419,#4162,#5421,.T.);
#5419 = VERTEX_POINT('',#5420);
#5420 = CARTESIAN_POINT('',(175.47577966733,104.939422,58.));
#5421 = LINE('',#5422,#5423);
#5422 = CARTESIAN_POINT('',(175.47577966733,104.939422,58.));
#5423 = VECTOR('',#5424,1.);
#5424 = DIRECTION('',(0.,1.,-2.2E-16));
#5425 = ORIENTED_EDGE('',*,*,#4161,.T.);
#5426 = ORIENTED_EDGE('',*,*,#5387,.F.);
#5427 = ORIENTED_EDGE('',*,*,#5428,.F.);
#5428 = EDGE_CURVE('',#5419,#5388,#5429,.T.);
#5429 = CIRCLE('',#5430,3.);
#5430 = AXIS2_PLACEMENT_3D('',#5431,#5432,#5433);
#5431 = CARTESIAN_POINT('',(175.47577966733,104.939422,55.));
#5432 = DIRECTION('',(0.,1.,-0.));
#5433 = DIRECTION('',(-1.,0.,0.));
#5434 = CYLINDRICAL_SURFACE('',#5435,3.);
#5435 = AXIS2_PLACEMENT_3D('',#5436,#5437,#5438);
#5436 = CARTESIAN_POINT('',(175.47577966733,104.939422,55.));
#5437 = DIRECTION('',(0.,-1.,2.2E-16));
#5438 = DIRECTION('',(-1.,0.,0.));
#5439 = ADVANCED_FACE('',(#5440),#5459,.F.);
#5440 = FACE_BOUND('',#5441,.T.);
#5441 = EDGE_LOOP('',(#5442,#5443,#5444,#5452));
#5442 = ORIENTED_EDGE('',*,*,#5396,.T.);
#5443 = ORIENTED_EDGE('',*,*,#4212,.T.);
#5444 = ORIENTED_EDGE('',*,*,#5445,.F.);
#5445 = EDGE_CURVE('',#5446,#4205,#5448,.T.);
#5446 = VERTEX_POINT('',#5447);
#5447 = CARTESIAN_POINT('',(175.47577966733,104.939422,29.));
#5448 = LINE('',#5449,#5450);
#5449 = CARTESIAN_POINT('',(175.47577966733,104.939422,29.));
#5450 = VECTOR('',#5451,1.);
#5451 = DIRECTION('',(0.,1.,-2.2E-16));
#5452 = ORIENTED_EDGE('',*,*,#5453,.F.);
#5453 = EDGE_CURVE('',#5397,#5446,#5454,.T.);
#5454 = CIRCLE('',#5455,3.);
#5455 = AXIS2_PLACEMENT_3D('',#5456,#5457,#5458);
#5456 = CARTESIAN_POINT('',(175.47577966733,104.939422,32.));
#5457 = DIRECTION('',(0.,1.,-0.));
#5458 = DIRECTION('',(-1.,0.,0.));
#5459 = CYLINDRICAL_SURFACE('',#5460,3.);
#5460 = AXIS2_PLACEMENT_3D('',#5461,#5462,#5463);
#5461 = CARTESIAN_POINT('',(175.47577966733,104.939422,32.));
#5462 = DIRECTION('',(0.,-1.,2.2E-16));
#5463 = DIRECTION('',(-1.,0.,0.));
#5464 = ADVANCED_FACE('',(#5465),#5483,.T.);
#5465 = FACE_BOUND('',#5466,.T.);
#5466 = EDGE_LOOP('',(#5467,#5475,#5476,#5477));
#5467 = ORIENTED_EDGE('',*,*,#5468,.T.);
#5468 = EDGE_CURVE('',#5469,#4171,#5471,.T.);
#5469 = VERTEX_POINT('',#5470);
#5470 = CARTESIAN_POINT('',(95.475779667339,104.939422,58.));
#5471 = LINE('',#5472,#5473);
#5472 = CARTESIAN_POINT('',(95.475779667339,104.939422,58.));
#5473 = VECTOR('',#5474,1.);
#5474 = DIRECTION('',(0.,1.,-2.2E-16));
#5475 = ORIENTED_EDGE('',*,*,#4170,.T.);
#5476 = ORIENTED_EDGE('',*,*,#5418,.F.);
#5477 = ORIENTED_EDGE('',*,*,#5478,.F.);
#5478 = EDGE_CURVE('',#5469,#5419,#5479,.T.);
#5479 = LINE('',#5480,#5481);
#5480 = CARTESIAN_POINT('',(95.475779667339,104.939422,58.));
#5481 = VECTOR('',#5482,1.);
#5482 = DIRECTION('',(1.,0.,0.));
#5483 = PLANE('',#5484);
#5484 = AXIS2_PLACEMENT_3D('',#5485,#5486,#5487);
#5485 = CARTESIAN_POINT('',(95.475779667339,104.939422,58.));
#5486 = DIRECTION('',(0.,-2.2E-16,-1.));
#5487 = DIRECTION('',(1.,0.,0.));
#5488 = ADVANCED_FACE('',(#5489),#5507,.T.);
#5489 = FACE_BOUND('',#5490,.T.);
#5490 = EDGE_LOOP('',(#5491,#5492,#5493,#5501));
#5491 = ORIENTED_EDGE('',*,*,#5445,.T.);
#5492 = ORIENTED_EDGE('',*,*,#4204,.T.);
#5493 = ORIENTED_EDGE('',*,*,#5494,.F.);
#5494 = EDGE_CURVE('',#5495,#4196,#5497,.T.);
#5495 = VERTEX_POINT('',#5496);
#5496 = CARTESIAN_POINT('',(95.475779667339,104.939422,29.));
#5497 = LINE('',#5498,#5499);
#5498 = CARTESIAN_POINT('',(95.475779667339,104.939422,29.));
#5499 = VECTOR('',#5500,1.);
#5500 = DIRECTION('',(0.,1.,-2.2E-16));
#5501 = ORIENTED_EDGE('',*,*,#5502,.F.);
#5502 = EDGE_CURVE('',#5446,#5495,#5503,.T.);
#5503 = LINE('',#5504,#5505);
#5504 = CARTESIAN_POINT('',(175.47577966733,104.939422,29.));
#5505 = VECTOR('',#5506,1.);
#5506 = DIRECTION('',(-1.,0.,0.));
#5507 = PLANE('',#5508);
#5508 = AXIS2_PLACEMENT_3D('',#5509,#5510,#5511);
#5509 = CARTESIAN_POINT('',(175.47577966733,104.939422,29.));
#5510 = DIRECTION('',(0.,2.2E-16,1.));
#5511 = DIRECTION('',(-1.,0.,0.));
#5512 = ADVANCED_FACE('',(#5513),#5532,.F.);
#5513 = FACE_BOUND('',#5514,.T.);
#5514 = EDGE_LOOP('',(#5515,#5523,#5524,#5525));
#5515 = ORIENTED_EDGE('',*,*,#5516,.T.);
#5516 = EDGE_CURVE('',#5517,#4179,#5519,.T.);
#5517 = VERTEX_POINT('',#5518);
#5518 = CARTESIAN_POINT('',(92.475779667339,104.939422,55.));
#5519 = LINE('',#5520,#5521);
#5520 = CARTESIAN_POINT('',(92.475779667339,104.939422,55.));
#5521 = VECTOR('',#5522,1.);
#5522 = DIRECTION('',(0.,1.,-2.2E-16));
#5523 = ORIENTED_EDGE('',*,*,#4178,.T.);
#5524 = ORIENTED_EDGE('',*,*,#5468,.F.);
#5525 = ORIENTED_EDGE('',*,*,#5526,.F.);
#5526 = EDGE_CURVE('',#5517,#5469,#5527,.T.);
#5527 = CIRCLE('',#5528,3.);
#5528 = AXIS2_PLACEMENT_3D('',#5529,#5530,#5531);
#5529 = CARTESIAN_POINT('',(95.475779667339,104.939422,55.));
#5530 = DIRECTION('',(0.,1.,-0.));
#5531 = DIRECTION('',(-1.,0.,0.));
#5532 = CYLINDRICAL_SURFACE('',#5533,3.);
#5533 = AXIS2_PLACEMENT_3D('',#5534,#5535,#5536);
#5534 = CARTESIAN_POINT('',(95.475779667339,104.939422,55.));
#5535 = DIRECTION('',(0.,-1.,2.2E-16));
#5536 = DIRECTION('',(-1.,0.,0.));
#5537 = ADVANCED_FACE('',(#5538),#5557,.F.);
#5538 = FACE_BOUND('',#5539,.T.);
#5539 = EDGE_LOOP('',(#5540,#5541,#5542,#5550));
#5540 = ORIENTED_EDGE('',*,*,#5494,.T.);
#5541 = ORIENTED_EDGE('',*,*,#4195,.T.);
#5542 = ORIENTED_EDGE('',*,*,#5543,.F.);
#5543 = EDGE_CURVE('',#5544,#4188,#5546,.T.);
#5544 = VERTEX_POINT('',#5545);
#5545 = CARTESIAN_POINT('',(92.475779667339,104.939422,32.));
#5546 = LINE('',#5547,#5548);
#5547 = CARTESIAN_POINT('',(92.475779667339,104.939422,32.));
#5548 = VECTOR('',#5549,1.);
#5549 = DIRECTION('',(0.,1.,-2.2E-16));
#5550 = ORIENTED_EDGE('',*,*,#5551,.F.);
#5551 = EDGE_CURVE('',#5495,#5544,#5552,.T.);
#5552 = CIRCLE('',#5553,3.);
#5553 = AXIS2_PLACEMENT_3D('',#5554,#5555,#5556);
#5554 = CARTESIAN_POINT('',(95.475779667339,104.939422,32.));
#5555 = DIRECTION('',(0.,1.,-0.));
#5556 = DIRECTION('',(-1.,0.,0.));
#5557 = CYLINDRICAL_SURFACE('',#5558,3.);
#5558 = AXIS2_PLACEMENT_3D('',#5559,#5560,#5561);
#5559 = CARTESIAN_POINT('',(95.475779667339,104.939422,32.));
#5560 = DIRECTION('',(0.,-1.,2.2E-16));
#5561 = DIRECTION('',(-1.,0.,0.));
#5562 = ADVANCED_FACE('',(#5563),#5574,.T.);
#5563 = FACE_BOUND('',#5564,.T.);
#5564 = EDGE_LOOP('',(#5565,#5566,#5567,#5568));
#5565 = ORIENTED_EDGE('',*,*,#5543,.T.);
#5566 = ORIENTED_EDGE('',*,*,#4187,.T.);
#5567 = ORIENTED_EDGE('',*,*,#5516,.F.);
#5568 = ORIENTED_EDGE('',*,*,#5569,.F.);
#5569 = EDGE_CURVE('',#5544,#5517,#5570,.T.);
#5570 = LINE('',#5571,#5572);
#5571 = CARTESIAN_POINT('',(92.475779667339,104.939422,32.));
#5572 = VECTOR('',#5573,1.);
#5573 = DIRECTION('',(0.,0.,1.));
#5574 = PLANE('',#5575);
#5575 = AXIS2_PLACEMENT_3D('',#5576,#5577,#5578);
#5576 = CARTESIAN_POINT('',(92.475779667339,104.939422,32.));
#5577 = DIRECTION('',(1.,0.,0.));
#5578 = DIRECTION('',(0.,2.2E-16,1.));
#5579 = ADVANCED_FACE('',(#5580,#5590,#5596,#5599,#5605,#5608,#5614),
  #5617,.T.);
#5580 = FACE_BOUND('',#5581,.T.);
#5581 = EDGE_LOOP('',(#5582,#5583,#5584,#5585,#5586,#5587,#5588,#5589));
#5582 = ORIENTED_EDGE('',*,*,#5428,.T.);
#5583 = ORIENTED_EDGE('',*,*,#5404,.T.);
#5584 = ORIENTED_EDGE('',*,*,#5453,.T.);
#5585 = ORIENTED_EDGE('',*,*,#5502,.T.);
#5586 = ORIENTED_EDGE('',*,*,#5551,.T.);
#5587 = ORIENTED_EDGE('',*,*,#5569,.T.);
#5588 = ORIENTED_EDGE('',*,*,#5526,.T.);
#5589 = ORIENTED_EDGE('',*,*,#5478,.T.);
#5590 = FACE_BOUND('',#5591,.T.);
#5591 = EDGE_LOOP('',(#5592,#5593,#5594,#5595));
#5592 = ORIENTED_EDGE('',*,*,#4638,.F.);
#5593 = ORIENTED_EDGE('',*,*,#4590,.F.);
#5594 = ORIENTED_EDGE('',*,*,#4621,.F.);
#5595 = ORIENTED_EDGE('',*,*,#4662,.F.);
#5596 = FACE_BOUND('',#5597,.T.);
#5597 = EDGE_LOOP('',(#5598));
#5598 = ORIENTED_EDGE('',*,*,#4468,.F.);
#5599 = FACE_BOUND('',#5600,.T.);
#5600 = EDGE_LOOP('',(#5601,#5602,#5603,#5604));
#5601 = ORIENTED_EDGE('',*,*,#4541,.F.);
#5602 = ORIENTED_EDGE('',*,*,#4493,.F.);
#5603 = ORIENTED_EDGE('',*,*,#4524,.F.);
#5604 = ORIENTED_EDGE('',*,*,#4565,.F.);
#5605 = FACE_BOUND('',#5606,.T.);
#5606 = EDGE_LOOP('',(#5607));
#5607 = ORIENTED_EDGE('',*,*,#4346,.F.);
#5608 = FACE_BOUND('',#5609,.T.);
#5609 = EDGE_LOOP('',(#5610,#5611,#5612,#5613));
#5610 = ORIENTED_EDGE('',*,*,#4419,.F.);
#5611 = ORIENTED_EDGE('',*,*,#4371,.F.);
#5612 = ORIENTED_EDGE('',*,*,#4402,.F.);
#5613 = ORIENTED_EDGE('',*,*,#4443,.F.);
#5614 = FACE_BOUND('',#5615,.T.);
#5615 = EDGE_LOOP('',(#5616));
#5616 = ORIENTED_EDGE('',*,*,#4321,.F.);
#5617 = PLANE('',#5618);
#5618 = AXIS2_PLACEMENT_3D('',#5619,#5620,#5621);
#5619 = CARTESIAN_POINT('',(132.88238567811,104.939422,43.5));
#5620 = DIRECTION('',(0.,1.,0.));
#5621 = DIRECTION('',(0.,0.,1.));
#5622 = ADVANCED_FACE('',(#5623),#5642,.F.);
#5623 = FACE_BOUND('',#5624,.T.);
#5624 = EDGE_LOOP('',(#5625,#5633,#5634,#5635));
#5625 = ORIENTED_EDGE('',*,*,#5626,.T.);
#5626 = EDGE_CURVE('',#5627,#4803,#5629,.T.);
#5627 = VERTEX_POINT('',#5628);
#5628 = CARTESIAN_POINT('',(89.05,86.1,29.));
#5629 = LINE('',#5630,#5631);
#5630 = CARTESIAN_POINT('',(89.05,86.1,29.));
#5631 = VECTOR('',#5632,1.);
#5632 = DIRECTION('',(0.,0.,1.));
#5633 = ORIENTED_EDGE('',*,*,#4802,.T.);
#5634 = ORIENTED_EDGE('',*,*,#5626,.F.);
#5635 = ORIENTED_EDGE('',*,*,#5636,.F.);
#5636 = EDGE_CURVE('',#5627,#5627,#5637,.T.);
#5637 = CIRCLE('',#5638,2.35);
#5638 = AXIS2_PLACEMENT_3D('',#5639,#5640,#5641);
#5639 = CARTESIAN_POINT('',(86.7,86.1,29.));
#5640 = DIRECTION('',(0.,0.,1.));
#5641 = DIRECTION('',(1.,0.,0.));
#5642 = CYLINDRICAL_SURFACE('',#5643,2.35);
#5643 = AXIS2_PLACEMENT_3D('',#5644,#5645,#5646);
#5644 = CARTESIAN_POINT('',(86.7,86.1,29.));
#5645 = DIRECTION('',(-0.,-0.,-1.));
#5646 = DIRECTION('',(1.,0.,0.));
#5647 = ADVANCED_FACE('',(#5648,#5654),#5665,.T.);
#5648 = FACE_BOUND('',#5649,.T.);
#5649 = EDGE_LOOP('',(#5650,#5651,#5652,#5653));
#5650 = ORIENTED_EDGE('',*,*,#4904,.T.);
#5651 = ORIENTED_EDGE('',*,*,#4928,.T.);
#5652 = ORIENTED_EDGE('',*,*,#4887,.T.);
#5653 = ORIENTED_EDGE('',*,*,#4856,.T.);
#5654 = FACE_BOUND('',#5655,.F.);
#5655 = EDGE_LOOP('',(#5656));
#5656 = ORIENTED_EDGE('',*,*,#5657,.T.);
#5657 = EDGE_CURVE('',#5658,#5658,#5660,.T.);
#5658 = VERTEX_POINT('',#5659);
#5659 = CARTESIAN_POINT('',(129.65,86.1,33.));
#5660 = CIRCLE('',#5661,2.35);
#5661 = AXIS2_PLACEMENT_3D('',#5662,#5663,#5664);
#5662 = CARTESIAN_POINT('',(127.3,86.1,33.));
#5663 = DIRECTION('',(0.,0.,1.));
#5664 = DIRECTION('',(1.,0.,0.));
#5665 = PLANE('',#5666);
#5666 = AXIS2_PLACEMENT_3D('',#5667,#5668,#5669);
#5667 = CARTESIAN_POINT('',(107.,54.,33.));
#5668 = DIRECTION('',(0.,0.,1.));
#5669 = DIRECTION('',(1.,0.,0.));
#5670 = ADVANCED_FACE('',(#5671,#5677),#5688,.T.);
#5671 = FACE_BOUND('',#5672,.T.);
#5672 = EDGE_LOOP('',(#5673,#5674,#5675,#5676));
#5673 = ORIENTED_EDGE('',*,*,#5000,.T.);
#5674 = ORIENTED_EDGE('',*,*,#5024,.T.);
#5675 = ORIENTED_EDGE('',*,*,#4983,.T.);
#5676 = ORIENTED_EDGE('',*,*,#4952,.T.);
#5677 = FACE_BOUND('',#5678,.F.);
#5678 = EDGE_LOOP('',(#5679));
#5679 = ORIENTED_EDGE('',*,*,#5680,.T.);
#5680 = EDGE_CURVE('',#5681,#5681,#5683,.T.);
#5681 = VERTEX_POINT('',#5682);
#5682 = CARTESIAN_POINT('',(129.65,21.9,33.));
#5683 = CIRCLE('',#5684,2.35);
#5684 = AXIS2_PLACEMENT_3D('',#5685,#5686,#5687);
#5685 = CARTESIAN_POINT('',(127.3,21.9,33.));
#5686 = DIRECTION('',(0.,0.,1.));
#5687 = DIRECTION('',(1.,0.,0.));
#5688 = PLANE('',#5689);
#5689 = AXIS2_PLACEMENT_3D('',#5690,#5691,#5692);
#5690 = CARTESIAN_POINT('',(107.,54.,33.));
#5691 = DIRECTION('',(0.,0.,1.));
#5692 = DIRECTION('',(1.,0.,0.));
#5693 = ADVANCED_FACE('',(#5694),#5713,.F.);
#5694 = FACE_BOUND('',#5695,.T.);
#5695 = EDGE_LOOP('',(#5696,#5704,#5705,#5706));
#5696 = ORIENTED_EDGE('',*,*,#5697,.T.);
#5697 = EDGE_CURVE('',#5698,#5083,#5700,.T.);
#5698 = VERTEX_POINT('',#5699);
#5699 = CARTESIAN_POINT('',(89.05,21.9,29.));
#5700 = LINE('',#5701,#5702);
#5701 = CARTESIAN_POINT('',(89.05,21.9,29.));
#5702 = VECTOR('',#5703,1.);
#5703 = DIRECTION('',(0.,0.,1.));
#5704 = ORIENTED_EDGE('',*,*,#5082,.T.);
#5705 = ORIENTED_EDGE('',*,*,#5697,.F.);
#5706 = ORIENTED_EDGE('',*,*,#5707,.F.);
#5707 = EDGE_CURVE('',#5698,#5698,#5708,.T.);
#5708 = CIRCLE('',#5709,2.35);
#5709 = AXIS2_PLACEMENT_3D('',#5710,#5711,#5712);
#5710 = CARTESIAN_POINT('',(86.7,21.9,29.));
#5711 = DIRECTION('',(0.,0.,1.));
#5712 = DIRECTION('',(1.,0.,0.));
#5713 = CYLINDRICAL_SURFACE('',#5714,2.35);
#5714 = AXIS2_PLACEMENT_3D('',#5715,#5716,#5717);
#5715 = CARTESIAN_POINT('',(86.7,21.9,29.));
#5716 = DIRECTION('',(-0.,-0.,-1.));
#5717 = DIRECTION('',(1.,0.,0.));
#5718 = ADVANCED_FACE('',(#5719,#5725),#5736,.T.);
#5719 = FACE_BOUND('',#5720,.T.);
#5720 = EDGE_LOOP('',(#5721,#5722,#5723,#5724));
#5721 = ORIENTED_EDGE('',*,*,#5347,.T.);
#5722 = ORIENTED_EDGE('',*,*,#5371,.T.);
#5723 = ORIENTED_EDGE('',*,*,#5330,.T.);
#5724 = ORIENTED_EDGE('',*,*,#5299,.T.);
#5725 = FACE_BOUND('',#5726,.F.);
#5726 = EDGE_LOOP('',(#5727));
#5727 = ORIENTED_EDGE('',*,*,#5728,.T.);
#5728 = EDGE_CURVE('',#5729,#5729,#5731,.T.);
#5729 = VERTEX_POINT('',#5730);
#5730 = CARTESIAN_POINT('',(159.45211021143,-4.060578,44.5));
#5731 = CIRCLE('',#5732,2.35);
#5732 = AXIS2_PLACEMENT_3D('',#5733,#5734,#5735);
#5733 = CARTESIAN_POINT('',(161.80211021143,-4.060578,44.5));
#5734 = DIRECTION('',(0.,1.,-0.));
#5735 = DIRECTION('',(-1.,0.,0.));
#5736 = PLANE('',#5737);
#5737 = AXIS2_PLACEMENT_3D('',#5738,#5739,#5740);
#5738 = CARTESIAN_POINT('',(161.80211021143,-4.060578,44.5));
#5739 = DIRECTION('',(0.,1.,-2.4E-16));
#5740 = DIRECTION('',(0.,2.4E-16,1.));
#5741 = ADVANCED_FACE('',(#5742),#5745,.T.);
#5742 = FACE_BOUND('',#5743,.T.);
#5743 = EDGE_LOOP('',(#5744));
#5744 = ORIENTED_EDGE('',*,*,#5636,.T.);
#5745 = PLANE('',#5746);
#5746 = AXIS2_PLACEMENT_3D('',#5747,#5748,#5749);
#5747 = CARTESIAN_POINT('',(140.98958793194,55.355950563907,29.));
#5748 = DIRECTION('',(0.,0.,1.));
#5749 = DIRECTION('',(1.,0.,0.));
#5750 = ADVANCED_FACE('',(#5751),#5770,.F.);
#5751 = FACE_BOUND('',#5752,.T.);
#5752 = EDGE_LOOP('',(#5753,#5761,#5762,#5763));
#5753 = ORIENTED_EDGE('',*,*,#5754,.T.);
#5754 = EDGE_CURVE('',#5755,#5658,#5757,.T.);
#5755 = VERTEX_POINT('',#5756);
#5756 = CARTESIAN_POINT('',(129.65,86.1,29.));
#5757 = LINE('',#5758,#5759);
#5758 = CARTESIAN_POINT('',(129.65,86.1,29.));
#5759 = VECTOR('',#5760,1.);
#5760 = DIRECTION('',(0.,0.,1.));
#5761 = ORIENTED_EDGE('',*,*,#5657,.T.);
#5762 = ORIENTED_EDGE('',*,*,#5754,.F.);
#5763 = ORIENTED_EDGE('',*,*,#5764,.F.);
#5764 = EDGE_CURVE('',#5755,#5755,#5765,.T.);
#5765 = CIRCLE('',#5766,2.35);
#5766 = AXIS2_PLACEMENT_3D('',#5767,#5768,#5769);
#5767 = CARTESIAN_POINT('',(127.3,86.1,29.));
#5768 = DIRECTION('',(0.,0.,1.));
#5769 = DIRECTION('',(1.,0.,0.));
#5770 = CYLINDRICAL_SURFACE('',#5771,2.35);
#5771 = AXIS2_PLACEMENT_3D('',#5772,#5773,#5774);
#5772 = CARTESIAN_POINT('',(127.3,86.1,29.));
#5773 = DIRECTION('',(-0.,-0.,-1.));
#5774 = DIRECTION('',(1.,0.,0.));
#5775 = ADVANCED_FACE('',(#5776),#5795,.F.);
#5776 = FACE_BOUND('',#5777,.T.);
#5777 = EDGE_LOOP('',(#5778,#5786,#5787,#5788));
#5778 = ORIENTED_EDGE('',*,*,#5779,.T.);
#5779 = EDGE_CURVE('',#5780,#5681,#5782,.T.);
#5780 = VERTEX_POINT('',#5781);
#5781 = CARTESIAN_POINT('',(129.65,21.9,29.));
#5782 = LINE('',#5783,#5784);
#5783 = CARTESIAN_POINT('',(129.65,21.9,29.));
#5784 = VECTOR('',#5785,1.);
#5785 = DIRECTION('',(0.,0.,1.));
#5786 = ORIENTED_EDGE('',*,*,#5680,.T.);
#5787 = ORIENTED_EDGE('',*,*,#5779,.F.);
#5788 = ORIENTED_EDGE('',*,*,#5789,.F.);
#5789 = EDGE_CURVE('',#5780,#5780,#5790,.T.);
#5790 = CIRCLE('',#5791,2.35);
#5791 = AXIS2_PLACEMENT_3D('',#5792,#5793,#5794);
#5792 = CARTESIAN_POINT('',(127.3,21.9,29.));
#5793 = DIRECTION('',(0.,0.,1.));
#5794 = DIRECTION('',(1.,0.,0.));
#5795 = CYLINDRICAL_SURFACE('',#5796,2.35);
#5796 = AXIS2_PLACEMENT_3D('',#5797,#5798,#5799);
#5797 = CARTESIAN_POINT('',(127.3,21.9,29.));
#5798 = DIRECTION('',(-0.,-0.,-1.));
#5799 = DIRECTION('',(1.,0.,0.));
#5800 = ADVANCED_FACE('',(#5801),#5804,.T.);
#5801 = FACE_BOUND('',#5802,.T.);
#5802 = EDGE_LOOP('',(#5803));
#5803 = ORIENTED_EDGE('',*,*,#5707,.T.);
#5804 = PLANE('',#5805);
#5805 = AXIS2_PLACEMENT_3D('',#5806,#5807,#5808);
#5806 = CARTESIAN_POINT('',(140.98958793194,55.355950563907,29.));
#5807 = DIRECTION('',(0.,0.,1.));
#5808 = DIRECTION('',(1.,0.,0.));
#5809 = ADVANCED_FACE('',(#5810),#5829,.F.);
#5810 = FACE_BOUND('',#5811,.T.);
#5811 = EDGE_LOOP('',(#5812,#5820,#5821,#5822));
#5812 = ORIENTED_EDGE('',*,*,#5813,.T.);
#5813 = EDGE_CURVE('',#5814,#5729,#5816,.T.);
#5814 = VERTEX_POINT('',#5815);
#5815 = CARTESIAN_POINT('',(159.45211021143,-8.060578,44.5));
#5816 = LINE('',#5817,#5818);
#5817 = CARTESIAN_POINT('',(159.45211021143,-8.060578,44.5));
#5818 = VECTOR('',#5819,1.);
#5819 = DIRECTION('',(0.,1.,-2.2E-16));
#5820 = ORIENTED_EDGE('',*,*,#5728,.T.);
#5821 = ORIENTED_EDGE('',*,*,#5813,.F.);
#5822 = ORIENTED_EDGE('',*,*,#5823,.F.);
#5823 = EDGE_CURVE('',#5814,#5814,#5824,.T.);
#5824 = CIRCLE('',#5825,2.35);
#5825 = AXIS2_PLACEMENT_3D('',#5826,#5827,#5828);
#5826 = CARTESIAN_POINT('',(161.80211021143,-8.060578,44.5));
#5827 = DIRECTION('',(0.,1.,-0.));
#5828 = DIRECTION('',(-1.,0.,0.));
#5829 = CYLINDRICAL_SURFACE('',#5830,2.35);
#5830 = AXIS2_PLACEMENT_3D('',#5831,#5832,#5833);
#5831 = CARTESIAN_POINT('',(161.80211021143,-8.060578,44.5));
#5832 = DIRECTION('',(0.,-1.,2.2E-16));
#5833 = DIRECTION('',(-1.,0.,0.));
#5834 = ADVANCED_FACE('',(#5835),#5838,.T.);
#5835 = FACE_BOUND('',#5836,.T.);
#5836 = EDGE_LOOP('',(#5837));
#5837 = ORIENTED_EDGE('',*,*,#5764,.T.);
#5838 = PLANE('',#5839);
#5839 = AXIS2_PLACEMENT_3D('',#5840,#5841,#5842);
#5840 = CARTESIAN_POINT('',(140.98958793194,55.355950563907,29.));
#5841 = DIRECTION('',(0.,0.,1.));
#5842 = DIRECTION('',(1.,0.,0.));
#5843 = ADVANCED_FACE('',(#5844),#5847,.T.);
#5844 = FACE_BOUND('',#5845,.T.);
#5845 = EDGE_LOOP('',(#5846));
#5846 = ORIENTED_EDGE('',*,*,#5789,.T.);
#5847 = PLANE('',#5848);
#5848 = AXIS2_PLACEMENT_3D('',#5849,#5850,#5851);
#5849 = CARTESIAN_POINT('',(140.98958793194,55.355950563907,29.));
#5850 = DIRECTION('',(0.,0.,1.));
#5851 = DIRECTION('',(1.,0.,0.));
#5852 = ADVANCED_FACE('',(#5853),#5856,.T.);
#5853 = FACE_BOUND('',#5854,.T.);
#5854 = EDGE_LOOP('',(#5855));
#5855 = ORIENTED_EDGE('',*,*,#5823,.T.);
#5856 = PLANE('',#5857);
#5857 = AXIS2_PLACEMENT_3D('',#5858,#5859,#5860);
#5858 = CARTESIAN_POINT('',(79.882385678119,-8.060578,29.));
#5859 = DIRECTION('',(0.,1.,0.));
#5860 = DIRECTION('',(1.,0.,0.));
#5861 = ( GEOMETRIC_REPRESENTATION_CONTEXT(3) 
GLOBAL_UNCERTAINTY_ASSIGNED_CONTEXT((#5865)) 
GLOBAL_UNIT_ASSIGNED_CONTEXT((#5862,#5863,#5864)) REPRESENTATION_CONTEXT
('Context #1','3D Context with UNIT and UNCERTAINTY') );
#5862 = ( LENGTH_UNIT() NAMED_UNIT(*) SI_UNIT(.MILLI.,.METRE.) );
#5863 = ( NAMED_UNIT(*) PLANE_ANGLE_UNIT() SI_UNIT($,.RADIAN.) );
#5864 = ( NAMED_UNIT(*) SI_UNIT($,.STERADIAN.) SOLID_ANGLE_UNIT() );
#5865 = UNCERTAINTY_MEASURE_WITH_UNIT(LENGTH_MEASURE(1.E-05),#5862,
  'distance_accuracy_value','confusion accuracy');
#5866 = PRODUCT_RELATED_PRODUCT_CATEGORY('part',$,(#7));
#5867 = MECHANICAL_DESIGN_GEOMETRIC_PRESENTATION_REPRESENTATION('',(
    #5868),#5861);
#5868 = STYLED_ITEM('color',(#5869),#15);
#5869 = PRESENTATION_STYLE_ASSIGNMENT((#5870,#5878));
#5870 = SURFACE_STYLE_USAGE(.BOTH.,#5871);
#5871 = SURFACE_SIDE_STYLE('',(#5872,#5876));
#5872 = SURFACE_STYLE_FILL_AREA(#5873);
#5873 = FILL_AREA_STYLE('',(#5874));
#5874 = FILL_AREA_STYLE_COLOUR('',#5875);
#5875 = COLOUR_RGB('',0.800000010877,0.800000010877,0.901960800373);
#5876 = SURFACE_STYLE_RENDERING_WITH_PROPERTIES(.NORMAL_SHADING.,#5875,(
    #5877));
#5877 = SURFACE_STYLE_TRANSPARENT(0.699999988079);
#5878 = CURVE_STYLE('',#5879,POSITIVE_LENGTH_MEASURE(0.1),#5880);
#5879 = DRAUGHTING_PRE_DEFINED_CURVE_FONT('continuous');
#5880 = COLOUR_RGB('',9.803921802644E-02,9.803921802644E-02,
  9.803921802644E-02);
ENDSEC;
END-ISO-10303-21;
